 frequency       v(/u_c)         v(/u_c)         v(/u_1)         v(/u_1)         i(vs1)          i(vs1)          v(/e_c)         v(/e_c)        
 1.00000000e+00  5.44655091e-02  1.80391746e-01  5.44143643e-02  1.80218304e-01  1.83653544e+00 -5.41406025e-01  8.16982636e-02  2.70587620e-01 
 1.01157945e+00  5.57284603e-02  1.82278308e-01  5.56761796e-02  1.82103211e-01  1.83274508e+00 -5.47067900e-01  8.35926904e-02  2.73417462e-01 
 1.02329299e+00  5.70204522e-02  1.84179297e-01  5.69670118e-02  1.84002538e-01  1.82886756e+00 -5.52773065e-01  8.55306783e-02  2.76268945e-01 
 1.03514217e+00  5.83421358e-02  1.86094602e-01  5.82875115e-02  1.85916175e-01  1.82490094e+00 -5.58521188e-01  8.75132037e-02  2.79141903e-01 
 1.04712855e+00  5.96941755e-02  1.88024101e-01  5.96383428e-02  1.87843999e-01  1.82084322e+00 -5.64311900e-01  8.95412633e-02  2.82036151e-01 
 1.05925373e+00  6.10772495e-02  1.89967659e-01  6.10201832e-02  1.89785877e-01  1.81669236e+00 -5.70144796e-01  9.16158742e-02  2.84951488e-01 
 1.07151931e+00  6.24920495e-02  1.91925128e-01  6.24337243e-02  1.91741661e-01  1.81244629e+00 -5.76019431e-01  9.37380742e-02  2.87887692e-01 
 1.08392691e+00  6.39392814e-02  1.93896346e-01  6.38796714e-02  1.93711188e-01  1.80810289e+00 -5.81935319e-01  9.59089222e-02  2.90844519e-01 
 1.09647820e+00  6.54196654e-02  1.95881137e-01  6.53587442e-02  1.95694285e-01  1.80366000e+00 -5.87891932e-01  9.81294981e-02  2.93821705e-01 
 1.10917482e+00  6.69339358e-02  1.97879310e-01  6.68716766e-02  1.97690759e-01  1.79911541e+00 -5.93888696e-01  1.00400904e-01  2.96818965e-01 
 1.12201845e+00  6.84828415e-02  1.99890659e-01  6.84192171e-02  1.99700406e-01  1.79446689e+00 -5.99924991e-01  1.02724262e-01  2.99835988e-01 
 1.13501082e+00  7.00671461e-02  2.01914961e-01  7.00021290e-02  2.01723002e-01  1.78971213e+00 -6.06000148e-01  1.05100719e-01  3.02872441e-01 
 1.14815362e+00  7.16876280e-02  2.03951975e-01  7.16211901e-02  2.03758309e-01  1.78484880e+00 -6.12113445e-01  1.07531442e-01  3.05927962e-01 
 1.16144861e+00  7.33450807e-02  2.06001444e-01  7.32771935e-02  2.05806069e-01  1.77987452e+00 -6.18264109e-01  1.10017621e-01  3.09002167e-01 
 1.17489755e+00  7.50403127e-02  2.08063093e-01  7.49709472e-02  2.07866006e-01  1.77478687e+00 -6.24451311e-01  1.12560469e-01  3.12094639e-01 
 1.18850223e+00  7.67741476e-02  2.10136624e-01  7.67032746e-02  2.09937826e-01  1.76958336e+00 -6.30674162e-01  1.15161221e-01  3.15204936e-01 
 1.20226443e+00  7.85474247e-02  2.12221722e-01  7.84750142e-02  2.12021213e-01  1.76426150e+00 -6.36931714e-01  1.17821137e-01  3.18332584e-01 
 1.21618600e+00  8.03609983e-02  2.14318051e-01  8.02870201e-02  2.14115830e-01  1.75881870e+00 -6.43222953e-01  1.20541497e-01  3.21477076e-01 
 1.23026877e+00  8.22157385e-02  2.16425250e-01  8.21401620e-02  2.16221319e-01  1.75325236e+00 -6.49546802e-01  1.23323608e-01  3.24637874e-01 
 1.24451461e+00  8.41125308e-02  2.18542937e-01  8.40353250e-02  2.18337299e-01  1.74755983e+00 -6.55902112e-01  1.26168796e-01  3.27814405e-01 
 1.25892541e+00  8.60522765e-02  2.20670706e-01  8.59734099e-02  2.20463363e-01  1.74173840e+00 -6.62287664e-01  1.29078415e-01  3.31006059e-01 
 1.27350308e+00  8.80358924e-02  2.22808126e-01  8.79553330e-02  2.22599082e-01  1.73578531e+00 -6.68702162e-01  1.32053839e-01  3.34212189e-01 
 1.28824955e+00  9.00643109e-02  2.24954740e-01  8.99820264e-02  2.24743999e-01  1.72969777e+00 -6.75144233e-01  1.35096466e-01  3.37432109e-01 
 1.30316678e+00  9.21384801e-02  2.27110061e-01  9.20544378e-02  2.26897629e-01  1.72347294e+00 -6.81612421e-01  1.38207720e-01  3.40665092e-01 
 1.31825674e+00  9.42593636e-02  2.29273578e-01  9.41735304e-02  2.29059461e-01  1.71710792e+00 -6.88105186e-01  1.41389045e-01  3.43910367e-01 
 1.33352143e+00  9.64279404e-02  2.31444748e-01  9.63402829e-02  2.31228952e-01  1.71059978e+00 -6.94620898e-01  1.44641911e-01  3.47167122e-01 
 1.34896288e+00  9.86452050e-02  2.33622997e-01  9.85556893e-02  2.33405531e-01  1.70394553e+00 -7.01157835e-01  1.47967808e-01  3.50434495e-01 
 1.36458314e+00  1.00912167e-01  2.35807719e-01  1.00820759e-01  2.35588592e-01  1.69714214e+00 -7.07714180e-01  1.51368251e-01  3.53711578e-01 
 1.38038426e+00  1.03229851e-01  2.37998275e-01  1.03136516e-01  2.37777498e-01  1.69018654e+00 -7.14288012e-01  1.54844777e-01  3.56997413e-01 
 1.39636836e+00  1.05599297e-01  2.40193992e-01  1.05504000e-01  2.39971575e-01  1.68307562e+00 -7.20877310e-01  1.58398945e-01  3.60290988e-01 
 1.41253754e+00  1.08021558e-01  2.42394159e-01  1.07924264e-01  2.42170116e-01  1.67580620e+00 -7.27479941e-01  1.62032337e-01  3.63591239e-01 
 1.42889396e+00  1.10497703e-01  2.44598029e-01  1.10398377e-01  2.44372372e-01  1.66837508e+00 -7.34093661e-01  1.65746554e-01  3.66897044e-01 
 1.44543977e+00  1.13028814e-01  2.46804814e-01  1.12927420e-01  2.46577559e-01  1.66077902e+00 -7.40716106e-01  1.69543221e-01  3.70207222e-01 
 1.46217717e+00  1.15615986e-01  2.49013688e-01  1.15512488e-01  2.48784849e-01  1.65301472e+00 -7.47344792e-01  1.73423979e-01  3.73520531e-01 
 1.47910839e+00  1.18260328e-01  2.51223778e-01  1.18154690e-01  2.50993375e-01  1.64507887e+00 -7.53977106e-01  1.77390492e-01  3.76835668e-01 
 1.49623566e+00  1.20962961e-01  2.53434173e-01  1.20855146e-01  2.53202223e-01  1.63696811e+00 -7.60610305e-01  1.81444441e-01  3.80151259e-01 
 1.51356125e+00  1.23725017e-01  2.55643910e-01  1.23614989e-01  2.55410434e-01  1.62867902e+00 -7.67241505e-01  1.85587526e-01  3.83465865e-01 
 1.53108746e+00  1.26547641e-01  2.57851984e-01  1.26435363e-01  2.57617003e-01  1.62020818e+00 -7.73867683e-01  1.89821462e-01  3.86777976e-01 
 1.54881662e+00  1.29431987e-01  2.60057336e-01  1.29317422e-01  2.59820874e-01  1.61155213e+00 -7.80485666e-01  1.94147981e-01  3.90086005e-01 
 1.56675107e+00  1.32379218e-01  2.62258860e-01  1.32262329e-01  2.62020940e-01  1.60270738e+00 -7.87092126e-01  1.98568828e-01  3.93388290e-01 
 1.58489319e+00  1.35390508e-01  2.64455393e-01  1.35271258e-01  2.64216042e-01  1.59367040e+00 -7.93683579e-01  2.03085762e-01  3.96683089e-01 
 1.60324539e+00  1.38467036e-01  2.66645718e-01  1.38345388e-01  2.66404966e-01  1.58443766e+00 -8.00256371e-01  2.07700554e-01  3.99968578e-01 
 1.62181010e+00  1.41609989e-01  2.68828563e-01  1.41485907e-01  2.68586438e-01  1.57500560e+00 -8.06806681e-01  2.12414983e-01  4.03242845e-01 
 1.64058977e+00  1.44820559e-01  2.71002595e-01  1.44694006e-01  2.70759127e-01  1.56537064e+00 -8.13330506e-01  2.17230838e-01  4.06503892e-01 
 1.65958691e+00  1.48099942e-01  2.73166418e-01  1.47970881e-01  2.72921643e-01  1.55552920e+00 -8.19823661e-01  2.22149913e-01  4.09749628e-01 
 1.67880402e+00  1.51449337e-01  2.75318576e-01  1.51317731e-01  2.75072527e-01  1.54547767e+00 -8.26281769e-01  2.27174005e-01  4.12977864e-01 
 1.69824365e+00  1.54869943e-01  2.77457544e-01  1.54735756e-01  2.77210259e-01  1.53521247e+00 -8.32700259e-01  2.32304914e-01  4.16186316e-01 
 1.71790839e+00  1.58362959e-01  2.79581731e-01  1.58226156e-01  2.79333250e-01  1.52472999e+00 -8.39074350e-01  2.37544438e-01  4.19372597e-01 
 1.73780083e+00  1.61929580e-01  2.81689475e-01  1.61790125e-01  2.81439838e-01  1.51402664e+00 -8.45399055e-01  2.42894371e-01  4.22534212e-01 
 1.75792361e+00  1.65571000e-01  2.83779041e-01  1.65428857e-01  2.83528291e-01  1.50309886e+00 -8.51669167e-01  2.48356499e-01  4.25668561e-01 
 1.77827941e+00  1.69288401e-01  2.85848619e-01  1.69143537e-01  2.85596802e-01  1.49194309e+00 -8.57879253e-01  2.53932602e-01  4.28772928e-01 
 1.79887092e+00  1.73082960e-01  2.87896322e-01  1.72935340e-01  2.87643487e-01  1.48055580e+00 -8.64023649e-01  2.59624440e-01  4.31844483e-01 
 1.81970086e+00  1.76955841e-01  2.89920183e-01  1.76805432e-01  2.89666379e-01  1.46893351e+00 -8.70096451e-01  2.65433762e-01  4.34880275e-01 
 1.84077200e+00  1.80908193e-01  2.91918153e-01  1.80754962e-01  2.91663433e-01  1.45707276e+00 -8.76091507e-01  2.71362290e-01  4.37877230e-01 
 1.86208714e+00  1.84941150e-01  2.93888098e-01  1.84785065e-01  2.93632516e-01  1.44497017e+00 -8.82002413e-01  2.77411724e-01  4.40832148e-01 
 1.88364909e+00  1.89055821e-01  2.95827797e-01  1.88896852e-01  2.95571411e-01  1.43262238e+00 -8.87822502e-01  2.83583732e-01  4.43741696e-01 
 1.90546072e+00  1.93253297e-01  2.97734939e-01  1.93091414e-01  2.97477809e-01  1.42002615e+00 -8.93544839e-01  2.89879946e-01  4.46602409e-01 
 1.92752491e+00  1.97534638e-01  2.99607122e-01  1.97369812e-01  2.99349309e-01  1.40717829e+00 -8.99162211e-01  2.96301957e-01  4.49410682e-01 
 1.94984460e+00  2.01900874e-01  3.01441847e-01  2.01733078e-01  3.01183418e-01  1.39407571e+00 -9.04667125e-01  3.02851311e-01  4.52162771e-01 
 1.97242274e+00  2.06353000e-01  3.03236523e-01  2.06182208e-01  3.02977545e-01  1.38071543e+00 -9.10051794e-01  3.09529501e-01  4.54854784e-01 
 1.99526231e+00  2.10891972e-01  3.04988455e-01  2.10718160e-01  3.04728999e-01  1.36709459e+00 -9.15308138e-01  3.16337958e-01  4.57482682e-01 
 2.01836636e+00  2.15518701e-01  3.06694850e-01  2.15341845e-01  3.06434989e-01  1.35321044e+00 -9.20427771e-01  3.23278051e-01  4.60042274e-01 
 2.04173794e+00  2.20234049e-01  3.08352810e-01  2.20054129e-01  3.08092621e-01  1.33906042e+00 -9.25401996e-01  3.30351073e-01  4.62529215e-01 
 2.06538016e+00  2.25038825e-01  3.09959333e-01  2.24855822e-01  3.09698895e-01  1.32464209e+00 -9.30221802e-01  3.37558238e-01  4.64939000e-01 
 2.08929613e+00  2.29933778e-01  3.11511309e-01  2.29747675e-01  3.11250704e-01  1.30995321e+00 -9.34877853e-01  3.44900667e-01  4.67266963e-01 
 2.11348904e+00  2.34919592e-01  3.13005518e-01  2.34730373e-01  3.12744832e-01  1.29499174e+00 -9.39360490e-01  3.52379388e-01  4.69508277e-01 
 2.13796209e+00  2.39996878e-01  3.14438631e-01  2.39804532e-01  3.14177951e-01  1.27975584e+00 -9.43659717e-01  3.59995318e-01  4.71657946e-01 
 2.16271852e+00  2.45166172e-01  3.15807205e-01  2.44970689e-01  3.15546623e-01  1.26424390e+00 -9.47765205e-01  3.67749258e-01  4.73710808e-01 
 2.18776162e+00  2.50427922e-01  3.17107685e-01  2.50229295e-01  3.16847296e-01  1.24845460e+00 -9.51666284e-01  3.75641883e-01  4.75661528e-01 
 2.21309471e+00  2.55782487e-01  3.18336402e-01  2.55580711e-01  3.18076302e-01  1.23238685e+00 -9.55351939e-01  3.83673730e-01  4.77504603e-01 
 2.23872114e+00  2.61230124e-01  3.19489570e-01  2.61025200e-01  3.19229860e-01  1.21603989e+00 -9.58810813e-01  3.91845186e-01  4.79234355e-01 
 2.26464431e+00  2.66770986e-01  3.20563289e-01  2.66562915e-01  3.20304074e-01  1.19941326e+00 -9.62031201e-01  4.00156479e-01  4.80844934e-01 
 2.29086765e+00  2.72405108e-01  3.21553544e-01  2.72193896e-01  3.21294929e-01  1.18250687e+00 -9.65001051e-01  4.08607662e-01  4.82330316e-01 
 2.31739465e+00  2.78132403e-01  3.22456204e-01  2.77918060e-01  3.22198300e-01  1.16532098e+00 -9.67707967e-01  4.17198604e-01  4.83684305e-01 
 2.34422882e+00  2.83952649e-01  3.23267022e-01  2.83735190e-01  3.23009942e-01  1.14785626e+00 -9.70139208e-01  4.25928974e-01  4.84900533e-01 
 2.37137371e+00  2.89865484e-01  3.23981641e-01  2.89644927e-01  3.23725501e-01  1.13011381e+00 -9.72281693e-01  4.34798227e-01  4.85972462e-01 
 2.39883292e+00  2.95870394e-01  3.24595591e-01  2.95646761e-01  3.24340510e-01  1.11209517e+00 -9.74122009e-01  4.43805592e-01  4.86893386e-01 
 2.42661010e+00  3.01966703e-01  3.25104290e-01  3.01740021e-01  3.24850390e-01  1.09380238e+00 -9.75646410e-01  4.52950054e-01  4.87656435e-01 
 2.45470892e+00  3.08153562e-01  3.25503053e-01  3.07923865e-01  3.25250460e-01  1.07523799e+00 -9.76840836e-01  4.62230342e-01  4.88254580e-01 
 2.48313311e+00  3.14429941e-01  3.25787090e-01  3.14197266e-01  3.25535931e-01  1.05640510e+00 -9.77690911e-01  4.71644911e-01  4.88680635e-01 
 2.51188643e+00  3.20794616e-01  3.25951513e-01  3.20559007e-01  3.25701918e-01  1.03730739e+00 -9.78181967e-01  4.81191924e-01  4.88927269e-01 
 2.54097271e+00  3.27246160e-01  3.25991337e-01  3.27007666e-01  3.25743441e-01  1.01794914e+00 -9.78299050e-01  4.90869240e-01  4.88987005e-01 
 2.57039578e+00  3.33782928e-01  3.25901491e-01  3.33541605e-01  3.25655429e-01  9.98335307e-01 -9.78026942e-01  5.00674393e-01  4.88852237e-01 
 2.60015956e+00  3.40403050e-01  3.25676822e-01  3.40158959e-01  3.25432732e-01  9.78471504e-01 -9.77350177e-01  5.10604575e-01  4.88515233e-01 
 2.63026799e+00  3.47104416e-01  3.25312100e-01  3.46857626e-01  3.25070123e-01  9.58364072e-01 -9.76253067e-01  5.20656624e-01  4.87968150e-01 
 2.66072506e+00  3.53884665e-01  3.24802030e-01  3.53635251e-01  3.24562308e-01  9.38020102e-01 -9.74719722e-01  5.30826997e-01  4.87203044e-01 
 2.69153480e+00  3.60741174e-01  3.24141258e-01  3.60489220e-01  3.23903936e-01  9.17447473e-01 -9.72734081e-01  5.41111761e-01  4.86211887e-01 
 2.72270131e+00  3.67671047e-01  3.23324386e-01  3.67416644e-01  3.23089609e-01  8.96654884e-01 -9.70279944e-01  5.51506570e-01  4.84986579e-01 
 2.75422870e+00  3.74671100e-01  3.22345978e-01  3.74414348e-01  3.22113894e-01  8.75651896e-01 -9.67341003e-01  5.62006651e-01  4.83518967e-01 
 2.78612117e+00  3.81737856e-01  3.21200576e-01  3.81478860e-01  3.20971334e-01  8.54448958e-01 -9.63900883e-01  5.72606783e-01  4.81800864e-01 
 2.81838293e+00  3.88867524e-01  3.19882712e-01  3.88606401e-01  3.19656461e-01  8.33057446e-01 -9.59943179e-01  5.83301286e-01  4.79824068e-01 
 2.85101827e+00  3.96055999e-01  3.18386925e-01  3.95792873e-01  3.18163815e-01  8.11489694e-01 -9.55451508e-01  5.94083998e-01  4.77580388e-01 
 2.88403150e+00  4.03298843e-01  3.16707776e-01  4.03033848e-01  3.16487957e-01  7.89759025e-01 -9.50409550e-01  6.04948265e-01  4.75061664e-01 
 2.91742701e+00  4.10591281e-01  3.14839864e-01  4.10324559e-01  3.14623486e-01  7.67879780e-01 -9.44801107e-01  6.15886921e-01  4.72259795e-01 
 2.95120923e+00  4.17928187e-01  3.12777847e-01  4.17659893e-01  3.12565060e-01  7.45867345e-01 -9.38610153e-01  6.26892281e-01  4.69166770e-01 
 2.98538262e+00  4.25304082e-01  3.10516462e-01  4.25034378e-01  3.10307415e-01  7.23738178e-01 -9.31820900e-01  6.37956123e-01  4.65774693e-01 
 3.01995172e+00  4.32713119e-01  3.08050547e-01  4.32442179e-01  3.07845386e-01  7.01509828e-01 -9.24417861e-01  6.49069678e-01  4.62075820e-01 
 3.05492111e+00  4.40149083e-01  3.05375059e-01  4.39877091e-01  3.05173930e-01  6.79200957e-01 -9.16385917e-01  6.60223625e-01  4.58062588e-01 
 3.09029543e+00  4.47605384e-01  3.02485105e-01  4.47332534e-01  3.02288151e-01  6.56831350e-01 -9.07710387e-01  6.71408076e-01  4.53727657e-01 
 3.12607937e+00  4.55075052e-01  2.99375962e-01  4.54801550e-01  2.99183324e-01  6.34421932e-01 -8.98377109e-01  6.82612577e-01  4.49063943e-01 
 3.16227766e+00  4.62550736e-01  2.96043106e-01  4.62276799e-01  2.95854919e-01  6.11994769e-01 -8.88372515e-01  6.93826103e-01  4.44064659e-01 
 3.19889511e+00  4.70024704e-01  2.92482238e-01  4.69750561e-01  2.92298636e-01  5.89573072e-01 -8.77683714e-01  7.05037056e-01  4.38723357e-01 
 3.23593657e+00  4.77488846e-01  2.88689314e-01  4.77214736e-01  2.88510424e-01  5.67181192e-01 -8.66298581e-01  7.16233268e-01  4.33033971e-01 
 3.27340695e+00  4.84934672e-01  2.84660573e-01  4.84660847e-01  2.84486517e-01  5.44844607e-01 -8.54205839e-01  7.27402008e-01  4.26990859e-01 
 3.31131121e+00  4.92353325e-01  2.80392566e-01  4.92080048e-01  2.80223463e-01  5.22589910e-01 -8.41395155e-01  7.38529988e-01  4.20588850e-01 
 3.34965439e+00  4.99735584e-01  2.75882193e-01  4.99463129e-01  2.75718151e-01  5.00444779e-01 -8.27857232e-01  7.49603375e-01  4.13823290e-01 
 3.38844156e+00  5.07071875e-01  2.71126726e-01  5.06800528e-01  2.70967848e-01  4.78437949e-01 -8.13583898e-01  7.60607812e-01  4.06690089e-01 
 3.42767787e+00  5.14352286e-01  2.66123845e-01  5.14082346e-01  2.65970226e-01  4.56599170e-01 -7.98568207e-01  7.71528429e-01  3.99185767e-01 
 3.46736850e+00  5.21566583e-01  2.60871670e-01  5.21298359e-01  2.60723396e-01  4.34959165e-01 -7.82804530e-01  7.82349875e-01  3.91307504e-01 
 3.50751874e+00  5.28704227e-01  2.55368791e-01  5.28438039e-01  2.55225938e-01  4.13549565e-01 -7.66288651e-01  7.93056340e-01  3.83053186e-01 
 3.54813389e+00  5.35754394e-01  2.49614299e-01  5.35490575e-01  2.49476934e-01  3.92402853e-01 -7.49017857e-01  8.03631591e-01  3.74421448e-01 
 3.58921935e+00  5.42706005e-01  2.43607817e-01  5.42444898e-01  2.43475994e-01  3.71552284e-01 -7.30991034e-01  8.14059007e-01  3.65411726e-01 
 3.63078055e+00  5.49547748e-01  2.37349530e-01  5.49289706e-01  2.37223292e-01  3.51031805e-01 -7.12208750e-01  8.24321622e-01  3.56024294e-01 
 3.67282300e+00  5.56268113e-01  2.30840209e-01  5.56013501e-01  2.30719587e-01  3.30875964e-01 -6.92673341e-01  8.34402170e-01  3.46260314e-01 
 3.71535229e+00  5.62855423e-01  2.24081245e-01  5.62604613e-01  2.23966255e-01  3.11119803e-01 -6.72388991e-01  8.44283134e-01  3.36121867e-01 
 3.75837404e+00  5.69297870e-01  2.17074664e-01  5.69051247e-01  2.16965309e-01  2.91798757e-01 -6.51361805e-01  8.53946805e-01  3.25611996e-01 
 3.80189396e+00  5.75583558e-01  2.09823157e-01  5.75341512e-01  2.09719425e-01  2.72948529e-01 -6.29599874e-01  8.63375337e-01  3.14734735e-01 
 3.84591782e+00  5.81700541e-01  2.02330095e-01  5.81463474e-01  2.02231959e-01  2.54604963e-01 -6.07113334e-01  8.72550812e-01  3.03495143e-01 
 3.89045145e+00  5.87636872e-01  1.94599549e-01  5.87405191e-01  1.94506964e-01  2.36803915e-01 -5.83914419e-01  8.81455308e-01  2.91899324e-01 
 3.93550075e+00  5.93380646e-01  1.86636301e-01  5.93154766e-01  1.86549206e-01  2.19581106e-01 -5.60017496e-01  8.90070969e-01  2.79954451e-01 
 3.98107171e+00  5.98920052e-01  1.78445853e-01  5.98700394e-01  1.78364169e-01  2.02971976e-01 -5.35439101e-01  8.98380078e-01  2.67668780e-01 
 4.02717034e+00  6.04243425e-01  1.70034436e-01  6.04030415e-01  1.69958066e-01  1.87011530e-01 -5.10197950e-01  9.06365137e-01  2.55051655e-01 
 4.07380278e+00  6.09339294e-01  1.61409011e-01  6.09133364e-01  1.61337839e-01  1.71734182e-01 -4.84314949e-01  9.14008941e-01  2.42113516e-01 
 4.12097519e+00  6.14196442e-01  1.52577264e-01  6.13998025e-01  1.52511155e-01  1.57173591e-01 -4.57813185e-01  9.21294663e-01  2.28865896e-01 
 4.16869383e+00  6.18803956e-01  1.43547602e-01  6.18613488e-01  1.43486402e-01  1.43362500e-01 -4.30717906e-01  9.28205933e-01  2.15321403e-01 
 4.21696503e+00  6.23151281e-01  1.34329140e-01  6.22969202e-01  1.34272673e-01  1.30332568e-01 -4.03056485e-01  9.34726922e-01  2.01493710e-01 
 4.26579519e+00  6.27228281e-01  1.24931685e-01  6.27055029e-01  1.24879757e-01  1.18114211e-01 -3.74858370e-01  9.40842422e-01  1.87397527e-01 
 4.31519077e+00  6.31025286e-01  1.15365713e-01  6.30861299e-01  1.15318108e-01  1.06736435e-01 -3.46155019e-01  9.46537929e-01  1.73048570e-01 
 4.36515832e+00  6.34533147e-01  1.05642346e-01  6.34378861e-01  1.05598827e-01  9.62266824e-02 -3.16979824e-01  9.51799720e-01  1.58463520e-01 
 4.41570447e+00  6.37743289e-01  9.57733179e-02  6.37599139e-01  9.57336269e-02  8.66106731e-02 -2.87368013e-01  9.56614934e-01  1.43659977e-01 
 4.46683592e+00  6.40647760e-01  8.57709380e-02  6.40514173e-01  8.57347972e-02  7.79122619e-02 -2.57356548e-01  9.60971639e-01  1.28656407e-01 
 4.51855944e+00  6.43239272e-01  7.56480539e-02  6.43116675e-01  7.56151641e-02  7.01532969e-02 -2.26983996e-01  9.64858909e-01  1.13472081e-01 
 4.57088190e+00  6.45511254e-01  6.54180040e-02  6.45400063e-01  6.53880456e-02  6.33534903e-02 -1.96290402e-01  9.68266881e-01  9.81270060e-02 
 4.62381021e+00  6.47457881e-01  5.50945697e-02  6.47358507e-01  5.50672027e-02  5.75302995e-02 -1.65317137e-01  9.71186822e-01  8.26418546e-02 
 4.67735141e+00  6.49074118e-01  4.46919226e-02  6.48986963e-01  4.46667870e-02  5.26988202e-02 -1.34106743e-01  9.73611178e-01  6.70378839e-02 
 4.73151259e+00  6.50355747e-01  3.42245684e-02  6.50281202e-01  3.42012845e-02  4.88716930e-02 -1.02702763e-01  9.75533621e-01  5.13368526e-02 
 4.78630092e+00  6.51299394e-01  2.37072883e-02  6.51237840e-01  2.36854576e-02  4.60590242e-02 -7.11495677e-02  9.76949091e-01  3.55609324e-02 
 4.84172368e+00  6.51902550e-01  1.31550778e-02  6.51854357e-01  1.31342832e-02  4.42683218e-02 -3.94921677e-02  9.77853825e-01  1.97326168e-02 
 4.89778819e+00  6.52163589e-01  2.58308362e-03  6.52129112e-01  2.56289002e-03  4.35044482e-02 -7.77602672e-03  9.78245383e-01  3.87462543e-03 
 4.95450191e+00  6.52081775e-01 -7.99346107e-03  6.52061358e-01 -8.01350565e-03  4.37695886e-02  2.39531322e-02  9.78122662e-01 -1.19901916e-02 
 5.01187234e+00  6.51657271e-01 -1.85593015e-02  6.51651240e-01 -1.85796653e-02  4.50632370e-02  5.56495231e-02  9.77485906e-01 -2.78389522e-02 
 5.06990708e+00  6.50891133e-01 -2.90992267e-02  6.50899800e-01 -2.91203936e-02  4.73821993e-02  8.72674928e-02  9.76336700e-01 -4.36488401e-02 
 5.12861384e+00  6.49785309e-01 -3.95981350e-02  6.49808970e-01 -3.96206030e-02  5.07206130e-02  1.18761716e-01  9.74677963e-01 -5.93972024e-02 
 5.18800039e+00  6.48342621e-01 -5.00410974e-02  6.48381554e-01 -5.00653784e-02  5.50699842e-02  1.50087390e-01  9.72513932e-01 -7.50616461e-02 
 5.24807460e+00  6.46566753e-01 -6.04134208e-02  6.46621218e-01 -6.04400388e-02  6.04192413e-02  1.81200416e-01  9.69850130e-01 -9.06201312e-02 
 5.30884444e+00  6.44462222e-01 -7.07007080e-02  6.44532461e-01 -7.07301987e-02  6.67548039e-02  2.12057590e-01  9.66693333e-01 -1.06051062e-01 
 5.37031796e+00  6.42034355e-01 -8.08889158e-02  6.42120592e-01 -8.09218251e-02  7.40606672e-02  2.42616767e-01  9.63051532e-01 -1.21333374e-01 
 5.43250331e+00  6.39289252e-01 -9.09644098e-02  6.39391691e-01 -9.10012929e-02  8.23184999e-02  2.72837033e-01  9.58933879e-01 -1.36446615e-01 
 5.49540874e+00  6.36233755e-01 -1.00914016e-01  6.36352581e-01 -1.00955436e-01  9.15077559e-02  3.02678855e-01  9.54350633e-01 -1.51371024e-01 
 5.55904257e+00  6.32875400e-01 -1.10725068e-01  6.33010777e-01 -1.10771595e-01  1.01605797e-01  3.32104226e-01  9.49313101e-01 -1.66087602e-01 
 5.62341325e+00  6.29222378e-01 -1.20385451e-01  6.29374451e-01 -1.20437661e-01  1.12588026e-01  3.61076792e-01  9.43833566e-01 -1.80578177e-01 
 5.68852931e+00  6.25283482e-01 -1.29883640e-01  6.25452378e-01 -1.29942114e-01  1.24428028e-01  3.89561975e-01  9.37925223e-01 -1.94825461e-01 
 5.75439937e+00  6.21068066e-01 -1.39208735e-01  6.21253889e-01 -1.39274057e-01  1.37097724e-01  4.17527068e-01  9.31602099e-01 -2.08813103e-01 
 5.82103218e+00  6.16585984e-01 -1.48350490e-01  6.16788820e-01 -1.48423246e-01  1.50567521e-01  4.44941332e-01  9.24878975e-01 -2.22525735e-01 
 5.88843655e+00  6.11847541e-01 -1.57299337e-01  6.12067456e-01 -1.57380116e-01  1.64806475e-01  4.71776061e-01  9.17771311e-01 -2.35949006e-01 
 5.95662144e+00  6.06863439e-01 -1.66046408e-01  6.07100481e-01 -1.66135797e-01  1.79782456e-01  4.98004651e-01  9.10295158e-01 -2.49069612e-01 
 6.02559586e+00  6.01644721e-01 -1.74583547e-01  6.01898918e-01 -1.74682133e-01  1.95462307e-01  5.23602636e-01  9.02467082e-01 -2.61875320e-01 
 6.09536897e+00  5.96202718e-01 -1.82903322e-01  5.96474079e-01 -1.83011693e-01  2.11812014e-01  5.48547725e-01  8.94304078e-01 -2.74354983e-01 
 6.16595002e+00  5.90548992e-01 -1.90999031e-01  5.90837508e-01 -1.91117769e-01  2.28796866e-01  5.72819814e-01  8.85823488e-01 -2.86498547e-01 
 6.23734835e+00  5.84695282e-01 -1.98864702e-01  5.85000928e-01 -1.98994387e-01  2.46381617e-01  5.96400991e-01  8.77042924e-01 -2.98297053e-01 
 6.30957344e+00  5.78653458e-01 -2.06495089e-01  5.78976190e-01 -2.06636296e-01  2.64530640e-01  6.19275524e-01  8.67980187e-01 -3.09742633e-01 
 6.38263486e+00  5.72435462e-01 -2.13885665e-01  5.72775220e-01 -2.14038966e-01  2.83208084e-01  6.41429844e-01  8.58653193e-01 -3.20828498e-01 
 6.45654229e+00  5.66053265e-01 -2.21032613e-01  5.66409974e-01 -2.21198571e-01  3.02378013e-01  6.62852503e-01  8.49079897e-01 -3.31548919e-01 
 6.53130553e+00  5.59518819e-01 -2.27932808e-01  5.59892389e-01 -2.28111982e-01  3.22004554e-01  6.83534139e-01  8.39278228e-01 -3.41899212e-01 
 6.60693448e+00  5.52844012e-01 -2.34583802e-01  5.53234337e-01 -2.34776743e-01  3.42052020e-01  7.03467417e-01  8.29266018e-01 -3.51875703e-01 
 6.68343918e+00  5.46040628e-01 -2.40983803e-01  5.46447590e-01 -2.41191055e-01  3.62485042e-01  7.22646970e-01  8.19060942e-01 -3.61475704e-01 
 6.76082975e+00  5.39120308e-01 -2.47131650e-01  5.39543776e-01 -2.47353749e-01  3.83268681e-01  7.41069329e-01  8.08680462e-01 -3.70697475e-01 
 6.83911647e+00  5.32094514e-01 -2.53026791e-01  5.32534343e-01 -2.53264263e-01  4.04368534e-01  7.58732847e-01  7.98141772e-01 -3.79540187e-01 
 6.91830971e+00  5.24974497e-01 -2.58669253e-01  5.25430531e-01 -2.58922617e-01  4.25750834e-01  7.75637620e-01  7.87461745e-01 -3.88003880e-01 
 6.99841996e+00  5.17771265e-01 -2.64059615e-01  5.18243339e-01 -2.64329381e-01  4.47382539e-01  7.91785397e-01  7.76656897e-01 -3.96089423e-01 
 7.07945784e+00  5.10495560e-01 -2.69198979e-01  5.10983497e-01 -2.69485646e-01  4.69231413e-01  8.07179495e-01  7.65743339e-01 -4.03798469e-01 
 7.16143410e+00  5.03157831e-01 -2.74088937e-01  5.03661447e-01 -2.74392996e-01  4.91266093e-01  8.21824705e-01  7.54736747e-01 -4.11133406e-01 
 7.24435960e+00  4.95768218e-01 -2.78731542e-01  4.96287318e-01 -2.79053473e-01  5.13456153e-01  8.35727198e-01  7.43652327e-01 -4.18097312e-01 
 7.32824533e+00  4.88336528e-01 -2.83129274e-01  4.88870911e-01 -2.83469549e-01  5.35772159e-01  8.48894433e-01  7.32504792e-01 -4.24693911e-01 
 7.41310241e+00  4.80872224e-01 -2.87285013e-01  4.81421682e-01 -2.87644092e-01  5.58185711e-01  8.61335057e-01  7.21308336e-01 -4.30927520e-01 
 7.49894209e+00  4.73384414e-01 -2.91202002e-01  4.73948731e-01 -2.91580337e-01  5.80669480e-01  8.73058814e-01  7.10076621e-01 -4.36803003e-01 
 7.58577575e+00  4.65881837e-01 -2.94883818e-01  4.66460793e-01 -2.95281850e-01  6.03197239e-01  8.84076452e-01  6.98822756e-01 -4.42325727e-01 
 7.67361489e+00  4.58372861e-01 -2.98334343e-01  4.58966230e-01 -2.98752504e-01  6.25743883e-01  8.94399627e-01  6.87559291e-01 -4.47501515e-01 
 7.76247117e+00  4.50865471e-01 -3.01557731e-01  4.51473023e-01 -3.01996443e-01  6.48285443e-01  9.04040817e-01  6.76298207e-01 -4.52336597e-01 
 7.85235635e+00  4.43367275e-01 -3.04558382e-01  4.43988776e-01 -3.05018057e-01  6.70799097e-01  9.13013231e-01  6.65050912e-01 -4.56837573e-01 
 7.94328235e+00  4.35885496e-01 -3.07340910e-01  4.36520710e-01 -3.07821951e-01  6.93263169e-01  9.21330728e-01  6.53828244e-01 -4.61011365e-01 
 8.03526122e+00  4.28426976e-01 -3.09910120e-01  4.29075663e-01 -3.10412921e-01  7.15657129e-01  9.29007730e-01  6.42640464e-01 -4.64865179e-01 
 8.12830516e+00  4.20998179e-01 -3.12270977e-01  4.21660098e-01 -3.12795923e-01  7.37961584e-01  9.36059152e-01  6.31497269e-01 -4.68406465e-01 
 8.22242650e+00  4.13605194e-01 -3.14428586e-01  4.14280101e-01 -3.14976055e-01  7.60158266e-01  9.42500318e-01  6.20407791e-01 -4.71642880e-01 
 8.31763771e+00  4.06253741e-01 -3.16388168e-01  4.06941391e-01 -3.16958525e-01  7.82230014e-01  9.48346897e-01  6.09380611e-01 -4.74582252e-01 
 8.41395142e+00  3.98949176e-01 -3.18155032e-01  3.99649325e-01 -3.18748638e-01  8.04160756e-01  9.53614833e-01  5.98423764e-01 -4.77232548e-01 
 8.51138038e+00  3.91696502e-01 -3.19734560e-01  3.92408905e-01 -3.20351768e-01  8.25935485e-01  9.58320284e-01  5.87544754e-01 -4.79601841e-01 
 8.60993752e+00  3.84500376e-01 -3.21132187e-01  3.85224787e-01 -3.21773340e-01  8.47540232e-01  9.62479560e-01  5.76750565e-01 -4.81698281e-01 
 8.70963590e+00  3.77365117e-01 -3.22353379e-01  3.78101292e-01 -3.23018813e-01  8.68962040e-01  9.66109070e-01  5.66047676e-01 -4.83530068e-01 
 8.81048873e+00  3.70294718e-01 -3.23403617e-01  3.71042412e-01 -3.24093662e-01  8.90188932e-01  9.69225270e-01  5.55442077e-01 -4.85105425e-01 
 8.91250938e+00  3.63292855e-01 -3.24288384e-01  3.64051827e-01 -3.25003364e-01  9.11209880e-01  9.71844615e-01  5.44939283e-01 -4.86432576e-01 
 9.01571138e+00  3.56362900e-01 -3.25013147e-01  3.57132908e-01 -3.25753379e-01  9.32014773e-01  9.73983517e-01  5.34544350e-01 -4.87519721e-01 
 9.12010839e+00  3.49507930e-01 -3.25583346e-01  3.50288735e-01 -3.26349141e-01  9.52594380e-01  9.75658302e-01  5.24261895e-01 -4.88375020e-01 
 9.22571427e+00  3.42730740e-01 -3.26004381e-01  3.43522105e-01 -3.26796043e-01  9.72940319e-01  9.76885177e-01  5.14096110e-01 -4.89006572e-01 
 9.33254301e+00  3.36033856e-01 -3.26281600e-01  3.36835545e-01 -3.27099429e-01  9.93045018e-01  9.77680194e-01  5.04050784e-01 -4.89422400e-01 
 9.44060876e+00  3.29419543e-01 -3.26420289e-01  3.30231323e-01 -3.27264581e-01  1.01290168e+00  9.78059219e-01  4.94129314e-01 -4.89630433e-01 
 9.54992586e+00  3.22889820e-01 -3.26425666e-01  3.23711462e-01 -3.27296710e-01  1.03250426e+00  9.78037911e-01  4.84334730e-01 -4.89638499e-01 
 9.66050879e+00  3.16446471e-01 -3.26302870e-01  3.17277747e-01 -3.27200951e-01  1.05184741e+00  9.77631692e-01  4.74669707e-01 -4.89454304e-01 
 9.77237221e+00  3.10091056e-01 -3.26056953e-01  3.10931741e-01 -3.26982354e-01  1.07092644e+00  9.76855727e-01  4.65136584e-01 -4.89085430e-01 
 9.88553095e+00  3.03824924e-01 -3.25692879e-01  3.04674797e-01 -3.26645878e-01  1.08973733e+00  9.75724910e-01  4.55737385e-01 -4.88539319e-01 
 1.00000000e+01  2.97649220e-01 -3.25215514e-01  2.98508063e-01 -3.26196385e-01  1.10827662e+00  9.74253840e-01  4.46473830e-01 -4.87823271e-01 
 1.01157945e+01  2.91564904e-01 -3.24629621e-01  2.92432501e-01 -3.25638635e-01  1.12654146e+00  9.72456816e-01  4.37347356e-01 -4.86944431e-01 
 1.02329299e+01  2.85572753e-01 -3.23939859e-01  2.86448893e-01 -3.24977286e-01  1.14452952e+00  9.70347819e-01  4.28359129e-01 -4.85909789e-01 
 1.03514217e+01  2.79673377e-01 -3.23150781e-01  2.80557851e-01 -3.24216885e-01  1.16223897e+00  9.67940505e-01  4.19510065e-01 -4.84726172e-01 
 1.04712855e+01  2.73867228e-01 -3.22266826e-01  2.74759831e-01 -3.23361872e-01  1.17966845e+00  9.65248198e-01  4.10800841e-01 -4.83400239e-01 
 1.05925373e+01  2.68154608e-01 -3.21292321e-01  2.69055140e-01 -3.22416571e-01  1.19681707e+00  9.62283882e-01  4.02231913e-01 -4.81938481e-01 
 1.07151931e+01  2.62535683e-01 -3.20231479e-01  2.63443945e-01 -3.21385194e-01  1.21368433e+00  9.59060197e-01  3.93803525e-01 -4.80347218e-01 
 1.08392691e+01  2.57010487e-01 -3.19088398e-01  2.57926285e-01 -3.20271836e-01  1.23027015e+00  9.55589439e-01  3.85515731e-01 -4.78632597e-01 
 1.09647820e+01  2.51578933e-01 -3.17867059e-01  2.52502075e-01 -3.19080478e-01  1.24657478e+00  9.51883554e-01  3.77368399e-01 -4.76800589e-01 
 1.10917482e+01  2.46240822e-01 -3.16571329e-01  2.47171122e-01 -3.17814986e-01  1.26259882e+00  9.47954139e-01  3.69361233e-01 -4.74856994e-01 
 1.12201845e+01  2.40995851e-01 -3.15204957e-01  2.41933125e-01 -3.16479107e-01  1.27834319e+00  9.43812444e-01  3.61493776e-01 -4.72807435e-01 
 1.13501082e+01  2.35843620e-01 -3.13771576e-01  2.36787688e-01 -3.15076477e-01  1.29380910e+00  9.39469373e-01  3.53765429e-01 -4.70657365e-01 
 1.14815362e+01  2.30783639e-01 -3.12274708e-01  2.31734324e-01 -3.13610615e-01  1.30899802e+00  9.34935486e-01  3.46175458e-01 -4.68412062e-01 
 1.16144861e+01  2.25815337e-01 -3.10717759e-01  2.26772467e-01 -3.12084927e-01  1.32391167e+00  9.30221002e-01  3.38723005e-01 -4.66076638e-01 
 1.17489755e+01  2.20938066e-01 -3.09104022e-01  2.21901471e-01 -3.10502708e-01  1.33855198e+00  9.25335802e-01  3.31407100e-01 -4.63656033e-01 
 1.18850223e+01  2.16151112e-01 -3.07436682e-01  2.17120626e-01 -3.08867142e-01  1.35292113e+00  9.20289436e-01  3.24226667e-01 -4.61155023e-01 
 1.20226443e+01  2.11453693e-01 -3.05718813e-01  2.12429153e-01 -3.07181305e-01  1.36702145e+00  9.15091129e-01  3.17180539e-01 -4.58578219e-01 
 1.21618600e+01  2.06844973e-01 -3.03953383e-01  2.07826220e-01 -3.05448164e-01  1.38085546e+00  9.09749780e-01  3.10267459e-01 -4.55930074e-01 
 1.23026877e+01  2.02324062e-01 -3.02143254e-01  2.03310941e-01 -3.03670585e-01  1.39442582e+00  9.04273977e-01  3.03486093e-01 -4.53214880e-01 
 1.24451461e+01  1.97890025e-01 -3.00291185e-01  1.98882382e-01 -3.01851326e-01  1.40773536e+00  8.98671994e-01  2.96835037e-01 -4.50436778e-01 
 1.25892541e+01  1.93541883e-01 -2.98399836e-01  1.94539569e-01 -2.99993049e-01  1.42078701e+00  8.92951806e-01  2.90312824e-01 -4.47599754e-01 
 1.27350308e+01  1.89278619e-01 -2.96471766e-01  1.90281489e-01 -2.98098315e-01  1.43358383e+00  8.87121091e-01  2.83917929e-01 -4.44707650e-01 
 1.28824955e+01  1.85099184e-01 -2.94509440e-01  1.86107095e-01 -2.96169590e-01  1.44612897e+00  8.81187236e-01  2.77648777e-01 -4.41764160e-01 
 1.30316678e+01  1.81002499e-01 -2.92515226e-01  1.82015310e-01 -2.94209245e-01  1.45842567e+00  8.75157349e-01  2.71503749e-01 -4.38772839e-01 
 1.31825674e+01  1.76987458e-01 -2.90491404e-01  1.78005032e-01 -2.92219562e-01  1.47047725e+00  8.69038262e-01  2.65481187e-01 -4.35737106e-01 
 1.33352143e+01  1.73052934e-01 -2.88440162e-01  1.74075137e-01 -2.90202731e-01  1.48228710e+00  8.62836540e-01  2.59579401e-01 -4.32660243e-01 
 1.34896288e+01  1.69197779e-01 -2.86363604e-01  1.70224482e-01 -2.88160857e-01  1.49385866e+00  8.56558487e-01  2.53796669e-01 -4.29545406e-01 
 1.36458314e+01  1.65420833e-01 -2.84263748e-01  1.66451905e-01 -2.86095963e-01  1.50519543e+00  8.50210156e-01  2.48131249e-01 -4.26395622e-01 
 1.38038426e+01  1.61720917e-01 -2.82142531e-01  1.62756235e-01 -2.84009988e-01  1.51630094e+00  8.43797353e-01  2.42581376e-01 -4.23213796e-01 
 1.39636836e+01  1.58096847e-01 -2.80001810e-01  1.59136287e-01 -2.81904792e-01  1.52717874e+00  8.37325647e-01  2.37145270e-01 -4.20002715e-01 
 1.41253754e+01  1.54547426e-01 -2.77843367e-01  1.55590870e-01 -2.79782159e-01  1.53783243e+00  8.30800377e-01  2.31821140e-01 -4.16765051e-01 
 1.42889396e+01  1.51071456e-01 -2.75668908e-01  1.52118785e-01 -2.77643798e-01  1.54826561e+00  8.24226657e-01  2.26607184e-01 -4.13503362e-01 
 1.44543977e+01  1.47667732e-01 -2.73480067e-01  1.48718830e-01 -2.75491348e-01  1.55848190e+00  8.17609385e-01  2.21501598e-01 -4.10220101e-01 
 1.46217717e+01  1.44335047e-01 -2.71278409e-01  1.45389804e-01 -2.73326375e-01  1.56848493e+00  8.10953251e-01  2.16502571e-01 -4.06917613e-01 
 1.47910839e+01  1.41072196e-01 -2.69065430e-01  1.42130501e-01 -2.71150381e-01  1.57827830e+00  8.04262741e-01  2.11608294e-01 -4.03598145e-01 
 1.49623566e+01  1.37877975e-01 -2.66842563e-01  1.38939720e-01 -2.68964801e-01  1.58786563e+00  7.97542144e-01  2.06816962e-01 -4.00263845e-01 
 1.51356125e+01  1.34751182e-01 -2.64611177e-01  1.35816262e-01 -2.66771007e-01  1.59725054e+00  7.90795564e-01  2.02126773e-01 -3.96916765e-01 
 1.53108746e+01  1.31690622e-01 -2.62372579e-01  1.32758933e-01 -2.64570312e-01  1.60643662e+00  7.84026918e-01  1.97535933e-01 -3.93558868e-01 
 1.54881662e+01  1.28695103e-01 -2.60128019e-01  1.29766545e-01 -2.62363968e-01  1.61542743e+00  7.77239949e-01  1.93042655e-01 -3.90192028e-01 
 1.56675107e+01  1.25763443e-01 -2.57878689e-01  1.26837917e-01 -2.60153173e-01  1.62422654e+00  7.70438229e-01  1.88645164e-01 -3.86818034e-01 
 1.58489319e+01  1.22894465e-01 -2.55625728e-01  1.23971874e-01 -2.57939068e-01  1.63283747e+00  7.63625168e-01  1.84341698e-01 -3.83438593e-01 
 1.60324539e+01  1.20087005e-01 -2.53370222e-01  1.21167254e-01 -2.55722744e-01  1.64126372e+00  7.56804015e-01  1.80130507e-01 -3.80055333e-01 
 1.62181010e+01  1.17339905e-01 -2.51113204e-01  1.18422902e-01 -2.53505238e-01  1.64950876e+00  7.49977869e-01  1.76009858e-01 -3.76669806e-01 
 1.64058977e+01  1.14652021e-01 -2.48855661e-01  1.15737674e-01 -2.51287542e-01  1.65757603e+00  7.43149681e-01  1.71978032e-01 -3.73283491e-01 
 1.65958691e+01  1.12022220e-01 -2.46598531e-01  1.13110439e-01 -2.49070599e-01  1.66546894e+00  7.36322261e-01  1.68033329e-01 -3.69897797e-01 
 1.67880402e+01  1.09449378e-01 -2.44342709e-01  1.10540076e-01 -2.46855307e-01  1.67319085e+00  7.29498283e-01  1.64174067e-01 -3.66514063e-01 
 1.69824365e+01  1.06932389e-01 -2.42089043e-01  1.08025480e-01 -2.44642520e-01  1.68074509e+00  7.22680290e-01  1.60398583e-01 -3.63133564e-01 
 1.71790839e+01  1.04470156e-01 -2.39838341e-01  1.05565556e-01 -2.42433050e-01  1.68813494e+00  7.15870700e-01  1.56705234e-01 -3.59757512e-01 
 1.73780083e+01  1.02061598e-01 -2.37591372e-01  1.03159224e-01 -2.40227671e-01  1.69536367e+00  7.09071808e-01  1.53092397e-01 -3.56387059e-01 
 1.75792361e+01  9.97056466e-02 -2.35348865e-01  1.00805418e-01 -2.38027117e-01  1.70243446e+00  7.02285794e-01  1.49558470e-01 -3.53023297e-01 
 1.77827941e+01  9.74012496e-02 -2.33111510e-01  9.85030861e-02 -2.35832083e-01  1.70935048e+00  6.95514726e-01  1.46101874e-01 -3.49667264e-01 
 1.79887092e+01  9.51473685e-02 -2.30879963e-01  9.62511918e-02 -2.33643230e-01  1.71611486e+00  6.88760563e-01  1.42721053e-01 -3.46319944e-01 
 1.81970086e+01  9.29429797e-02 -2.28654846e-01  9.40487131e-02 -2.31461186e-01  1.72273065e+00  6.82025163e-01  1.39414470e-01 -3.42982269e-01 
 1.84077200e+01  9.07870754e-02 -2.26436747e-01  9.18946432e-02 -2.29286543e-01  1.72920089e+00  6.75310283e-01  1.36180613e-01 -3.39655120e-01 
 1.86208714e+01  8.86786629e-02 -2.24226222e-01  8.97879906e-02 -2.27119863e-01  1.73552855e+00  6.68617584e-01  1.33017994e-01 -3.36339333e-01 
 1.88364909e+01  8.66167648e-02 -2.22023797e-01  8.77277794e-02 -2.24961678e-01  1.74171658e+00  6.61948639e-01  1.29925147e-01 -3.33035696e-01 
 1.90546072e+01  8.46004198e-02 -2.19829970e-01  8.57130492e-02 -2.22812489e-01  1.74776785e+00  6.55304928e-01  1.26900630e-01 -3.29744955e-01 
 1.92752491e+01  8.26286820e-02 -2.17645209e-01  8.37428554e-02 -2.20672773e-01  1.75368521e+00  6.48687851e-01  1.23943023e-01 -3.26467813e-01 
 1.94984460e+01  8.07006212e-02 -2.15469955e-01  8.18162688e-02 -2.18542974e-01  1.75947144e+00  6.42098726e-01  1.21050932e-01 -3.23204933e-01 
 1.97242274e+01  7.88153230e-02 -2.13304625e-01  7.99323761e-02 -2.16423516e-01  1.76512929e+00  6.35538791e-01  1.18222984e-01 -3.19956937e-01 
 1.99526231e+01  7.69718888e-02 -2.11149609e-01  7.80902796e-02 -2.14314795e-01  1.77066146e+00  6.29009212e-01  1.15457833e-01 -3.16724414e-01 
 2.01836636e+01  7.51694358e-02 -2.09005276e-01  7.62890974e-02 -2.12217185e-01  1.77607060e+00  6.22511084e-01  1.12754154e-01 -3.13507914e-01 
 2.04173794e+01  7.34070965e-02 -2.06871969e-01  7.45279630e-02 -2.10131036e-01  1.78135931e+00  6.16045432e-01  1.10110645e-01 -3.10307954e-01 
 2.06538016e+01  7.16840192e-02 -2.04750012e-01  7.28060255e-02 -2.08056676e-01  1.78653015e+00  6.09613216e-01  1.07526029e-01 -3.07125018e-01 
 2.08929613e+01  6.99993679e-02 -2.02639706e-01  7.11224497e-02 -2.05994415e-01  1.79158563e+00  6.03215334e-01  1.04999052e-01 -3.03959559e-01 
 2.11348904e+01  6.83523216e-02 -2.00541333e-01  6.94764154e-02 -2.03944539e-01  1.79652821e+00  5.96852621e-01  1.02528482e-01 -3.00812000e-01 
 2.13796209e+01  6.67420748e-02 -1.98455156e-01  6.78671179e-02 -2.01907319e-01  1.80136031e+00  5.90525858e-01  1.00113112e-01 -2.97682735e-01 
 2.16271852e+01  6.51678372e-02 -1.96381419e-01  6.62937674e-02 -1.99883003e-01  1.80608430e+00  5.84235769e-01  9.77517558e-02 -2.94572129e-01 
 2.18776162e+01  6.36288333e-02 -1.94320349e-01  6.47555892e-02 -1.97871826e-01  1.81070250e+00  5.77983024e-01  9.54432500e-02 -2.91480524e-01 
 2.21309471e+01  6.21243027e-02 -1.92272155e-01  6.32518234e-02 -1.95874004e-01  1.81521721e+00  5.71768244e-01  9.31864541e-02 -2.88408233e-01 
 2.23872114e+01  6.06534997e-02 -1.90237032e-01  6.17817249e-02 -1.93889737e-01  1.81963066e+00  5.65592001e-01  9.09802495e-02 -2.85355547e-01 
 2.26464431e+01  5.92156928e-02 -1.88215156e-01  6.03445629e-02 -1.91919210e-01  1.82394504e+00  5.59454820e-01  8.88235393e-02 -2.82322734e-01 
 2.29086765e+01  5.78101654e-02 -1.86206692e-01  5.89396210e-02 -1.89962592e-01  1.82816250e+00  5.53357183e-01  8.67152481e-02 -2.79310039e-01 
 2.31739465e+01  5.64362147e-02 -1.84211790e-01  5.75661970e-02 -1.88020041e-01  1.83228516e+00  5.47299527e-01  8.46543221e-02 -2.76317684e-01 
 2.34422882e+01  5.50931520e-02 -1.82230584e-01  5.62236027e-02 -1.86091699e-01  1.83631508e+00  5.41282252e-01  8.26397281e-02 -2.73345876e-01 
 2.37137371e+01  5.37803026e-02 -1.80263197e-01  5.49111636e-02 -1.84177695e-01  1.84025428e+00  5.35305716e-01  8.06704538e-02 -2.70394796e-01 
 2.39883292e+01  5.24970051e-02 -1.78309741e-01  5.36282188e-02 -1.82278148e-01  1.84410475e+00  5.29370240e-01  7.87455076e-02 -2.67464612e-01 
 2.42661010e+01  5.12426118e-02 -1.76370314e-01  5.23741209e-02 -1.80393162e-01  1.84786844e+00  5.23476112e-01  7.68639177e-02 -2.64555471e-01 
 2.45470892e+01  5.00164881e-02 -1.74445003e-01  5.11482355e-02 -1.78522834e-01  1.85154724e+00  5.17623583e-01  7.50247322e-02 -2.61667505e-01 
 2.48313311e+01  4.88180126e-02 -1.72533886e-01  4.99499414e-02 -1.76667246e-01  1.85514302e+00  5.11812874e-01  7.32270188e-02 -2.58800828e-01 
 2.51188643e+01  4.76465764e-02 -1.70637027e-01  4.87786300e-02 -1.74826473e-01  1.85865761e+00  5.06044174e-01  7.14698647e-02 -2.55955541e-01 
 2.54097271e+01  4.65015837e-02 -1.68754484e-01  4.76337056e-02 -1.73000578e-01  1.86209280e+00  5.00317641e-01  6.97523755e-02 -2.53131727e-01 
 2.57039578e+01  4.53824506e-02 -1.66886305e-01  4.65145845e-02 -1.71189617e-01  1.86545034e+00  4.94633408e-01  6.80736759e-02 -2.50329457e-01 
 2.60015956e+01  4.42886058e-02 -1.65032526e-01  4.54206954e-02 -1.69393635e-01  1.86873194e+00  4.88991578e-01  6.64329086e-02 -2.47548789e-01 
 2.63026799e+01  4.32194897e-02 -1.63193179e-01  4.43514789e-02 -1.67612669e-01  1.87193928e+00  4.83392229e-01  6.48292346e-02 -2.44789768e-01 
 2.66072506e+01  4.21745549e-02 -1.61368283e-01  4.33063875e-02 -1.65846750e-01  1.87507401e+00  4.77835416e-01  6.32618324e-02 -2.42052425e-01 
 2.69153480e+01  4.11532652e-02 -1.59557854e-01  4.22848851e-02 -1.64095897e-01  1.87813773e+00  4.72321169e-01  6.17298978e-02 -2.39336781e-01 
 2.72270131e+01  4.01550960e-02 -1.57761897e-01  4.12864470e-02 -1.62360127e-01  1.88113201e+00  4.66849496e-01  6.02326440e-02 -2.36642845e-01 
 2.75422870e+01  3.91795338e-02 -1.55980411e-01  4.03105596e-02 -1.60639446e-01  1.88405840e+00  4.61420384e-01  5.87693007e-02 -2.33970617e-01 
 2.78612117e+01  3.82260761e-02 -1.54213390e-01  3.93567204e-02 -1.58933854e-01  1.88691841e+00  4.56033798e-01  5.73391142e-02 -2.31320085e-01 
 2.81838293e+01  3.72942313e-02 -1.52460819e-01  3.84244375e-02 -1.57243347e-01  1.88971351e+00  4.50689687e-01  5.59413469e-02 -2.28691228e-01 
 2.85101827e+01  3.63835181e-02 -1.50722678e-01  3.75132296e-02 -1.55567913e-01  1.89244514e+00  4.45387979e-01  5.45752772e-02 -2.26084017e-01 
 2.88403150e+01  3.54934659e-02 -1.48998941e-01  3.66226258e-02 -1.53907535e-01  1.89511471e+00  4.40128586e-01  5.32401988e-02 -2.23498412e-01 
 2.91742701e+01  3.46236140e-02 -1.47289578e-01  3.57521653e-02 -1.52262189e-01  1.89772361e+00  4.34911400e-01  5.19354211e-02 -2.20934367e-01 
 2.95120923e+01  3.37735120e-02 -1.45594551e-01  3.49013972e-02 -1.50631848e-01  1.90027318e+00  4.29736303e-01  5.06602680e-02 -2.18391827e-01 
 2.98538262e+01  3.29427190e-02 -1.43913819e-01  3.40698804e-02 -1.49016479e-01  1.90276476e+00  4.24603156e-01  4.94140785e-02 -2.15870729e-01 
 3.01995172e+01  3.21308039e-02 -1.42247336e-01  3.32571834e-02 -1.47416045e-01  1.90519963e+00  4.19511809e-01  4.81962058e-02 -2.13371005e-01 
 3.05492111e+01  3.13373449e-02 -1.40595051e-01  3.24628842e-02 -1.45830504e-01  1.90757906e+00  4.14462097e-01  4.70060173e-02 -2.10892577e-01 
 3.09029543e+01  3.05619295e-02 -1.38956909e-01  3.16865698e-02 -1.44259811e-01  1.90990428e+00  4.09453844e-01  4.58428942e-02 -2.08435364e-01 
 3.12607937e+01  2.98041542e-02 -1.37332851e-01  3.09278362e-02 -1.42703914e-01  1.91217650e+00  4.04486859e-01  4.47062313e-02 -2.05999276e-01 
 3.16227766e+01  2.90636245e-02 -1.35722813e-01  3.01862885e-02 -1.41162761e-01  1.91439692e+00  3.99560942e-01  4.35954368e-02 -2.03584220e-01 
 3.19889511e+01  2.83399544e-02 -1.34126730e-01  2.94615402e-02 -1.39636295e-01  1.91656667e+00  3.94675879e-01  4.25099317e-02 -2.01190095e-01 
 3.23593657e+01  2.76327666e-02 -1.32544531e-01  2.87532133e-02 -1.38124454e-01  1.91868691e+00  3.89831447e-01  4.14491500e-02 -1.98816796e-01 
 3.27340695e+01  2.69416921e-02 -1.30976142e-01  2.80609384e-02 -1.36627176e-01  1.92075873e+00  3.85027415e-01  4.04125381e-02 -1.96464213e-01 
 3.31131121e+01  2.62663698e-02 -1.29421488e-01  2.73843537e-02 -1.35144393e-01  1.92278321e+00  3.80263540e-01  3.93995548e-02 -1.94132232e-01 
 3.34965439e+01  2.56064471e-02 -1.27880489e-01  2.67231059e-02 -1.33676036e-01  1.92476142e+00  3.75539570e-01  3.84096706e-02 -1.91820734e-01 
 3.38844156e+01  2.49615788e-02 -1.26353064e-01  2.60768493e-02 -1.32222034e-01  1.92669438e+00  3.70855247e-01  3.74423682e-02 -1.89529595e-01 
 3.42767787e+01  2.43314276e-02 -1.24839126e-01  2.54452457e-02 -1.30782311e-01  1.92858311e+00  3.66210302e-01  3.64971414e-02 -1.87258689e-01 
 3.46736850e+01  2.37156637e-02 -1.23338590e-01  2.48279646e-02 -1.29356791e-01  1.93042860e+00  3.61604461e-01  3.55734956e-02 -1.85007885e-01 
 3.50751874e+01  2.31139646e-02 -1.21851366e-01  2.42246828e-02 -1.27945395e-01  1.93223181e+00  3.57037442e-01  3.46709470e-02 -1.82777049e-01 
 3.54813389e+01  2.25260151e-02 -1.20377362e-01  2.36350840e-02 -1.26548041e-01  1.93399369e+00  3.52508955e-01  3.37890227e-02 -1.80566043e-01 
 3.58921935e+01  2.19515070e-02 -1.18916484e-01  2.30588593e-02 -1.25164647e-01  1.93571516e+00  3.48018707e-01  3.29272605e-02 -1.78374726e-01 
 3.63078055e+01  2.13901389e-02 -1.17468638e-01  2.24957065e-02 -1.23795128e-01  1.93739713e+00  3.43566396e-01  3.20852083e-02 -1.76202956e-01 
 3.67282300e+01  2.08416163e-02 -1.16033725e-01  2.19453301e-02 -1.22439397e-01  1.93904047e+00  3.39151716e-01  3.12624245e-02 -1.74050587e-01 
 3.71535229e+01  2.03056514e-02 -1.14611646e-01  2.14074411e-02 -1.21097366e-01  1.94064606e+00  3.34774355e-01  3.04584772e-02 -1.71917470e-01 
 3.75837404e+01  1.97819627e-02 -1.13202302e-01  2.08817571e-02 -1.19768946e-01  1.94221472e+00  3.30433997e-01  2.96729441e-02 -1.69803453e-01 
 3.80189396e+01  1.92702752e-02 -1.11805590e-01  2.03680021e-02 -1.18454047e-01  1.94374730e+00  3.26130320e-01  2.89054127e-02 -1.67708385e-01 
 3.84591782e+01  1.87703198e-02 -1.10421406e-01  1.98659059e-02 -1.17152575e-01  1.94524458e+00  3.21863000e-01  2.81554797e-02 -1.65632109e-01 
 3.89045145e+01  1.82818339e-02 -1.09049645e-01  1.93752046e-02 -1.15864438e-01  1.94670736e+00  3.17631707e-01  2.74227508e-02 -1.63574468e-01 
 3.93550075e+01  1.78045606e-02 -1.07690203e-01  1.88956402e-02 -1.14589542e-01  1.94813642e+00  3.13436108e-01  2.67068408e-02 -1.61535304e-01 
 3.98107171e+01  1.73382487e-02 -1.06342971e-01  1.84269603e-02 -1.13327791e-01  1.94953249e+00  3.09275866e-01  2.60073731e-02 -1.59514457e-01 
 4.02717034e+01  1.68826531e-02 -1.05007842e-01  1.79689185e-02 -1.12079090e-01  1.95089631e+00  3.05150642e-01  2.53239796e-02 -1.57511763e-01 
 4.07380278e+01  1.64375338e-02 -1.03684707e-01  1.75212735e-02 -1.10843341e-01  1.95222861e+00  3.01060093e-01  2.46563008e-02 -1.55527060e-01 
 4.12097519e+01  1.60026566e-02 -1.02373455e-01  1.70837896e-02 -1.09620448e-01  1.95353009e+00  2.97003874e-01  2.40039850e-02 -1.53560183e-01 
 4.16869383e+01  1.55777925e-02 -1.01073977e-01  1.66562364e-02 -1.08410312e-01  1.95480142e+00  2.92981636e-01  2.33666888e-02 -1.51610966e-01 
 4.21696503e+01  1.51627176e-02 -9.97861612e-02  1.62383888e-02 -1.07212834e-01  1.95604328e+00  2.88993030e-01  2.27440765e-02 -1.49679242e-01 
 4.26579519e+01  1.47572134e-02 -9.85098951e-02  1.58300264e-02 -1.06027915e-01  1.95725632e+00  2.85037703e-01  2.21358201e-02 -1.47764843e-01 
 4.31519077e+01  1.43610660e-02 -9.72450664e-02  1.54309340e-02 -1.04855456e-01  1.95844119e+00  2.81115300e-01  2.15415990e-02 -1.45867600e-01 
 4.36515832e+01  1.39740668e-02 -9.59915620e-02  1.50409014e-02 -1.03695357e-01  1.95959850e+00  2.77225466e-01  2.09611002e-02 -1.43987343e-01 
 4.41570447e+01  1.35960116e-02 -9.47492682e-02  1.46597227e-02 -1.02547517e-01  1.96072887e+00  2.73367842e-01  2.03940174e-02 -1.42123902e-01 
 4.46683592e+01  1.32267012e-02 -9.35180711e-02  1.42871969e-02 -1.01411835e-01  1.96183289e+00  2.69542069e-01  1.98400519e-02 -1.40277107e-01 
 4.51855944e+01  1.28659409e-02 -9.22978563e-02  1.39231275e-02 -1.00288212e-01  1.96291114e+00  2.65747788e-01  1.92989113e-02 -1.38446784e-01 
 4.57088190e+01  1.25135402e-02 -9.10885090e-02  1.35673224e-02 -9.91765456e-02  1.96396420e+00  2.61984635e-01  1.87703103e-02 -1.36632763e-01 
 4.62381021e+01  1.21693133e-02 -8.98899143e-02  1.32195938e-02 -9.80767354e-02  1.96499262e+00  2.58252249e-01  1.82539699e-02 -1.34834871e-01 
 4.67735141e+01  1.18330786e-02 -8.87019569e-02  1.28797581e-02 -9.69886803e-02  1.96599694e+00  2.54550265e-01  1.77496179e-02 -1.33052935e-01 
 4.73151259e+01  1.15046586e-02 -8.75245214e-02  1.25476361e-02 -9.59122793e-02  1.96697769e+00  2.50878320e-01  1.72569880e-02 -1.31286782e-01 
 4.78630092e+01  1.11838801e-02 -8.63574922e-02  1.22230522e-02 -9.48474313e-02  1.96793540e+00  2.47236047e-01  1.67758202e-02 -1.29536238e-01 
 4.84172368e+01  1.08705737e-02 -8.52007537e-02  1.19058350e-02 -9.37940354e-02  1.96887055e+00  2.43623083e-01  1.63058605e-02 -1.27801131e-01 
 4.89778819e+01  1.05645740e-02 -8.40541900e-02  1.15958171e-02 -9.27519909e-02  1.96978366e+00  2.40039059e-01  1.58468610e-02 -1.26081285e-01 
 4.95450191e+01  1.02657194e-02 -8.29176854e-02  1.12928346e-02 -9.17211970e-02  1.97067519e+00  2.36483611e-01  1.53985791e-02 -1.24376528e-01 
 5.01187234e+01  9.97385224e-03 -8.17911239e-02  1.09967275e-02 -9.07015533e-02  1.97154563e+00  2.32956371e-01  1.49607784e-02 -1.22686686e-01 
 5.06990708e+01  9.68881831e-03 -8.06743899e-02  1.07073393e-02 -8.96929595e-02  1.97239542e+00  2.29456973e-01  1.45332275e-02 -1.21011585e-01 
 5.12861384e+01  9.41046710e-03 -7.95673673e-02  1.04245170e-02 -8.86953157e-02  1.97322503e+00  2.25985049e-01  1.41157006e-02 -1.19351051e-01 
 5.18800039e+01  9.13865161e-03 -7.84699407e-02  1.01481111e-02 -8.77085220e-02  1.97403488e+00  2.22540233e-01  1.37079774e-02 -1.17704911e-01 
 5.24807460e+01  8.87322829e-03 -7.73819942e-02  9.87797561e-03 -8.67324792e-02  1.97482541e+00  2.19122157e-01  1.33098424e-02 -1.16072991e-01 
 5.30884444e+01  8.61405694e-03 -7.63034124e-02  9.61396763e-03 -8.57670882e-02  1.97559703e+00  2.15730455e-01  1.29210854e-02 -1.14455119e-01 
 5.37031796e+01  8.36100068e-03 -7.52340798e-02  9.35594757e-03 -8.48122501e-02  1.97635015e+00  2.12364760e-01  1.25415010e-02 -1.12851120e-01 
 5.43250331e+01  8.11392582e-03 -7.41738813e-02  9.10377900e-03 -8.38678668e-02  1.97708517e+00  2.09024706e-01  1.21708887e-02 -1.11260822e-01 
 5.49540874e+01  7.87270186e-03 -7.31227018e-02  8.85732856e-03 -8.29338403e-02  1.97780247e+00  2.05709927e-01  1.18090528e-02 -1.09684053e-01 
 5.55904257e+01  7.63720138e-03 -7.20804263e-02  8.61646588e-03 -8.20100730e-02  1.97850244e+00  2.02420057e-01  1.14558021e-02 -1.08120640e-01 
 5.62341325e+01  7.40729998e-03 -7.10469403e-02  8.38106357e-03 -8.10964681e-02  1.97918544e+00  1.99154730e-01  1.11109500e-02 -1.06570410e-01 
 5.68852931e+01  7.18287621e-03 -7.00221292e-02  8.15099710e-03 -8.01929289e-02  1.97985184e+00  1.95913581e-01  1.07743143e-02 -1.05033194e-01 
 5.75439937e+01  6.96381152e-03 -6.90058788e-02  7.92614473e-03 -7.92993593e-02  1.98050199e+00  1.92696247e-01  1.04457173e-02 -1.03508818e-01 
 5.82103218e+01  6.74999022e-03 -6.79980752e-02  7.70638751e-03 -7.84156638e-02  1.98113622e+00  1.89502363e-01  1.01249853e-02 -1.01997113e-01 
 5.88843655e+01  6.54129935e-03 -6.69986045e-02  7.49160914e-03 -7.75417473e-02  1.98175489e+00  1.86331565e-01  9.81194902e-03 -1.00497907e-01 
 5.95662144e+01  6.33762869e-03 -6.60073534e-02  7.28169597e-03 -7.66775154e-02  1.98235830e+00  1.83183491e-01  9.50644304e-03 -9.90110302e-02 
 6.02559586e+01  6.13887069e-03 -6.50242087e-02  7.07653689e-03 -7.58228740e-02  1.98294678e+00  1.80057779e-01  9.20830604e-03 -9.75363131e-02 
 6.09536897e+01  5.94492038e-03 -6.40490575e-02  6.87602332e-03 -7.49777298e-02  1.98352065e+00  1.76954066e-01  8.91738057e-03 -9.60735862e-02 
 6.16595002e+01  5.75567534e-03 -6.30817871e-02  6.68004912e-03 -7.41419900e-02  1.98408020e+00  1.73871991e-01  8.63351302e-03 -9.46226806e-02 
 6.23734835e+01  5.57103567e-03 -6.21222852e-02  6.48851055e-03 -7.33155623e-02  1.98462573e+00  1.70811194e-01  8.35655350e-03 -9.31834278e-02 
 6.30957344e+01  5.39090387e-03 -6.11704399e-02  6.30130621e-03 -7.24983551e-02  1.98515752e+00  1.67771316e-01  8.08635581e-03 -9.17556598e-02 
 6.38263486e+01  5.21518488e-03 -6.02261393e-02  6.11833698e-03 -7.16902775e-02  1.98567586e+00  1.64751996e-01  7.82277732e-03 -9.03392090e-02 
 6.45654229e+01  5.04378595e-03 -5.92892721e-02  5.93950599e-03 -7.08912389e-02  1.98618103e+00  1.61752876e-01  7.56567893e-03 -8.89339082e-02 
 6.53130553e+01  4.87661664e-03 -5.83597273e-02  5.76471854e-03 -7.01011497e-02  1.98667328e+00  1.58773599e-01  7.31492496e-03 -8.75395909e-02 
 6.60693448e+01  4.71358876e-03 -5.74373939e-02  5.59388207e-03 -6.93199207e-02  1.98715288e+00  1.55813808e-01  7.07038314e-03 -8.61560908e-02 
 6.68343918e+01  4.55461631e-03 -5.65221616e-02  5.42690611e-03 -6.85474635e-02  1.98762008e+00  1.52873145e-01  6.83192447e-03 -8.47832423e-02 
 6.76082975e+01  4.39961546e-03 -5.56139201e-02  5.26370223e-03 -6.77836902e-02  1.98807513e+00  1.49951255e-01  6.59942320e-03 -8.34208802e-02 
 6.83911647e+01  4.24850451e-03 -5.47125597e-02  5.10418398e-03 -6.70285136e-02  1.98851826e+00  1.47047782e-01  6.37275676e-03 -8.20688395e-02 
 6.91830971e+01  4.10120379e-03 -5.38179707e-02  4.94826687e-03 -6.62818473e-02  1.98894971e+00  1.44162373e-01  6.15180568e-03 -8.07269561e-02 
 6.99841996e+01  3.95763571e-03 -5.29300441e-02  4.79586830e-03 -6.55436054e-02  1.98936971e+00  1.41294672e-01  5.93645356e-03 -7.93950661e-02 
 7.07945784e+01  3.81772463e-03 -5.20486707e-02  4.64690755e-03 -6.48137027e-02  1.98977847e+00  1.38444328e-01  5.72658695e-03 -7.80730061e-02 
 7.16143410e+01  3.68139691e-03 -5.11737421e-02  4.50130569e-03 -6.40920548e-02  1.99017622e+00  1.35610987e-01  5.52209536e-03 -7.67606131e-02 
 7.24435960e+01  3.54858078e-03 -5.03051498e-02  4.35898557e-03 -6.33785779e-02  1.99056315e+00  1.32794297e-01  5.32287118e-03 -7.54577247e-02 
 7.32824533e+01  3.41920639e-03 -4.94427859e-02  4.21987180e-03 -6.26731889e-02  1.99093949e+00  1.29993906e-01  5.12880958e-03 -7.41641788e-02 
 7.41310241e+01  3.29320569e-03 -4.85865426e-02  4.08389065e-03 -6.19758053e-02  1.99130541e+00  1.27209464e-01  4.93980854e-03 -7.28798138e-02 
 7.49894209e+01  3.17051248e-03 -4.77363124e-02  3.95097007e-03 -6.12863454e-02  1.99166112e+00  1.24440621e-01  4.75576872e-03 -7.16044685e-02 
 7.58577575e+01  3.05106231e-03 -4.68919881e-02  3.82103960e-03 -6.06047283e-02  1.99200680e+00  1.21687026e-01  4.57659346e-03 -7.03379821e-02 
 7.67361489e+01  2.93479247e-03 -4.60534628e-02  3.69403039e-03 -5.99308734e-02  1.99234264e+00  1.18948330e-01  4.40218871e-03 -6.90801941e-02 
 7.76247117e+01  2.82164198e-03 -4.52206298e-02  3.56987512e-03 -5.92647014e-02  1.99266880e+00  1.16224184e-01  4.23246298e-03 -6.78309446e-02 
 7.85235635e+01  2.71155153e-03 -4.43933826e-02  3.44850798e-03 -5.86061331e-02  1.99298545e+00  1.13514240e-01  4.06732730e-03 -6.65900740e-02 
 7.94328235e+01  2.60446346e-03 -4.35716152e-02  3.32986463e-03 -5.79550904e-02  1.99329278e+00  1.10818150e-01  3.90669519e-03 -6.53574228e-02 
 8.03526122e+01  2.50032172e-03 -4.27552215e-02  3.21388216e-03 -5.73114957e-02  1.99359092e+00  1.08135565e-01  3.75048258e-03 -6.41328322e-02 
 8.12830516e+01  2.39907187e-03 -4.19440958e-02  3.10049909e-03 -5.66752723e-02  1.99388005e+00  1.05466139e-01  3.59860780e-03 -6.29161436e-02 
 8.22242650e+01  2.30066102e-03 -4.11381325e-02  2.98965530e-03 -5.60463439e-02  1.99416031e+00  1.02809525e-01  3.45099153e-03 -6.17071987e-02 
 8.31763771e+01  2.20503784e-03 -4.03372262e-02  2.88129200e-03 -5.54246352e-02  1.99443184e+00  1.00165375e-01  3.30755676e-03 -6.05058394e-02 
 8.41395142e+01  2.11215250e-03 -3.95412720e-02  2.77535174e-03 -5.48100715e-02  1.99469479e+00  9.75333430e-02  3.16822875e-03 -5.93119079e-02 
 8.51138038e+01  2.02195666e-03 -3.87501646e-02  2.67177832e-03 -5.42025788e-02  1.99494929e+00  9.49130826e-02  3.03293500e-03 -5.81252469e-02 
 8.60993752e+01  1.93440346e-03 -3.79637993e-02  2.57051681e-03 -5.36020837e-02  1.99519548e+00  9.23042475e-02  2.90160519e-03 -5.69456989e-02 
 8.70963590e+01  1.84944746e-03 -3.71820714e-02  2.47151348e-03 -5.30085136e-02  1.99543348e+00  8.97064915e-02  2.77417119e-03 -5.57731071e-02 
 8.81048873e+01  1.76704467e-03 -3.64048762e-02  2.37471582e-03 -5.24217967e-02  1.99566342e+00  8.71194683e-02  2.65056700e-03 -5.46073144e-02 
 8.91250938e+01  1.68715248e-03 -3.56321094e-02  2.28007246e-03 -5.18418617e-02  1.99588540e+00  8.45428317e-02  2.53072871e-03 -5.34481642e-02 
 9.01571138e+01  1.60972967e-03 -3.48636666e-02  2.18753318e-03 -5.12686381e-02  1.99609956e+00  8.19762355e-02  2.41459450e-03 -5.22954998e-02 
 9.12010839e+01  1.53473638e-03 -3.40994433e-02  2.09704888e-03 -5.07020561e-02  1.99630599e+00  7.94193333e-02  2.30210457e-03 -5.11491650e-02 
 9.22571427e+01  1.46213410e-03 -3.33393355e-02  2.00857152e-03 -5.01420466e-02  1.99650480e+00  7.68717786e-02  2.19320115e-03 -5.00090032e-02 
 9.33254301e+01  1.39188565e-03 -3.25832388e-02  1.92205413e-03 -4.95885412e-02  1.99669609e+00  7.43332244e-02  2.08782847e-03 -4.88748581e-02 
 9.44060876e+01  1.32395514e-03 -3.18310491e-02  1.83745079e-03 -4.90414720e-02  1.99687997e+00  7.18033237e-02  1.98593271e-03 -4.77465736e-02 
 9.54992586e+01  1.25830799e-03 -3.10826621e-02  1.75471656e-03 -4.85007722e-02  1.99705651e+00  6.92817291e-02  1.88746198e-03 -4.66239932e-02 
 9.66050879e+01  1.19491089e-03 -3.03379738e-02  1.67380751e-03 -4.79663752e-02  1.99722582e+00  6.67680926e-02  1.79236634e-03 -4.55069607e-02 
 9.77237221e+01  1.13373182e-03 -2.95968798e-02  1.59468066e-03 -4.74382155e-02  1.99738796e+00  6.42620659e-02  1.70059772e-03 -4.43953197e-02 
 9.88553095e+01  1.07473997e-03 -2.88592758e-02  1.51729397e-03 -4.69162280e-02  1.99754304e+00  6.17633001e-02  1.61210995e-03 -4.32889138e-02 
 1.00000000e+02  1.01790580e-03 -2.81250575e-02  1.44160632e-03 -4.64003484e-02  1.99769111e+00  5.92714456e-02  1.52685870e-03 -4.21875862e-02 
 1.01157945e+02  9.63200998e-04 -2.73941202e-02  1.36757748e-03 -4.58905131e-02  1.99783226e+00  5.67861521e-02  1.44480150e-03 -4.10911803e-02 
 1.02329299e+02  9.10598451e-04 -2.66663594e-02  1.29516810e-03 -4.53866592e-02  1.99796654e+00  5.43070686e-02  1.36589768e-03 -3.99995391e-02 
 1.03514217e+02  8.60072269e-04 -2.59416702e-02  1.22433968e-03 -4.48887242e-02  1.99809404e+00  5.18338432e-02  1.29010840e-03 -3.89125054e-02 
 1.04712855e+02  8.11597752e-04 -2.52199477e-02  1.15505454e-03 -4.43966467e-02  1.99821480e+00  4.93661232e-02  1.21739663e-03 -3.78299216e-02 
 1.05925373e+02  7.65151396e-04 -2.45010867e-02  1.08727583e-03 -4.39103656e-02  1.99832888e+00  4.69035546e-02  1.14772709e-03 -3.67516301e-02 
 1.07151931e+02  7.20710878e-04 -2.37849817e-02  1.02096747e-03 -4.34298207e-02  1.99843633e+00  4.44457825e-02  1.08106632e-03 -3.56774725e-02 
 1.08392691e+02  6.78255052e-04 -2.30715270e-02  9.56094168e-04 -4.29549523e-02  1.99853722e+00  4.19924509e-02  1.01738258e-03 -3.46072904e-02 
 1.09647820e+02  6.37763944e-04 -2.23606165e-02  8.92621384e-04 -4.24857014e-02  1.99863156e+00  3.95432022e-02  9.56645916e-04 -3.35409248e-02 
 1.10917482e+02  5.99218747e-04 -2.16521441e-02  8.30515304e-04 -4.20220097e-02  1.99871942e+00  3.70976777e-02  8.98828121e-04 -3.24782161e-02 
 1.12201845e+02  5.62601821e-04 -2.09460029e-02  7.69742834e-04 -4.15638196e-02  1.99880083e+00  3.46555171e-02  8.43902731e-04 -3.14190043e-02 
 1.13501082e+02  5.27896682e-04 -2.02420858e-02  7.10271577e-04 -4.11110740e-02  1.99887581e+00  3.22163586e-02  7.91845023e-04 -3.03631287e-02 
 1.14815362e+02  4.95088012e-04 -1.95402854e-02  6.52069818e-04 -4.06637166e-02  1.99894440e+00  2.97798388e-02  7.42632018e-04 -2.93104282e-02 
 1.16144861e+02  4.64161648e-04 -1.88404937e-02  5.95106501e-04 -4.02216916e-02  1.99900663e+00  2.73455922e-02  6.96242472e-04 -2.82607406e-02 
 1.17489755e+02  4.35104590e-04 -1.81426022e-02  5.39351221e-04 -3.97849439e-02  1.99906251e+00  2.49132517e-02  6.52656885e-04 -2.72139033e-02 
 1.18850223e+02  4.07904997e-04 -1.74465019e-02  4.84774198e-04 -3.93534191e-02  1.99911206e+00  2.24824481e-02  6.11857496e-04 -2.61697528e-02 
 1.20226443e+02  3.82552196e-04 -1.67520831e-02  4.31346267e-04 -3.89270634e-02  1.99915530e+00  2.00528102e-02  5.73828293e-04 -2.51281247e-02 
 1.21618600e+02  3.59036677e-04 -1.60592357e-02  3.79038860e-04 -3.85058235e-02  1.99919224e+00  1.76239643e-02  5.38555016e-04 -2.40888536e-02 
 1.23026877e+02  3.37350108e-04 -1.53678489e-02  3.27823991e-04 -3.80896469e-02  1.99922287e+00  1.51955345e-02  5.06025162e-04 -2.30517734e-02 
 1.24451461e+02  3.17485333e-04 -1.46778111e-02  2.77674239e-04 -3.76784817e-02  1.99924721e+00  1.27671424e-02  4.76228000e-04 -2.20167166e-02 
 1.25892541e+02  2.99436383e-04 -1.39890099e-02  2.28562733e-04 -3.72722766e-02  1.99926525e+00  1.03384069e-02  4.49154574e-04 -2.09835148e-02 
 1.27350308e+02  2.83198483e-04 -1.33013323e-02  1.80463139e-04 -3.68709808e-02  1.99927697e+00  7.90894426e-03  4.24797724e-04 -1.99519984e-02 
 1.28824955e+02  2.68768064e-04 -1.26146644e-02  1.33349642e-04 -3.64745443e-02  1.99928238e+00  5.47836766e-03  4.03152095e-04 -1.89219965e-02 
 1.30316678e+02  2.56142770e-04 -1.19288913e-02  8.71969370e-05 -3.60829177e-02  1.99928146e+00  3.04628732e-03  3.84214155e-04 -1.78933369e-02 
 1.31825674e+02  2.45321476e-04 -1.12438973e-02  4.19802075e-05 -3.56960521e-02  1.99927418e+00  6.12310215e-04  3.67982214e-04 -1.68658460e-02 
 1.33352143e+02  2.36304297e-04 -1.05595657e-02 -2.32488263e-06 -3.53138992e-02  1.99926052e+00 -1.82396005e-03  3.54456445e-04 -1.58393486e-02 
 1.34896288e+02  2.29092605e-04 -9.87577875e-03 -4.57422058e-05 -3.49364114e-02  1.99924046e+00 -4.26292340e-03  3.43638907e-04 -1.48136681e-02 
 1.36458314e+02  2.23689046e-04 -9.19241748e-03 -8.82951834e-05 -3.45635418e-02  1.99921396e+00 -6.70498346e-03  3.35533569e-04 -1.37886262e-02 
 1.38038426e+02  2.20097560e-04 -8.50936188e-03 -1.30006800e-04 -3.41952439e-02  1.99918098e+00 -9.15054777e-03  3.30146340e-04 -1.27640428e-02 
 1.39636836e+02  2.18323397e-04 -7.82649070e-03 -1.70899615e-04 -3.38314718e-02  1.99914148e+00 -1.16000279e-02  3.27485095e-04 -1.17397361e-02 
 1.41253754e+02  2.18373143e-04 -7.14368139e-03 -2.10995778e-04 -3.34721803e-02  1.99909542e+00 -1.40538397e-02  3.27559714e-04 -1.07155221e-02 
 1.42889396e+02  2.20254740e-04 -6.46081006e-03 -2.50317041e-04 -3.31173249e-02  1.99904274e+00 -1.65124033e-02  3.30382110e-04 -9.69121508e-03 
 1.44543977e+02  2.23977516e-04 -5.77775137e-03 -2.88884770e-04 -3.27668615e-02  1.99898339e+00 -1.89761439e-02  3.35966274e-04 -8.66662706e-03 
 1.46217717e+02  2.29552207e-04 -5.09437854e-03 -3.26719958e-04 -3.24207467e-02  1.99891730e+00 -2.14454911e-02  3.44328311e-04 -7.64156781e-03 
 1.47910839e+02  2.36990991e-04 -4.41056318e-03 -3.63843240e-04 -3.20789376e-02  1.99884441e+00 -2.39208798e-02  3.55486487e-04 -6.61584478e-03 
 1.49623566e+02  2.46307517e-04 -3.72617530e-03 -4.00274902e-04 -3.17413919e-02  1.99876465e+00 -2.64027502e-02  3.69461276e-04 -5.58926295e-03 
 1.51356125e+02  2.57516939e-04 -3.04108315e-03 -4.36034896e-04 -3.14080681e-02  1.99867793e+00 -2.88915481e-02  3.86275409e-04 -4.56162472e-03 
 1.53108746e+02  2.70635954e-04 -2.35515320e-03 -4.71142851e-04 -3.10789250e-02  1.99858419e+00 -3.13877248e-02  4.05953931e-04 -3.53272980e-03 
 1.54881662e+02  2.85682838e-04 -1.66825002e-03 -5.05618085e-04 -3.07539221e-02  1.99848332e+00 -3.38917380e-02  4.28524256e-04 -2.50237503e-03 
 1.56675107e+02  3.02677489e-04 -9.80236208e-04 -5.39479619e-04 -3.04330196e-02  1.99837523e+00 -3.64040515e-02  4.54016234e-04 -1.47035431e-03 
 1.58489319e+02  3.21641472e-04 -2.90972281e-04 -5.72746185e-04 -3.01161781e-02  1.99825983e+00 -3.89251358e-02  4.82462208e-04 -4.36458422e-04 
 1.60324539e+02  3.42598064e-04  3.99683412e-04 -6.05436245e-04 -2.98033589e-02  1.99813700e+00 -4.14554680e-02  5.13897096e-04  5.99525118e-04 
 1.62181010e+02  3.65572303e-04  1.09187480e-03 -6.37567996e-04 -2.94945238e-02  1.99800664e+00 -4.39955327e-02  5.48358454e-04  1.63781220e-03 
 1.64058977e+02  3.90591044e-04  1.78574818e-03 -6.69159386e-04 -2.91896353e-02  1.99786863e+00 -4.65458218e-02  5.85886566e-04  2.67862228e-03 
 1.65958691e+02  4.17683014e-04  2.48145236e-03 -7.00228124e-04 -2.88886564e-02  1.99772283e+00 -4.91068350e-02  6.26524521e-04  3.72217854e-03 
 1.67880402e+02  4.46878872e-04  3.17913873e-03 -7.30791695e-04 -2.85915508e-02  1.99756912e+00 -5.16790801e-02  6.70318308e-04  4.76870810e-03 
 1.69824365e+02  4.78211272e-04  3.87896142e-03 -7.60867369e-04 -2.82982825e-02  1.99740735e+00 -5.42630734e-02  7.17316907e-04  5.81844213e-03 
 1.71790839e+02  5.11714932e-04  4.58107740e-03 -7.90472215e-04 -2.80088163e-02  1.99723738e+00 -5.68593401e-02  7.67572398e-04  6.87161611e-03 
 1.73780083e+02  5.47426707e-04  5.28564664e-03 -8.19623113e-04 -2.77231178e-02  1.99705906e+00 -5.94684146e-02  8.21140060e-04  7.92846995e-03 
 1.75792361e+02  5.85385661e-04  5.99283219e-03 -8.48336766e-04 -2.74411527e-02  1.99687221e+00 -6.20908408e-02  8.78078492e-04  8.98924829e-03 
 1.77827941e+02  6.25633155e-04  6.70280041e-03 -8.76629712e-04 -2.71628876e-02  1.99667667e+00 -6.47271727e-02  9.38449732e-04  1.00542006e-02 
 1.79887092e+02  6.68212926e-04  7.41572103e-03 -9.04518339e-04 -2.68882897e-02  1.99647226e+00 -6.73779748e-02  1.00231939e-03  1.11235815e-02 
 1.81970086e+02  7.13171183e-04  8.13176737e-03 -9.32018894e-04 -2.66173266e-02  1.99625879e+00 -7.00438226e-02  1.06975677e-03  1.21976511e-02 
 1.84077200e+02  7.60556702e-04  8.85111648e-03 -9.59147500e-04 -2.63499668e-02  1.99603606e+00 -7.27253027e-02  1.14083505e-03  1.32766747e-02 
 1.86208714e+02  8.10420932e-04  9.57394930e-03 -9.85920167e-04 -2.60861791e-02  1.99580386e+00 -7.54230138e-02  1.21563140e-03  1.43609239e-02 
 1.88364909e+02  8.62818101e-04  1.03004508e-02 -1.01235280e-03 -2.58259331e-02  1.99556198e+00 -7.81375669e-02  1.29422715e-03  1.54506763e-02 
 1.90546072e+02  9.17805333e-04  1.10308104e-02 -1.03846124e-03 -2.55691988e-02  1.99531018e+00 -8.08695860e-02  1.37670800e-03  1.65462156e-02 
 1.92752491e+02  9.75442773e-04  1.17652218e-02 -1.06426122e-03 -2.53159470e-02  1.99504824e+00 -8.36197085e-02  1.46316416e-03  1.76478326e-02 
 1.94984460e+02  1.03579372e-03  1.25038833e-02 -1.08976844e-03 -2.50661491e-02  1.99477589e+00 -8.63885860e-02  1.55369057e-03  1.87558250e-02 
 1.97242274e+02  1.09892475e-03  1.32469984e-02 -1.11499856e-03 -2.48197771e-02  1.99449287e+00 -8.91768845e-02  1.64838712e-03  1.98704975e-02 
 1.99526231e+02  1.16490590e-03  1.39947753e-02 -1.13996720e-03 -2.45768035e-02  1.99419892e+00 -9.19852857e-02  1.74735885e-03  2.09921630e-02 
 2.01836636e+02  1.23381078e-03  1.47474280e-02 -1.16468997e-03 -2.43372015e-02  1.99389374e+00 -9.48144871e-02  1.85071617e-03  2.21211420e-02 
 2.04173794e+02  1.30571679e-03  1.55051757e-02 -1.18918250e-03 -2.41009450e-02  1.99357703e+00 -9.76652029e-02  1.95857518e-03  2.32577636e-02 
 2.06538016e+02  1.38070524e-03  1.62682437e-02 -1.21346041e-03 -2.38680086e-02  1.99324848e+00 -1.00538165e-01  2.07105786e-03  2.44023656e-02 
 2.08929613e+02  1.45886159e-03  1.70368633e-02 -1.23753938e-03 -2.36383673e-02  1.99290777e+00 -1.03434123e-01  2.18829238e-03  2.55552950e-02 
 2.11348904e+02  1.54027563e-03  1.78112723e-02 -1.26143514e-03 -2.34119970e-02  1.99255453e+00 -1.06353847e-01  2.31041344e-03  2.67169084e-02 
 2.13796209e+02  1.62504169e-03  1.85917152e-02 -1.28516348e-03 -2.31888741e-02  1.99218843e+00 -1.09298124e-01  2.43756254e-03  2.78875728e-02 
 2.16271852e+02  1.71325890e-03  1.93784435e-02 -1.30874030e-03 -2.29689758e-02  1.99180906e+00 -1.12267766e-01  2.56988834e-03  2.90676652e-02 
 2.18776162e+02  1.80503136e-03  2.01717161e-02 -1.33218161e-03 -2.27522799e-02  1.99141605e+00 -1.15263603e-01  2.70754704e-03  3.02575741e-02 
 2.21309471e+02  1.90046850e-03  2.09717997e-02 -1.35550353e-03 -2.25387650e-02  1.99100898e+00 -1.18286490e-01  2.85070275e-03  3.14576995e-02 
 2.23872114e+02  1.99968528e-03  2.17789689e-02 -1.37872235e-03 -2.23284102e-02  1.99058741e+00 -1.21337305e-01  2.99952792e-03  3.26684534e-02 
 2.26464431e+02  2.10280251e-03  2.25935072e-02 -1.40185455e-03 -2.21211955e-02  1.99015089e+00 -1.24416951e-01  3.15420377e-03  3.38902608e-02 
 2.29086765e+02  2.20994718e-03  2.34157065e-02 -1.42491677e-03 -2.19171017e-02  1.98969894e+00 -1.27526358e-01  3.31492077e-03  3.51235597e-02 
 2.31739465e+02  2.32125277e-03  2.42458684e-02 -1.44792592e-03 -2.17161100e-02  1.98923107e+00 -1.30666481e-01  3.48187915e-03  3.63688025e-02 
 2.34422882e+02  2.43685963e-03  2.50843041e-02 -1.47089911e-03 -2.15182028e-02  1.98874675e+00 -1.33838305e-01  3.65528944e-03  3.76264561e-02 
 2.37137371e+02  2.55691536e-03  2.59313352e-02 -1.49385377e-03 -2.13233630e-02  1.98824544e+00 -1.37042846e-01  3.83537303e-03  3.88970027e-02 
 2.39883292e+02  2.68157522e-03  2.67872940e-02 -1.51680762e-03 -2.11315742e-02  1.98772655e+00 -1.40281151e-01  4.02236283e-03  4.01809410e-02 
 2.42661010e+02  2.81100257e-03  2.76525242e-02 -1.53977869e-03 -2.09428212e-02  1.98718949e+00 -1.43554297e-01  4.21650386e-03  4.14787864e-02 
 2.45470892e+02  2.94536936e-03  2.85273815e-02 -1.56278543e-03 -2.07570892e-02  1.98663363e+00 -1.46863399e-01  4.41805404e-03  4.27910722e-02 
 2.48313311e+02  3.08485659e-03  2.94122338e-02 -1.58584664e-03 -2.05743645e-02  1.98605829e+00 -1.50209607e-01  4.62728489e-03  4.41183507e-02 
 2.51188643e+02  3.22965491e-03  3.03074625e-02 -1.60898158e-03 -2.03946342e-02  1.98546279e+00 -1.53594108e-01  4.84448237e-03  4.54611937e-02 
 2.54097271e+02  3.37996516e-03  3.12134624e-02 -1.63220999e-03 -2.02178863e-02  1.98484639e+00 -1.57018130e-01  5.06994775e-03  4.68201936e-02 
 2.57039578e+02  3.53599903e-03  3.21306433e-02 -1.65555211e-03 -2.00441098e-02  1.98420832e+00 -1.60482942e-01  5.30399854e-03  4.81959649e-02 
 2.60015956e+02  3.69797969e-03  3.30594299e-02 -1.67902875e-03 -1.98732945e-02  1.98354776e+00 -1.63989857e-01  5.54696953e-03  4.95891448e-02 
 2.63026799e+02  3.86614255e-03  3.40002631e-02 -1.70266133e-03 -1.97054313e-02  1.98286388e+00 -1.67540235e-01  5.79921382e-03  5.10003946e-02 
 2.66072506e+02  4.04073602e-03  3.49536008e-02 -1.72647189e-03 -1.95405119e-02  1.98215576e+00 -1.71135483e-01  6.06110403e-03  5.24304012e-02 
 2.69153480e+02  4.22202235e-03  3.59199187e-02 -1.75048320e-03 -1.93785293e-02  1.98142248e+00 -1.74777060e-01  6.33303353e-03  5.38798781e-02 
 2.72270131e+02  4.41027855e-03  3.68997112e-02 -1.77471880e-03 -1.92194775e-02  1.98066303e+00 -1.78466477e-01  6.61541783e-03  5.53495668e-02 
 2.75422870e+02  4.60579733e-03  3.78934926e-02 -1.79920301e-03 -1.90633514e-02  1.97987636e+00 -1.82205303e-01  6.90869599e-03  5.68402389e-02 
 2.78612117e+02  4.80888816e-03  3.89017979e-02 -1.82396108e-03 -1.89101473e-02  1.97906138e+00 -1.85995165e-01  7.21333223e-03  5.83526969e-02 
 2.81838293e+02  5.01987842e-03  3.99251843e-02 -1.84901917e-03 -1.87598625e-02  1.97821691e+00 -1.89837754e-01  7.52981763e-03  5.98877765e-02 
 2.85101827e+02  5.23911463e-03  4.09642322e-02 -1.87440449e-03 -1.86124956e-02  1.97734173e+00 -1.93734824e-01  7.85867194e-03  6.14463483e-02 
 2.88403150e+02  5.46696374e-03  4.20195463e-02 -1.90014534e-03 -1.84680466e-02  1.97643453e+00 -1.97688201e-01  8.20044562e-03  6.30293194e-02 
 2.91742701e+02  5.70381462e-03  4.30917574e-02 -1.92627121e-03 -1.83265165e-02  1.97549395e+00 -2.01699782e-01  8.55572193e-03  6.46376360e-02 
 2.95120923e+02  5.95007955e-03  4.41815235e-02 -1.95281287e-03 -1.81879081e-02  1.97451852e+00 -2.05771542e-01  8.92511933e-03  6.62722852e-02 
 2.98538262e+02  6.20619598e-03  4.52895316e-02 -1.97980246e-03 -1.80522252e-02  1.97350672e+00 -2.09905537e-01  9.30929396e-03  6.79342975e-02 
 3.01995172e+02  6.47262830e-03  4.64164993e-02 -2.00727362e-03 -1.79194733e-02  1.97245691e+00 -2.14103907e-01  9.70894245e-03  6.96247490e-02 
 3.05492111e+02  6.74986988e-03  4.75631764e-02 -2.03526158e-03 -1.77896595e-02  1.97136737e+00 -2.18368885e-01  1.01248048e-02  7.13447646e-02 
 3.09029543e+02  7.03844523e-03  4.87303469e-02 -2.06380328e-03 -1.76627925e-02  1.97023627e+00 -2.22702797e-01  1.05576678e-02  7.30955203e-02 
 3.12607937e+02  7.33891231e-03  4.99188311e-02 -2.09293753e-03 -1.75388825e-02  1.96906167e+00 -2.27108072e-01  1.10083685e-02  7.48782466e-02 
 3.16227766e+02  7.65186518e-03  5.11294875e-02 -2.12270516e-03 -1.74179416e-02  1.96784151e+00 -2.31587243e-01  1.14777978e-02  7.66942312e-02 
 3.19889511e+02  7.97793675e-03  5.23632154e-02 -2.15314912e-03 -1.72999839e-02  1.96657360e+00 -2.36142958e-01  1.19669051e-02  7.85448231e-02 
 3.23593657e+02  8.31780186e-03  5.36209572e-02 -2.18431473e-03 -1.71850250e-02  1.96525560e+00 -2.40777983e-01  1.24767028e-02  8.04314358e-02 
 3.27340695e+02  8.67218064e-03  5.49037009e-02 -2.21624982e-03 -1.70730830e-02  1.96388505e+00 -2.45495210e-01  1.30082710e-02  8.23555513e-02 
 3.31131121e+02  9.04184216e-03  5.62124829e-02 -2.24900495e-03 -1.69641778e-02  1.96245930e+00 -2.50297664e-01  1.35627632e-02  8.43187244e-02 
 3.34965439e+02  9.42760847e-03  5.75483913e-02 -2.28263364e-03 -1.68583316e-02  1.96097552e+00 -2.55188514e-01  1.41414127e-02  8.63225869e-02 
 3.38844156e+02  9.83035899e-03  5.89125685e-02 -2.31719258e-03 -1.67555690e-02  1.95943073e+00 -2.60171074e-01  1.47455385e-02  8.83688528e-02 
 3.42767787e+02  1.02510354e-02  6.03062155e-02 -2.35274194e-03 -1.66559168e-02  1.95782171e+00 -2.65248822e-01  1.53765531e-02  9.04593232e-02 
 3.46736850e+02  1.06906468e-02  6.17305944e-02 -2.38934565e-03 -1.65594047e-02  1.95614502e+00 -2.70425399e-01  1.60359703e-02  9.25958916e-02 
 3.50751874e+02  1.11502760e-02  6.31870333e-02 -2.42707169e-03 -1.64660648e-02  1.95439700e+00 -2.75704627e-01  1.67254139e-02  9.47805500e-02 
 3.54813389e+02  1.16310852e-02  6.46769300e-02 -2.46599250e-03 -1.63759321e-02  1.95257371e+00 -2.81090517e-01  1.74466278e-02  9.70153951e-02 
 3.58921935e+02  1.21343241e-02  6.62017566e-02 -2.50618530e-03 -1.62890447e-02  1.95067095e+00 -2.86587280e-01  1.82014861e-02  9.93026349e-02 
 3.63078055e+02  1.26613370e-02  6.77630641e-02 -2.54773256e-03 -1.62054436e-02  1.94868418e+00 -2.92199338e-01  1.89920055e-02  1.01644596e-01 
 3.67282300e+02  1.32135719e-02  6.93624879e-02 -2.59072248e-03 -1.61251732e-02  1.94660854e+00 -2.97931342e-01  1.98203578e-02  1.04043732e-01 
 3.71535229e+02  1.37925900e-02  7.10017526e-02 -2.63524945e-03 -1.60482814e-02  1.94443882e+00 -3.03788178e-01  2.06888850e-02  1.06502629e-01 
 3.75837404e+02  1.44000767e-02  7.26826788e-02 -2.68141468e-03 -1.59748196e-02  1.94216937e+00 -3.09774989e-01  2.16001151e-02  1.09024018e-01 
 3.80189396e+02  1.50378533e-02  7.44071886e-02 -2.72932680e-03 -1.59048429e-02  1.93979413e+00 -3.15897187e-01  2.25567799e-02  1.11610783e-01 
 3.84591782e+02  1.57078901e-02  7.61773122e-02 -2.77910259e-03 -1.58384108e-02  1.93730656e+00 -3.22160469e-01  2.35618352e-02  1.14265968e-01 
 3.89045145e+02  1.64123218e-02  7.79951959e-02 -2.83086773e-03 -1.57755865e-02  1.93469958e+00 -3.28570835e-01  2.46184827e-02  1.16992794e-01 
 3.93550075e+02  1.71534633e-02  7.98631086e-02 -2.88475768e-03 -1.57164378e-02  1.93196554e+00 -3.35134606e-01  2.57301949e-02  1.19794663e-01 
 3.98107171e+02  1.79338287e-02  8.17834505e-02 -2.94091865e-03 -1.56610373e-02  1.92909615e+00 -3.41858445e-01  2.69007431e-02  1.22675176e-01 
 4.02717034e+02  1.87561519e-02  8.37587616e-02 -2.99950867e-03 -1.56094620e-02  1.92608241e+00 -3.48749374e-01  2.81342278e-02  1.25638142e-01 
 4.07380278e+02  1.96234094e-02  8.57917305e-02 -3.06069879e-03 -1.55617943e-02  1.92291457e+00 -3.55814795e-01  2.94351141e-02  1.28687596e-01 
 4.12097519e+02  2.05388472e-02  8.78852042e-02 -3.12467443e-03 -1.55181215e-02  1.91958201e+00 -3.63062514e-01  3.08082707e-02  1.31827806e-01 
 4.16869383e+02  2.15060092e-02  9.00421979e-02 -3.19163688e-03 -1.54785365e-02  1.91607316e+00 -3.70500760e-01  3.22590138e-02  1.35063297e-01 
 4.21696503e+02  2.25287711e-02  9.22659058e-02 -3.26180499e-03 -1.54431379e-02  1.91237541e+00 -3.78138211e-01  3.37931567e-02  1.38398859e-01 
 4.26579519e+02  2.36113774e-02  9.45597116e-02 -3.33541706e-03 -1.54120297e-02  1.90847498e+00 -3.85984011e-01  3.54170661e-02  1.41839567e-01 
 4.31519077e+02  2.47584837e-02  9.69272002e-02 -3.41273302e-03 -1.53853222e-02  1.90435680e+00 -3.94047798e-01  3.71377256e-02  1.45390800e-01 
 4.36515832e+02  2.59752050e-02  9.93721685e-02 -3.49403678e-03 -1.53631315e-02  1.90000436e+00 -4.02339720e-01  3.89628075e-02  1.49058253e-01 
 4.41570447e+02  2.72671698e-02  1.01898638e-01 -3.57963901e-03 -1.53455796e-02  1.89539954e+00 -4.10870457e-01  4.09007547e-02  1.52847957e-01 
 4.46683592e+02  2.86405823e-02  1.04510864e-01 -3.66988018e-03 -1.53327947e-02  1.89052243e+00 -4.19651237e-01  4.29608735e-02  1.56766296e-01 
 4.51855944e+02  3.01022932e-02  1.07213349e-01 -3.76513409e-03 -1.53249106e-02  1.88535107e+00 -4.28693851e-01  4.51534398e-02  1.60820024e-01 
 4.57088190e+02  3.16598802e-02  1.10010853e-01 -3.86581182e-03 -1.53220666e-02  1.87986129e+00 -4.38010655e-01  4.74898203e-02  1.65016279e-01 
 4.62381021e+02  3.33217405e-02  1.12908396e-01 -3.97236626e-03 -1.53244072e-02  1.87402635e+00 -4.47614576e-01  4.99826108e-02  1.69362594e-01 
 4.67735141e+02  3.50971970e-02  1.15911273e-01 -4.08529722e-03 -1.53320811e-02  1.86781666e+00 -4.57519098e-01  5.26457955e-02  1.73866910e-01 
 4.73151259e+02  3.69966195e-02  1.19025051e-01 -4.20515735e-03 -1.53452401e-02  1.86119939e+00 -4.67738236e-01  5.54949293e-02  1.78537576e-01 
 4.78630092e+02  3.90315653e-02  1.22255569e-01 -4.33255879e-03 -1.53640381e-02  1.85413808e+00 -4.78286495e-01  5.85473480e-02  1.83383353e-01 
 4.84172368e+02  4.12149403e-02  1.25608931e-01 -4.46818087e-03 -1.53886288e-02  1.84659212e+00 -4.89178802e-01  6.18224105e-02  1.88413396e-01 
 4.89778819e+02  4.35611857e-02  1.29091489e-01 -4.61277892e-03 -1.54191634e-02  1.83851624e+00 -5.00430402e-01  6.53417785e-02  1.93637234e-01 
 4.95450191e+02  4.60864934e-02  1.32709816e-01 -4.76719429e-03 -1.54557870e-02  1.82985981e+00 -5.12056716e-01  6.91297400e-02  1.99064724e-01 
 5.01187234e+02  4.88090563e-02  1.36470662e-01 -4.93236599e-03 -1.54986341e-02  1.82056616e+00 -5.24073144e-01  7.32135844e-02  2.04705992e-01 
 5.06990708e+02  5.17493579e-02  1.40380889e-01 -5.10934393e-03 -1.55478229e-02  1.81057167e+00 -5.36494787e-01  7.76240368e-02  2.10571333e-01 
 5.12861384e+02  5.49305087e-02  1.44447383e-01 -5.29930422e-03 -1.56034478e-02  1.79980483e+00 -5.49336081e-01  8.23957631e-02  2.16671074e-01 
 5.18800039e+02  5.83786374e-02  1.48676922e-01 -5.50356665e-03 -1.56655691e-02  1.78818508e+00 -5.62610305e-01  8.75679562e-02  2.23015383e-01 
 5.24807460e+02  6.21233450e-02  1.53076005e-01 -5.72361485e-03 -1.57342007e-02  1.77562150e+00 -5.76328921e-01  9.31850175e-02  2.29614007e-01 
 5.30884444e+02  6.61982325e-02  1.57650606e-01 -5.96111929e-03 -1.58092933e-02  1.76201128e+00 -5.90500713e-01  9.92973487e-02  2.36475909e-01 
 5.37031796e+02  7.06415136e-02  1.62405857e-01 -6.21796352e-03 -1.58907127e-02  1.74723797e+00 -6.05130634e-01  1.05962270e-01  2.43608785e-01 
 5.43250331e+02  7.54967234e-02  1.67345605e-01 -6.49627404e-03 -1.59782128e-02  1.73116948e+00 -6.20218303e-01  1.13245085e-01  2.51018408e-01 
 5.49540874e+02  8.08135370e-02  1.72471836e-01 -6.79845393e-03 -1.60713992e-02  1.71365577e+00 -6.35756022e-01  1.21220306e-01  2.58707754e-01 
 5.55904257e+02  8.66487076e-02  1.77783892e-01 -7.12722044e-03 -1.61696831e-02  1.69452625e+00 -6.51726178e-01  1.29973061e-01  2.66675838e-01 
 5.62341325e+02  9.30671352e-02  1.83277440e-01 -7.48564633e-03 -1.62722215e-02  1.67358686e+00 -6.68097834e-01  1.39600703e-01  2.74916160e-01 
 5.68852931e+02  1.00143067e-01  1.88943096e-01 -7.87720426e-03 -1.63778397e-02  1.65061685e+00 -6.84822260e-01  1.50214601e-01  2.83414644e-01 
 5.75439937e+02  1.07961425e-01  1.94764605e-01 -8.30581297e-03 -1.64849314e-02  1.62536526e+00 -7.01827090e-01  1.61942137e-01  2.92146907e-01 
 5.82103218e+02  1.16619225e-01  2.00716430e-01 -8.77588240e-03 -1.65913292e-02  1.59754738e+00 -7.19008679e-01  1.74928838e-01  3.01074645e-01 
 5.88843655e+02  1.26227042e-01  2.06760576e-01 -9.29235332e-03 -1.66941384e-02  1.56684118e+00 -7.36222140e-01  1.89340563e-01  3.10140864e-01 
 5.95662144e+02  1.36910385e-01  2.12842409e-01 -9.86072348e-03 -1.67895233e-02  1.53288436e+00 -7.53268391e-01  2.05365578e-01  3.19263613e-01 
 6.02559586e+02  1.48810809e-01  2.18885190e-01 -1.04870482e-02 -1.68724344e-02  1.49527256e+00 -7.69877415e-01  2.23216213e-01  3.28327785e-01 
 6.09536897e+02  1.62086394e-01  2.24782980e-01 -1.11778958e-02 -1.69362632e-02  1.45355983e+00 -7.85686776e-01  2.43129591e-01  3.37174470e-01 
 6.16595002e+02  1.76911092e-01  2.30391518e-01 -1.19402284e-02 -1.69724113e-02  1.40726322e+00 -8.00214392e-01  2.65366638e-01  3.45587276e-01 
 6.23734835e+02  1.93472057e-01  2.35516695e-01 -1.27811639e-02 -1.69697630e-02  1.35587396e+00 -8.12824614e-01  2.90208086e-01  3.53275043e-01 
 6.30957344e+02  2.11963716e-01  2.39900332e-01 -1.37075547e-02 -1.69140599e-02  1.29887928e+00 -8.22687105e-01  3.17945574e-01  3.59850498e-01 
 6.38263486e+02  2.32576695e-01  2.43203249e-01 -1.47252949e-02 -1.67871951e-02  1.23580041e+00 -8.28729042e-01  3.48865042e-01  3.64804874e-01 
 6.45654229e+02  2.55479021e-01  2.44986318e-01 -1.58382369e-02 -1.65664843e-02  1.16625444e+00 -8.29583363e-01  3.83218532e-01  3.67479478e-01 
 6.53130553e+02  2.80786250e-01  2.44691407e-01 -1.70465757e-02 -1.62240384e-02  1.09004938e+00 -8.23539813e-01  4.21179376e-01  3.67037111e-01 
 6.60693448e+02  3.08516687e-01  2.41626362e-01 -1.83445575e-02 -1.57264719e-02  1.00732306e+00 -8.08512273e-01  4.62775030e-01  3.62439544e-01 
 6.68343918e+02  3.38528351e-01  2.34961549e-01 -1.97174230e-02 -1.50353414e-02  9.18733587e-01 -7.82045934e-01  5.07792527e-01  3.52442324e-01 
 6.76082975e+02  3.70437022e-01  2.23750029e-01 -2.11376699e-02 -1.41088985e-02  8.25700191e-01 -7.41400827e-01  5.55655534e-01  3.35625044e-01 
 6.83911647e+02  4.03521315e-01  2.06988066e-01 -2.25610798e-02 -1.29059016e-02  7.30671738e-01 -6.83760226e-01  6.05281972e-01  3.10482099e-01 
 6.91830971e+02  4.36633023e-01  1.83734317e-01 -2.39235598e-02 -1.13921924e-02  6.37363092e-01 -6.06614052e-01  6.54949535e-01  2.75601476e-01 
 6.99841996e+02  4.68148341e-01  1.53299044e-01 -2.51406164e-02 -9.55023787e-03  5.50849026e-01 -5.08341405e-01  7.02222511e-01  2.29948565e-01 
 7.07945784e+02  4.96011788e-01  1.15491891e-01 -2.61118366e-02 -7.39059478e-03  4.77363032e-01 -3.88943364e-01  7.44017682e-01  1.73237836e-01 
 7.16143410e+02  5.17924789e-01  7.08760727e-02 -2.67323688e-02 -4.96229388e-03  4.23659408e-01 -2.50754699e-01  7.76887183e-01  1.06314109e-01 
 7.24435960e+02  5.31695476e-01  2.09315473e-02 -2.69112646e-02 -2.35731451e-03  3.95915919e-01 -9.88369694e-02  7.97543213e-01  3.13973210e-02 
 7.32824533e+02  5.35690153e-01 -3.19853071e-02 -2.65927466e-02  2.95675840e-04  3.98387555e-01  5.92686316e-02  8.03535230e-01 -4.79779606e-02 
 7.41310241e+02  5.29242185e-01 -8.49451279e-02 -2.57729127e-02  2.84979394e-03  4.32261669e-01  2.14567705e-01  7.93863278e-01 -1.27417692e-01 
 7.49894209e+02  5.12847237e-01 -1.34953801e-01 -2.45042302e-02  5.16618892e-03  4.95212640e-01  3.58195296e-01  7.69270855e-01 -2.02430702e-01 
 7.58577575e+02  4.88050194e-01 -1.79493179e-01 -2.28849304e-02  7.13889370e-03  5.81892692e-01  4.83010226e-01  7.32075291e-01 -2.69239768e-01 
 7.67361489e+02  4.57072533e-01 -2.16900072e-01 -2.10375040e-02  8.70943245e-03  6.85158047e-01  5.84630777e-01  6.85608800e-01 -3.25350109e-01 
 7.76247117e+02  4.22339837e-01 -2.46479194e-01 -1.90849561e-02  9.86770980e-03  7.97521128e-01  6.61642515e-01  6.33509756e-01 -3.69718791e-01 
 7.85235635e+02  3.86077793e-01 -2.68376082e-01 -1.71326465e-02  1.06420444e-02  9.12329906e-01  7.15103526e-01  5.79116689e-01 -4.02564122e-01 
 7.94328235e+02  3.50069885e-01 -2.83318732e-01 -1.52591432e-02  1.10844545e-02  1.02442443e+00  7.47699964e-01  5.25104827e-01 -4.24978099e-01 
 8.03526122e+02  3.15580512e-01 -2.92341982e-01 -1.35151763e-02  1.12567012e-02  1.13029116e+00  7.62895847e-01  4.73370768e-01 -4.38512973e-01 
 8.12830516e+02  2.83394133e-01 -2.96566057e-01 -1.19276376e-02  1.12200419e-02  1.22788348e+00  7.64278106e-01  4.25091200e-01 -4.44849086e-01 
 8.22242650e+02  2.53911118e-01 -2.97052397e-01 -1.05055597e-02  1.10292339e-02  1.31629330e+00  7.55149791e-01  3.80866678e-01 -4.45578595e-01 
 8.31763771e+02  2.27255645e-01 -2.94728684e-01 -9.24600930e-03  1.07299716e-02  1.39540567e+00  7.38334738e-01  3.40883467e-01 -4.42093026e-01 
 8.41395142e+02  2.03371097e-01 -2.90363085e-01 -8.13891046e-03  1.03585661e-02  1.46560481e+00  7.16126707e-01  3.05056646e-01 -4.35544627e-01 
 8.51138038e+02  1.82093957e-01 -2.84567826e-01 -7.17055380e-03  9.94282416e-03  1.52755288e+00  6.90320759e-01  2.73140935e-01 -4.26851739e-01 
 8.60993752e+02  1.63206103e-01 -2.77817220e-01 -6.32593263e-03  9.50341439e-03  1.58203774e+00  6.62282032e-01  2.44809154e-01 -4.16725829e-01 
 8.70963590e+02  1.46469257e-01 -2.70470683e-01 -5.59017447e-03  9.05530115e-03  1.62987583e+00  6.33024565e-01  2.19703885e-01 -4.05706025e-01 
 8.81048873e+02  1.31646161e-01 -2.62795561e-01 -4.94933808e-03  8.60904231e-03  1.67185483e+00  6.03285826e-01  1.97469242e-01 -3.94193341e-01 
 8.91250938e+02  1.18512578e-01 -2.54987345e-01 -4.39079522e-03  8.17187409e-03  1.70870324e+00  5.73590867e-01  1.77768866e-01 -3.82481017e-01 
 9.01571138e+02  1.06863276e-01 -2.47186505e-01 -3.90335662e-03  7.74857561e-03  1.74107704e+00  5.44304591e-01  1.60294914e-01 -3.70779757e-01 
 9.12010839e+02  9.65142797e-02 -2.39491957e-01 -3.47725062e-03  7.34213649e-03  1.76955671e+00  5.15672882e-01  1.44771420e-01 -3.59237935e-01 
 9.22571427e+02  8.73029022e-02 -2.31971576e-01 -3.10402417e-03  6.95426142e-03  1.79465006e+00  4.87854226e-01  1.30954353e-01 -3.47957364e-01 
 9.33254301e+02  7.90865722e-02 -2.24670263e-01 -2.77640920e-03  6.58574582e-03  1.81679800e+00  4.60943635e-01  1.18629858e-01 -3.37005395e-01 
 9.44060876e+02  7.17410679e-02 -2.17616058e-01 -2.48817929e-03  6.23675208e-03  1.83638155e+00  4.34990539e-01  1.07611602e-01 -3.26424087e-01 
 9.54992586e+02  6.51585383e-02 -2.10824733e-01 -2.23401081e-03  5.90701110e-03  1.85372907e+00  4.10012052e-01  9.77378074e-02 -3.16237100e-01 
 9.66050879e+02  5.92455260e-02 -2.04303231e-01 -2.00935510e-03  5.59596795e-03  1.86912320e+00  3.86002745e-01  8.88682890e-02 -3.06454846e-01 
 9.77237221e+02  5.39211067e-02 -1.98052210e-01 -1.81032484e-03  5.30288645e-03  1.88280711e+00  3.62941796e-01  8.08816601e-02 -2.97078315e-01 
 9.88553095e+02  4.91152008e-02 -1.92067939e-01 -1.63359494e-03  5.02692361e-03  1.89499014e+00  3.40798203e-01  7.36728012e-02 -2.88101909e-01 
 1.00000000e+03  4.47670748e-02 -1.86343686e-01 -1.47631731e-03  4.76718198e-03  1.90585267e+00  3.19534547e-01  6.71506122e-02 -2.79515529e-01 
 1.01157945e+03  4.08240308e-02 -1.80870739e-01 -1.33604827e-03  4.52274619e-03  1.91555038e+00  2.99109707e-01  6.12360462e-02 -2.71306109e-01 
 1.02329299e+03  3.72402726e-02 -1.75639158e-01 -1.21068693e-03  4.29270781e-03  1.92421784e+00  2.79480781e-01  5.58604089e-02 -2.63458736e-01 
 1.03514217e+03  3.39759299e-02 -1.70638307e-01 -1.09842326e-03  4.07618201e-03  1.93197158e+00  2.60604443e-01  5.09638949e-02 -2.55957461e-01 
 1.04712855e+03  3.09962231e-02 -1.65857254e-01 -9.97694249e-04  3.87231816e-03  1.93891277e+00  2.42437881e-01  4.64943347e-02 -2.48785881e-01 
 1.05925373e+03  2.82707495e-02 -1.61285038e-01 -9.07147088e-04  3.68030630e-03  1.94512938e+00  2.24939431e-01  4.24061242e-02 -2.41927557e-01 
 1.07151931e+03  2.57728747e-02 -1.56910867e-01 -8.25608079e-04  3.49938057e-03  1.95069809e+00  2.08068983e-01  3.86593121e-02 -2.35366301e-01 
 1.08392691e+03  2.34792140e-02 -1.52724249e-01 -7.52056502e-04  3.32882051e-03  1.95568589e+00  1.91788237e-01  3.52188210e-02 -2.29086373e-01 
 1.09647820e+03  2.13691895e-02 -1.48715077e-01 -6.85602558e-04  3.16795102e-03  1.96015142e+00  1.76060840e-01  3.20537842e-02 -2.23072615e-01 
 1.10917482e+03  1.94246527e-02 -1.44873685e-01 -6.25468750e-04  3.01614128e-03  1.96414614e+00  1.60852437e-01  2.91369790e-02 -2.17310527e-01 
 1.12201845e+03  1.76295619e-02 -1.41190875e-01 -5.70974126e-04  2.87280311e-03  1.96771530e+00  1.46130676e-01  2.64443428e-02 -2.11786313e-01 
 1.13501082e+03  1.59697064e-02 -1.37657932e-01 -5.21520927e-04  2.73738886e-03  1.97089877e+00  1.31865164e-01  2.39545597e-02 -2.06486898e-01 
 1.14815362e+03  1.44324702e-02 -1.34266621e-01 -4.76583252e-04  2.60938920e-03  1.97373173e+00  1.18027403e-01  2.16487053e-02 -2.01399931e-01 
 1.16144861e+03  1.30066285e-02 -1.31009180e-01 -4.35697408e-04  2.48833070e-03  1.97624533e+00  1.04590705e-01  1.95099428e-02 -1.96513770e-01 
 1.17489755e+03  1.16821742e-02 -1.27878305e-01 -3.98453680e-04  2.37377356e-03  1.97846716e+00  9.15301049e-02  1.75232613e-02 -1.91817458e-01 
 1.18850223e+03  1.04501667e-02 -1.24867134e-01 -3.64489297e-04  2.26530919e-03  1.98042173e+00  7.88222594e-02  1.56752501e-02 -1.87300701e-01 
 1.20226443e+03  9.30260279e-03 -1.21969222e-01 -3.33482409e-04  2.16255804e-03  1.98213082e+00  6.64453512e-02  1.39539042e-02 -1.82953834e-01 
 1.21618600e+03  8.23230400e-03 -1.19178523e-01 -3.05146911e-04  2.06516749e-03  1.98361385e+00  5.43789919e-02  1.23484560e-02 -1.78767785e-01 
 1.23026877e+03  7.23281958e-03 -1.16489366e-01 -2.79227987e-04  1.97280978e-03  1.98488815e+00  4.26041275e-02  1.08492294e-02 -1.74734050e-01 
 1.24451461e+03  6.29834185e-03 -1.13896433e-01 -2.55498277e-04  1.88518021e-03  1.98596917e+00  3.11029486e-02  9.44751278e-03 -1.70844650e-01 
 1.25892541e+03  5.42363271e-03 -1.11394738e-01 -2.33754554e-04  1.80199536e-03  1.98687079e+00  1.98588046e-02  8.13544906e-03 -1.67092107e-01 
 1.27350308e+03  4.60395945e-03 -1.08979603e-01 -2.13814847e-04  1.72299144e-03  1.98760539e+00  8.85612276e-03  6.90593917e-03 -1.63469405e-01 
 1.28824955e+03  3.83503872e-03 -1.06646643e-01 -1.95515950e-04  1.64792283e-03  1.98818412e+00 -1.91966784e-03  5.75255808e-03 -1.59969965e-01 
 1.30316678e+03  3.11298744e-03 -1.04391743e-01 -1.78711244e-04  1.57656070e-03  1.98861694e+00 -1.24822072e-02  4.66948116e-03 -1.56587614e-01 
 1.31825674e+03  2.43427971e-03 -1.02211040e-01 -1.63268813e-04  1.50869166e-03  1.98891285e+00 -2.28442704e-02  3.65141957e-03 -1.53316560e-01 
 1.33352143e+03  1.79570895e-03 -1.00100908e-01 -1.49069783e-04  1.44411666e-03  1.98907990e+00 -3.30178294e-02  2.69356343e-03 -1.50151362e-01 
 1.34896288e+03  1.19435455e-03 -9.80579403e-02 -1.36006877e-04  1.38264989e-03  1.98912537e+00 -4.30141095e-02  1.79153182e-03 -1.47086910e-01 
 1.36458314e+03  6.27552415e-04 -9.60789362e-02 -1.23983151e-04  1.32411774e-03  1.98905579e+00 -5.28436425e-02  9.41328623e-04 -1.44118404e-01 
 1.38038426e+03  9.28690053e-05 -9.41608854e-02 -1.12910873e-04  1.26835793e-03  1.98887705e+00 -6.25163155e-02  1.39303508e-04 -1.41241328e-01 
 1.39636836e+03 -4.11921766e-04 -9.23009560e-02 -1.02710545e-04  1.21521865e-03  1.98859445e+00 -7.20414154e-02 -6.17882649e-04 -1.38451434e-01 
 1.41253754e+03 -8.88858947e-04 -9.04964826e-02 -9.33100388e-05  1.16455780e-03  1.98821278e+00 -8.14276716e-02 -1.33328842e-03 -1.35744724e-01 
 1.42889396e+03 -1.33981272e-03 -8.87449543e-02 -8.46438292e-05  1.11624226e-03  1.98773634e+00 -9.06832932e-02 -2.00971908e-03 -1.33117432e-01 
 1.44543977e+03 -1.76650058e-03 -8.70440053e-02 -7.66523204e-05  1.07014725e-03  1.98716899e+00 -9.98160054e-02 -2.64975088e-03 -1.30566008e-01 
 1.46217717e+03 -2.17050176e-03 -8.53914045e-02 -6.92812455e-05  1.02615573e-03  1.98651423e+00 -1.08833082e-01 -3.25575264e-03 -1.28087107e-01 
 1.47910839e+03 -2.55327008e-03 -8.37850468e-02 -6.24811353e-05  9.84157843e-04  1.98577519e+00 -1.17741375e-01 -3.82990512e-03 -1.25677570e-01 
 1.49623566e+03 -2.91614552e-03 -8.22229448e-02 -5.62068448e-05  9.44050403e-04  1.98495469e+00 -1.26547343e-01 -4.37421827e-03 -1.23334417e-01 
 1.51356125e+03 -3.26036450e-03 -8.07032212e-02 -5.04171324e-05  9.05736439e-04  1.98405524e+00 -1.35257079e-01 -4.89054675e-03 -1.21054832e-01 
 1.53108746e+03 -3.58706916e-03 -7.92241014e-02 -4.50742841e-05  8.69124752e-04  1.98307910e+00 -1.43876328e-01 -5.38060375e-03 -1.18836152e-01 
 1.54881662e+03 -3.89731570e-03 -7.77839070e-02 -4.01437783e-05  8.34129525e-04  1.98202828e+00 -1.52410516e-01 -5.84597355e-03 -1.16675861e-01 
 1.56675107e+03 -4.19208180e-03 -7.63810498e-02 -3.55939854e-05  8.00669950e-04  1.98090459e+00 -1.60864766e-01 -6.28812271e-03 -1.14571575e-01 
 1.58489319e+03 -4.47227347e-03 -7.50140256e-02 -3.13958991e-05  7.68669896e-04  1.97970960e+00 -1.69243920e-01 -6.70841021e-03 -1.12521038e-01 
 1.60324539e+03 -4.73873104e-03 -7.36814096e-02 -2.75228958e-05  7.38057593e-04  1.97844472e+00 -1.77552550e-01 -7.10809656e-03 -1.10522114e-01 
 1.62181010e+03 -4.99223473e-03 -7.23818507e-02 -2.39505173e-05  7.08765343e-04  1.97711119e+00 -1.85794983e-01 -7.48835210e-03 -1.08572776e-01 
 1.64058977e+03 -5.23350960e-03 -7.11140676e-02 -2.06562768e-05  6.80729252e-04  1.97571008e+00 -1.93975306e-01 -7.85026439e-03 -1.06671101e-01 
 1.65958691e+03 -5.46323004e-03 -6.98768439e-02 -1.76194833e-05  6.53888987e-04  1.97424231e+00 -2.02097389e-01 -8.19484506e-03 -1.04815266e-01 
 1.67880402e+03 -5.68202390e-03 -6.86690248e-02 -1.48210836e-05  6.28187541e-04  1.97270869e+00 -2.10164891e-01 -8.52303585e-03 -1.03003537e-01 
 1.69824365e+03 -5.89047619e-03 -6.74895129e-02 -1.22435197e-05  6.03571028e-04  1.97110989e+00 -2.18181275e-01 -8.83571428e-03 -1.01234269e-01 
 1.71790839e+03 -6.08913242e-03 -6.63372648e-02 -9.87059971e-06  5.79988479e-04  1.96944646e+00 -2.26149816e-01 -9.13369864e-03 -9.95058973e-02 
 1.73780083e+03 -6.27850174e-03 -6.52112883e-02 -7.68738161e-06  5.57391663e-04  1.96771886e+00 -2.34073614e-01 -9.41775261e-03 -9.78169325e-02 
 1.75792361e+03 -6.45905968e-03 -6.41106390e-02 -5.68006732e-06  5.35734918e-04  1.96592745e+00 -2.41955603e-01 -9.68858952e-03 -9.61659585e-02 
 1.77827941e+03 -6.63125072e-03 -6.30344175e-02 -3.83590705e-06  5.14974993e-04  1.96407247e+00 -2.49798558e-01 -9.94687608e-03 -9.45516263e-02 
 1.79887092e+03 -6.79549066e-03 -6.19817673e-02 -2.14311239e-06  4.95070898e-04  1.96215412e+00 -2.57605104e-01 -1.01932360e-02 -9.29726509e-02 
 1.81970086e+03 -6.95216871e-03 -6.09518717e-02 -5.90777350e-07  4.75983775e-04  1.96017249e+00 -2.65377722e-01 -1.04282531e-02 -9.14278076e-02 
 1.84077200e+03 -7.10164944e-03 -5.99439522e-02  8.31193504e-07  4.57676763e-04  1.95812760e+00 -2.73118758e-01 -1.06524742e-02 -8.99159283e-02 
 1.86208714e+03 -7.24427463e-03 -5.89572657e-02  2.13215039e-06  4.40114884e-04  1.95601941e+00 -2.80830428e-01 -1.08664119e-02 -8.84358986e-02 
 1.88364909e+03 -7.38036483e-03 -5.79911032e-02  3.32075790e-06  4.23264932e-04  1.95384781e+00 -2.88514826e-01 -1.10705472e-02 -8.69866548e-02 
 1.90546072e+03 -7.51022091e-03 -5.70447874e-02  4.40504936e-06  4.07095372e-04  1.95161263e+00 -2.96173926e-01 -1.12653314e-02 -8.55671811e-02 
 1.92752491e+03 -7.63412545e-03 -5.61176713e-02  5.39247645e-06  3.91576239e-04  1.94931364e+00 -3.03809589e-01 -1.14511882e-02 -8.41765069e-02 
 1.94984460e+03 -7.75234400e-03 -5.52091364e-02  6.28995450e-06  3.76679052e-04  1.94695057e+00 -3.11423567e-01 -1.16285160e-02 -8.28137045e-02 
 1.97242274e+03 -7.86512623e-03 -5.43185912e-02  7.10390401e-06  3.62376731e-04  1.94452308e+00 -3.19017510e-01 -1.17976893e-02 -8.14778868e-02 
 1.99526231e+03 -7.97270705e-03 -5.34454699e-02  7.84028855e-06  3.48643514e-04  1.94203079e+00 -3.26592967e-01 -1.19590606e-02 -8.01682048e-02 
 2.01836636e+03 -8.07530759e-03 -5.25892310e-02  8.50464955e-06  3.35454888e-04  1.93947330e+00 -3.34151389e-01 -1.21129614e-02 -7.88838465e-02 
 2.04173794e+03 -8.17313612e-03 -5.17493559e-02  9.10213818e-06  3.22787518e-04  1.93685014e+00 -3.41694138e-01 -1.22597042e-02 -7.76240338e-02 
 2.06538016e+03 -8.26638886e-03 -5.09253478e-02  9.63754461e-06  3.10619184e-04  1.93416080e+00 -3.49222482e-01 -1.23995833e-02 -7.63880217e-02 
 2.08929613e+03 -8.35525086e-03 -5.01167309e-02  1.01153248e-05  2.98928717e-04  1.93140476e+00 -3.56737607e-01 -1.25328763e-02 -7.51750963e-02 
 2.11348904e+03 -8.43989661e-03 -4.93230487e-02  1.05396254e-05  2.87695948e-04  1.92858144e+00 -3.64240611e-01 -1.26598449e-02 -7.39845731e-02 
 2.13796209e+03 -8.52049082e-03 -4.85438638e-02  1.09143060e-05  2.76901650e-04  1.92569024e+00 -3.71732513e-01 -1.27807362e-02 -7.28157956e-02 
 2.16271852e+03 -8.59718896e-03 -4.77787561e-02  1.12429606e-05  2.66527489e-04  1.92273053e+00 -3.79214254e-01 -1.28957834e-02 -7.16681341e-02 
 2.18776162e+03 -8.67013790e-03 -4.70273228e-02  1.15289363e-05  2.56555979e-04  1.91970164e+00 -3.86686696e-01 -1.30052069e-02 -7.05409842e-02 
 2.21309471e+03 -8.73947641e-03 -4.62891771e-02  1.17753515e-05  2.46970436e-04  1.91660290e+00 -3.94150628e-01 -1.31092146e-02 -6.94337656e-02 
 2.23872114e+03 -8.80533568e-03 -4.55639473e-02  1.19851120e-05  2.37754937e-04  1.91343358e+00 -4.01606765e-01 -1.32080035e-02 -6.83459210e-02 
 2.26464431e+03 -8.86783977e-03 -4.48512766e-02  1.21609258e-05  2.28894281e-04  1.91019296e+00 -4.09055754e-01 -1.33017597e-02 -6.72769150e-02 
 2.29086765e+03 -8.92710605e-03 -4.41508219e-02  1.23053179e-05  2.20373953e-04  1.90688028e+00 -4.16498168e-01 -1.33906591e-02 -6.62262329e-02 
 2.31739465e+03 -8.98324562e-03 -4.34622534e-02  1.24206421e-05  2.12180086e-04  1.90349475e+00 -4.23934515e-01 -1.34748684e-02 -6.51933801e-02 
 2.34422882e+03 -9.03636363e-03 -4.27852539e-02  1.25090939e-05  2.04299434e-04  1.90003559e+00 -4.31365235e-01 -1.35545455e-02 -6.41778809e-02 
 2.37137371e+03 -9.08655972e-03 -4.21195184e-02  1.25727206e-05  1.96719336e-04  1.89650198e+00 -4.38790705e-01 -1.36298396e-02 -6.31792776e-02 
 2.39883292e+03 -9.13392825e-03 -4.14647531e-02  1.26134322e-05  1.89427688e-04  1.89289309e+00 -4.46211235e-01 -1.37008924e-02 -6.21971297e-02 
 2.42661010e+03 -9.17855867e-03 -4.08206756e-02  1.26330106e-05  1.82412917e-04  1.88920808e+00 -4.53627073e-01 -1.37678380e-02 -6.12310134e-02 
 2.45470892e+03 -9.22053580e-03 -4.01870138e-02  1.26331180e-05  1.75663957e-04  1.88544610e+00 -4.61038405e-01 -1.38308037e-02 -6.02805206e-02 
 2.48313311e+03 -9.25994007e-03 -3.95635055e-02  1.26153057e-05  1.69170219e-04  1.88160627e+00 -4.68445355e-01 -1.38899101e-02 -5.93452583e-02 
 2.51188643e+03 -9.29684779e-03 -3.89498984e-02  1.25810211e-05  1.62921571e-04  1.87768772e+00 -4.75847988e-01 -1.39452717e-02 -5.84248476e-02 
 2.54097271e+03 -9.33133137e-03 -3.83459492e-02  1.25316146e-05  1.56908317e-04  1.87368956e+00 -4.83246307e-01 -1.39969971e-02 -5.75189239e-02 
 2.57039578e+03 -9.36345956e-03 -3.77514235e-02  1.24683466e-05  1.51121174e-04  1.86961090e+00 -4.90640258e-01 -1.40451893e-02 -5.66271353e-02 
 2.60015956e+03 -9.39329765e-03 -3.71660953e-02  1.23923931e-05  1.45551256e-04  1.86545083e+00 -4.98029727e-01 -1.40899465e-02 -5.57491429e-02 
 2.63026799e+03 -9.42090767e-03 -3.65897466e-02  1.23048514e-05  1.40190051e-04  1.86120845e+00 -5.05414544e-01 -1.41313615e-02 -5.48846199e-02 
 2.66072506e+03 -9.44634852e-03 -3.60221671e-02  1.22067454e-05  1.35029406e-04  1.85688284e+00 -5.12794480e-01 -1.41695228e-02 -5.40332507e-02 
 2.69153480e+03 -9.46967625e-03 -3.54631542e-02  1.20990304e-05  1.30061510e-04  1.85247310e+00 -5.20169251e-01 -1.42045144e-02 -5.31947313e-02 
 2.72270131e+03 -9.49094410e-03 -3.49125121e-02  1.19825973e-05  1.25278877e-04  1.84797831e+00 -5.27538515e-01 -1.42364162e-02 -5.23687682e-02 
 2.75422870e+03 -9.51020275e-03 -3.43700520e-02  1.18582775e-05  1.20674333e-04  1.84339755e+00 -5.34901876e-01 -1.42653041e-02 -5.15550780e-02 
 2.78612117e+03 -9.52750040e-03 -3.38355916e-02  1.17268459e-05  1.16241002e-04  1.83872991e+00 -5.42258881e-01 -1.42912506e-02 -5.07533874e-02 
 2.81838293e+03 -9.54288294e-03 -3.33089548e-02  1.15890254e-05  1.11972289e-04  1.83397448e+00 -5.49609023e-01 -1.43143244e-02 -4.99634323e-02 
 2.85101827e+03 -9.55639406e-03 -3.27899718e-02  1.14454897e-05  1.07861872e-04  1.82913035e+00 -5.56951740e-01 -1.43345911e-02 -4.91849578e-02 
 2.88403150e+03 -9.56807539e-03 -3.22784785e-02  1.12968668e-05  1.03903685e-04  1.82419662e+00 -5.64286416e-01 -1.43521131e-02 -4.84177177e-02 
 2.91742701e+03 -9.57796659e-03 -3.17743161e-02  1.11437417e-05  1.00091912e-04  1.81917240e+00 -5.71612380e-01 -1.43669499e-02 -4.76614742e-02 
 2.95120923e+03 -9.58610549e-03 -3.12773317e-02  1.09866593e-05  9.64209696e-05  1.81405681e+00 -5.78928910e-01 -1.43791582e-02 -4.69159975e-02 
 2.98538262e+03 -9.59252816e-03 -3.07873771e-02  1.08261272e-05  9.28855024e-05  1.80884895e+00 -5.86235229e-01 -1.43887922e-02 -4.61810657e-02 
 3.01995172e+03 -9.59726902e-03 -3.03043095e-02  1.06626176e-05  8.94803694e-05  1.80354797e+00 -5.93530508e-01 -1.43959035e-02 -4.54564642e-02 
 3.05492111e+03 -9.60036095e-03 -2.98279904e-02  1.04965698e-05  8.62006362e-05  1.79815302e+00 -6.00813863e-01 -1.44005414e-02 -4.47419856e-02 
 3.09029543e+03 -9.60183536e-03 -2.93582864e-02  1.03283924e-05  8.30415656e-05  1.79266325e+00 -6.08084363e-01 -1.44027530e-02 -4.40374296e-02 
 3.12607937e+03 -9.60172227e-03 -2.88950683e-02  1.01584652e-05  7.99986090e-05  1.78707785e+00 -6.15341020e-01 -1.44025834e-02 -4.33426024e-02 
 3.16227766e+03 -9.60005041e-03 -2.84382112e-02  9.98714101e-06  7.70673984e-05  1.78139600e+00 -6.22582799e-01 -1.44000756e-02 -4.26573167e-02 
 3.19889511e+03 -9.59684726e-03 -2.79875943e-02  9.81474717e-06  7.42437385e-05  1.77561692e+00 -6.29808611e-01 -1.43952709e-02 -4.19813914e-02 
 3.23593657e+03 -9.59213918e-03 -2.75431009e-02  9.64158750e-06  7.15235994e-05  1.76973983e+00 -6.37017318e-01 -1.43882088e-02 -4.13146514e-02 
 3.27340695e+03 -9.58595142e-03 -2.71046182e-02  9.46794360e-06  6.89031097e-05  1.76376400e+00 -6.44207732e-01 -1.43789271e-02 -4.06569272e-02 
 3.31131121e+03 -9.57830822e-03 -2.66720368e-02  9.29407628e-06  6.63785496e-05  1.75768870e+00 -6.51378617e-01 -1.43674623e-02 -4.00080552e-02 
 3.34965439e+03 -9.56923287e-03 -2.62452512e-02  9.12022691e-06  6.39463446e-05  1.75151323e+00 -6.58528684e-01 -1.43538493e-02 -3.93678768e-02 
 3.38844156e+03 -9.55874775e-03 -2.58241592e-02  8.94661862e-06  6.16030593e-05  1.74523692e+00 -6.65656600e-01 -1.43381216e-02 -3.87362388e-02 
 3.42767787e+03 -9.54687441e-03 -2.54086620e-02  8.77345745e-06  5.93453919e-05  1.73885912e+00 -6.72760983e-01 -1.43203116e-02 -3.81129930e-02 
 3.46736850e+03 -9.53363363e-03 -2.49986640e-02  8.60093347e-06  5.71701681e-05  1.73237923e+00 -6.79840402e-01 -1.43004504e-02 -3.74979960e-02 
 3.50751874e+03 -9.51904544e-03 -2.45940727e-02  8.42922177e-06  5.50743365e-05  1.72579665e+00 -6.86893381e-01 -1.42785682e-02 -3.68911090e-02 
 3.54813389e+03 -9.50312921e-03 -2.41947986e-02  8.25848338e-06  5.30549628e-05  1.71911084e+00 -6.93918400e-01 -1.42546938e-02 -3.62921979e-02 
 3.58921935e+03 -9.48590368e-03 -2.38007551e-02  8.08886621e-06  5.11092256e-05  1.71232129e+00 -7.00913892e-01 -1.42288555e-02 -3.57011327e-02 
 3.63078055e+03 -9.46738700e-03 -2.34118585e-02  7.92050588e-06  4.92344115e-05  1.70542752e+00 -7.07878246e-01 -1.42010805e-02 -3.51177878e-02 
 3.67282300e+03 -9.44759679e-03 -2.30280278e-02  7.75352646e-06  4.74279106e-05  1.69842908e+00 -7.14809809e-01 -1.41713952e-02 -3.45420417e-02 
 3.71535229e+03 -9.42655017e-03 -2.26491844e-02  7.58804123e-06  4.56872124e-05  1.69132558e+00 -7.21706884e-01 -1.41398252e-02 -3.39737766e-02 
 3.75837404e+03 -9.40426381e-03 -2.22752525e-02  7.42415340e-06  4.40099020e-05  1.68411665e+00 -7.28567736e-01 -1.41063957e-02 -3.34128788e-02 
 3.80189396e+03 -9.38075397e-03 -2.19061587e-02  7.26195669e-06  4.23936557e-05  1.67680199e+00 -7.35390587e-01 -1.40711310e-02 -3.28592381e-02 
 3.84591782e+03 -9.35603654e-03 -2.15418319e-02  7.10153599e-06  4.08362381e-05  1.66938132e+00 -7.42173621e-01 -1.40340548e-02 -3.23127478e-02 
 3.89045145e+03 -9.33012708e-03 -2.11822033e-02  6.94296791e-06  3.93354977e-05  1.66185442e+00 -7.48914985e-01 -1.39951906e-02 -3.17733049e-02 
 3.93550075e+03 -9.30304084e-03 -2.08272063e-02  6.78632131e-06  3.78893642e-05  1.65422111e+00 -7.55612788e-01 -1.39545613e-02 -3.12408094e-02 
 3.98107171e+03 -9.27479281e-03 -2.04767765e-02  6.63165781e-06  3.64958450e-05  1.64648127e+00 -7.62265104e-01 -1.39121892e-02 -3.07151648e-02 
 4.02717034e+03 -9.24539774e-03 -2.01308516e-02  6.47903225e-06  3.51530221e-05  1.63863482e+00 -7.68869976e-01 -1.38680966e-02 -3.01962774e-02 
 4.07380278e+03 -9.21487018e-03 -1.97893711e-02  6.32849314e-06  3.38590494e-05  1.63068174e+00 -7.75425410e-01 -1.38223053e-02 -2.96840567e-02 
 4.12097519e+03 -9.18322453e-03 -1.94522767e-02  6.18008307e-06  3.26121494e-05  1.62262206e+00 -7.81929385e-01 -1.37748368e-02 -2.91784151e-02 
 4.16869383e+03 -9.15047503e-03 -1.91195118e-02  6.03383911e-06  3.14106110e-05  1.61445587e+00 -7.88379849e-01 -1.37257125e-02 -2.86792677e-02 
 4.21696503e+03 -9.11663581e-03 -1.87910216e-02  5.88979315e-06  3.02527866e-05  1.60618332e+00 -7.94774724e-01 -1.36749537e-02 -2.81865323e-02 
 4.26579519e+03 -9.08172092e-03 -1.84667530e-02  5.74797227e-06  2.91370897e-05  1.59780461e+00 -8.01111905e-01 -1.36225814e-02 -2.77001295e-02 
 4.31519077e+03 -9.04574435e-03 -1.81466547e-02  5.60839905e-06  2.80619925e-05  1.58932002e+00 -8.07389262e-01 -1.35686165e-02 -2.72199821e-02 
 4.36515832e+03 -9.00872007e-03 -1.78306770e-02  5.47109187e-06  2.70260238e-05  1.58072986e+00 -8.13604646e-01 -1.35130801e-02 -2.67460156e-02 
 4.41570447e+03 -8.97066201e-03 -1.75187717e-02  5.33606521e-06  2.60277665e-05  1.57203454e+00 -8.19755886e-01 -1.34559930e-02 -2.62781576e-02 
 4.46683592e+03 -8.93158415e-03 -1.72108921e-02  5.20332990e-06  2.50658556e-05  1.56323450e+00 -8.25840792e-01 -1.33973762e-02 -2.58163381e-02 
 4.51855944e+03 -8.89150047e-03 -1.69069929e-02  5.07289336e-06  2.41389765e-05  1.55433026e+00 -8.31857161e-01 -1.33372507e-02 -2.53604894e-02 
 4.57088190e+03 -8.85042503e-03 -1.66070303e-02  4.94475987e-06  2.32458627e-05  1.54532242e+00 -8.37802774e-01 -1.32756375e-02 -2.49105455e-02 
 4.62381021e+03 -8.80837197e-03 -1.63109618e-02  4.81893077e-06  2.23852940e-05  1.53621163e+00 -8.43675401e-01 -1.32125579e-02 -2.44664427e-02 
 4.67735141e+03 -8.76535549e-03 -1.60187462e-02  4.69540466e-06  2.15560949e-05  1.52699862e+00 -8.49472802e-01 -1.31480332e-02 -2.40281193e-02 
 4.73151259e+03 -8.72138995e-03 -1.57303434e-02  4.57417761e-06  2.07571330e-05  1.51768418e+00 -8.55192732e-01 -1.30820849e-02 -2.35955151e-02 
 4.78630092e+03 -8.67648980e-03 -1.54457147e-02  4.45524334e-06  1.99873168e-05  1.50826918e+00 -8.60832940e-01 -1.30147347e-02 -2.31685720e-02 
 4.84172368e+03 -8.63066965e-03 -1.51648224e-02  4.33859339e-06  1.92455948e-05  1.49875454e+00 -8.66391174e-01 -1.29460045e-02 -2.27472335e-02 
 4.89778819e+03 -8.58394428e-03 -1.48876299e-02  4.22421727e-06  1.85309537e-05  1.48914129e+00 -8.71865181e-01 -1.28759164e-02 -2.23314448e-02 
 4.95450191e+03 -8.53632864e-03 -1.46141016e-02  4.11210264e-06  1.78424170e-05  1.47943051e+00 -8.77252714e-01 -1.28044930e-02 -2.19211524e-02 
 5.01187234e+03 -8.48783784e-03 -1.43442031e-02  4.00223542e-06  1.71790433e-05  1.46962334e+00 -8.82551529e-01 -1.27317568e-02 -2.15163046e-02 
 5.06990708e+03 -8.43848721e-03 -1.40779006e-02  3.89459993e-06  1.65399258e-05  1.45972101e+00 -8.87759392e-01 -1.26577308e-02 -2.11168509e-02 
 5.12861384e+03 -8.38829231e-03 -1.38151616e-02  3.78917906e-06  1.59241900e-05  1.44972483e+00 -8.92874079e-01 -1.25824385e-02 -2.07227424e-02 
 5.18800039e+03 -8.33726886e-03 -1.35559541e-02  3.68595430e-06  1.53309933e-05  1.43963618e+00 -8.97893382e-01 -1.25059033e-02 -2.03339311e-02 
 5.24807460e+03 -8.28543287e-03 -1.33002471e-02  3.58490595e-06  1.47595234e-05  1.42945650e+00 -9.02815107e-01 -1.24281493e-02 -1.99503707e-02 
 5.30884444e+03 -8.23280054e-03 -1.30480105e-02  3.48601315e-06  1.42089971e-05  1.41918732e+00 -9.07637083e-01 -1.23492008e-02 -1.95720157e-02 
 5.37031796e+03 -8.17938834e-03 -1.27992145e-02  3.38925401e-06  1.36786597e-05  1.40883023e+00 -9.12357158e-01 -1.22690825e-02 -1.91988218e-02 
 5.43250331e+03 -8.12521295e-03 -1.25538305e-02  3.29460569e-06  1.31677833e-05  1.39838692e+00 -9.16973207e-01 -1.21878194e-02 -1.88307457e-02 
 5.49540874e+03 -8.07029134e-03 -1.23118302e-02  3.20204449e-06  1.26756665e-05  1.38785911e+00 -9.21483132e-01 -1.21054370e-02 -1.84677453e-02 
 5.55904257e+03 -8.01464072e-03 -1.20731860e-02  3.11154593e-06  1.22016327e-05  1.37724863e+00 -9.25884869e-01 -1.20219611e-02 -1.81097790e-02 
 5.62341325e+03 -7.95827854e-03 -1.18378710e-02  3.02308484e-06  1.17450299e-05  1.36655737e+00 -9.30176383e-01 -1.19374178e-02 -1.77568065e-02 
 5.68852931e+03 -7.90122254e-03 -1.16058586e-02  2.93663541e-06  1.13052292e-05  1.35578729e+00 -9.34355680e-01 -1.18518338e-02 -1.74087879e-02 
 5.75439937e+03 -7.84349070e-03 -1.13771229e-02  2.85217126e-06  1.08816243e-05  1.34494042e+00 -9.38420804e-01 -1.17652360e-02 -1.70656843e-02 
 5.82103218e+03 -7.78510125e-03 -1.11516383e-02  2.76966550e-06  1.04736306e-05  1.33401885e+00 -9.42369841e-01 -1.16776519e-02 -1.67274575e-02 
 5.88843655e+03 -7.72607269e-03 -1.09293798e-02  2.68909081e-06  1.00806844e-05  1.32302477e+00 -9.46200923e-01 -1.15891090e-02 -1.63940697e-02 
 5.95662144e+03 -7.66642379e-03 -1.07103226e-02  2.61041947e-06  9.70224214e-06  1.31196040e+00 -9.49912228e-01 -1.14996357e-02 -1.60654840e-02 
 6.02559586e+03 -7.60617353e-03 -1.04944425e-02  2.53362344e-06  9.33777961e-06  1.30082805e+00 -9.53501989e-01 -1.14092603e-02 -1.57416637e-02 
 6.09536897e+03 -7.54534118e-03 -1.02817152e-02  2.45867436e-06  8.98679132e-06  1.28963007e+00 -9.56968487e-01 -1.13180118e-02 -1.54225728e-02 
 6.16595002e+03 -7.48394621e-03 -1.00721171e-02  2.38554364e-06  8.64878984e-06  1.27836890e+00 -9.60310064e-01 -1.12259193e-02 -1.51081757e-02 
 6.23734835e+03 -7.42200836e-03 -9.86562477e-03  2.31420250e-06  8.32330507e-06  1.26704703e+00 -9.63525118e-01 -1.11330125e-02 -1.47984371e-02 
 6.30957344e+03 -7.35954758e-03 -9.66221482e-03  2.24462199e-06  8.00988368e-06  1.25566700e+00 -9.66612108e-01 -1.10393214e-02 -1.44933222e-02 
 6.38263486e+03 -7.29658405e-03 -9.46186423e-03  2.17677302e-06  7.70808850e-06  1.24423141e+00 -9.69569559e-01 -1.09448761e-02 -1.41927963e-02 
 6.45654229e+03 -7.23313813e-03 -9.26455008e-03  2.11062644e-06  7.41749788e-06  1.23274292e+00 -9.72396059e-01 -1.08497072e-02 -1.38968251e-02 
 6.53130553e+03 -7.16923043e-03 -9.07024961e-03  2.04615301e-06  7.13770522e-06  1.22120425e+00 -9.75090267e-01 -1.07538456e-02 -1.36053744e-02 
 6.60693448e+03 -7.10488172e-03 -8.87894016e-03  1.98332350e-06  6.86831838e-06  1.20961815e+00 -9.77650910e-01 -1.06573226e-02 -1.33184102e-02 
 6.68343918e+03 -7.04011294e-03 -8.69059917e-03  1.92210867e-06  6.60895916e-06  1.19798742e+00 -9.80076791e-01 -1.05601694e-02 -1.30358987e-02 
 6.76082975e+03 -6.97494522e-03 -8.50520412e-03  1.86247928e-06  6.35926284e-06  1.18631493e+00 -9.82366786e-01 -1.04624178e-02 -1.27578062e-02 
 6.83911647e+03 -6.90939983e-03 -8.32273255e-03  1.80440620e-06  6.11887765e-06  1.17460357e+00 -9.84519845e-01 -1.03640997e-02 -1.24840988e-02 
 6.91830971e+03 -6.84349819e-03 -8.14316200e-03  1.74786035e-06  5.88746437e-06  1.16285626e+00 -9.86535001e-01 -1.02652473e-02 -1.22147430e-02 
 6.99841996e+03 -6.77726184e-03 -7.96647001e-03  1.69281275e-06  5.66469582e-06  1.15107599e+00 -9.88411365e-01 -1.01658928e-02 -1.19497050e-02 
 7.07945784e+03 -6.71071244e-03 -7.79263410e-03  1.63923456e-06  5.45025648e-06  1.13926576e+00 -9.90148129e-01 -1.00660687e-02 -1.16889511e-02 
 7.16143410e+03 -6.64387173e-03 -7.62163171e-03  1.58709707e-06  5.24384207e-06  1.12742859e+00 -9.91744569e-01 -9.96580759e-03 -1.14324476e-02 
 7.24435960e+03 -6.57676154e-03 -7.45344026e-03  1.53637173e-06  5.04515912e-06  1.11556757e+00 -9.93200046e-01 -9.86514230e-03 -1.11801604e-02 
 7.32824533e+03 -6.50940376e-03 -7.28803705e-03  1.48703018e-06  4.85392463e-06  1.10368577e+00 -9.94514005e-01 -9.76410565e-03 -1.09320556e-02 
 7.41310241e+03 -6.44182035e-03 -7.12539931e-03  1.43904426e-06  4.66986569e-06  1.09178630e+00 -9.95685979e-01 -9.66273053e-03 -1.06880990e-02 
 7.49894209e+03 -6.37403328e-03 -6.96550412e-03  1.39238599e-06  4.49271911e-06  1.07987229e+00 -9.96715588e-01 -9.56104991e-03 -1.04482562e-02 
 7.58577575e+03 -6.30606452e-03 -6.80832848e-03  1.34702765e-06  4.32223108e-06  1.06794689e+00 -9.97602540e-01 -9.45909678e-03 -1.02124927e-02 
 7.67361489e+03 -6.23793607e-03 -6.65384919e-03  1.30294174e-06  4.15815686e-06  1.05601325e+00 -9.98346634e-01 -9.35690410e-03 -9.98077379e-03 
 7.76247117e+03 -6.16966988e-03 -6.50204295e-03  1.26010101e-06  4.00026044e-06  1.04407454e+00 -9.98947755e-01 -9.25450482e-03 -9.75306443e-03 
 7.85235635e+03 -6.10128787e-03 -6.35288628e-03  1.21847848e-06  3.84831424e-06  1.03213391e+00 -9.99405881e-01 -9.15193181e-03 -9.52932942e-03 
 7.94328235e+03 -6.03281191e-03 -6.20635551e-03  1.17804741e-06  3.70209882e-06  1.02019455e+00 -9.99721077e-01 -9.04921786e-03 -9.30953326e-03 
 8.03526122e+03 -5.96426377e-03 -6.06242680e-03  1.13878140e-06  3.56140260e-06  1.00825962e+00 -9.99893501e-01 -8.94639565e-03 -9.09364020e-03 
 8.12830516e+03 -5.89566515e-03 -5.92107614e-03  1.10065428e-06  3.42602158e-06  9.96332287e-01 -9.99923399e-01 -8.84349772e-03 -8.88161421e-03 
 8.22242650e+03 -5.82703761e-03 -5.78227931e-03  1.06364021e-06  3.29575904e-06  9.84415701e-01 -9.99811107e-01 -8.74055642e-03 -8.67341896e-03 
 8.31763771e+03 -5.75840261e-03 -5.64601188e-03  1.02771367e-06  3.17042535e-06  9.72513009e-01 -9.99557050e-01 -8.63760391e-03 -8.46901781e-03 
 8.41395142e+03 -5.68978142e-03 -5.51224923e-03  9.92849422e-07  3.04983767e-06  9.60627340e-01 -9.99161742e-01 -8.53467213e-03 -8.26837385e-03 
 8.51138038e+03 -5.62119518e-03 -5.38096656e-03  9.59022570e-07  2.93381975e-06  9.48761804e-01 -9.98625784e-01 -8.43179277e-03 -8.07144983e-03 
 8.60993752e+03 -5.55266481e-03 -5.25213881e-03  9.26208540e-07  2.82220167e-06  9.36919492e-01 -9.97949866e-01 -8.32899722e-03 -7.87820821e-03 
 8.70963590e+03 -5.48421106e-03 -5.12574075e-03  8.94383090e-07  2.71481962e-06  9.25103467e-01 -9.97134762e-01 -8.22631659e-03 -7.68861113e-03 
 8.81048873e+03 -5.41585442e-03 -5.00174695e-03  8.63522317e-07  2.61151573e-06  9.13316767e-01 -9.96181333e-01 -8.12378163e-03 -7.50262042e-03 
 8.91250938e+03 -5.34761517e-03 -4.88013174e-03  8.33602661e-07  2.51213779e-06  9.01562398e-01 -9.95090522e-01 -8.02142276e-03 -7.32019760e-03 
 9.01571138e+03 -5.27951332e-03 -4.76086927e-03  8.04600907e-07  2.41653912e-06  8.89843333e-01 -9.93863355e-01 -7.91926998e-03 -7.14130390e-03 
 9.12010839e+03 -5.21156862e-03 -4.64393348e-03  7.76494192e-07  2.32457835e-06  8.78162509e-01 -9.92500939e-01 -7.81735293e-03 -6.96590023e-03 
 9.22571427e+03 -5.14380051e-03 -4.52929814e-03  7.49260006e-07  2.23611922e-06  8.66522820e-01 -9.91004460e-01 -7.71570077e-03 -6.79394721e-03 
 9.33254301e+03 -5.07622815e-03 -4.41693679e-03  7.22876194e-07  2.15103041e-06  8.54927123e-01 -9.89375183e-01 -7.61434223e-03 -6.62540518e-03 
 9.44060876e+03 -5.00887038e-03 -4.30682281e-03  6.97320962e-07  2.06918541e-06  8.43378226e-01 -9.87614447e-01 -7.51330556e-03 -6.46023421e-03 
 9.54992586e+03 -4.94174568e-03 -4.19892939e-03  6.72572876e-07  1.99046226e-06  8.31878892e-01 -9.85723664e-01 -7.41261852e-03 -6.29839409e-03 
 9.66050879e+03 -4.87487221e-03 -4.09322956e-03  6.48610865e-07  1.91474349e-06  8.20431831e-01 -9.83704321e-01 -7.31230832e-03 -6.13984435e-03 
 9.77237221e+03 -4.80826777e-03 -3.98969619e-03  6.25414221e-07  1.84191590e-06  8.09039705e-01 -9.81557971e-01 -7.21240166e-03 -5.98454428e-03 
 9.88553095e+03 -4.74194978e-03 -3.88830196e-03  6.02962602e-07  1.77187042e-06  7.97705118e-01 -9.79286236e-01 -7.11292466e-03 -5.83245294e-03 
 1.00000000e+04 -4.67593526e-03 -3.78901945e-03  5.81236031e-07  1.70450200e-06  7.86430618e-01 -9.76890803e-01 -7.01390290e-03 -5.68352918e-03 
