 frequency       i(vs1)          i(vs1)          i(vs3)          i(vs3)          i(vs5)          i(vs5)          i(vs7)          i(vs7)          v(/p2)          v(/p2)          v(/p4)          v(/p4)          v(/p6)          v(/p6)         
 1.00000000e+01 -9.99999894e-01  1.49116852e-06 -1.00949705e+00  5.72028049e-04 -1.04872543e+00  3.06961472e-03 -1.05346831e+00  3.58838027e-03 -8.07201976e+04 -1.34366828e+06 -5.52127742e+04 -8.67200187e+05 -2.71835661e+04 -2.48529032e+05 
 1.00115196e+01 -9.99999894e-01  1.49299697e-06 -1.00951973e+00  5.72787047e-04 -1.04884306e+00  3.07383442e-03 -1.05359746e+00  3.59330010e-03 -8.07343205e+04 -1.34532680e+06 -5.52256606e+04 -8.68299125e+05 -2.71889329e+04 -2.48845821e+05 
 1.00230524e+01 -9.99999894e-01  1.49482792e-06 -1.00954246e+00  5.73547299e-04 -1.04896099e+00  3.07806157e-03 -1.05372693e+00  3.59822857e-03 -8.07484806e+04 -1.34698764e+06 -5.52385809e+04 -8.69399696e+05 -2.71943136e+04 -2.49163088e+05 
 1.00345985e+01 -9.99999894e-01  1.49666137e-06 -1.00956525e+00  5.74308807e-04 -1.04907922e+00  3.08229619e-03 -1.05385674e+00  3.60316572e-03 -8.07626780e+04 -1.34865080e+06 -5.52515353e+04 -8.70501905e+05 -2.71997083e+04 -2.49480832e+05 
 1.00461579e+01 -9.99999894e-01  1.49849736e-06 -1.00958809e+00  5.75071573e-04 -1.04919775e+00  3.08653831e-03 -1.05398687e+00  3.60811155e-03 -8.07769127e+04 -1.35031629e+06 -5.52645238e+04 -8.71605754e+05 -2.72051172e+04 -2.49799056e+05 
 1.00577306e+01 -9.99999894e-01  1.50033588e-06 -1.00961099e+00  5.75835602e-04 -1.04931658e+00  3.09078793e-03 -1.05411733e+00  3.61306609e-03 -8.07911849e+04 -1.35198410e+06 -5.52775467e+04 -8.72711246e+05 -2.72105402e+04 -2.50117760e+05 
 1.00693167e+01 -9.99999894e-01  1.50217691e-06 -1.00963395e+00  5.76600896e-04 -1.04943570e+00  3.09504509e-03 -1.05424812e+00  3.61802936e-03 -8.08054947e+04 -1.35365425e+06 -5.52906039e+04 -8.73818386e+05 -2.72159773e+04 -2.50436945e+05 
 1.00809161e+01 -9.99999894e-01  1.50402050e-06 -1.00965697e+00  5.77367457e-04 -1.04955513e+00  3.09930979e-03 -1.05437924e+00  3.62300139e-03 -8.08198422e+04 -1.35532674e+06 -5.53036956e+04 -8.74927175e+05 -2.72214286e+04 -2.50756612e+05 
 1.00925289e+01 -9.99999894e-01  1.50586662e-06 -1.00968004e+00  5.78135290e-04 -1.04967486e+00  3.10358206e-03 -1.05451069e+00  3.62798220e-03 -8.08342275e+04 -1.35700157e+06 -5.53168219e+04 -8.76037619e+05 -2.72268942e+04 -2.51076762e+05 
 1.01041550e+01 -9.99999894e-01  1.50771528e-06 -1.00970317e+00  5.78904396e-04 -1.04979489e+00  3.10786191e-03 -1.05464248e+00  3.63297181e-03 -8.08486508e+04 -1.35867875e+06 -5.53299829e+04 -8.77149719e+05 -2.72323741e+04 -2.51397397e+05 
 1.01157945e+01 -9.99999894e-01  1.50956649e-06 -1.00972635e+00  5.79674780e-04 -1.04991523e+00  3.11214937e-03 -1.05477460e+00  3.63797024e-03 -8.08631120e+04 -1.36035828e+06 -5.53431786e+04 -8.78263479e+05 -2.72378683e+04 -2.51718516e+05 
 1.01274475e+01 -9.99999894e-01  1.51142025e-06 -1.00974960e+00  5.80446444e-04 -1.05003587e+00  3.11644446e-03 -1.05490705e+00  3.64297751e-03 -8.08776115e+04 -1.36204016e+06 -5.53564092e+04 -8.79378903e+05 -2.72433769e+04 -2.52040121e+05 
 1.01391139e+01 -9.99999894e-01  1.51327658e-06 -1.00977290e+00  5.81219390e-04 -1.05015681e+00  3.12074719e-03 -1.05503984e+00  3.64799365e-03 -8.08921492e+04 -1.36372440e+06 -5.53696749e+04 -8.80495994e+05 -2.72488999e+04 -2.52362214e+05 
 1.01507937e+01 -9.99999894e-01  1.51513547e-06 -1.00979626e+00  5.81993623e-04 -1.05027806e+00  3.12505759e-03 -1.05517296e+00  3.65301868e-03 -8.09067252e+04 -1.36541101e+06 -5.53829756e+04 -8.81614756e+05 -2.72544373e+04 -2.52684794e+05 
 1.01624869e+01 -9.99999894e-01  1.51699692e-06 -1.00981967e+00  5.82769145e-04 -1.05039962e+00  3.12937567e-03 -1.05530642e+00  3.65805262e-03 -8.09213398e+04 -1.36709999e+06 -5.53963115e+04 -8.82735191e+05 -2.72599893e+04 -2.53007864e+05 
 1.01741937e+01 -9.99999894e-01  1.51886094e-06 -1.00984315e+00  5.83545960e-04 -1.05052148e+00  3.13370145e-03 -1.05544022e+00  3.66309550e-03 -8.09359929e+04 -1.36879134e+06 -5.54096827e+04 -8.83857303e+05 -2.72655557e+04 -2.53331424e+05 
 1.01859139e+01 -9.99999894e-01  1.52072755e-06 -1.00986668e+00  5.84324069e-04 -1.05064366e+00  3.13803496e-03 -1.05557436e+00  3.66814733e-03 -8.09506848e+04 -1.37048506e+06 -5.54230894e+04 -8.84981096e+05 -2.72711368e+04 -2.53655475e+05 
 1.01976476e+01 -9.99999894e-01  1.52259672e-06 -1.00989027e+00  5.85103478e-04 -1.05076614e+00  3.14237621e-03 -1.05570884e+00  3.67320815e-03 -8.09654155e+04 -1.37218117e+06 -5.54365315e+04 -8.86106573e+05 -2.72767325e+04 -2.53980018e+05 
 1.02093948e+01 -9.99999894e-01  1.52446849e-06 -1.00991392e+00  5.85884188e-04 -1.05088893e+00  3.14672523e-03 -1.05584366e+00  3.67827797e-03 -8.09801851e+04 -1.37387967e+06 -5.54500093e+04 -8.87233737e+05 -2.72823428e+04 -2.54305054e+05 
 1.02211556e+01 -9.99999894e-01  1.52634284e-06 -1.00993763e+00  5.86666202e-04 -1.05101203e+00  3.15108203e-03 -1.05597882e+00  3.68335681e-03 -8.09949938e+04 -1.37558055e+06 -5.54635227e+04 -8.88362593e+05 -2.72879679e+04 -2.54630585e+05 
 1.02329299e+01 -9.99999894e-01  1.52821980e-06 -1.00996140e+00  5.87449525e-04 -1.05113545e+00  3.15544663e-03 -1.05611432e+00  3.68844471e-03 -8.10098417e+04 -1.37728383e+06 -5.54770720e+04 -8.89493142e+05 -2.72936077e+04 -2.54956611e+05 
 1.02447178e+01 -9.99999894e-01  1.53009935e-06 -1.00998523e+00  5.88234158e-04 -1.05125918e+00  3.15981906e-03 -1.05625017e+00  3.69354168e-03 -8.10247288e+04 -1.37898951e+06 -5.54906573e+04 -8.90625390e+05 -2.72992623e+04 -2.55283133e+05 
 1.02565193e+01 -9.99999894e-01  1.53198150e-06 -1.01000911e+00  5.89020106e-04 -1.05138322e+00  3.16419933e-03 -1.05638636e+00  3.69864775e-03 -8.10396554e+04 -1.38069759e+06 -5.55042786e+04 -8.91759339e+05 -2.73049318e+04 -2.55610152e+05 
 1.02683343e+01 -9.99999894e-01  1.53386626e-06 -1.01003305e+00  5.89807371e-04 -1.05150758e+00  3.16858747e-03 -1.05652290e+00  3.70376294e-03 -8.10546215e+04 -1.38240809e+06 -5.55179360e+04 -8.92894992e+05 -2.73106161e+04 -2.55937670e+05 
 1.02801630e+01 -9.99999894e-01  1.53575364e-06 -1.01005706e+00  5.90595956e-04 -1.05163225e+00  3.17298349e-03 -1.05665978e+00  3.70888727e-03 -8.10696272e+04 -1.38412099e+06 -5.55316297e+04 -8.94032354e+05 -2.73163154e+04 -2.56265687e+05 
 1.02920053e+01 -9.99999894e-01  1.53764363e-06 -1.01008112e+00  5.91385865e-04 -1.05175724e+00  3.17738742e-03 -1.05679701e+00  3.71402077e-03 -8.10846727e+04 -1.38583631e+06 -5.55453597e+04 -8.95171428e+05 -2.73220296e+04 -2.56594205e+05 
 1.03038612e+01 -9.99999894e-01  1.53953626e-06 -1.01010525e+00  5.92177101e-04 -1.05188254e+00  3.18179928e-03 -1.05693459e+00  3.71916346e-03 -8.10997580e+04 -1.38755405e+06 -5.55591263e+04 -8.96312217e+05 -2.73277588e+04 -2.56923224e+05 
 1.03157308e+01 -9.99999894e-01  1.54143150e-06 -1.01012943e+00  5.92969667e-04 -1.05200816e+00  3.18621908e-03 -1.05707252e+00  3.72431536e-03 -8.11148834e+04 -1.38927422e+06 -5.55729294e+04 -8.97454724e+05 -2.73335031e+04 -2.57252745e+05 
 1.03276141e+01 -9.99999894e-01  1.54332938e-06 -1.01015367e+00  5.93763566e-04 -1.05213410e+00  3.19064685e-03 -1.05721080e+00  3.72947651e-03 -8.11300488e+04 -1.39099682e+06 -5.55867692e+04 -8.98598955e+05 -2.73392625e+04 -2.57582770e+05 
 1.03395110e+01 -9.99999894e-01  1.54522989e-06 -1.01017797e+00  5.94558802e-04 -1.05226036e+00  3.19508261e-03 -1.05734943e+00  3.73464692e-03 -8.11452545e+04 -1.39272185e+06 -5.56006458e+04 -8.99744911e+05 -2.73450371e+04 -2.57913300e+05 
 1.03514217e+01 -9.99999894e-01  1.54713305e-06 -1.01020234e+00  5.95355378e-04 -1.05238695e+00  3.19952637e-03 -1.05748842e+00  3.73982661e-03 -8.11605005e+04 -1.39444933e+06 -5.56145593e+04 -9.00892596e+05 -2.73508268e+04 -2.58244335e+05 
 1.03633460e+01 -9.99999894e-01  1.54903885e-06 -1.01022676e+00  5.96153297e-04 -1.05251385e+00  3.20397817e-03 -1.05762775e+00  3.74501562e-03 -8.11757871e+04 -1.39617925e+06 -5.56285098e+04 -9.02042015e+05 -2.73566318e+04 -2.58575878e+05 
 1.03752842e+01 -9.99999894e-01  1.55094731e-06 -1.01025125e+00  5.96952561e-04 -1.05264107e+00  3.20843802e-03 -1.05776745e+00  3.75021396e-03 -8.11911142e+04 -1.39791161e+06 -5.56424974e+04 -9.03193170e+05 -2.73624520e+04 -2.58907928e+05 
 1.03872360e+01 -9.99999894e-01  1.55285841e-06 -1.01027579e+00  5.97753176e-04 -1.05276862e+00  3.21290594e-03 -1.05790749e+00  3.75542166e-03 -8.12064820e+04 -1.39964643e+06 -5.56565223e+04 -9.04346065e+05 -2.73682876e+04 -2.59240487e+05 
 1.03992017e+01 -9.99999894e-01  1.55477220e-06 -1.01030040e+00  5.98555143e-04 -1.05289650e+00  3.21738196e-03 -1.05804789e+00  3.76063874e-03 -8.12218906e+04 -1.40138371e+06 -5.56705846e+04 -9.05500704e+05 -2.73741385e+04 -2.59573556e+05 
 1.04111811e+01 -9.99999894e-01  1.55668863e-06 -1.01032507e+00  5.99358467e-04 -1.05302469e+00  3.22186609e-03 -1.05818865e+00  3.76586524e-03 -8.12373402e+04 -1.40312345e+06 -5.56846843e+04 -9.06657091e+05 -2.73800048e+04 -2.59907136e+05 
 1.04231743e+01 -9.99999894e-01  1.55860773e-06 -1.01034980e+00  6.00163149e-04 -1.05315322e+00  3.22635836e-03 -1.05832977e+00  3.77110116e-03 -8.12528309e+04 -1.40486566e+06 -5.56988215e+04 -9.07815228e+05 -2.73858866e+04 -2.60241228e+05 
 1.04351813e+01 -9.99999894e-01  1.56052952e-06 -1.01037459e+00  6.00969195e-04 -1.05328207e+00  3.23085878e-03 -1.05847125e+00  3.77634655e-03 -8.12683628e+04 -1.40661034e+06 -5.57129965e+04 -9.08975120e+05 -2.73917839e+04 -2.60575833e+05 
 1.04472022e+01 -9.99999894e-01  1.56245398e-06 -1.01039944e+00  6.01776607e-04 -1.05341124e+00  3.23536738e-03 -1.05861308e+00  3.78160142e-03 -8.12839360e+04 -1.40835750e+06 -5.57272093e+04 -9.10136771e+05 -2.73976968e+04 -2.60910953e+05 
 1.04592369e+01 -9.99999894e-01  1.56438114e-06 -1.01042435e+00  6.02585388e-04 -1.05354075e+00  3.23988419e-03 -1.05875528e+00  3.78686579e-03 -8.12995506e+04 -1.41010713e+06 -5.57414599e+04 -9.11300183e+05 -2.74036253e+04 -2.61246588e+05 
 1.04712855e+01 -9.99999894e-01  1.56631097e-06 -1.01044933e+00  6.03395542e-04 -1.05367059e+00  3.24440921e-03 -1.05889784e+00  3.79213970e-03 -8.13152068e+04 -1.41185926e+06 -5.57557486e+04 -9.12465361e+05 -2.74095693e+04 -2.61582739e+05 
 1.04833479e+01 -9.99999894e-01  1.56824350e-06 -1.01047437e+00  6.04207072e-04 -1.05380075e+00  3.24894248e-03 -1.05904077e+00  3.79742316e-03 -8.13309047e+04 -1.41361387e+06 -5.57700755e+04 -9.13632309e+05 -2.74155291e+04 -2.61919409e+05 
 1.04954243e+01 -9.99999894e-01  1.57017875e-06 -1.01049947e+00  6.05019981e-04 -1.05393125e+00  3.25348402e-03 -1.05918405e+00  3.80271621e-03 -8.13466445e+04 -1.41537098e+06 -5.57844406e+04 -9.14801029e+05 -2.74215046e+04 -2.62256596e+05 
 1.05075145e+01 -9.99999894e-01  1.57211668e-06 -1.01052463e+00  6.05834274e-04 -1.05406208e+00  3.25803384e-03 -1.05932771e+00  3.80801886e-03 -8.13624261e+04 -1.41713059e+06 -5.57988441e+04 -9.15971526e+05 -2.74274959e+04 -2.62594304e+05 
 1.05196187e+01 -9.99999894e-01  1.57405734e-06 -1.01054986e+00  6.06649953e-04 -1.05419325e+00  3.26259198e-03 -1.05947173e+00  3.81333115e-03 -8.13782499e+04 -1.41889270e+06 -5.58132860e+04 -9.17143803e+05 -2.74335031e+04 -2.62932533e+05 
 1.05317369e+01 -9.99999894e-01  1.57600069e-06 -1.01057515e+00  6.07467021e-04 -1.05432474e+00  3.26715844e-03 -1.05961611e+00  3.81865309e-03 -8.13941158e+04 -1.42065732e+06 -5.58277666e+04 -9.18317865e+05 -2.74395261e+04 -2.63271283e+05 
 1.05438690e+01 -9.99999894e-01  1.57794678e-06 -1.01060050e+00  6.08285483e-04 -1.05445658e+00  3.27173326e-03 -1.05976087e+00  3.82398472e-03 -8.14100241e+04 -1.42242446e+06 -5.58422859e+04 -9.19493714e+05 -2.74455650e+04 -2.63610557e+05 
 1.05560150e+01 -9.99999894e-01  1.57989559e-06 -1.01062592e+00  6.09105341e-04 -1.05458874e+00  3.27631645e-03 -1.05990599e+00  3.82932606e-03 -8.14259748e+04 -1.42419411e+06 -5.58568440e+04 -9.20671355e+05 -2.74516198e+04 -2.63950355e+05 
 1.05681751e+01 -9.99999894e-01  1.58184713e-06 -1.01065139e+00  6.09926600e-04 -1.05472125e+00  3.28090804e-03 -1.06005149e+00  3.83467713e-03 -8.14419680e+04 -1.42596629e+06 -5.58714411e+04 -9.21850791e+05 -2.74576907e+04 -2.64290678e+05 
 1.05803492e+01 -9.99999894e-01  1.58380141e-06 -1.01067694e+00  6.10749262e-04 -1.05485409e+00  3.28550806e-03 -1.06019735e+00  3.84003796e-03 -8.14580040e+04 -1.42774100e+06 -5.58860772e+04 -9.23032027e+05 -2.74637777e+04 -2.64631527e+05 
 1.05925373e+01 -9.99999894e-01  1.58575842e-06 -1.01070254e+00  6.11573331e-04 -1.05498727e+00  3.29011651e-03 -1.06034359e+00  3.84540858e-03 -8.14740828e+04 -1.42951824e+06 -5.59007525e+04 -9.24215065e+05 -2.74698808e+04 -2.64972905e+05 
 1.06047394e+01 -9.99999894e-01  1.58771817e-06 -1.01072821e+00  6.12398810e-04 -1.05512080e+00  3.29473343e-03 -1.06049020e+00  3.85078902e-03 -8.14902046e+04 -1.43129801e+06 -5.59154671e+04 -9.25399910e+05 -2.74760000e+04 -2.65314811e+05 
 1.06169556e+01 -9.99999893e-01  1.58968069e-06 -1.01075394e+00  6.13225703e-04 -1.05525466e+00  3.29935884e-03 -1.06063719e+00  3.85617929e-03 -8.15063695e+04 -1.43308033e+06 -5.59302212e+04 -9.26586565e+05 -2.74821354e+04 -2.65657247e+05 
 1.06291858e+01 -9.99999893e-01  1.59164595e-06 -1.01077974e+00  6.14054014e-04 -1.05538886e+00  3.30399276e-03 -1.06078455e+00  3.86157942e-03 -8.15225775e+04 -1.43486520e+06 -5.59450148e+04 -9.27775035e+05 -2.74882871e+04 -2.66000213e+05 
 1.06414302e+01 -9.99999893e-01  1.59361398e-06 -1.01080560e+00  6.14883746e-04 -1.05552341e+00  3.30863521e-03 -1.06093229e+00  3.86698945e-03 -8.15388290e+04 -1.43665262e+06 -5.59598480e+04 -9.28965322e+05 -2.74944551e+04 -2.66343712e+05 
 1.06536886e+01 -9.99999893e-01  1.59558477e-06 -1.01083153e+00  6.15714902e-04 -1.05565830e+00  3.31328622e-03 -1.06108040e+00  3.87240939e-03 -8.15551239e+04 -1.43844260e+06 -5.59747210e+04 -9.30157432e+05 -2.75006394e+04 -2.66687745e+05 
 1.06659612e+01 -9.99999893e-01  1.59755833e-06 -1.01085752e+00  6.16547486e-04 -1.05579354e+00  3.31794581e-03 -1.06122890e+00  3.87783928e-03 -8.15714624e+04 -1.44023514e+06 -5.59896340e+04 -9.31351367e+05 -2.75068402e+04 -2.67032311e+05 
 1.06782479e+01 -9.99999893e-01  1.59953466e-06 -1.01088358e+00  6.17381502e-04 -1.05592912e+00  3.32261400e-03 -1.06137777e+00  3.88327914e-03 -8.15878447e+04 -1.44203024e+06 -5.60045869e+04 -9.32547132e+05 -2.75130573e+04 -2.67377414e+05 
 1.06905488e+01 -9.99999893e-01  1.60151377e-06 -1.01090970e+00  6.18216953e-04 -1.05606504e+00  3.32729082e-03 -1.06152703e+00  3.88872899e-03 -8.16042708e+04 -1.44382792e+06 -5.60195800e+04 -9.33744731e+05 -2.75192910e+04 -2.67723053e+05 
 1.07028638e+01 -9.99999893e-01  1.60349568e-06 -1.01093588e+00  6.19053843e-04 -1.05620132e+00  3.33197628e-03 -1.06167666e+00  3.89418887e-03 -8.16207410e+04 -1.44562817e+06 -5.60346134e+04 -9.34944167e+05 -2.75255412e+04 -2.68069230e+05 
 1.07151931e+01 -9.99999893e-01  1.60548036e-06 -1.01096214e+00  6.19892176e-04 -1.05633794e+00  3.33667042e-03 -1.06182668e+00  3.89965880e-03 -8.16372552e+04 -1.44743101e+06 -5.60496871e+04 -9.36145444e+05 -2.75318080e+04 -2.68415946e+05 
 1.07275365e+01 -9.99999893e-01  1.60746787e-06 -1.01098845e+00  6.20731954e-04 -1.05647491e+00  3.34137325e-03 -1.06197709e+00  3.90513880e-03 -8.16538138e+04 -1.44923643e+06 -5.60648014e+04 -9.37348566e+05 -2.75380915e+04 -2.68763202e+05 
 1.07398941e+01 -9.99999893e-01  1.60945815e-06 -1.01101484e+00  6.21573182e-04 -1.05661223e+00  3.34608480e-03 -1.06212788e+00  3.91062891e-03 -8.16704168e+04 -1.45104445e+06 -5.60799563e+04 -9.38553537e+05 -2.75443916e+04 -2.69111000e+05 
 1.07522660e+01 -9.99999893e-01  1.61145125e-06 -1.01104128e+00  6.22415863e-04 -1.05674991e+00  3.35080509e-03 -1.06227905e+00  3.91612916e-03 -8.16870643e+04 -1.45285506e+06 -5.60951519e+04 -9.39760362e+05 -2.75507085e+04 -2.69459340e+05 
 1.07646521e+01 -9.99999893e-01  1.61344715e-06 -1.01106780e+00  6.23260002e-04 -1.05688793e+00  3.35553415e-03 -1.06243061e+00  3.92163955e-03 -8.17037564e+04 -1.45466827e+06 -5.61103884e+04 -9.40969043e+05 -2.75570422e+04 -2.69808224e+05 
 1.07770525e+01 -9.99999893e-01  1.61544587e-06 -1.01109438e+00  6.24105600e-04 -1.05702631e+00  3.36027200e-03 -1.06258256e+00  3.92716014e-03 -8.17204934e+04 -1.45648409e+06 -5.61256660e+04 -9.42179585e+05 -2.75633927e+04 -2.70157653e+05 
 1.07894672e+01 -9.99999893e-01  1.61744744e-06 -1.01112103e+00  6.24952663e-04 -1.05716504e+00  3.36501866e-03 -1.06273490e+00  3.93269094e-03 -8.17372754e+04 -1.45830252e+06 -5.61409846e+04 -9.43391992e+05 -2.75697602e+04 -2.70507628e+05 
 1.08018962e+01 -9.99999893e-01  1.61945181e-06 -1.01114774e+00  6.25801194e-04 -1.05730413e+00  3.36977416e-03 -1.06288763e+00  3.93823198e-03 -8.17541024e+04 -1.46012357e+06 -5.61563445e+04 -9.44606268e+05 -2.75761445e+04 -2.70858150e+05 
 1.08143395e+01 -9.99999893e-01  1.62145901e-06 -1.01117452e+00  6.26651197e-04 -1.05744358e+00  3.37453852e-03 -1.06304075e+00  3.94378328e-03 -8.17709746e+04 -1.46194724e+06 -5.61717458e+04 -9.45822417e+05 -2.75825459e+04 -2.71209221e+05 
 1.08267972e+01 -9.99999893e-01  1.62346906e-06 -1.01120137e+00  6.27502675e-04 -1.05758338e+00  3.37931176e-03 -1.06319427e+00  3.94934489e-03 -8.17878922e+04 -1.46377353e+06 -5.61871886e+04 -9.47040442e+05 -2.75889643e+04 -2.71560841e+05 
 1.08392691e+01 -9.99999893e-01  1.62548196e-06 -1.01122829e+00  6.28355632e-04 -1.05772354e+00  3.38409391e-03 -1.06334818e+00  3.95491682e-03 -8.18048553e+04 -1.46560246e+06 -5.62026730e+04 -9.48260348e+05 -2.75953998e+04 -2.71913013e+05 
 1.08517555e+01 -9.99999893e-01  1.62749768e-06 -1.01125527e+00  6.29210071e-04 -1.05786406e+00  3.38888500e-03 -1.06350248e+00  3.96049909e-03 -8.18218641e+04 -1.46743402e+06 -5.62181992e+04 -9.49482140e+05 -2.76018524e+04 -2.72265736e+05 
 1.08642562e+01 -9.99999893e-01  1.62951626e-06 -1.01128232e+00  6.30065998e-04 -1.05800494e+00  3.39368505e-03 -1.06365718e+00  3.96609175e-03 -8.18389186e+04 -1.46926823e+06 -5.62337673e+04 -9.50705820e+05 -2.76083223e+04 -2.72619013e+05 
 1.08767714e+01 -9.99999893e-01  1.63153771e-06 -1.01130944e+00  6.30923414e-04 -1.05814618e+00  3.39849407e-03 -1.06381228e+00  3.97169482e-03 -8.18560190e+04 -1.47110508e+06 -5.62493774e+04 -9.51931393e+05 -2.76148094e+04 -2.72972844e+05 
 1.08893009e+01 -9.99999893e-01  1.63356204e-06 -1.01133663e+00  6.31782325e-04 -1.05828778e+00  3.40331211e-03 -1.06396777e+00  3.97730832e-03 -8.18731654e+04 -1.47294459e+06 -5.62650296e+04 -9.53158863e+05 -2.76213137e+04 -2.73327231e+05 
 1.09018449e+01 -9.99999893e-01  1.63558923e-06 -1.01136388e+00  6.32642734e-04 -1.05842975e+00  3.40813917e-03 -1.06412367e+00  3.98293229e-03 -8.18903581e+04 -1.47478675e+06 -5.62807241e+04 -9.54388234e+05 -2.76278355e+04 -2.73682174e+05 
 1.09144034e+01 -9.99999893e-01  1.63761929e-06 -1.01139120e+00  6.33504644e-04 -1.05857208e+00  3.41297529e-03 -1.06427996e+00  3.98856675e-03 -8.19075971e+04 -1.47663157e+06 -5.62964610e+04 -9.55619510e+05 -2.76343746e+04 -2.74037676e+05 
 1.09269763e+01 -9.99999893e-01  1.63965224e-06 -1.01141859e+00  6.34368060e-04 -1.05871478e+00  3.41782050e-03 -1.06443666e+00  3.99421173e-03 -8.19248825e+04 -1.47847906e+06 -5.63122404e+04 -9.56852696e+05 -2.76409313e+04 -2.74393738e+05 
 1.09395637e+01 -9.99999893e-01  1.64168806e-06 -1.01144605e+00  6.35232986e-04 -1.05885784e+00  3.42267480e-03 -1.06459376e+00  3.99986727e-03 -8.19422146e+04 -1.48032923e+06 -5.63280625e+04 -9.58087794e+05 -2.76475054e+04 -2.74750360e+05 
 1.09521656e+01 -9.99999893e-01  1.64372679e-06 -1.01147358e+00  6.36099425e-04 -1.05900127e+00  3.42753824e-03 -1.06475126e+00  4.00553338e-03 -8.19595934e+04 -1.48218207e+06 -5.63439274e+04 -9.59324811e+05 -2.76540971e+04 -2.75107543e+05 
 1.09647820e+01 -9.99999893e-01  1.64576839e-06 -1.01150118e+00  6.36967380e-04 -1.05914507e+00  3.43241084e-03 -1.06490917e+00  4.01121009e-03 -8.19770192e+04 -1.48403760e+06 -5.63598352e+04 -9.60563749e+05 -2.76607064e+04 -2.75465290e+05 
 1.09774129e+01 -9.99999893e-01  1.64781291e-06 -1.01152885e+00  6.37836857e-04 -1.05928923e+00  3.43729261e-03 -1.06506748e+00  4.01689745e-03 -8.19944919e+04 -1.48589581e+06 -5.63757860e+04 -9.61804613e+05 -2.76673333e+04 -2.75823601e+05 
 1.09900584e+01 -9.99999893e-01  1.64986035e-06 -1.01155658e+00  6.38707858e-04 -1.05943377e+00  3.44218360e-03 -1.06522620e+00  4.02259547e-03 -8.20120119e+04 -1.48775672e+06 -5.63917801e+04 -9.63047406e+05 -2.76739780e+04 -2.76182478e+05 
 1.10027185e+01 -9.99999893e-01  1.65191069e-06 -1.01158439e+00  6.39580389e-04 -1.05957868e+00  3.44708381e-03 -1.06538533e+00  4.02830419e-03 -8.20295792e+04 -1.48962032e+06 -5.64078174e+04 -9.64292134e+05 -2.76806405e+04 -2.76541922e+05 
 1.10153931e+01 -9.99999893e-01  1.65396395e-06 -1.01161226e+00  6.40454452e-04 -1.05972397e+00  3.45199328e-03 -1.06554487e+00  4.03402363e-03 -8.20471939e+04 -1.49148663e+06 -5.64238982e+04 -9.65538800e+05 -2.76873208e+04 -2.76901933e+05 
 1.10280823e+01 -9.99999893e-01  1.65602013e-06 -1.01164021e+00  6.41330051e-04 -1.05986962e+00  3.45691203e-03 -1.06570482e+00  4.03975382e-03 -8.20648563e+04 -1.49335565e+06 -5.64400226e+04 -9.66787409e+05 -2.76940189e+04 -2.77262514e+05 
 1.10407862e+01 -9.99999893e-01  1.65807924e-06 -1.01166822e+00  6.42207192e-04 -1.06001565e+00  3.46184009e-03 -1.06586519e+00  4.04549480e-03 -8.20825665e+04 -1.49522739e+06 -5.64561907e+04 -9.68037964e+05 -2.77007351e+04 -2.77623665e+05 
 1.10535047e+01 -9.99999893e-01  1.66014131e-06 -1.01169631e+00  6.43085876e-04 -1.06016206e+00  3.46677749e-03 -1.06602596e+00  4.05124659e-03 -8.21003246e+04 -1.49710184e+06 -5.64724027e+04 -9.69290471e+05 -2.77074692e+04 -2.77985389e+05 
 1.10662378e+01 -9.99999893e-01  1.66220630e-06 -1.01172447e+00  6.43966110e-04 -1.06030884e+00  3.47172424e-03 -1.06618715e+00  4.05700922e-03 -8.21181307e+04 -1.49897902e+06 -5.64886587e+04 -9.70544932e+05 -2.77142213e+04 -2.78347685e+05 
 1.10789857e+01 -9.99999893e-01  1.66427424e-06 -1.01175269e+00  6.44847895e-04 -1.06045601e+00  3.47668038e-03 -1.06634876e+00  4.06278273e-03 -8.21359850e+04 -1.50085894e+06 -5.65049587e+04 -9.71801353e+05 -2.77209916e+04 -2.78710556e+05 
 1.10917482e+01 -9.99999893e-01  1.66634514e-06 -1.01178099e+00  6.45731238e-04 -1.06060355e+00  3.48164594e-03 -1.06651078e+00  4.06856714e-03 -8.21538877e+04 -1.50274158e+06 -5.65213031e+04 -9.73059738e+05 -2.77277800e+04 -2.79074002e+05 
 1.11045254e+01 -9.99999893e-01  1.66841899e-06 -1.01180936e+00  6.46616140e-04 -1.06075147e+00  3.48662093e-03 -1.06667322e+00  4.07436248e-03 -8.21718389e+04 -1.50462697e+06 -5.65376918e+04 -9.74320090e+05 -2.77345866e+04 -2.79438025e+05 
 1.11173173e+01 -9.99999893e-01  1.67049581e-06 -1.01183780e+00  6.47502608e-04 -1.06089977e+00  3.49160538e-03 -1.06683608e+00  4.08016878e-03 -8.21898388e+04 -1.50651511e+06 -5.65541251e+04 -9.75582415e+05 -2.77414114e+04 -2.79802627e+05 
 1.11301239e+01 -9.99999893e-01  1.67257559e-06 -1.01186631e+00  6.48390644e-04 -1.06104845e+00  3.49659933e-03 -1.06699936e+00  4.08598608e-03 -8.22078875e+04 -1.50840599e+06 -5.65706030e+04 -9.76846717e+05 -2.77482546e+04 -2.80167808e+05 
 1.11429453e+01 -9.99999893e-01  1.67465834e-06 -1.01189490e+00  6.49280252e-04 -1.06119752e+00  3.50160279e-03 -1.06716306e+00  4.09181440e-03 -8.22259851e+04 -1.51029964e+06 -5.65871258e+04 -9.78112999e+05 -2.77551162e+04 -2.80533569e+05 
 1.11557815e+01 -9.99999893e-01  1.67674409e-06 -1.01192355e+00  6.50171438e-04 -1.06134697e+00  3.50661579e-03 -1.06732718e+00  4.09765377e-03 -8.22441318e+04 -1.51219605e+06 -5.66036935e+04 -9.79381267e+05 -2.77619962e+04 -2.80899913e+05 
 1.11686325e+01 -9.99999893e-01  1.67883282e-06 -1.01195228e+00  6.51064204e-04 -1.06149681e+00  3.51163837e-03 -1.06749173e+00  4.10350423e-03 -8.22623278e+04 -1.51409522e+06 -5.66203062e+04 -9.80651525e+05 -2.77688947e+04 -2.81266841e+05 
 1.11814982e+01 -9.99999893e-01  1.68092454e-06 -1.01198108e+00  6.51958555e-04 -1.06164703e+00  3.51667054e-03 -1.06765670e+00  4.10936581e-03 -8.22805732e+04 -1.51599717e+06 -5.66369643e+04 -9.81923776e+05 -2.77758117e+04 -2.81634352e+05 
 1.11943788e+01 -9.99999893e-01  1.68301928e-06 -1.01200995e+00  6.52854496e-04 -1.06179765e+00  3.52171234e-03 -1.06782210e+00  4.11523853e-03 -8.22988681e+04 -1.51790190e+06 -5.66536676e+04 -9.83198025e+05 -2.77827473e+04 -2.82002450e+05 
 1.12072743e+01 -9.99999893e-01  1.68511698e-06 -1.01203890e+00  6.53752029e-04 -1.06194865e+00  3.52676378e-03 -1.06798792e+00  4.12112242e-03 -8.23172128e+04 -1.51980942e+06 -5.66704165e+04 -9.84474278e+05 -2.77897016e+04 -2.82371136e+05 
 1.12201845e+01 -9.99999893e-01  1.68721772e-06 -1.01206792e+00  6.54651160e-04 -1.06210004e+00  3.53182490e-03 -1.06815418e+00  4.12701753e-03 -8.23356073e+04 -1.52171973e+06 -5.66872110e+04 -9.85752537e+05 -2.77966746e+04 -2.82740410e+05 
 1.12331097e+01 -9.99999893e-01  1.68932148e-06 -1.01209701e+00  6.55551893e-04 -1.06225182e+00  3.53689573e-03 -1.06832086e+00  4.13292388e-03 -8.23540518e+04 -1.52363283e+06 -5.67040514e+04 -9.87032808e+05 -2.78036664e+04 -2.83110273e+05 
 1.12460497e+01 -9.99999893e-01  1.69142824e-06 -1.01212617e+00  6.56454231e-04 -1.06240399e+00  3.54197629e-03 -1.06848798e+00  4.13884149e-03 -8.23725466e+04 -1.52554873e+06 -5.67209376e+04 -9.88315095e+05 -2.78106770e+04 -2.83480728e+05 
 1.12590047e+01 -9.99999893e-01  1.69353804e-06 -1.01215541e+00  6.57358179e-04 -1.06255656e+00  3.54706661e-03 -1.06865553e+00  4.14477041e-03 -8.23910916e+04 -1.52746744e+06 -5.67378699e+04 -9.89599403e+05 -2.78177065e+04 -2.83851776e+05 
 1.12719746e+01 -9.99999893e-01  1.69565087e-06 -1.01218472e+00  6.58263742e-04 -1.06270952e+00  3.55216672e-03 -1.06882351e+00  4.15071067e-03 -8.24096872e+04 -1.52938897e+06 -5.67548485e+04 -9.90885735e+05 -2.78247549e+04 -2.84223418e+05 
 1.12849594e+01 -9.99999893e-01  1.69776673e-06 -1.01221411e+00  6.59170922e-04 -1.06286288e+00  3.55727664e-03 -1.06899192e+00  4.15666229e-03 -8.24283334e+04 -1.53131331e+06 -5.67718734e+04 -9.92174097e+05 -2.78318223e+04 -2.84595655e+05 
 1.12979591e+01 -9.99999893e-01  1.69988564e-06 -1.01224357e+00  6.60079726e-04 -1.06301663e+00  3.56239640e-03 -1.06916077e+00  4.16262531e-03 -8.24470304e+04 -1.53324047e+06 -5.67889448e+04 -9.93464492e+05 -2.78389088e+04 -2.84968488e+05 
 1.13109739e+01 -9.99999893e-01  1.70200761e-06 -1.01227310e+00  6.60990156e-04 -1.06317078e+00  3.56752603e-03 -1.06933006e+00  4.16859975e-03 -8.24657783e+04 -1.53517047e+06 -5.68060629e+04 -9.94756926e+05 -2.78460144e+04 -2.85341920e+05 
 1.13240036e+01 -9.99999893e-01  1.70413263e-06 -1.01230271e+00  6.61902217e-04 -1.06332533e+00  3.57266556e-03 -1.06949979e+00  4.17458566e-03 -8.24845774e+04 -1.53710330e+06 -5.68232277e+04 -9.96051403e+05 -2.78531391e+04 -2.85715951e+05 
 1.13370484e+01 -9.99999892e-01  1.70626072e-06 -1.01233239e+00  6.62815914e-04 -1.06348028e+00  3.57781502e-03 -1.06966996e+00  4.18058307e-03 -8.25034277e+04 -1.53903897e+06 -5.68404395e+04 -9.97347927e+05 -2.78602831e+04 -2.86090582e+05 
 1.13501082e+01 -9.99999892e-01  1.70839186e-06 -1.01236215e+00  6.63731251e-04 -1.06363563e+00  3.58297443e-03 -1.06984057e+00  4.18659200e-03 -8.25223295e+04 -1.54097749e+06 -5.68576984e+04 -9.98646503e+05 -2.78674464e+04 -2.86465816e+05 
 1.13631830e+01 -9.99999892e-01  1.71052608e-06 -1.01239198e+00  6.64648232e-04 -1.06379138e+00  3.58814382e-03 -1.07001162e+00  4.19261249e-03 -8.25412829e+04 -1.54291886e+06 -5.68750045e+04 -9.99947135e+05 -2.78746291e+04 -2.86841652e+05 
 1.13762729e+01 -9.99999892e-01  1.71266339e-06 -1.01242189e+00  6.65566861e-04 -1.06394754e+00  3.59332322e-03 -1.07018311e+00  4.19864457e-03 -8.25602880e+04 -1.54486309e+06 -5.68923580e+04 -1.00124983e+06 -2.78818311e+04 -2.87218094e+05 
 1.13893778e+01 -9.99999892e-01  1.71480377e-06 -1.01245188e+00  6.66487143e-04 -1.06410410e+00  3.59851266e-03 -1.07035505e+00  4.20468827e-03 -8.25793451e+04 -1.54681018e+06 -5.69097591e+04 -1.00255459e+06 -2.78890526e+04 -2.87595142e+05 
 1.14024979e+01 -9.99999892e-01  1.71694727e-06 -1.01248194e+00  6.67409083e-04 -1.06426107e+00  3.60371216e-03 -1.07052744e+00  4.21074363e-03 -8.25984542e+04 -1.54876014e+06 -5.69272078e+04 -1.00386142e+06 -2.78962937e+04 -2.87972797e+05 
 1.14156330e+01 -9.99999892e-01  1.71909385e-06 -1.01251207e+00  6.68332684e-04 -1.06441844e+00  3.60892177e-03 -1.07070027e+00  4.21681068e-03 -8.26176156e+04 -1.55071298e+06 -5.69447044e+04 -1.00517032e+06 -2.79035543e+04 -2.88351062e+05 
 1.14287833e+01 -9.99999892e-01  1.72124354e-06 -1.01254228e+00  6.69257951e-04 -1.06457622e+00  3.61414149e-03 -1.07087355e+00  4.22288946e-03 -8.26368293e+04 -1.55266870e+06 -5.69622489e+04 -1.00648131e+06 -2.79108346e+04 -2.88729936e+05 
 1.14419488e+01 -9.99999892e-01  1.72339632e-06 -1.01257257e+00  6.70184888e-04 -1.06473441e+00  3.61937137e-03 -1.07104728e+00  4.22897999e-03 -8.26560957e+04 -1.55462730e+06 -5.69798415e+04 -1.00779437e+06 -2.79181346e+04 -2.89109422e+05 
 1.14551294e+01 -9.99999892e-01  1.72555224e-06 -1.01260294e+00  6.71113500e-04 -1.06489302e+00  3.62461144e-03 -1.07122147e+00  4.23508231e-03 -8.26754147e+04 -1.55658880e+06 -5.69974825e+04 -1.00910953e+06 -2.79254543e+04 -2.89489522e+05 
 1.14683252e+01 -9.99999892e-01  1.72771128e-06 -1.01263338e+00  6.72043792e-04 -1.06505203e+00  3.62986171e-03 -1.07139610e+00  4.24119645e-03 -8.26947867e+04 -1.55855320e+06 -5.70151718e+04 -1.01042678e+06 -2.79327939e+04 -2.89870235e+05 
 1.14815362e+01 -9.99999892e-01  1.72987345e-06 -1.01266389e+00  6.72975767e-04 -1.06521145e+00  3.63512222e-03 -1.07157119e+00  4.24732245e-03 -8.27142117e+04 -1.56052050e+06 -5.70329098e+04 -1.01174613e+06 -2.79401534e+04 -2.90251565e+05 
 1.14947624e+01 -9.99999892e-01  1.73203873e-06 -1.01269449e+00  6.73909431e-04 -1.06537129e+00  3.64039301e-03 -1.07174674e+00  4.25346034e-03 -8.27336900e+04 -1.56249071e+06 -5.70506965e+04 -1.01306758e+06 -2.79475328e+04 -2.90633512e+05 
 1.15080039e+01 -9.99999892e-01  1.73420716e-06 -1.01272516e+00  6.74844787e-04 -1.06553155e+00  3.64567409e-03 -1.07192274e+00  4.25961015e-03 -8.27532217e+04 -1.56446384e+06 -5.70685320e+04 -1.01439114e+06 -2.79549323e+04 -2.91016077e+05 
 1.15212606e+01 -9.99999892e-01  1.73637876e-06 -1.01275591e+00  6.75781841e-04 -1.06569222e+00  3.65096551e-03 -1.07209920e+00  4.26577193e-03 -8.27728069e+04 -1.56643989e+06 -5.70864167e+04 -1.01571681e+06 -2.79623518e+04 -2.91399263e+05 
 1.15345326e+01 -9.99999892e-01  1.73855349e-06 -1.01278674e+00  6.76720596e-04 -1.06585331e+00  3.65626728e-03 -1.07227612e+00  4.27194569e-03 -8.27924458e+04 -1.56841886e+06 -5.71043505e+04 -1.01704460e+06 -2.79697915e+04 -2.91783070e+05 
 1.15478198e+01 -9.99999892e-01  1.74073139e-06 -1.01281765e+00  6.77661058e-04 -1.06601482e+00  3.66157944e-03 -1.07245349e+00  4.27813148e-03 -8.28121387e+04 -1.57040077e+06 -5.71223337e+04 -1.01837451e+06 -2.79772513e+04 -2.92167501e+05 
 1.15611224e+01 -9.99999892e-01  1.74291246e-06 -1.01284863e+00  6.78603231e-04 -1.06617674e+00  3.66690202e-03 -1.07263133e+00  4.28432934e-03 -8.28318856e+04 -1.57238562e+06 -5.71403663e+04 -1.01970655e+06 -2.79847315e+04 -2.92552555e+05 
 1.15744403e+01 -9.99999892e-01  1.74509670e-06 -1.01287970e+00  6.79547120e-04 -1.06633909e+00  3.67223504e-03 -1.07280964e+00  4.29053929e-03 -8.28516867e+04 -1.57437342e+06 -5.71584487e+04 -1.02104072e+06 -2.79922319e+04 -2.92938236e+05 
 1.15877736e+01 -9.99999892e-01  1.74728412e-06 -1.01291084e+00  6.80492729e-04 -1.06650186e+00  3.67757855e-03 -1.07298840e+00  4.29676136e-03 -8.28715423e+04 -1.57636417e+06 -5.71765808e+04 -1.02237702e+06 -2.79997528e+04 -2.93324544e+05 
 1.16011222e+01 -9.99999892e-01  1.74947469e-06 -1.01294206e+00  6.81440063e-04 -1.06666506e+00  3.68293256e-03 -1.07316764e+00  4.30299561e-03 -8.28914524e+04 -1.57835787e+06 -5.71947630e+04 -1.02371547e+06 -2.80072940e+04 -2.93711480e+05 
 1.16144861e+01 -9.99999892e-01  1.75166851e-06 -1.01297336e+00  6.82389126e-04 -1.06682868e+00  3.68829712e-03 -1.07334734e+00  4.30924205e-03 -8.29114173e+04 -1.58035454e+06 -5.72129952e+04 -1.02505606e+06 -2.80148558e+04 -2.94099047e+05 
 1.16278655e+01 -9.99999892e-01  1.75386548e-06 -1.01300474e+00  6.83339923e-04 -1.06699272e+00  3.69367224e-03 -1.07352751e+00  4.31550073e-03 -8.29314371e+04 -1.58235418e+06 -5.72312778e+04 -1.02639880e+06 -2.80224382e+04 -2.94487245e+05 
 1.16412603e+01 -9.99999892e-01  1.75606567e-06 -1.01303620e+00  6.84292459e-04 -1.06715720e+00  3.69905796e-03 -1.07370815e+00  4.32177168e-03 -8.29515120e+04 -1.58435680e+06 -5.72496108e+04 -1.02774370e+06 -2.80300412e+04 -2.94876076e+05 
 1.16546705e+01 -9.99999892e-01  1.75826908e-06 -1.01306774e+00  6.85246739e-04 -1.06732210e+00  3.70445431e-03 -1.07388926e+00  4.32805494e-03 -8.29716422e+04 -1.58636240e+06 -5.72679945e+04 -1.02909076e+06 -2.80376650e+04 -2.95265542e+05 
 1.16680962e+01 -9.99999892e-01  1.76047568e-06 -1.01309935e+00  6.86202767e-04 -1.06748743e+00  3.70986133e-03 -1.07407084e+00  4.33435053e-03 -8.29918278e+04 -1.58837098e+06 -5.72864289e+04 -1.03043998e+06 -2.80453095e+04 -2.95655644e+05 
 1.16815373e+01 -9.99999892e-01  1.76268553e-06 -1.01313105e+00  6.87160548e-04 -1.06765319e+00  3.71527904e-03 -1.07425290e+00  4.34065851e-03 -8.30120691e+04 -1.59038256e+06 -5.73049142e+04 -1.03179138e+06 -2.80529748e+04 -2.96046384e+05 
 1.16949939e+01 -9.99999892e-01  1.76489858e-06 -1.01316283e+00  6.88120086e-04 -1.06781939e+00  3.72070747e-03 -1.07443543e+00  4.34697889e-03 -8.30323661e+04 -1.59239714e+06 -5.73234507e+04 -1.03314495e+06 -2.80606610e+04 -2.96437762e+05 
 1.17084660e+01 -9.99999892e-01  1.76711490e-06 -1.01319469e+00  6.89081387e-04 -1.06798601e+00  3.72614665e-03 -1.07461844e+00  4.35331172e-03 -8.30527191e+04 -1.59441473e+06 -5.73420384e+04 -1.03450070e+06 -2.80683682e+04 -2.96829781e+05 
 1.17219537e+01 -9.99999892e-01  1.76933443e-06 -1.01322663e+00  6.90044456e-04 -1.06815308e+00  3.73159662e-03 -1.07480192e+00  4.35965704e-03 -8.30731283e+04 -1.59643533e+06 -5.73606775e+04 -1.03585863e+06 -2.80760964e+04 -2.97222442e+05 
 1.17354568e+01 -9.99999892e-01  1.77155722e-06 -1.01325865e+00  6.91009296e-04 -1.06832058e+00  3.73705741e-03 -1.07498589e+00  4.36601488e-03 -8.30935938e+04 -1.59845895e+06 -5.73793682e+04 -1.03721876e+06 -2.80838457e+04 -2.97615746e+05 
 1.17489755e+01 -9.99999892e-01  1.77378325e-06 -1.01329076e+00  6.91975914e-04 -1.06848851e+00  3.74252905e-03 -1.07517034e+00  4.37238528e-03 -8.31141158e+04 -1.60048559e+06 -5.73981106e+04 -1.03858108e+06 -2.80916162e+04 -2.98009696e+05 
 1.17625098e+01 -9.99999892e-01  1.77601258e-06 -1.01332294e+00  6.92944313e-04 -1.06865689e+00  3.74801157e-03 -1.07535527e+00  4.37876827e-03 -8.31346944e+04 -1.60251527e+06 -5.74169050e+04 -1.03994560e+06 -2.80994079e+04 -2.98404291e+05 
 1.17760597e+01 -9.99999892e-01  1.77824515e-06 -1.01335521e+00  6.93914499e-04 -1.06882570e+00  3.75350501e-03 -1.07554068e+00  4.38516389e-03 -8.31553300e+04 -1.60454798e+06 -5.74357514e+04 -1.04131233e+06 -2.81072209e+04 -2.98799535e+05 
 1.17896252e+01 -9.99999892e-01  1.78048100e-06 -1.01338756e+00  6.94886476e-04 -1.06899496e+00  3.75900939e-03 -1.07572658e+00  4.39157217e-03 -8.31760226e+04 -1.60658374e+06 -5.74546501e+04 -1.04268127e+06 -2.81150553e+04 -2.99195428e+05 
 1.18032064e+01 -9.99999892e-01  1.78272012e-06 -1.01341999e+00  6.95860250e-04 -1.06916465e+00  3.76452474e-03 -1.07591296e+00  4.39799316e-03 -8.31967724e+04 -1.60862254e+06 -5.74736012e+04 -1.04405242e+06 -2.81229110e+04 -2.99591973e+05 
 1.18168031e+01 -9.99999892e-01  1.78496254e-06 -1.01345250e+00  6.96835825e-04 -1.06933479e+00  3.77005110e-03 -1.07609983e+00  4.40442690e-03 -8.32175796e+04 -1.61066441e+06 -5.74926048e+04 -1.04542579e+06 -2.81307883e+04 -2.99989169e+05 
 1.18304156e+01 -9.99999892e-01  1.78720825e-06 -1.01348510e+00  6.97813206e-04 -1.06950538e+00  3.77558851e-03 -1.07628719e+00  4.41087341e-03 -8.32384444e+04 -1.61270933e+06 -5.75116613e+04 -1.04680139e+06 -2.81386871e+04 -3.00387020e+05 
 1.18440437e+01 -9.99999892e-01  1.78945726e-06 -1.01351778e+00  6.98792399e-04 -1.06967641e+00  3.78113699e-03 -1.07647505e+00  4.41733273e-03 -8.32593670e+04 -1.61475733e+06 -5.75307706e+04 -1.04817922e+06 -2.81466076e+04 -3.00785526e+05 
 1.18576875e+01 -9.99999892e-01  1.79170958e-06 -1.01355054e+00  6.99773408e-04 -1.06984789e+00  3.78669658e-03 -1.07666339e+00  4.42380491e-03 -8.32803475e+04 -1.61680840e+06 -5.75499330e+04 -1.04955929e+06 -2.81545497e+04 -3.01184690e+05 
 1.18713470e+01 -9.99999892e-01  1.79396521e-06 -1.01358339e+00  7.00756238e-04 -1.07001982e+00  3.79226730e-03 -1.07685223e+00  4.43028998e-03 -8.33013862e+04 -1.61886255e+06 -5.75691486e+04 -1.05094159e+06 -2.81625136e+04 -3.01584512e+05 
 1.18850223e+01 -9.99999892e-01  1.79622415e-06 -1.01361631e+00  7.01740894e-04 -1.07019220e+00  3.79784920e-03 -1.07704156e+00  4.43678797e-03 -8.33224831e+04 -1.62091979e+06 -5.75884177e+04 -1.05232615e+06 -2.81704994e+04 -3.01984995e+05 
 1.18987133e+01 -9.99999892e-01  1.79848644e-06 -1.01364933e+00  7.02727382e-04 -1.07036503e+00  3.80344230e-03 -1.07723139e+00  4.44329894e-03 -8.33436387e+04 -1.62298012e+06 -5.76077404e+04 -1.05371295e+06 -2.81785070e+04 -3.02386139e+05 
 1.19124201e+01 -9.99999892e-01  1.80075205e-06 -1.01368242e+00  7.03715705e-04 -1.07053831e+00  3.80904664e-03 -1.07742172e+00  4.44982290e-03 -8.33648529e+04 -1.62504356e+06 -5.76271168e+04 -1.05510201e+06 -2.81865366e+04 -3.02787946e+05 
 1.19261427e+01 -9.99999892e-01  1.80302101e-06 -1.01371561e+00  7.04705871e-04 -1.07071205e+00  3.81466225e-03 -1.07761254e+00  4.45635991e-03 -8.33861260e+04 -1.62711011e+06 -5.76465472e+04 -1.05649334e+06 -2.81945883e+04 -3.03190419e+05 
 1.19398810e+01 -9.99999892e-01  1.80529329e-06 -1.01374887e+00  7.05697882e-04 -1.07088624e+00  3.82028917e-03 -1.07780387e+00  4.46291000e-03 -8.34074581e+04 -1.62917976e+06 -5.76660317e+04 -1.05788693e+06 -2.82026620e+04 -3.03593558e+05 
 1.19536353e+01 -9.99999892e-01  1.80756895e-06 -1.01378222e+00  7.06691745e-04 -1.07106089e+00  3.82592742e-03 -1.07799570e+00  4.46947321e-03 -8.34288496e+04 -1.63125254e+06 -5.76855705e+04 -1.05928279e+06 -2.82107579e+04 -3.03997365e+05 
 1.19674053e+01 -9.99999892e-01  1.80984796e-06 -1.01381566e+00  7.07687465e-04 -1.07123600e+00  3.83157705e-03 -1.07818803e+00  4.47604958e-03 -8.34503005e+04 -1.63332845e+06 -5.77051637e+04 -1.06068093e+06 -2.82188761e+04 -3.04401842e+05 
 1.19811912e+01 -9.99999892e-01  1.81213035e-06 -1.01384918e+00  7.08685047e-04 -1.07141157e+00  3.83723809e-03 -1.07838087e+00  4.48263915e-03 -8.34718110e+04 -1.63540749e+06 -5.77248116e+04 -1.06208135e+06 -2.82270166e+04 -3.04806990e+05 
 1.19949930e+01 -9.99999892e-01  1.81441611e-06 -1.01388279e+00  7.09684496e-04 -1.07158759e+00  3.84291056e-03 -1.07857422e+00  4.48924195e-03 -8.34933813e+04 -1.63748967e+06 -5.77445143e+04 -1.06348406e+06 -2.82351795e+04 -3.05212810e+05 
 1.20088107e+01 -9.99999891e-01  1.81670524e-06 -1.01391648e+00  7.10685817e-04 -1.07176408e+00  3.84859451e-03 -1.07876807e+00  4.49585803e-03 -8.35150117e+04 -1.63957499e+06 -5.77642719e+04 -1.06488907e+06 -2.82433648e+04 -3.05619305e+05 
 1.20226443e+01 -9.99999891e-01  1.81899776e-06 -1.01395026e+00  7.11689016e-04 -1.07194104e+00  3.85428996e-03 -1.07896244e+00  4.50248742e-03 -8.35367023e+04 -1.64166347e+06 -5.77840847e+04 -1.06629637e+06 -2.82515726e+04 -3.06026477e+05 
 1.20364939e+01 -9.99999891e-01  1.82129369e-06 -1.01398412e+00  7.12694097e-04 -1.07211845e+00  3.85999696e-03 -1.07915731e+00  4.50913017e-03 -8.35584534e+04 -1.64375511e+06 -5.78039529e+04 -1.06770598e+06 -2.82598031e+04 -3.06434326e+05 
 1.20503594e+01 -9.99999891e-01  1.82359301e-06 -1.01401807e+00  7.13701066e-04 -1.07229634e+00  3.86571553e-03 -1.07935270e+00  4.51578631e-03 -8.35802650e+04 -1.64584992e+06 -5.78238766e+04 -1.06911790e+06 -2.82680562e+04 -3.06842854e+05 
 1.20642409e+01 -9.99999891e-01  1.82589574e-06 -1.01405211e+00  7.14709929e-04 -1.07247469e+00  3.87144572e-03 -1.07954860e+00  4.52245588e-03 -8.36021374e+04 -1.64794790e+06 -5.78438560e+04 -1.07053213e+06 -2.82763320e+04 -3.07252063e+05 
 1.20781384e+01 -9.99999891e-01  1.82820190e-06 -1.01408624e+00  7.15720690e-04 -1.07265351e+00  3.87718755e-03 -1.07974502e+00  4.52913893e-03 -8.36240708e+04 -1.65004906e+06 -5.78638912e+04 -1.07194868e+06 -2.82846307e+04 -3.07661954e+05 
 1.20920518e+01 -9.99999891e-01  1.83051147e-06 -1.01412045e+00  7.16733354e-04 -1.07283280e+00  3.88294106e-03 -1.07994195e+00  4.53583549e-03 -8.36460655e+04 -1.65215341e+06 -5.78839825e+04 -1.07336756e+06 -2.82929523e+04 -3.08072530e+05 
 1.21059813e+01 -9.99999891e-01  1.83282447e-06 -1.01415475e+00  7.17747928e-04 -1.07301256e+00  3.88870629e-03 -1.08013940e+00  4.54254561e-03 -8.36681215e+04 -1.65426095e+06 -5.79041301e+04 -1.07478877e+06 -2.83012968e+04 -3.08483791e+05 
 1.21199269e+01 -9.99999891e-01  1.83514091e-06 -1.01418914e+00  7.18764417e-04 -1.07319280e+00  3.89448327e-03 -1.08033738e+00  4.54926932e-03 -8.36902391e+04 -1.65637169e+06 -5.79243341e+04 -1.07621232e+06 -2.83096643e+04 -3.08895740e+05 
 1.21338885e+01 -9.99999891e-01  1.83746079e-06 -1.01422361e+00  7.19782825e-04 -1.07337351e+00  3.90027204e-03 -1.08053587e+00  4.55600667e-03 -8.37124185e+04 -1.65848564e+06 -5.79445947e+04 -1.07763821e+06 -2.83180550e+04 -3.09308377e+05 
 1.21478662e+01 -9.99999891e-01  1.83978412e-06 -1.01425818e+00  7.20803158e-04 -1.07355469e+00  3.90607263e-03 -1.08073489e+00  4.56275769e-03 -8.37346598e+04 -1.66060280e+06 -5.79649120e+04 -1.07906645e+06 -2.83264688e+04 -3.09721706e+05 
 1.21618600e+01 -9.99999891e-01  1.84211090e-06 -1.01429283e+00  7.21825423e-04 -1.07373636e+00  3.91188508e-03 -1.08093443e+00  4.56952243e-03 -8.37569634e+04 -1.66272318e+06 -5.79852864e+04 -1.08049704e+06 -2.83349058e+04 -3.10135727e+05 
 1.21758699e+01 -9.99999891e-01  1.84444116e-06 -1.01432757e+00  7.22849623e-04 -1.07391850e+00  3.91770942e-03 -1.08113450e+00  4.57630093e-03 -8.37793293e+04 -1.66484679e+06 -5.80057179e+04 -1.08192999e+06 -2.83433662e+04 -3.10550442e+05 
 1.21898960e+01 -9.99999891e-01  1.84677489e-06 -1.01436240e+00  7.23875765e-04 -1.07410112e+00  3.92354569e-03 -1.08133510e+00  4.58309322e-03 -8.38017579e+04 -1.66697363e+06 -5.80262067e+04 -1.08336530e+06 -2.83518500e+04 -3.10965852e+05 
 1.22039382e+01 -9.99999891e-01  1.84911210e-06 -1.01439732e+00  7.24903854e-04 -1.07428422e+00  3.92939392e-03 -1.08153623e+00  4.58989936e-03 -8.38242492e+04 -1.66910372e+06 -5.80467531e+04 -1.08480299e+06 -2.83603573e+04 -3.11381960e+05 
 1.22179966e+01 -9.99999891e-01  1.85145279e-06 -1.01443232e+00  7.25933896e-04 -1.07446781e+00  3.93525416e-03 -1.08173789e+00  4.59671938e-03 -8.38468035e+04 -1.67123705e+06 -5.80673572e+04 -1.08624305e+06 -2.83688881e+04 -3.11798767e+05 
 1.22320712e+01 -9.99999891e-01  1.85379699e-06 -1.01446742e+00  7.26965896e-04 -1.07465188e+00  3.94112644e-03 -1.08194008e+00  4.60355332e-03 -8.38694210e+04 -1.67337364e+06 -5.80880192e+04 -1.08768549e+06 -2.83774425e+04 -3.12216275e+05 
 1.22461620e+01 -9.99999891e-01  1.85614468e-06 -1.01450261e+00  7.27999859e-04 -1.07483643e+00  3.94701079e-03 -1.08214280e+00  4.61040123e-03 -8.38921019e+04 -1.67551349e+06 -5.81087392e+04 -1.08913032e+06 -2.83860206e+04 -3.12634485e+05 
 1.22602690e+01 -9.99999891e-01  1.85849586e-06 -1.01453789e+00  7.29035792e-04 -1.07502148e+00  3.95290725e-03 -1.08234606e+00  4.61726315e-03 -8.39148465e+04 -1.67765661e+06 -5.81295176e+04 -1.09057754e+06 -2.83946225e+04 -3.13053399e+05 
 1.22743923e+01 -9.99999891e-01  1.86085059e-06 -1.01457326e+00  7.30073700e-04 -1.07520701e+00  3.95881586e-03 -1.08254986e+00  4.62413912e-03 -8.39376548e+04 -1.67980300e+06 -5.81503544e+04 -1.09202716e+06 -2.84032483e+04 -3.13473020e+05 
 1.22885319e+01 -9.99999891e-01  1.86320882e-06 -1.01460872e+00  7.31113588e-04 -1.07539303e+00  3.96473665e-03 -1.08275420e+00  4.63102918e-03 -8.39605272e+04 -1.68195268e+06 -5.81712499e+04 -1.09347918e+06 -2.84118979e+04 -3.13893347e+05 
 1.23026877e+01 -9.99999891e-01  1.86557058e-06 -1.01464427e+00  7.32155462e-04 -1.07557954e+00  3.97066967e-03 -1.08295908e+00  4.63793338e-03 -8.39834638e+04 -1.68410564e+06 -5.81922043e+04 -1.09493361e+06 -2.84205716e+04 -3.14314384e+05 
 1.23168599e+01 -9.99999891e-01  1.86793589e-06 -1.01467991e+00  7.33199328e-04 -1.07576655e+00  3.97661494e-03 -1.08316450e+00  4.64485175e-03 -8.40064648e+04 -1.68626191e+06 -5.82132177e+04 -1.09639046e+06 -2.84292693e+04 -3.14736132e+05 
 1.23310483e+01 -9.99999891e-01  1.87030474e-06 -1.01471564e+00  7.34245191e-04 -1.07595405e+00  3.98257251e-03 -1.08337046e+00  4.65178435e-03 -8.40295305e+04 -1.68842148e+06 -5.82342903e+04 -1.09784973e+06 -2.84379912e+04 -3.15158593e+05 
 1.23452532e+01 -9.99999891e-01  1.87267715e-06 -1.01475146e+00  7.35293058e-04 -1.07614205e+00  3.98854242e-03 -1.08357697e+00  4.65873122e-03 -8.40526611e+04 -1.69058435e+06 -5.82554224e+04 -1.09931143e+06 -2.84467374e+04 -3.15581768e+05 
 1.23594743e+01 -9.99999891e-01  1.87505310e-06 -1.01478738e+00  7.36342933e-04 -1.07633054e+00  3.99452470e-03 -1.08378403e+00  4.66569239e-03 -8.40758567e+04 -1.69275055e+06 -5.82766141e+04 -1.10077556e+06 -2.84555078e+04 -3.16005659e+05 
 1.23737119e+01 -9.99999891e-01  1.87743262e-06 -1.01482339e+00  7.37394823e-04 -1.07651953e+00  4.00051939e-03 -1.08399163e+00  4.67266791e-03 -8.40991176e+04 -1.69492007e+06 -5.82978656e+04 -1.10224213e+06 -2.84643026e+04 -3.16430269e+05 
 1.23879659e+01 -9.99999891e-01  1.87981574e-06 -1.01485949e+00  7.38448734e-04 -1.07670902e+00  4.00652652e-03 -1.08419979e+00  4.67965783e-03 -8.41224441e+04 -1.69709293e+06 -5.83191771e+04 -1.10371114e+06 -2.84731219e+04 -3.16855598e+05 
 1.24022363e+01 -9.99999891e-01  1.88220241e-06 -1.01489569e+00  7.39504671e-04 -1.07689902e+00  4.01254615e-03 -1.08440850e+00  4.68666218e-03 -8.41458362e+04 -1.69926912e+06 -5.83405489e+04 -1.10518260e+06 -2.84819658e+04 -3.17281648e+05 
 1.24165231e+01 -9.99999891e-01  1.88459268e-06 -1.01493197e+00  7.40562639e-04 -1.07708952e+00  4.01857829e-03 -1.08461776e+00  4.69368102e-03 -8.41692942e+04 -1.70144867e+06 -5.83619810e+04 -1.10665652e+06 -2.84908342e+04 -3.17708422e+05 
 1.24308264e+01 -9.99999891e-01  1.88698655e-06 -1.01496835e+00  7.41622646e-04 -1.07728052e+00  4.02462300e-03 -1.08482757e+00  4.70071439e-03 -8.41928184e+04 -1.70363156e+06 -5.83834738e+04 -1.10813290e+06 -2.84997274e+04 -3.18135920e+05 
 1.24451461e+01 -9.99999891e-01  1.88938404e-06 -1.01500483e+00  7.42684696e-04 -1.07747203e+00  4.03068031e-03 -1.08503795e+00  4.70776233e-03 -8.42164090e+04 -1.70581782e+06 -5.84050274e+04 -1.10961175e+06 -2.85086453e+04 -3.18564146e+05 
 1.24594824e+01 -9.99999891e-01  1.89178512e-06 -1.01504139e+00  7.43748796e-04 -1.07766404e+00  4.03675027e-03 -1.08524888e+00  4.71482489e-03 -8.42400661e+04 -1.70800744e+06 -5.84266420e+04 -1.11109308e+06 -2.85175881e+04 -3.18993100e+05 
 1.24738351e+01 -9.99999891e-01  1.89418982e-06 -1.01507806e+00  7.44814952e-04 -1.07785657e+00  4.04283290e-03 -1.08546037e+00  4.72190211e-03 -8.42637900e+04 -1.71020045e+06 -5.84483178e+04 -1.11257688e+06 -2.85265558e+04 -3.19422784e+05 
 1.24882044e+01 -9.99999891e-01  1.89659815e-06 -1.01511481e+00  7.45883169e-04 -1.07804961e+00  4.04892825e-03 -1.08567242e+00  4.72899403e-03 -8.42875810e+04 -1.71239683e+06 -5.84700550e+04 -1.11406317e+06 -2.85355486e+04 -3.19853200e+05 
 1.25025903e+01 -9.99999891e-01  1.89901012e-06 -1.01515166e+00  7.46953453e-04 -1.07824316e+00  4.05503635e-03 -1.08588504e+00  4.73610071e-03 -8.43114391e+04 -1.71459661e+06 -5.84918539e+04 -1.11555195e+06 -2.85445665e+04 -3.20284351e+05 
 1.25169927e+01 -9.99999891e-01  1.90142573e-06 -1.01518861e+00  7.48025811e-04 -1.07843722e+00  4.06115726e-03 -1.08609822e+00  4.74322218e-03 -8.43353648e+04 -1.71679978e+06 -5.85137145e+04 -1.11704323e+06 -2.85536095e+04 -3.20716237e+05 
 1.25314117e+01 -9.99999891e-01  1.90384499e-06 -1.01522565e+00  7.49100249e-04 -1.07863180e+00  4.06729100e-03 -1.08631197e+00  4.75035849e-03 -8.43593581e+04 -1.71900636e+06 -5.85356372e+04 -1.11853701e+06 -2.85626778e+04 -3.21148860e+05 
 1.25458474e+01 -9.99999891e-01  1.90626791e-06 -1.01526279e+00  7.50176771e-04 -1.07882689e+00  4.07343762e-03 -1.08652629e+00  4.75750970e-03 -8.43834193e+04 -1.72121635e+06 -5.85576221e+04 -1.12003330e+06 -2.85717715e+04 -3.21582223e+05 
 1.25602996e+01 -9.99999891e-01  1.90869449e-06 -1.01530002e+00  7.51255386e-04 -1.07902251e+00  4.07959715e-03 -1.08674118e+00  4.76467584e-03 -8.44075486e+04 -1.72342976e+06 -5.85796695e+04 -1.12153211e+06 -2.85808905e+04 -3.22016328e+05 
 1.25747685e+01 -9.99999891e-01  1.91112474e-06 -1.01533735e+00  7.52336098e-04 -1.07921864e+00  4.08576964e-03 -1.08695664e+00  4.77185695e-03 -8.44317463e+04 -1.72564660e+06 -5.86017794e+04 -1.12303344e+06 -2.85900351e+04 -3.22451175e+05 
 1.25892541e+01 -9.99999891e-01  1.91355869e-06 -1.01537477e+00  7.53418914e-04 -1.07941529e+00  4.09195513e-03 -1.08717267e+00  4.77905310e-03 -8.44560125e+04 -1.72786688e+06 -5.86239523e+04 -1.12453730e+06 -2.85992053e+04 -3.22886767e+05 
 1.26037564e+01 -9.99999891e-01  1.91599631e-06 -1.01541229e+00  7.54503839e-04 -1.07961247e+00  4.09815366e-03 -1.08738928e+00  4.78626432e-03 -8.44803476e+04 -1.73009060e+06 -5.86461881e+04 -1.12604369e+06 -2.86084012e+04 -3.23323106e+05 
 1.26182753e+01 -9.99999890e-01  1.91843762e-06 -1.01544991e+00  7.55590881e-04 -1.07981018e+00  4.10436526e-03 -1.08760647e+00  4.79349066e-03 -8.45047517e+04 -1.73231777e+06 -5.86684873e+04 -1.12755263e+06 -2.86176228e+04 -3.23760193e+05 
 1.26328110e+01 -9.99999890e-01  1.92088267e-06 -1.01548763e+00  7.56680045e-04 -1.08000840e+00  4.11058998e-03 -1.08782423e+00  4.80073216e-03 -8.45292250e+04 -1.73454839e+06 -5.86908499e+04 -1.12906411e+06 -2.86268702e+04 -3.24198031e+05 
 1.26473635e+01 -9.99999890e-01  1.92333141e-06 -1.01552544e+00  7.57771337e-04 -1.08020716e+00  4.11682787e-03 -1.08804258e+00  4.80798888e-03 -8.45537678e+04 -1.73678248e+06 -5.87132762e+04 -1.13057814e+06 -2.86361436e+04 -3.24636621e+05 
 1.26619327e+01 -9.99999890e-01  1.92578386e-06 -1.01556335e+00  7.58864764e-04 -1.08040645e+00  4.12307895e-03 -1.08826151e+00  4.81526086e-03 -8.45783803e+04 -1.73902005e+06 -5.87357664e+04 -1.13209474e+06 -2.86454430e+04 -3.25075965e+05 
 1.26765187e+01 -9.99999890e-01  1.92824005e-06 -1.01560136e+00  7.59960332e-04 -1.08060627e+00  4.12934328e-03 -1.08848102e+00  4.82254815e-03 -8.46030628e+04 -1.74126109e+06 -5.87583207e+04 -1.13361389e+06 -2.86547685e+04 -3.25516066e+05 
 1.26911214e+01 -9.99999890e-01  1.93069997e-06 -1.01563946e+00  7.61058047e-04 -1.08080662e+00  4.13562089e-03 -1.08870112e+00  4.82985079e-03 -8.46278154e+04 -1.74350563e+06 -5.87809394e+04 -1.13513563e+06 -2.86641202e+04 -3.25956924e+05 
 1.27057411e+01 -9.99999890e-01  1.93316365e-06 -1.01567767e+00  7.62157915e-04 -1.08100750e+00  4.14191183e-03 -1.08892181e+00  4.83716884e-03 -8.46526385e+04 -1.74575366e+06 -5.88036225e+04 -1.13665993e+06 -2.86734981e+04 -3.26398542e+05 
 1.27203775e+01 -9.99999890e-01  1.93563106e-06 -1.01571597e+00  7.63259944e-04 -1.08120892e+00  4.14821613e-03 -1.08914308e+00  4.84450234e-03 -8.46775322e+04 -1.74800519e+06 -5.88263705e+04 -1.13818683e+06 -2.86829024e+04 -3.26840922e+05 
 1.27350308e+01 -9.99999890e-01  1.93810224e-06 -1.01575437e+00  7.64364138e-04 -1.08141088e+00  4.15453384e-03 -1.08936495e+00  4.85185134e-03 -8.47024967e+04 -1.75026024e+06 -5.88491834e+04 -1.13971631e+06 -2.86923331e+04 -3.27284066e+05 
 1.27497010e+01 -9.99999890e-01  1.94057719e-06 -1.01579287e+00  7.65470506e-04 -1.08161337e+00  4.16086501e-03 -1.08958741e+00  4.85921589e-03 -8.47275324e+04 -1.75251880e+06 -5.88720614e+04 -1.14124839e+06 -2.87017903e+04 -3.27727975e+05 
 1.27643881e+01 -9.99999890e-01  1.94305592e-06 -1.01583148e+00  7.66579052e-04 -1.08181641e+00  4.16720967e-03 -1.08981047e+00  4.86659604e-03 -8.47526395e+04 -1.75478089e+06 -5.88950049e+04 -1.14278307e+06 -2.87112742e+04 -3.28172651e+05 
 1.27790921e+01 -9.99999890e-01  1.94553843e-06 -1.01587018e+00  7.67689783e-04 -1.08201999e+00  4.17356786e-03 -1.09003412e+00  4.87399183e-03 -8.47778181e+04 -1.75704652e+06 -5.89180140e+04 -1.14432037e+06 -2.87207847e+04 -3.28618097e+05 
 1.27938130e+01 -9.99999890e-01  1.94802473e-06 -1.01590898e+00  7.68802707e-04 -1.08222411e+00  4.17993964e-03 -1.09025837e+00  4.88140332e-03 -8.48030685e+04 -1.75931569e+06 -5.89410889e+04 -1.14586028e+06 -2.87303220e+04 -3.29064314e+05 
 1.28085509e+01 -9.99999890e-01  1.95051484e-06 -1.01594788e+00  7.69917829e-04 -1.08242878e+00  4.18632503e-03 -1.09048322e+00  4.88883056e-03 -8.48283910e+04 -1.76158841e+06 -5.89642299e+04 -1.14740281e+06 -2.87398862e+04 -3.29511305e+05 
 1.28233058e+01 -9.99999890e-01  1.95300876e-06 -1.01598688e+00  7.71035156e-04 -1.08263400e+00  4.19272410e-03 -1.09070867e+00  4.89627359e-03 -8.48537858e+04 -1.76386468e+06 -5.89874372e+04 -1.14894797e+06 -2.87494774e+04 -3.29959070e+05 
 1.28380777e+01 -9.99999890e-01  1.95550649e-06 -1.01602599e+00  7.72154694e-04 -1.08283976e+00  4.19913687e-03 -1.09093472e+00  4.90373246e-03 -8.48792532e+04 -1.76614453e+06 -5.90107110e+04 -1.15049577e+06 -2.87590956e+04 -3.30407613e+05 
 1.28528666e+01 -9.99999890e-01  1.95800804e-06 -1.01606519e+00  7.73276451e-04 -1.08304608e+00  4.20556339e-03 -1.09116139e+00  4.91120723e-03 -8.49047934e+04 -1.76842795e+06 -5.90340515e+04 -1.15204621e+06 -2.87687409e+04 -3.30856935e+05 
 1.28676725e+01 -9.99999890e-01  1.96051343e-06 -1.01610450e+00  7.74400432e-04 -1.08325295e+00  4.21200371e-03 -1.09138865e+00  4.91869794e-03 -8.49304065e+04 -1.77071495e+06 -5.90574590e+04 -1.15359930e+06 -2.87784135e+04 -3.31307038e+05 
 1.28824955e+01 -9.99999890e-01  1.96302265e-06 -1.01614391e+00  7.75526645e-04 -1.08346037e+00  4.21845787e-03 -1.09161653e+00  4.92620465e-03 -8.49560930e+04 -1.77300554e+06 -5.90809336e+04 -1.15515505e+06 -2.87881134e+04 -3.31757924e+05 
 1.28973356e+01 -9.99999890e-01  1.96553573e-06 -1.01618342e+00  7.76655095e-04 -1.08366834e+00  4.22492591e-03 -1.09184502e+00  4.93372740e-03 -8.49818530e+04 -1.77529973e+06 -5.91044756e+04 -1.15671345e+06 -2.87978406e+04 -3.32209596e+05 
 1.29121927e+01 -9.99999890e-01  1.96805267e-06 -1.01622303e+00  7.77785790e-04 -1.08387688e+00  4.23140788e-03 -1.09207412e+00  4.94126625e-03 -8.50076867e+04 -1.77759752e+06 -5.91280853e+04 -1.15827453e+06 -2.88075954e+04 -3.32662054e+05 
 1.29270670e+01 -9.99999890e-01  1.97057349e-06 -1.01626275e+00  7.78918736e-04 -1.08408597e+00  4.23790382e-03 -1.09230384e+00  4.94882125e-03 -8.50335945e+04 -1.77989893e+06 -5.91517628e+04 -1.15983828e+06 -2.88173778e+04 -3.33115301e+05 
 1.29419584e+01 -9.99999890e-01  1.97309816e-06 -1.01630257e+00  7.80053941e-04 -1.08429563e+00  4.24441378e-03 -1.09253418e+00  4.95639244e-03 -8.50595765e+04 -1.78220396e+06 -5.91755084e+04 -1.16140471e+06 -2.88271878e+04 -3.33569339e+05 
 1.29568670e+01 -9.99999890e-01  1.97562673e-06 -1.01634249e+00  7.81191410e-04 -1.08450584e+00  4.25093781e-03 -1.09276513e+00  4.96397989e-03 -8.50856330e+04 -1.78451263e+06 -5.91993223e+04 -1.16297383e+06 -2.88370256e+04 -3.34024171e+05 
 1.29717927e+01 -9.99999890e-01  1.97815918e-06 -1.01638252e+00  7.82331151e-04 -1.08471662e+00  4.25747593e-03 -1.09299670e+00  4.97158363e-03 -8.51117643e+04 -1.78682493e+06 -5.92232048e+04 -1.16454565e+06 -2.88468912e+04 -3.34479797e+05 
 1.29867356e+01 -9.99999890e-01  1.98069556e-06 -1.01642265e+00  7.83473170e-04 -1.08492797e+00  4.26402821e-03 -1.09322890e+00  4.97920373e-03 -8.51379706e+04 -1.78914088e+06 -5.92471560e+04 -1.16612016e+06 -2.88567848e+04 -3.34936221e+05 
 1.30016958e+01 -9.99999890e-01  1.98323582e-06 -1.01646288e+00  7.84617475e-04 -1.08513988e+00  4.27059469e-03 -1.09346172e+00  4.98684024e-03 -8.51642522e+04 -1.79146048e+06 -5.92711763e+04 -1.16769739e+06 -2.88667065e+04 -3.35393443e+05 
 1.30166732e+01 -9.99999890e-01  1.98577999e-06 -1.01650322e+00  7.85764072e-04 -1.08535236e+00  4.27717541e-03 -1.09369516e+00  4.99449320e-03 -8.51906093e+04 -1.79378375e+06 -5.92952658e+04 -1.16927733e+06 -2.88766562e+04 -3.35851467e+05 
 1.30316678e+01 -9.99999890e-01  1.98832809e-06 -1.01654366e+00  7.86912968e-04 -1.08556541e+00  4.28377042e-03 -1.09392924e+00  5.00216267e-03 -8.52170421e+04 -1.79611069e+06 -5.93194247e+04 -1.17086000e+06 -2.88866342e+04 -3.36310294e+05 
 1.30466797e+01 -9.99999890e-01  1.99088015e-06 -1.01658421e+00  7.88064170e-04 -1.08577904e+00  4.29037976e-03 -1.09416394e+00  5.00984871e-03 -8.52435510e+04 -1.79844131e+06 -5.93436534e+04 -1.17244539e+06 -2.88966406e+04 -3.36769926e+05 
 1.30617089e+01 -9.99999890e-01  1.99343613e-06 -1.01662487e+00  7.89217685e-04 -1.08599324e+00  4.29700348e-03 -1.09439928e+00  5.01755136e-03 -8.52701362e+04 -1.80077561e+06 -5.93679520e+04 -1.17403352e+06 -2.89066753e+04 -3.37230366e+05 
 1.30767554e+01 -9.99999890e-01  1.99599607e-06 -1.01666563e+00  7.90373520e-04 -1.08620802e+00  4.30364163e-03 -1.09463525e+00  5.02527068e-03 -8.52967979e+04 -1.80311362e+06 -5.93923208e+04 -1.17562439e+06 -2.89167385e+04 -3.37691615e+05 
 1.30918192e+01 -9.99999890e-01  1.99855999e-06 -1.01670650e+00  7.91531682e-04 -1.08642337e+00  4.31029426e-03 -1.09487185e+00  5.03300673e-03 -8.53235365e+04 -1.80545533e+06 -5.94167600e+04 -1.17721801e+06 -2.89268304e+04 -3.38153675e+05 
 1.31069004e+01 -9.99999890e-01  2.00112785e-06 -1.01674747e+00  7.92692179e-04 -1.08663930e+00  4.31696140e-03 -1.09510910e+00  5.04075955e-03 -8.53503521e+04 -1.80780075e+06 -5.94412699e+04 -1.17881439e+06 -2.89369509e+04 -3.38616549e+05 
 1.31219990e+01 -9.99999890e-01  2.00369971e-06 -1.01678855e+00  7.93855016e-04 -1.08685582e+00  4.32364311e-03 -1.09534698e+00  5.04852920e-03 -8.53772450e+04 -1.81014989e+06 -5.94658507e+04 -1.18041354e+06 -2.89471003e+04 -3.39080239e+05 
 1.31371149e+01 -9.99999890e-01  2.00627554e-06 -1.01682974e+00  7.95020202e-04 -1.08707292e+00  4.33033944e-03 -1.09558551e+00  5.05631573e-03 -8.54042155e+04 -1.81250277e+06 -5.94905026e+04 -1.18201545e+06 -2.89572785e+04 -3.39544747e+05 
 1.31522483e+01 -9.99999890e-01  2.00885536e-06 -1.01687103e+00  7.96187743e-04 -1.08729060e+00  4.33705042e-03 -1.09582467e+00  5.06411921e-03 -8.54312638e+04 -1.81485938e+06 -5.95152259e+04 -1.18362014e+06 -2.89674857e+04 -3.40010074e+05 
 1.31673991e+01 -9.99999890e-01  2.01143919e-06 -1.01691243e+00  7.97357647e-04 -1.08750887e+00  4.34377612e-03 -1.09606449e+00  5.07193968e-03 -8.54583903e+04 -1.81721974e+06 -5.95400209e+04 -1.18522762e+06 -2.89777220e+04 -3.40476223e+05 
 1.31825674e+01 -9.99999890e-01  2.01402705e-06 -1.01695394e+00  7.98529920e-04 -1.08772773e+00  4.35051657e-03 -1.09630495e+00  5.07977720e-03 -8.54855951e+04 -1.81958386e+06 -5.95648877e+04 -1.18683788e+06 -2.89879875e+04 -3.40943196e+05 
 1.31977531e+01 -9.99999889e-01  2.01661892e-06 -1.01699556e+00  7.99704571e-04 -1.08794717e+00  4.35727183e-03 -1.09654606e+00  5.08763182e-03 -8.55128786e+04 -1.82195174e+06 -5.95898266e+04 -1.18845095e+06 -2.89982822e+04 -3.41410996e+05 
 1.32129563e+01 -9.99999889e-01  2.01921480e-06 -1.01703729e+00  8.00881606e-04 -1.08816721e+00  4.36404194e-03 -1.09678782e+00  5.09550360e-03 -8.55402410e+04 -1.82432339e+06 -5.96148379e+04 -1.19006682e+06 -2.90086063e+04 -3.41879624e+05 
 1.32281771e+01 -9.99999889e-01  2.02181477e-06 -1.01707913e+00  8.02061033e-04 -1.08838785e+00  4.37082696e-03 -1.09703024e+00  5.10339259e-03 -8.55676826e+04 -1.82669883e+06 -5.96399218e+04 -1.19168551e+06 -2.90189599e+04 -3.42349082e+05 
 1.32434154e+01 -9.99999889e-01  2.02441875e-06 -1.01712107e+00  8.03242858e-04 -1.08860908e+00  4.37762692e-03 -1.09727331e+00  5.11129885e-03 -8.55952036e+04 -1.82907805e+06 -5.96650786e+04 -1.19330701e+06 -2.90293430e+04 -3.42819373e+05 
 1.32586712e+01 -9.99999889e-01  2.02702680e-06 -1.01716313e+00  8.04427090e-04 -1.08883091e+00  4.38444188e-03 -1.09751704e+00  5.11922245e-03 -8.56228043e+04 -1.83146108e+06 -5.96903084e+04 -1.19493135e+06 -2.90397559e+04 -3.43290499e+05 
 1.32739446e+01 -9.99999889e-01  2.02963892e-06 -1.01720529e+00  8.05613736e-04 -1.08905333e+00  4.39127189e-03 -1.09776143e+00  5.12716342e-03 -8.56504851e+04 -1.83384791e+06 -5.97156117e+04 -1.19655851e+06 -2.90501985e+04 -3.43762462e+05 
 1.32892356e+01 -9.99999889e-01  2.03225510e-06 -1.01724757e+00  8.06802802e-04 -1.08927636e+00  4.39811700e-03 -1.09800648e+00  5.13512183e-03 -8.56782461e+04 -1.83623856e+06 -5.97409885e+04 -1.19818852e+06 -2.90606709e+04 -3.44235264e+05 
 1.33045442e+01 -9.99999889e-01  2.03487538e-06 -1.01728995e+00  8.07994298e-04 -1.08949999e+00  4.40497725e-03 -1.09825219e+00  5.14309774e-03 -8.57060876e+04 -1.83863303e+06 -5.97664392e+04 -1.19982138e+06 -2.90711733e+04 -3.44708907e+05 
 1.33198704e+01 -9.99999889e-01  2.03749974e-06 -1.01733245e+00  8.09188229e-04 -1.08972423e+00  4.41185271e-03 -1.09849857e+00  5.15109120e-03 -8.57340099e+04 -1.84103134e+06 -5.97919640e+04 -1.20145709e+06 -2.90817058e+04 -3.45183394e+05 
 1.33352143e+01 -9.99999889e-01  2.04012822e-06 -1.01737506e+00  8.10384604e-04 -1.08994907e+00  4.41874340e-03 -1.09874562e+00  5.15910228e-03 -8.57620134e+04 -1.84343349e+06 -5.98175632e+04 -1.20309567e+06 -2.90922685e+04 -3.45658727e+05 
 1.33505759e+01 -9.99999889e-01  2.04276081e-06 -1.01741778e+00  8.11583430e-04 -1.09017452e+00  4.42564940e-03 -1.09899334e+00  5.16713102e-03 -8.57900982e+04 -1.84583949e+06 -5.98432370e+04 -1.20473712e+06 -2.91028614e+04 -3.46134907e+05 
 1.33659552e+01 -9.99999889e-01  2.04539752e-06 -1.01746061e+00  8.12784715e-04 -1.09040059e+00  4.43257074e-03 -1.09924173e+00  5.17517748e-03 -8.58182647e+04 -1.84824936e+06 -5.98689857e+04 -1.20638145e+06 -2.91134847e+04 -3.46611938e+05 
 1.33813522e+01 -9.99999889e-01  2.04803835e-06 -1.01750355e+00  8.13988466e-04 -1.09062726e+00  4.43950747e-03 -1.09949079e+00  5.18324173e-03 -8.58465131e+04 -1.85066309e+06 -5.98948096e+04 -1.20802866e+06 -2.91241385e+04 -3.47089821e+05 
 1.33967669e+01 -9.99999889e-01  2.05068335e-06 -1.01754660e+00  8.15194691e-04 -1.09085455e+00  4.44645966e-03 -1.09974053e+00  5.19132382e-03 -8.58748437e+04 -1.85308070e+06 -5.99207088e+04 -1.20967877e+06 -2.91348228e+04 -3.47568559e+05 
 1.34121994e+01 -9.99999889e-01  2.05333247e-06 -1.01758977e+00  8.16403398e-04 -1.09108246e+00  4.45342735e-03 -1.09999095e+00  5.19942382e-03 -8.59032567e+04 -1.85550220e+06 -5.99466837e+04 -1.21133178e+06 -2.91455378e+04 -3.48048154e+05 
 1.34276496e+01 -9.99999889e-01  2.05598575e-06 -1.01763305e+00  8.17614594e-04 -1.09131098e+00  4.46041058e-03 -1.10024204e+00  5.20754177e-03 -8.59317526e+04 -1.85792760e+06 -5.99727345e+04 -1.21298769e+06 -2.91562836e+04 -3.48528607e+05 
 1.34431177e+01 -9.99999889e-01  2.05864320e-06 -1.01767645e+00  8.18828287e-04 -1.09154012e+00  4.46740942e-03 -1.10049382e+00  5.21567774e-03 -8.59603315e+04 -1.86035690e+06 -5.99988616e+04 -1.21464652e+06 -2.91670603e+04 -3.49009923e+05 
 1.34586035e+01 -9.99999889e-01  2.06130484e-06 -1.01771996e+00  8.20044485e-04 -1.09176989e+00  4.47442391e-03 -1.10074629e+00  5.22383179e-03 -8.59889938e+04 -1.86279011e+06 -6.00250650e+04 -1.21630828e+06 -2.91778680e+04 -3.49492101e+05 
 1.34741073e+01 -9.99999889e-01  2.06397067e-06 -1.01776358e+00  8.21263196e-04 -1.09200028e+00  4.48145411e-03 -1.10099944e+00  5.23200397e-03 -8.60177397e+04 -1.86522725e+06 -6.00513452e+04 -1.21797296e+06 -2.91887068e+04 -3.49975146e+05 
 1.34896288e+01 -9.99999889e-01  2.06664068e-06 -1.01780732e+00  8.22484427e-04 -1.09223130e+00  4.48850006e-03 -1.10125328e+00  5.24019436e-03 -8.60465695e+04 -1.86766833e+06 -6.00777023e+04 -1.21964059e+06 -2.91995768e+04 -3.50459059e+05 
 1.35051683e+01 -9.99999889e-01  2.06931489e-06 -1.01785117e+00  8.23708187e-04 -1.09246294e+00  4.49556182e-03 -1.10150781e+00  5.24840300e-03 -8.60754836e+04 -1.87011334e+06 -6.01041367e+04 -1.22131115e+06 -2.92104780e+04 -3.50943843e+05 
 1.35207256e+01 -9.99999889e-01  2.07199334e-06 -1.01789514e+00  8.24934483e-04 -1.09269521e+00  4.50263945e-03 -1.10176303e+00  5.25662996e-03 -8.61044821e+04 -1.87256231e+06 -6.01306486e+04 -1.22298468e+06 -2.92214107e+04 -3.51429499e+05 
 1.35363009e+01 -9.99999889e-01  2.07467600e-06 -1.01793922e+00  8.26163323e-04 -1.09292812e+00  4.50973299e-03 -1.10201895e+00  5.26487529e-03 -8.61335654e+04 -1.87501523e+06 -6.01572383e+04 -1.22466116e+06 -2.92323749e+04 -3.51916030e+05 
 1.35518941e+01 -9.99999889e-01  2.07736289e-06 -1.01798342e+00  8.27394716e-04 -1.09316165e+00  4.51684250e-03 -1.10227557e+00  5.27313907e-03 -8.61627338e+04 -1.87747213e+06 -6.01839060e+04 -1.22634061e+06 -2.92433708e+04 -3.52403439e+05 
 1.35675053e+01 -9.99999889e-01  2.08005403e-06 -1.01802774e+00  8.28628669e-04 -1.09339583e+00  4.52396803e-03 -1.10253288e+00  5.28142135e-03 -8.61919876e+04 -1.87993300e+06 -6.02106520e+04 -1.22802304e+06 -2.92543983e+04 -3.52891727e+05 
 1.35831345e+01 -9.99999889e-01  2.08274943e-06 -1.01807217e+00  8.29865190e-04 -1.09363064e+00  4.53110964e-03 -1.10279090e+00  5.28972218e-03 -8.62213271e+04 -1.88239787e+06 -6.02374767e+04 -1.22970846e+06 -2.92654577e+04 -3.53380898e+05 
 1.35987816e+01 -9.99999889e-01  2.08544910e-06 -1.01811672e+00  8.31104288e-04 -1.09386609e+00  4.53826738e-03 -1.10304962e+00  5.29804165e-03 -8.62507525e+04 -1.88486673e+06 -6.02643802e+04 -1.23139686e+06 -2.92765491e+04 -3.53870953e+05 
 1.36144468e+01 -9.99999889e-01  2.08815302e-06 -1.01816138e+00  8.32345970e-04 -1.09410218e+00  4.54544129e-03 -1.10330905e+00  5.30637979e-03 -8.62802643e+04 -1.88733960e+06 -6.02913628e+04 -1.23308827e+06 -2.92876725e+04 -3.54361895e+05 
 1.36301301e+01 -9.99999889e-01  2.09086123e-06 -1.01820617e+00  8.33590245e-04 -1.09433892e+00  4.55263145e-03 -1.10356918e+00  5.31473669e-03 -8.63098625e+04 -1.88981648e+06 -6.03184249e+04 -1.23478268e+06 -2.92988281e+04 -3.54853726e+05 
 1.36458314e+01 -9.99999889e-01  2.09357376e-06 -1.01825107e+00  8.34837120e-04 -1.09457630e+00  4.55983790e-03 -1.10383003e+00  5.32311240e-03 -8.63395477e+04 -1.89229740e+06 -6.03455667e+04 -1.23648011e+06 -2.93100159e+04 -3.55346448e+05 
 1.36615508e+01 -9.99999889e-01  2.09629056e-06 -1.01829609e+00  8.36086605e-04 -1.09481433e+00  4.56706069e-03 -1.10409158e+00  5.33150698e-03 -8.63693200e+04 -1.89478234e+06 -6.03727884e+04 -1.23818056e+06 -2.93212361e+04 -3.55840065e+05 
 1.36772883e+01 -9.99999889e-01  2.09901167e-06 -1.01834122e+00  8.37338707e-04 -1.09505301e+00  4.57429989e-03 -1.10435386e+00  5.33992050e-03 -8.63991799e+04 -1.89727134e+06 -6.04000904e+04 -1.23988405e+06 -2.93324889e+04 -3.56334578e+05 
 1.36930439e+01 -9.99999889e-01  2.10173711e-06 -1.01838648e+00  8.38593435e-04 -1.09529234e+00  4.58155554e-03 -1.10461685e+00  5.34835301e-03 -8.64291275e+04 -1.89976438e+06 -6.04274730e+04 -1.24159057e+06 -2.93437742e+04 -3.56829989e+05 
 1.37088177e+01 -9.99999889e-01  2.10446690e-06 -1.01843186e+00  8.39850797e-04 -1.09553232e+00  4.58882771e-03 -1.10488056e+00  5.35680459e-03 -8.64591632e+04 -1.90226150e+06 -6.04549363e+04 -1.24330014e+06 -2.93550922e+04 -3.57326301e+05 
 1.37246096e+01 -9.99999889e-01  2.10720101e-06 -1.01847735e+00  8.41110802e-04 -1.09577296e+00  4.59611644e-03 -1.10514499e+00  5.36527530e-03 -8.64892872e+04 -1.90476268e+06 -6.04824807e+04 -1.24501277e+06 -2.93664431e+04 -3.57823517e+05 
 1.37404198e+01 -9.99999888e-01  2.10993949e-06 -1.01852297e+00  8.42373457e-04 -1.09601426e+00  4.60342180e-03 -1.10541014e+00  5.37376520e-03 -8.65195000e+04 -1.90726795e+06 -6.05101066e+04 -1.24672846e+06 -2.93778269e+04 -3.58321639e+05 
 1.37562481e+01 -9.99999888e-01  2.11268232e-06 -1.01856871e+00  8.43638771e-04 -1.09625621e+00  4.61074384e-03 -1.10567602e+00  5.38227436e-03 -8.65498018e+04 -1.90977731e+06 -6.05378141e+04 -1.24844722e+06 -2.93892438e+04 -3.58820670e+05 
 1.37720947e+01 -9.99999888e-01  2.11542951e-06 -1.01861456e+00  8.44906753e-04 -1.09649883e+00  4.61808261e-03 -1.10594263e+00  5.39080284e-03 -8.65801930e+04 -1.91229078e+06 -6.05656035e+04 -1.25016906e+06 -2.94006938e+04 -3.59320611e+05 
 1.37879595e+01 -9.99999888e-01  2.11818110e-06 -1.01866054e+00  8.46177411e-04 -1.09674211e+00  4.62543818e-03 -1.10620997e+00  5.39935070e-03 -8.66106737e+04 -1.91480836e+06 -6.05934752e+04 -1.25189399e+06 -2.94121771e+04 -3.59821465e+05 
 1.38038426e+01 -9.99999888e-01  2.12093707e-06 -1.01870664e+00  8.47450755e-04 -1.09698606e+00  4.63281060e-03 -1.10647805e+00  5.40791802e-03 -8.66412445e+04 -1.91733006e+06 -6.06214295e+04 -1.25362201e+06 -2.94236939e+04 -3.60323235e+05 
 1.38197441e+01 -9.99999888e-01  2.12369746e-06 -1.01875286e+00  8.48726791e-04 -1.09723068e+00  4.64019993e-03 -1.10674685e+00  5.41650485e-03 -8.66719055e+04 -1.91985589e+06 -6.06494665e+04 -1.25535314e+06 -2.94352441e+04 -3.60825923e+05 
 1.38356638e+01 -9.99999888e-01  2.12646223e-06 -1.01879921e+00  8.50005529e-04 -1.09747597e+00  4.64760622e-03 -1.10701640e+00  5.42511127e-03 -8.67026570e+04 -1.92238587e+06 -6.06775867e+04 -1.25708739e+06 -2.94468279e+04 -3.61329532e+05 
 1.38516019e+01 -9.99999888e-01  2.12923148e-06 -1.01884567e+00  8.51286979e-04 -1.09772192e+00  4.65502953e-03 -1.10728669e+00  5.43373733e-03 -8.67334995e+04 -1.92492000e+06 -6.07057903e+04 -1.25882475e+06 -2.94584455e+04 -3.61834065e+05 
 1.38675583e+01 -9.99999888e-01  2.13200511e-06 -1.01889226e+00  8.52571147e-04 -1.09796856e+00  4.66246993e-03 -1.10755771e+00  5.44238312e-03 -8.67644332e+04 -1.92745829e+06 -6.07340776e+04 -1.26056524e+06 -2.94700970e+04 -3.62339522e+05 
 1.38835331e+01 -9.99999888e-01  2.13478320e-06 -1.01893897e+00  8.53858044e-04 -1.09821587e+00  4.66992746e-03 -1.10782949e+00  5.45104868e-03 -8.67954585e+04 -1.93000075e+06 -6.07624489e+04 -1.26230887e+06 -2.94817824e+04 -3.62845908e+05 
 1.38995263e+01 -9.99999888e-01  2.13756574e-06 -1.01898581e+00  8.55147678e-04 -1.09846386e+00  4.67740220e-03 -1.10810201e+00  5.45973410e-03 -8.68265756e+04 -1.93254739e+06 -6.07909045e+04 -1.26405564e+06 -2.94935019e+04 -3.63353225e+05 
 1.39155379e+01 -9.99999888e-01  2.14035275e-06 -1.01903277e+00  8.56440057e-04 -1.09871253e+00  4.68489419e-03 -1.10837528e+00  5.46843944e-03 -8.68577849e+04 -1.93509823e+06 -6.08194446e+04 -1.26580557e+06 -2.95052556e+04 -3.63861475e+05 
 1.39315680e+01 -9.99999888e-01  2.14314424e-06 -1.01907985e+00  8.57735191e-04 -1.09896188e+00  4.69240349e-03 -1.10864930e+00  5.47716476e-03 -8.68890867e+04 -1.93765327e+06 -6.08480697e+04 -1.26755866e+06 -2.95170437e+04 -3.64370661e+05 
 1.39476166e+01 -9.99999888e-01  2.14594021e-06 -1.01912706e+00  8.59033089e-04 -1.09921192e+00  4.69993018e-03 -1.10892407e+00  5.48591013e-03 -8.69204814e+04 -1.94021252e+06 -6.08767800e+04 -1.26931492e+06 -2.95288662e+04 -3.64880785e+05 
 1.39636836e+01 -9.99999888e-01  2.14874066e-06 -1.01917440e+00  8.60333759e-04 -1.09946264e+00  4.70747429e-03 -1.10919960e+00  5.49467563e-03 -8.69519692e+04 -1.94277600e+06 -6.09055758e+04 -1.27107436e+06 -2.95407232e+04 -3.65391849e+05 
 1.39797692e+01 -9.99999888e-01  2.15154564e-06 -1.01922186e+00  8.61637211e-04 -1.09971405e+00  4.71503590e-03 -1.10947589e+00  5.50346132e-03 -8.69835506e+04 -1.94534370e+06 -6.09344573e+04 -1.27283699e+06 -2.95526150e+04 -3.65903858e+05 
 1.39958732e+01 -9.99999888e-01  2.15435512e-06 -1.01926944e+00  8.62943453e-04 -1.09996616e+00  4.72261507e-03 -1.10975295e+00  5.51226726e-03 -8.70152257e+04 -1.94791566e+06 -6.09634250e+04 -1.27460282e+06 -2.95645415e+04 -3.66416812e+05 
 1.40119958e+01 -9.99999888e-01  2.15716913e-06 -1.01931715e+00  8.64252494e-04 -1.10021896e+00  4.73021185e-03 -1.11003076e+00  5.52109354e-03 -8.70469951e+04 -1.95049186e+06 -6.09924791e+04 -1.27637185e+06 -2.95765030e+04 -3.66930715e+05 
 1.40281370e+01 -9.99999888e-01  2.15998769e-06 -1.01936499e+00  8.65564345e-04 -1.10047245e+00  4.73782631e-03 -1.11030934e+00  5.52994022e-03 -8.70788589e+04 -1.95307233e+06 -6.10216199e+04 -1.27814409e+06 -2.95884995e+04 -3.67445569e+05 
 1.40442968e+01 -9.99999888e-01  2.16281079e-06 -1.01941296e+00  8.66879013e-04 -1.10072665e+00  4.74545850e-03 -1.11058869e+00  5.53880737e-03 -8.71108175e+04 -1.95565707e+06 -6.10508477e+04 -1.27991956e+06 -2.96005312e+04 -3.67961377e+05 
 1.40604752e+01 -9.99999888e-01  2.16563845e-06 -1.01946105e+00  8.68196508e-04 -1.10098154e+00  4.75310850e-03 -1.11086881e+00  5.54769505e-03 -8.71428714e+04 -1.95824609e+06 -6.10801629e+04 -1.28169825e+06 -2.96125982e+04 -3.68478141e+05 
 1.40766723e+01 -9.99999888e-01  2.16847069e-06 -1.01950927e+00  8.69516839e-04 -1.10123714e+00  4.76077635e-03 -1.11114971e+00  5.55660335e-03 -8.71750207e+04 -1.96083941e+06 -6.11095657e+04 -1.28348019e+06 -2.96247005e+04 -3.68995864e+05 
 1.40928880e+01 -9.99999888e-01  2.17130749e-06 -1.01955762e+00  8.70840015e-04 -1.10149344e+00  4.76846213e-03 -1.11143138e+00  5.56553233e-03 -8.72072659e+04 -1.96343704e+06 -6.11390565e+04 -1.28526537e+06 -2.96368385e+04 -3.69514549e+05 
 1.41091224e+01 -9.99999888e-01  2.17414888e-06 -1.01960610e+00  8.72166047e-04 -1.10175045e+00  4.77616589e-03 -1.11171383e+00  5.57448206e-03 -8.72396072e+04 -1.96603898e+06 -6.11686356e+04 -1.28705382e+06 -2.96490120e+04 -3.70034198e+05 
 1.41253754e+01 -9.99999888e-01  2.17699487e-06 -1.01965470e+00  8.73494942e-04 -1.10200817e+00  4.78388769e-03 -1.11199705e+00  5.58345261e-03 -8.72720451e+04 -1.96864525e+06 -6.11983032e+04 -1.28884552e+06 -2.96612214e+04 -3.70554815e+05 
 1.41416473e+01 -9.99999888e-01  2.17984550e-06 -1.01970344e+00  8.74826712e-04 -1.10226660e+00  4.79162761e-03 -1.11228107e+00  5.59244406e-03 -8.73045799e+04 -1.97125585e+06 -6.12280598e+04 -1.29064051e+06 -2.96734667e+04 -3.71076400e+05 
 1.41579378e+01 -9.99999888e-01  2.18270073e-06 -1.01975230e+00  8.76161364e-04 -1.10252574e+00  4.79938570e-03 -1.11256587e+00  5.60145648e-03 -8.73372119e+04 -1.97387080e+06 -6.12579056e+04 -1.29243877e+06 -2.96857480e+04 -3.71598959e+05 
 1.41742471e+01 -9.99999888e-01  2.18556060e-06 -1.01980130e+00  8.77498908e-04 -1.10278560e+00  4.80716202e-03 -1.11285145e+00  5.61048994e-03 -8.73699414e+04 -1.97649011e+06 -6.12878410e+04 -1.29424033e+06 -2.96980655e+04 -3.72122492e+05 
 1.41905752e+01 -9.99999888e-01  2.18842513e-06 -1.01985043e+00  8.78839355e-04 -1.10304618e+00  4.81495664e-03 -1.11313783e+00  5.61954451e-03 -8.74027689e+04 -1.97911379e+06 -6.13178662e+04 -1.29604519e+06 -2.97104192e+04 -3.72647003e+05 
 1.42069221e+01 -9.99999888e-01  2.19129429e-06 -1.01989968e+00  8.80182713e-04 -1.10330747e+00  4.82276963e-03 -1.11342500e+00  5.62862027e-03 -8.74356946e+04 -1.98174184e+06 -6.13479816e+04 -1.29785336e+06 -2.97228094e+04 -3.73172494e+05 
 1.42232879e+01 -9.99999888e-01  2.19416813e-06 -1.01994907e+00  8.81528992e-04 -1.10356950e+00  4.83060104e-03 -1.11371297e+00  5.63771729e-03 -8.74687189e+04 -1.98437429e+06 -6.13781875e+04 -1.29966485e+06 -2.97352361e+04 -3.73698969e+05 
 1.42396725e+01 -9.99999887e-01  2.19704665e-06 -1.01999859e+00  8.82878202e-04 -1.10383224e+00  4.83845095e-03 -1.11400173e+00  5.64683565e-03 -8.75018423e+04 -1.98701114e+06 -6.14084843e+04 -1.30147967e+06 -2.97476995e+04 -3.74226429e+05 
 1.42560759e+01 -9.99999887e-01  2.19992987e-06 -1.02004824e+00  8.84230352e-04 -1.10409572e+00  4.84631941e-03 -1.11429130e+00  5.65597541e-03 -8.75350649e+04 -1.98965240e+06 -6.14388722e+04 -1.30329783e+06 -2.97601997e+04 -3.74754878e+05 
 1.42724983e+01 -9.99999887e-01  2.20281777e-06 -1.02009803e+00  8.85585453e-04 -1.10435992e+00  4.85420649e-03 -1.11458167e+00  5.66513666e-03 -8.75683872e+04 -1.99229808e+06 -6.14693517e+04 -1.30511933e+06 -2.97727368e+04 -3.75284318e+05 
 1.42889396e+01 -9.99999887e-01  2.20571042e-06 -1.02014794e+00  8.86943513e-04 -1.10462486e+00  4.86211226e-03 -1.11487284e+00  5.67431946e-03 -8.76018096e+04 -1.99494820e+06 -6.14999229e+04 -1.30694419e+06 -2.97853110e+04 -3.75814753e+05 
 1.43053998e+01 -9.99999887e-01  2.20860775e-06 -1.02019799e+00  8.88304543e-04 -1.10489053e+00  4.87003678e-03 -1.11516483e+00  5.68352391e-03 -8.76353323e+04 -1.99760276e+06 -6.15305863e+04 -1.30877241e+06 -2.97979223e+04 -3.76346184e+05 
 1.43218790e+01 -9.99999887e-01  2.21150982e-06 -1.02024818e+00  8.89668553e-04 -1.10515694e+00  4.87798012e-03 -1.11545762e+00  5.69275006e-03 -8.76689559e+04 -2.00026177e+06 -6.15613423e+04 -1.31060401e+06 -2.98105710e+04 -3.76878615e+05 
 1.43383772e+01 -9.99999887e-01  2.21441667e-06 -1.02029849e+00  8.91035553e-04 -1.10542408e+00  4.88594235e-03 -1.11575123e+00  5.70199799e-03 -8.77026805e+04 -2.00292526e+06 -6.15921910e+04 -1.31243899e+06 -2.98232571e+04 -3.77412049e+05 
 1.43548943e+01 -9.99999887e-01  2.21732826e-06 -1.02034895e+00  8.92405552e-04 -1.10569197e+00  4.89392353e-03 -1.11604566e+00  5.71126779e-03 -8.77365066e+04 -2.00559322e+06 -6.16231329e+04 -1.31427737e+06 -2.98359808e+04 -3.77946488e+05 
 1.43714305e+01 -9.99999887e-01  2.22024461e-06 -1.02039954e+00  8.93778561e-04 -1.10596060e+00  4.90192372e-03 -1.11634090e+00  5.72055953e-03 -8.77704346e+04 -2.00826567e+06 -6.16541683e+04 -1.31611915e+06 -2.98487422e+04 -3.78481935e+05 
 1.43879858e+01 -9.99999887e-01  2.22316574e-06 -1.02045026e+00  8.95154589e-04 -1.10622998e+00  4.90994300e-03 -1.11663697e+00  5.72987328e-03 -8.78044648e+04 -2.01094261e+06 -6.16852976e+04 -1.31796434e+06 -2.98615415e+04 -3.79018392e+05 
 1.44045601e+01 -9.99999887e-01  2.22609168e-06 -1.02050112e+00  8.96533648e-04 -1.10650011e+00  4.91798144e-03 -1.11693386e+00  5.73920912e-03 -8.78385976e+04 -2.01362407e+06 -6.17165210e+04 -1.31981295e+06 -2.98743788e+04 -3.79555864e+05 
 1.44211535e+01 -9.99999887e-01  2.22902241e-06 -1.02055211e+00  8.97915746e-04 -1.10677099e+00  4.92603909e-03 -1.11723158e+00  5.74856714e-03 -8.78728334e+04 -2.01631006e+06 -6.17478390e+04 -1.32166499e+06 -2.98872541e+04 -3.80094352e+05 
 1.44377660e+01 -9.99999887e-01  2.23195798e-06 -1.02060324e+00  8.99300894e-04 -1.10704263e+00  4.93411604e-03 -1.11753013e+00  5.75794741e-03 -8.79071725e+04 -2.01900057e+06 -6.17792518e+04 -1.32352047e+06 -2.99001677e+04 -3.80633860e+05 
 1.44543977e+01 -9.99999887e-01  2.23489833e-06 -1.02065451e+00  9.00689102e-04 -1.10731501e+00  4.94221234e-03 -1.11782951e+00  5.76735000e-03 -8.79416153e+04 -2.02169563e+06 -6.18107599e+04 -1.32537939e+06 -2.99131198e+04 -3.81174390e+05 
 1.44710485e+01 -9.99999887e-01  2.23784356e-06 -1.02070592e+00  9.02080381e-04 -1.10758816e+00  4.95032807e-03 -1.11812973e+00  5.77677500e-03 -8.79761622e+04 -2.02439525e+06 -6.18423634e+04 -1.32724178e+06 -2.99261103e+04 -3.81715945e+05 
 1.44877185e+01 -9.99999887e-01  2.24079363e-06 -1.02075746e+00  9.03474741e-04 -1.10786207e+00  4.95846330e-03 -1.11843078e+00  5.78622249e-03 -8.80108135e+04 -2.02709943e+06 -6.18740629e+04 -1.32910764e+06 -2.99391395e+04 -3.82258529e+05 
 1.45044077e+01 -9.99999887e-01  2.24374857e-06 -1.02080914e+00  9.04872192e-04 -1.10813674e+00  4.96661809e-03 -1.11873267e+00  5.79569254e-03 -8.80455697e+04 -2.02980820e+06 -6.19058587e+04 -1.33097697e+06 -2.99522075e+04 -3.82802143e+05 
 1.45211162e+01 -9.99999887e-01  2.24670838e-06 -1.02086096e+00  9.06272744e-04 -1.10841218e+00  4.97479251e-03 -1.11903541e+00  5.80518524e-03 -8.80804312e+04 -2.03252155e+06 -6.19377511e+04 -1.33284980e+06 -2.99653144e+04 -3.83346791e+05 
 1.45378439e+01 -9.99999887e-01  2.24967305e-06 -1.02091292e+00  9.07676409e-04 -1.10868839e+00  4.98298664e-03 -1.11933899e+00  5.81470066e-03 -8.81153982e+04 -2.03523950e+06 -6.19697404e+04 -1.33472612e+06 -2.99784604e+04 -3.83892477e+05 
 1.45545908e+01 -9.99999887e-01  2.25264264e-06 -1.02096502e+00  9.09083197e-04 -1.10896537e+00  4.99120055e-03 -1.11964343e+00  5.82423889e-03 -8.81504712e+04 -2.03796207e+06 -6.20018270e+04 -1.33660595e+06 -2.99916456e+04 -3.84439202e+05 
 1.45713570e+01 -9.99999887e-01  2.25561713e-06 -1.02101726e+00  9.10493118e-04 -1.10924312e+00  4.99943430e-03 -1.11994871e+00  5.83380001e-03 -8.81856506e+04 -2.04068927e+06 -6.20340113e+04 -1.33848929e+06 -3.00048702e+04 -3.84986970e+05 
 1.45881426e+01 -9.99999887e-01  2.25859655e-06 -1.02106964e+00  9.11906183e-04 -1.10952164e+00  5.00768797e-03 -1.12025485e+00  5.84338410e-03 -8.82209368e+04 -2.04342110e+06 -6.20662937e+04 -1.34037616e+06 -3.00181342e+04 -3.85535783e+05 
 1.46049475e+01 -9.99999887e-01  2.26158092e-06 -1.02112216e+00  9.13322402e-04 -1.10980095e+00  5.01596162e-03 -1.12056184e+00  5.85299124e-03 -8.82563301e+04 -2.04615758e+06 -6.20986744e+04 -1.34226657e+06 -3.00314379e+04 -3.86085645e+05 
 1.46217717e+01 -9.99999887e-01  2.26457020e-06 -1.02117482e+00  9.14741787e-04 -1.11008104e+00  5.02425534e-03 -1.12086970e+00  5.86262152e-03 -8.82918309e+04 -2.04889872e+06 -6.21311539e+04 -1.34416052e+06 -3.00447814e+04 -3.86636559e+05 
 1.46386154e+01 -9.99999887e-01  2.26756445e-06 -1.02122762e+00  9.16164348e-04 -1.11036190e+00  5.03256919e-03 -1.12117842e+00  5.87227501e-03 -8.83274397e+04 -2.05164453e+06 -6.21637325e+04 -1.34605804e+06 -3.00581648e+04 -3.87188528e+05 
 1.46554784e+01 -9.99999887e-01  2.27056370e-06 -1.02128056e+00  9.17590095e-04 -1.11064356e+00  5.04090325e-03 -1.12148800e+00  5.88195180e-03 -8.83631569e+04 -2.05439503e+06 -6.21964106e+04 -1.34795911e+06 -3.00715883e+04 -3.87741555e+05 
 1.46723609e+01 -9.99999887e-01  2.27356790e-06 -1.02133365e+00  9.19019041e-04 -1.11092600e+00  5.04925759e-03 -1.12179845e+00  5.89165197e-03 -8.83989828e+04 -2.05715022e+06 -6.22291885e+04 -1.34986377e+06 -3.00850519e+04 -3.88295642e+05 
 1.46892628e+01 -9.99999887e-01  2.27657711e-06 -1.02138688e+00  9.20451195e-04 -1.11120924e+00  5.05763227e-03 -1.12210977e+00  5.90137561e-03 -8.84349178e+04 -2.05991012e+06 -6.22620666e+04 -1.35177201e+06 -3.00985559e+04 -3.88850793e+05 
 1.47061842e+01 -9.99999887e-01  2.27959131e-06 -1.02144026e+00  9.21886569e-04 -1.11149327e+00  5.06602738e-03 -1.12242197e+00  5.91112281e-03 -8.84709623e+04 -2.06267474e+06 -6.22950453e+04 -1.35368385e+06 -3.01121004e+04 -3.89407010e+05 
 1.47231250e+01 -9.99999886e-01  2.28261055e-06 -1.02149377e+00  9.23325173e-04 -1.11177809e+00  5.07444299e-03 -1.12273504e+00  5.92089363e-03 -8.85071168e+04 -2.06544410e+06 -6.23281250e+04 -1.35559929e+06 -3.01256856e+04 -3.89964298e+05 
 1.47400854e+01 -9.99999886e-01  2.28563479e-06 -1.02154743e+00  9.24767019e-04 -1.11206372e+00  5.08287918e-03 -1.12304899e+00  5.93068818e-03 -8.85433816e+04 -2.06821819e+06 -6.23613060e+04 -1.35751835e+06 -3.01393115e+04 -3.90522659e+05 
 1.47570653e+01 -9.99999886e-01  2.28866411e-06 -1.02160124e+00  9.26212118e-04 -1.11235014e+00  5.09133601e-03 -1.12336383e+00  5.94050654e-03 -8.85797571e+04 -2.07099704e+06 -6.23945887e+04 -1.35944104e+06 -3.01529784e+04 -3.91082095e+05 
 1.47740648e+01 -9.99999886e-01  2.29169848e-06 -1.02165519e+00  9.27660481e-04 -1.11263737e+00  5.09981356e-03 -1.12367955e+00  5.95034879e-03 -8.86162439e+04 -2.07378066e+06 -6.24279734e+04 -1.36136737e+06 -3.01666863e+04 -3.91642611e+05 
 1.47910839e+01 -9.99999886e-01  2.29473791e-06 -1.02170929e+00  9.29112119e-04 -1.11292541e+00  5.10831191e-03 -1.12399616e+00  5.96021502e-03 -8.86528421e+04 -2.07656906e+06 -6.24614606e+04 -1.36329734e+06 -3.01804355e+04 -3.92204209e+05 
 1.48081226e+01 -9.99999886e-01  2.29778242e-06 -1.02176353e+00  9.30567044e-04 -1.11321425e+00  5.11683114e-03 -1.12431365e+00  5.97010531e-03 -8.86895524e+04 -2.07936226e+06 -6.24950507e+04 -1.36523097e+06 -3.01942260e+04 -3.92766893e+05 
 1.48251809e+01 -9.99999886e-01  2.30083202e-06 -1.02181792e+00  9.32025267e-04 -1.11350391e+00  5.12537131e-03 -1.12463205e+00  5.98001975e-03 -8.87263750e+04 -2.08216025e+06 -6.25287439e+04 -1.36716827e+06 -3.02080581e+04 -3.93330665e+05 
 1.48422588e+01 -9.99999886e-01  2.30388675e-06 -1.02187246e+00  9.33486799e-04 -1.11379438e+00  5.13393251e-03 -1.12495134e+00  5.98995844e-03 -8.87633105e+04 -2.08496307e+06 -6.25625408e+04 -1.36910925e+06 -3.02219319e+04 -3.93895528e+05 
 1.48593564e+01 -9.99999886e-01  2.30694657e-06 -1.02192714e+00  9.34951651e-04 -1.11408567e+00  5.14251481e-03 -1.12527153e+00  5.99992145e-03 -8.88003591e+04 -2.08777071e+06 -6.25964416e+04 -1.37105392e+06 -3.02358475e+04 -3.94461487e+05 
 1.48764737e+01 -9.99999886e-01  2.31001154e-06 -1.02198198e+00  9.36419836e-04 -1.11437778e+00  5.15111829e-03 -1.12559262e+00  6.00990889e-03 -8.88375214e+04 -2.09058320e+06 -6.26304468e+04 -1.37300229e+06 -3.02498050e+04 -3.95028543e+05 
 1.48936108e+01 -9.99999886e-01  2.31308167e-06 -1.02203696e+00  9.37891365e-04 -1.11467071e+00  5.15974303e-03 -1.12591462e+00  6.01992082e-03 -8.88747978e+04 -2.09340054e+06 -6.26645568e+04 -1.37495437e+06 -3.02638047e+04 -3.95596701e+05 
 1.49107676e+01 -9.99999886e-01  2.31615692e-06 -1.02209208e+00  9.39366249e-04 -1.11496447e+00  5.16838911e-03 -1.12623753e+00  6.02995735e-03 -8.89121887e+04 -2.09622274e+06 -6.26987719e+04 -1.37691017e+06 -3.02778467e+04 -3.96165963e+05 
 1.49279441e+01 -9.99999886e-01  2.31923737e-06 -1.02214736e+00  9.40844500e-04 -1.11525906e+00  5.17705659e-03 -1.12656135e+00  6.04001857e-03 -8.89496944e+04 -2.09904983e+06 -6.27330926e+04 -1.37886970e+06 -3.02919311e+04 -3.96736332e+05 
 1.49451404e+01 -9.99999886e-01  2.32232298e-06 -1.02220279e+00  9.42326129e-04 -1.11555447e+00  5.18574557e-03 -1.12688609e+00  6.05010456e-03 -8.89873155e+04 -2.10188181e+06 -6.27675192e+04 -1.38083297e+06 -3.03060581e+04 -3.97307813e+05 
 1.49623566e+01 -9.99999886e-01  2.32541380e-06 -1.02225837e+00  9.43811150e-04 -1.11585072e+00  5.19445612e-03 -1.12721174e+00  6.06021541e-03 -8.90250524e+04 -2.10471869e+06 -6.28020521e+04 -1.38280000e+06 -3.03202279e+04 -3.97880407e+05 
 1.49795925e+01 -9.99999886e-01  2.32850984e-06 -1.02231410e+00  9.45299572e-04 -1.11614781e+00  5.20318832e-03 -1.12753831e+00  6.07035122e-03 -8.90629055e+04 -2.10756049e+06 -6.28366918e+04 -1.38477079e+06 -3.03344405e+04 -3.98454119e+05 
 1.49968484e+01 -9.99999886e-01  2.33161110e-06 -1.02236998e+00  9.46791409e-04 -1.11644573e+00  5.21194225e-03 -1.12786581e+00  6.08051208e-03 -8.91008752e+04 -2.11040722e+06 -6.28714386e+04 -1.38674535e+06 -3.03486963e+04 -3.99028951e+05 
 1.50141241e+01 -9.99999886e-01  2.33471759e-06 -1.02242601e+00  9.48286672e-04 -1.11674450e+00  5.22071800e-03 -1.12819424e+00  6.09069808e-03 -8.91389619e+04 -2.11325890e+06 -6.29062929e+04 -1.38872370e+06 -3.03629952e+04 -3.99604907e+05 
 1.50314197e+01 -9.99999886e-01  2.33782933e-06 -1.02248219e+00  9.49785373e-04 -1.11704411e+00  5.22951563e-03 -1.12852359e+00  6.10090931e-03 -8.91771662e+04 -2.11611553e+06 -6.29412551e+04 -1.39070585e+06 -3.03773375e+04 -4.00181990e+05 
 1.50487352e+01 -9.99999886e-01  2.34094632e-06 -1.02253853e+00  9.51287524e-04 -1.11734457e+00  5.23833523e-03 -1.12885388e+00  6.11114586e-03 -8.92154884e+04 -2.11897713e+06 -6.29763257e+04 -1.39269180e+06 -3.03917233e+04 -4.00760204e+05 
 1.50660707e+01 -9.99999886e-01  2.34406860e-06 -1.02259502e+00  9.52793138e-04 -1.11764588e+00  5.24717689e-03 -1.12918511e+00  6.12140783e-03 -8.92539290e+04 -2.12184371e+06 -6.30115050e+04 -1.39468158e+06 -3.04061529e+04 -4.01339552e+05 
 1.50834261e+01 -9.99999886e-01  2.34719617e-06 -1.02265166e+00  9.54302226e-04 -1.11794804e+00  5.25604068e-03 -1.12951727e+00  6.13169531e-03 -8.92924885e+04 -2.12471528e+06 -6.30467935e+04 -1.39667518e+06 -3.04206263e+04 -4.01920036e+05 
 1.51008015e+01 -9.99999886e-01  2.35032904e-06 -1.02270846e+00  9.55814801e-04 -1.11825106e+00  5.26492669e-03 -1.12985038e+00  6.14200840e-03 -8.93311672e+04 -2.12759186e+06 -6.30821915e+04 -1.39867262e+06 -3.04351437e+04 -4.02501661e+05 
 1.51181970e+01 -9.99999886e-01  2.35346724e-06 -1.02276541e+00  9.57330875e-04 -1.11855494e+00  5.27383500e-03 -1.13018443e+00  6.15234718e-03 -8.93699656e+04 -2.13047347e+06 -6.31176996e+04 -1.40067391e+06 -3.04497052e+04 -4.03084430e+05 
 1.51356125e+01 -9.99999886e-01  2.35661076e-06 -1.02282251e+00  9.58850460e-04 -1.11885968e+00  5.28276569e-03 -1.13051943e+00  6.16271177e-03 -8.94088842e+04 -2.13336011e+06 -6.31533180e+04 -1.40267906e+06 -3.04643112e+04 -4.03668346e+05 
 1.51530480e+01 -9.99999886e-01  2.35975962e-06 -1.02287978e+00  9.60373569e-04 -1.11916528e+00  5.29171884e-03 -1.13085538e+00  6.17310224e-03 -8.94479234e+04 -2.13625179e+06 -6.31890472e+04 -1.40468809e+06 -3.04789616e+04 -4.04253413e+05 
 1.51705037e+01 -9.99999886e-01  2.36291382e-06 -1.02293719e+00  9.61900214e-04 -1.11947175e+00  5.30069455e-03 -1.13119229e+00  6.18351870e-03 -8.94870837e+04 -2.13914854e+06 -6.32248877e+04 -1.40670101e+06 -3.04936566e+04 -4.04839633e+05 
 1.51879794e+01 -9.99999885e-01  2.36607342e-06 -1.02299477e+00  9.63430407e-04 -1.11977909e+00  5.30969289e-03 -1.13153016e+00  6.19396124e-03 -8.95263655e+04 -2.14205035e+06 -6.32608398e+04 -1.40871782e+06 -3.05083965e+04 -4.05427011e+05 
 1.52054753e+01 -9.99999885e-01  2.36923837e-06 -1.02305250e+00  9.64964163e-04 -1.12008730e+00  5.31871394e-03 -1.13186898e+00  6.20442996e-03 -8.95657693e+04 -2.14495726e+06 -6.32969039e+04 -1.41073853e+06 -3.05231814e+04 -4.06015550e+05 
 1.52229913e+01 -9.99999885e-01  2.37240874e-06 -1.02311039e+00  9.66501492e-04 -1.12039639e+00  5.32775781e-03 -1.13220878e+00  6.21492496e-03 -8.96052956e+04 -2.14786927e+06 -6.33330806e+04 -1.41276317e+06 -3.05380115e+04 -4.06605252e+05 
 1.52405275e+01 -9.99999885e-01  2.37558454e-06 -1.02316843e+00  9.68042407e-04 -1.12070636e+00  5.33682455e-03 -1.13254954e+00  6.22544633e-03 -8.96449448e+04 -2.15078639e+06 -6.33693702e+04 -1.41479174e+06 -3.05528868e+04 -4.07196123e+05 
 1.52580839e+01 -9.99999885e-01  2.37876574e-06 -1.02322664e+00  9.69586922e-04 -1.12101721e+00  5.34591428e-03 -1.13289127e+00  6.23599417e-03 -8.96847174e+04 -2.15370864e+06 -6.34057731e+04 -1.41682424e+06 -3.05678077e+04 -4.07788165e+05 
 1.52756606e+01 -9.99999885e-01  2.38195238e-06 -1.02328500e+00  9.71135050e-04 -1.12132894e+00  5.35502706e-03 -1.13323397e+00  6.24656859e-03 -8.97246138e+04 -2.15663603e+06 -6.34422899e+04 -1.41886071e+06 -3.05827742e+04 -4.08381381e+05 
 1.52932575e+01 -9.99999885e-01  2.38514448e-06 -1.02334352e+00  9.72686802e-04 -1.12164156e+00  5.36416299e-03 -1.13357766e+00  6.25716968e-03 -8.97646345e+04 -2.15956857e+06 -6.34789208e+04 -1.42090113e+06 -3.05977866e+04 -4.08975776e+05 
 1.53108746e+01 -9.99999885e-01  2.38834207e-06 -1.02340220e+00  9.74242193e-04 -1.12195507e+00  5.37332216e-03 -1.13392232e+00  6.26779754e-03 -8.98047800e+04 -2.16250628e+06 -6.35156664e+04 -1.42294554e+06 -3.06128449e+04 -4.09571352e+05 
 1.53285121e+01 -9.99999885e-01  2.39154511e-06 -1.02346105e+00  9.75801234e-04 -1.12226948e+00  5.38250465e-03 -1.13426797e+00  6.27845227e-03 -8.98450507e+04 -2.16544918e+06 -6.35525271e+04 -1.42499393e+06 -3.06279495e+04 -4.10168114e+05 
 1.53461698e+01 -9.99999885e-01  2.39475365e-06 -1.02352005e+00  9.77363940e-04 -1.12258478e+00  5.39171055e-03 -1.13461460e+00  6.28913397e-03 -8.98854472e+04 -2.16839727e+06 -6.35895033e+04 -1.42704632e+06 -3.06431003e+04 -4.10766064e+05 
 1.53638479e+01 -9.99999885e-01  2.39796769e-06 -1.02357921e+00  9.78930323e-04 -1.12290098e+00  5.40093995e-03 -1.13496223e+00  6.29984275e-03 -8.99259699e+04 -2.17135057e+06 -6.36265954e+04 -1.42910272e+06 -3.06582977e+04 -4.11365207e+05 
 1.53815464e+01 -9.99999885e-01  2.40118727e-06 -1.02363854e+00  9.80500397e-04 -1.12321809e+00  5.41019293e-03 -1.13531085e+00  6.31057870e-03 -8.99666193e+04 -2.17430909e+06 -6.36638040e+04 -1.43116315e+06 -3.06735418e+04 -4.11965545e+05 
 1.53992653e+01 -9.99999885e-01  2.40441238e-06 -1.02369803e+00  9.82074174e-04 -1.12353610e+00  5.41946959e-03 -1.13566047e+00  6.32134193e-03 -9.00073959e+04 -2.17727285e+06 -6.37011294e+04 -1.43322761e+06 -3.06888327e+04 -4.12567083e+05 
 1.54170045e+01 -9.99999885e-01  2.40764305e-06 -1.02375768e+00  9.83651668e-04 -1.12385502e+00  5.42877002e-03 -1.13601109e+00  6.33213254e-03 -9.00483001e+04 -2.18024187e+06 -6.37385722e+04 -1.43529612e+06 -3.07041707e+04 -4.13169824e+05 
 1.54347642e+01 -9.99999885e-01  2.41087928e-06 -1.02381750e+00  9.85232893e-04 -1.12417485e+00  5.43809430e-03 -1.13636271e+00  6.34295063e-03 -9.00893325e+04 -2.18321615e+06 -6.37761326e+04 -1.43736869e+06 -3.07195558e+04 -4.13773772e+05 
 1.54525444e+01 -9.99999885e-01  2.41412111e-06 -1.02387748e+00  9.86817862e-04 -1.12449559e+00  5.44744253e-03 -1.13671534e+00  6.35379631e-03 -9.01304935e+04 -2.18619570e+06 -6.38138113e+04 -1.43944533e+06 -3.07349884e+04 -4.14378930e+05 
 1.54703450e+01 -9.99999885e-01  2.41736852e-06 -1.02393762e+00  9.88406589e-04 -1.12481725e+00  5.45681480e-03 -1.13706898e+00  6.36466969e-03 -9.01717836e+04 -2.18918056e+06 -6.38516087e+04 -1.44152605e+06 -3.07504685e+04 -4.14985302e+05 
 1.54881662e+01 -9.99999885e-01  2.42062154e-06 -1.02399793e+00  9.89999086e-04 -1.12513984e+00  5.46621120e-03 -1.13742364e+00  6.37557085e-03 -9.02132034e+04 -2.19217072e+06 -6.38895251e+04 -1.44361087e+06 -3.07659964e+04 -4.15592891e+05 
 1.55060079e+01 -9.99999885e-01  2.42388019e-06 -1.02405841e+00  9.91595369e-04 -1.12546335e+00  5.47563182e-03 -1.13777931e+00  6.38649992e-03 -9.02547533e+04 -2.19516620e+06 -6.39275611e+04 -1.44569980e+06 -3.07815721e+04 -4.16201702e+05 
 1.55238701e+01 -9.99999885e-01  2.42714448e-06 -1.02411905e+00  9.93195450e-04 -1.12578778e+00  5.48507675e-03 -1.13813601e+00  6.39745700e-03 -9.02964338e+04 -2.19816702e+06 -6.39657172e+04 -1.44779284e+06 -3.07971960e+04 -4.16811738e+05 
 1.55417529e+01 -9.99999885e-01  2.43041444e-06 -1.02417985e+00  9.94799343e-04 -1.12611315e+00  5.49454609e-03 -1.13849373e+00  6.40844219e-03 -9.03382454e+04 -2.20117319e+06 -6.40039937e+04 -1.44989002e+06 -3.08128682e+04 -4.17423003e+05 
 1.55596563e+01 -9.99999885e-01  2.43369004e-06 -1.02424083e+00  9.96407062e-04 -1.12643945e+00  5.50403993e-03 -1.13885248e+00  6.41945561e-03 -9.03801886e+04 -2.20418473e+06 -6.40423912e+04 -1.45199135e+06 -3.08285888e+04 -4.18035500e+05 
 1.55775803e+01 -9.99999885e-01  2.43697133e-06 -1.02430197e+00  9.98018621e-04 -1.12676668e+00  5.51355837e-03 -1.13921226e+00  6.43049735e-03 -9.04222640e+04 -2.20720164e+06 -6.40809102e+04 -1.45409682e+06 -3.08443580e+04 -4.18649233e+05 
 1.55955250e+01 -9.99999885e-01  2.44025831e-06 -1.02436328e+00  9.99634035e-04 -1.12709486e+00  5.52310149e-03 -1.13957307e+00  6.44156752e-03 -9.04644720e+04 -2.21022395e+06 -6.41195510e+04 -1.45620647e+06 -3.08601761e+04 -4.19264206e+05 
 1.56134904e+01 -9.99999884e-01  2.44355103e-06 -1.02442476e+00  1.00125332e-03 -1.12742397e+00  5.53266940e-03 -1.13993492e+00  6.45266625e-03 -9.05068132e+04 -2.21325167e+06 -6.41583142e+04 -1.45832030e+06 -3.08760432e+04 -4.19880423e+05 
 1.56314764e+01 -9.99999884e-01  2.44684946e-06 -1.02448641e+00  1.00287648e-03 -1.12775404e+00  5.54226219e-03 -1.14029782e+00  6.46379362e-03 -9.05492880e+04 -2.21628482e+06 -6.41972002e+04 -1.46043833e+06 -3.08919595e+04 -4.20497888e+05 
 1.56494832e+01 -9.99999884e-01  2.45015366e-06 -1.02454822e+00  1.00450354e-03 -1.12808505e+00  5.55187995e-03 -1.14066176e+00  6.47494976e-03 -9.05918970e+04 -2.21932340e+06 -6.42362096e+04 -1.46256056e+06 -3.09079251e+04 -4.21116604e+05 
 1.56675107e+01 -9.99999884e-01  2.45346361e-06 -1.02461021e+00  1.00613451e-03 -1.12841702e+00  5.56152278e-03 -1.14102675e+00  6.48613478e-03 -9.06346407e+04 -2.22236744e+06 -6.42753427e+04 -1.46468701e+06 -3.09239404e+04 -4.21736575e+05 
 1.56855590e+01 -9.99999884e-01  2.45677931e-06 -1.02467237e+00  1.00776941e-03 -1.12874994e+00  5.57119078e-03 -1.14139279e+00  6.49734878e-03 -9.06775196e+04 -2.22541694e+06 -6.43146001e+04 -1.46681769e+06 -3.09400053e+04 -4.22357805e+05 
 1.57036280e+01 -9.99999884e-01  2.46010083e-06 -1.02473470e+00  1.00940824e-03 -1.12908382e+00  5.58088404e-03 -1.14175989e+00  6.50859187e-03 -9.07205342e+04 -2.22847193e+06 -6.43539823e+04 -1.46895262e+06 -3.09561203e+04 -4.22980298e+05 
 1.57217179e+01 -9.99999884e-01  2.46342815e-06 -1.02479720e+00  1.01105103e-03 -1.12941866e+00  5.59060267e-03 -1.14212805e+00  6.51986418e-03 -9.07636851e+04 -2.23153242e+06 -6.43934897e+04 -1.47109180e+06 -3.09722853e+04 -4.23604057e+05 
 1.57398286e+01 -9.99999884e-01  2.46676127e-06 -1.02485988e+00  1.01269779e-03 -1.12975447e+00  5.60034675e-03 -1.14249728e+00  6.53116580e-03 -9.08069728e+04 -2.23459842e+06 -6.44331229e+04 -1.47323526e+06 -3.09885007e+04 -4.24229087e+05 
 1.57579602e+01 -9.99999884e-01  2.47010024e-06 -1.02492272e+00  1.01434853e-03 -1.13009125e+00  5.61011640e-03 -1.14286757e+00  6.54249686e-03 -9.08503979e+04 -2.23766994e+06 -6.44728823e+04 -1.47538300e+06 -3.10047665e+04 -4.24855392e+05 
 1.57761127e+01 -9.99999884e-01  2.47344505e-06 -1.02498575e+00  1.01600327e-03 -1.13042900e+00  5.61991170e-03 -1.14323893e+00  6.55385746e-03 -9.08939608e+04 -2.24074701e+06 -6.45127684e+04 -1.47753503e+06 -3.10210831e+04 -4.25482975e+05 
 1.57942861e+01 -9.99999884e-01  2.47679574e-06 -1.02504894e+00  1.01766203e-03 -1.13076772e+00  5.62973276e-03 -1.14361137e+00  6.56524773e-03 -9.09376620e+04 -2.24382964e+06 -6.45527817e+04 -1.47969138e+06 -3.10374506e+04 -4.26111840e+05 
 1.58124804e+01 -9.99999884e-01  2.48015230e-06 -1.02511231e+00  1.01932481e-03 -1.13110742e+00  5.63957968e-03 -1.14398488e+00  6.57666777e-03 -9.09815023e+04 -2.24691785e+06 -6.45929227e+04 -1.48185204e+06 -3.10538691e+04 -4.26741992e+05 
 1.58306957e+01 -9.99999884e-01  2.48351479e-06 -1.02517586e+00  1.02099163e-03 -1.13144811e+00  5.64945256e-03 -1.14435948e+00  6.58811770e-03 -9.10254820e+04 -2.25001164e+06 -6.46331919e+04 -1.48401704e+06 -3.10703390e+04 -4.27373434e+05 
 1.58489319e+01 -9.99999884e-01  2.48688316e-06 -1.02523958e+00  1.02266251e-03 -1.13178978e+00  5.65935150e-03 -1.14473516e+00  6.59959764e-03 -9.10696017e+04 -2.25311104e+06 -6.46735898e+04 -1.48618639e+06 -3.10868603e+04 -4.28006170e+05 
 1.58671892e+01 -9.99999884e-01  2.49025747e-06 -1.02530348e+00  1.02433746e-03 -1.13213244e+00  5.66927660e-03 -1.14511193e+00  6.61110770e-03 -9.11138620e+04 -2.25621605e+06 -6.47141170e+04 -1.48836011e+06 -3.11034333e+04 -4.28640204e+05 
 1.58854675e+01 -9.99999884e-01  2.49363775e-06 -1.02536755e+00  1.02601650e-03 -1.13247609e+00  5.67922796e-03 -1.14548979e+00  6.62264801e-03 -9.11582634e+04 -2.25932671e+06 -6.47547739e+04 -1.49053819e+06 -3.11200582e+04 -4.29275541e+05 
 1.59037668e+01 -9.99999884e-01  2.49702397e-06 -1.02543180e+00  1.02769965e-03 -1.13282074e+00  5.68920570e-03 -1.14586876e+00  6.63421867e-03 -9.12028065e+04 -2.26244301e+06 -6.47955610e+04 -1.49272067e+06 -3.11367351e+04 -4.29912184e+05 
 1.59220873e+01 -9.99999884e-01  2.50041614e-06 -1.02549623e+00  1.02938691e-03 -1.13316639e+00  5.69920990e-03 -1.14624882e+00  6.64581981e-03 -9.12474918e+04 -2.26556498e+06 -6.48364788e+04 -1.49490754e+06 -3.11534643e+04 -4.30550138e+05 
 1.59404288e+01 -9.99999884e-01  2.50381434e-06 -1.02556084e+00  1.03107831e-03 -1.13351304e+00  5.70924067e-03 -1.14662999e+00  6.65745154e-03 -9.12923199e+04 -2.26869264e+06 -6.48775279e+04 -1.49709884e+06 -3.11702460e+04 -4.31189406e+05 
 1.59587915e+01 -9.99999884e-01  2.50721855e-06 -1.02562563e+00  1.03277385e-03 -1.13386069e+00  5.71929813e-03 -1.14701226e+00  6.66911399e-03 -9.13372913e+04 -2.27182599e+06 -6.49187088e+04 -1.49929456e+06 -3.11870803e+04 -4.31829992e+05 
 1.59771753e+01 -9.99999884e-01  2.51062878e-06 -1.02569060e+00  1.03447356e-03 -1.13420936e+00  5.72938237e-03 -1.14739565e+00  6.68080727e-03 -9.13824066e+04 -2.27496506e+06 -6.49600220e+04 -1.50149472e+06 -3.12039675e+04 -4.32471901e+05 
 1.59955803e+01 -9.99999884e-01  2.51404505e-06 -1.02575575e+00  1.03617745e-03 -1.13455904e+00  5.73949350e-03 -1.14778015e+00  6.69253151e-03 -9.14276664e+04 -2.27810985e+06 -6.50014680e+04 -1.50369934e+06 -3.12209078e+04 -4.33115137e+05 
 1.60140065e+01 -9.99999884e-01  2.51746738e-06 -1.02582108e+00  1.03788554e-03 -1.13490973e+00  5.74963162e-03 -1.14816577e+00  6.70428683e-03 -9.14730713e+04 -2.28126040e+06 -6.50430473e+04 -1.50590843e+06 -3.12379014e+04 -4.33759704e+05 
 1.60324539e+01 -9.99999883e-01  2.52089579e-06 -1.02588659e+00  1.03959784e-03 -1.13526144e+00  5.75979684e-03 -1.14855252e+00  6.71607335e-03 -9.15186217e+04 -2.28441670e+06 -6.50847605e+04 -1.50812200e+06 -3.12549484e+04 -4.34405606e+05 
 1.60509226e+01 -9.99999883e-01  2.52433028e-06 -1.02595229e+00  1.04131436e-03 -1.13561418e+00  5.76998927e-03 -1.14894039e+00  6.72789118e-03 -9.15643184e+04 -2.28757879e+06 -6.51266081e+04 -1.51034007e+06 -3.12720492e+04 -4.35052847e+05 
 1.60694125e+01 -9.99999883e-01  2.52777089e-06 -1.02601816e+00  1.04303513e-03 -1.13596794e+00  5.78020902e-03 -1.14932940e+00  6.73974047e-03 -9.16101618e+04 -2.29074666e+06 -6.51685907e+04 -1.51256265e+06 -3.12892038e+04 -4.35701432e+05 
 1.60879238e+01 -9.99999883e-01  2.53121762e-06 -1.02608422e+00  1.04476016e-03 -1.13632274e+00  5.79045620e-03 -1.14971954e+00  6.75162132e-03 -9.16561526e+04 -2.29392035e+06 -6.52107087e+04 -1.51478976e+06 -3.13064125e+04 -4.36351365e+05 
 1.61064564e+01 -9.99999883e-01  2.53467049e-06 -1.02615047e+00  1.04648947e-03 -1.13667857e+00  5.80073090e-03 -1.15011082e+00  6.76353386e-03 -9.17022912e+04 -2.29709987e+06 -6.52529627e+04 -1.51702140e+06 -3.13236756e+04 -4.37002649e+05 
 1.61250103e+01 -9.99999883e-01  2.53812952e-06 -1.02621690e+00  1.04822306e-03 -1.13703543e+00  5.81103325e-03 -1.15050324e+00  6.77547823e-03 -9.17485784e+04 -2.30028523e+06 -6.52953533e+04 -1.51925760e+06 -3.13409932e+04 -4.37655290e+05 
 1.61435856e+01 -9.99999883e-01  2.54159472e-06 -1.02628351e+00  1.04996097e-03 -1.13739334e+00  5.82136336e-03 -1.15089681e+00  6.78745453e-03 -9.17950147e+04 -2.30347644e+06 -6.53378810e+04 -1.52149836e+06 -3.13583655e+04 -4.38309291e+05 
 1.61621823e+01 -9.99999883e-01  2.54506612e-06 -1.02635031e+00  1.05170320e-03 -1.13775229e+00  5.83172132e-03 -1.15129153e+00  6.79946291e-03 -9.18416007e+04 -2.30667354e+06 -6.53805463e+04 -1.52374371e+06 -3.13757927e+04 -4.38964657e+05 
 1.61808004e+01 -9.99999883e-01  2.54854372e-06 -1.02641730e+00  1.05344977e-03 -1.13811229e+00  5.84210726e-03 -1.15168741e+00  6.81150349e-03 -9.18883370e+04 -2.30987653e+06 -6.54233498e+04 -1.52599365e+06 -3.13932752e+04 -4.39621391e+05 
 1.61994399e+01 -9.99999883e-01  2.55202755e-06 -1.02648447e+00  1.05520070e-03 -1.13847335e+00  5.85252128e-03 -1.15208444e+00  6.82357639e-03 -9.19352242e+04 -2.31308542e+06 -6.54662921e+04 -1.52824820e+06 -3.14108130e+04 -4.40279500e+05 
 1.62181010e+01 -9.99999883e-01  2.55551764e-06 -1.02655183e+00  1.05695600e-03 -1.13883545e+00  5.86296351e-03 -1.15248264e+00  6.83568174e-03 -9.19822629e+04 -2.31630025e+06 -6.55093736e+04 -1.53050738e+06 -3.14284063e+04 -4.40938986e+05 
 1.62367835e+01 -9.99999883e-01  2.55901396e-06 -1.02661938e+00  1.05871569e-03 -1.13919862e+00  5.87343404e-03 -1.15288201e+00  6.84781968e-03 -9.20294536e+04 -2.31952101e+06 -6.55525950e+04 -1.53277119e+06 -3.14460555e+04 -4.41599854e+05 
 1.62554876e+01 -9.99999883e-01  2.56251657e-06 -1.02668712e+00  1.06047979e-03 -1.13956285e+00  5.88393300e-03 -1.15328255e+00  6.85999033e-03 -9.20767971e+04 -2.32274774e+06 -6.55959568e+04 -1.53503966e+06 -3.14637607e+04 -4.42262108e+05 
 1.62742132e+01 -9.99999883e-01  2.56602549e-06 -1.02675504e+00  1.06224832e-03 -1.13992815e+00  5.89446049e-03 -1.15368426e+00  6.87219383e-03 -9.21242938e+04 -2.32598044e+06 -6.56394596e+04 -1.53731279e+06 -3.14815222e+04 -4.42925754e+05 
 1.62929603e+01 -9.99999883e-01  2.56954070e-06 -1.02682316e+00  1.06402129e-03 -1.14029452e+00  5.90501664e-03 -1.15408715e+00  6.88443029e-03 -9.21719445e+04 -2.32921914e+06 -6.56831040e+04 -1.53959061e+06 -3.14993401e+04 -4.43590794e+05 
 1.63117291e+01 -9.99999883e-01  2.57306223e-06 -1.02689147e+00  1.06579871e-03 -1.14066196e+00  5.91560156e-03 -1.15449123e+00  6.89669987e-03 -9.22197497e+04 -2.33246385e+06 -6.57268904e+04 -1.54187312e+06 -3.15172147e+04 -4.44257235e+05 
 1.63305195e+01 -9.99999883e-01  2.57659013e-06 -1.02695997e+00  1.06758061e-03 -1.14103048e+00  5.92621536e-03 -1.15489649e+00  6.90900268e-03 -9.22677101e+04 -2.33571458e+06 -6.57708195e+04 -1.54416034e+06 -3.15351461e+04 -4.44925080e+05 
 1.63493315e+01 -9.99999883e-01  2.58012440e-06 -1.02702866e+00  1.06936701e-03 -1.14140008e+00  5.93685816e-03 -1.15530295e+00  6.92133887e-03 -9.23158262e+04 -2.33897136e+06 -6.58148919e+04 -1.54645229e+06 -3.15531348e+04 -4.45594333e+05 
 1.63681652e+01 -9.99999883e-01  2.58366502e-06 -1.02709754e+00  1.07115791e-03 -1.14177077e+00  5.94753007e-03 -1.15571060e+00  6.93370856e-03 -9.23640988e+04 -2.34223420e+06 -6.58591081e+04 -1.54874898e+06 -3.15711807e+04 -4.46265000e+05 
 1.63870206e+01 -9.99999883e-01  2.58721208e-06 -1.02716662e+00  1.07295334e-03 -1.14214255e+00  5.95823122e-03 -1.15611946e+00  6.94611189e-03 -9.24125284e+04 -2.34550313e+06 -6.59034688e+04 -1.55105043e+06 -3.15892842e+04 -4.46937084e+05 
 1.64058977e+01 -9.99999883e-01  2.59076552e-06 -1.02723589e+00  1.07475332e-03 -1.14251542e+00  5.96896173e-03 -1.15652951e+00  6.95854899e-03 -9.24611156e+04 -2.34877815e+06 -6.59479744e+04 -1.55335665e+06 -3.16074456e+04 -4.47610591e+05 
 1.64247966e+01 -9.99999882e-01  2.59432542e-06 -1.02730536e+00  1.07655786e-03 -1.14288939e+00  5.97972170e-03 -1.15694078e+00  6.97102001e-03 -9.25098612e+04 -2.35205928e+06 -6.59926256e+04 -1.55566765e+06 -3.16256649e+04 -4.48285525e+05 
 1.64437172e+01 -9.99999882e-01  2.59789175e-06 -1.02737502e+00  1.07836698e-03 -1.14326445e+00  5.99051127e-03 -1.15735326e+00  6.98352508e-03 -9.25587656e+04 -2.35534655e+06 -6.60374230e+04 -1.55798346e+06 -3.16439425e+04 -4.48961890e+05 
 1.64626597e+01 -9.99999882e-01  2.60146460e-06 -1.02744488e+00  1.08018070e-03 -1.14364063e+00  6.00133055e-03 -1.15776696e+00  6.99606433e-03 -9.26078297e+04 -2.35863996e+06 -6.60823672e+04 -1.56030408e+06 -3.16622786e+04 -4.49639691e+05 
 1.64816239e+01 -9.99999882e-01  2.60504389e-06 -1.02751493e+00  1.08199903e-03 -1.14401791e+00  6.01217966e-03 -1.15818188e+00  7.00863790e-03 -9.26570540e+04 -2.36193955e+06 -6.61274587e+04 -1.56262954e+06 -3.16806734e+04 -4.50318932e+05 
 1.65006100e+01 -9.99999882e-01  2.60862970e-06 -1.02758518e+00  1.08382200e-03 -1.14439630e+00  6.02305872e-03 -1.15859802e+00  7.02124594e-03 -9.27064391e+04 -2.36524531e+06 -6.61726982e+04 -1.56495984e+06 -3.16991272e+04 -4.50999619e+05 
 1.65196180e+01 -9.99999882e-01  2.61222203e-06 -1.02765563e+00  1.08564962e-03 -1.14477581e+00  6.03396786e-03 -1.15901540e+00  7.03388858e-03 -9.27559858e+04 -2.36855729e+06 -6.62180862e+04 -1.56729500e+06 -3.17176401e+04 -4.51681756e+05 
 1.65386478e+01 -9.99999882e-01  2.61582093e-06 -1.02772628e+00  1.08748191e-03 -1.14515644e+00  6.04490720e-03 -1.15943401e+00  7.04656596e-03 -9.28056947e+04 -2.37187548e+06 -6.62636235e+04 -1.56963504e+06 -3.17362125e+04 -4.52365348e+05 
 1.65576996e+01 -9.99999882e-01  2.61942638e-06 -1.02779712e+00  1.08931888e-03 -1.14553820e+00  6.05587686e-03 -1.15985385e+00  7.05927823e-03 -9.28555663e+04 -2.37519991e+06 -6.63093104e+04 -1.57197997e+06 -3.17548445e+04 -4.53050399e+05 
 1.65767734e+01 -9.99999882e-01  2.62303841e-06 -1.02786817e+00  1.09116057e-03 -1.14592108e+00  6.06687696e-03 -1.16027495e+00  7.07202552e-03 -9.29056015e+04 -2.37853060e+06 -6.63551478e+04 -1.57432982e+06 -3.17735363e+04 -4.53736914e+05 
 1.65958691e+01 -9.99999882e-01  2.62665704e-06 -1.02793941e+00  1.09300697e-03 -1.14630510e+00  6.07790764e-03 -1.16069729e+00  7.08480798e-03 -9.29558008e+04 -2.38186757e+06 -6.64011362e+04 -1.57668459e+06 -3.17922883e+04 -4.54424897e+05 
 1.66149868e+01 -9.99999882e-01  2.63028230e-06 -1.02801086e+00  1.09485813e-03 -1.14669025e+00  6.08896901e-03 -1.16112088e+00  7.09762575e-03 -9.30061650e+04 -2.38521083e+06 -6.64472762e+04 -1.57904429e+06 -3.18111007e+04 -4.55114355e+05 
 1.66341265e+01 -9.99999882e-01  2.63391418e-06 -1.02808251e+00  1.09671404e-03 -1.14707654e+00  6.10006120e-03 -1.16154573e+00  7.11047898e-03 -9.30566947e+04 -2.38856040e+06 -6.64935684e+04 -1.58140896e+06 -3.18299736e+04 -4.55805291e+05 
 1.66532883e+01 -9.99999882e-01  2.63755268e-06 -1.02815436e+00  1.09857473e-03 -1.14746398e+00  6.11118434e-03 -1.16197184e+00  7.12336781e-03 -9.31073905e+04 -2.39191630e+06 -6.65400135e+04 -1.58377859e+06 -3.18489074e+04 -4.56497710e+05 
 1.66724721e+01 -9.99999882e-01  2.64119791e-06 -1.02822641e+00  1.10044023e-03 -1.14785257e+00  6.12233856e-03 -1.16239922e+00  7.13629238e-03 -9.31582532e+04 -2.39527855e+06 -6.65866120e+04 -1.58615322e+06 -3.18679023e+04 -4.57191617e+05 
 1.66916781e+01 -9.99999882e-01  2.64484981e-06 -1.02829867e+00  1.10231054e-03 -1.14824230e+00  6.13352398e-03 -1.16282786e+00  7.14925285e-03 -9.32092834e+04 -2.39864716e+06 -6.66333647e+04 -1.58853284e+06 -3.18869585e+04 -4.57887017e+05 
 1.67109061e+01 -9.99999882e-01  2.64850844e-06 -1.02837113e+00  1.10418569e-03 -1.14863320e+00  6.14474073e-03 -1.16325778e+00  7.16224936e-03 -9.32604819e+04 -2.40202217e+06 -6.66802721e+04 -1.59091749e+06 -3.19060763e+04 -4.58583915e+05 
 1.67301564e+01 -9.99999882e-01  2.65217379e-06 -1.02844380e+00  1.10606570e-03 -1.14902525e+00  6.15598895e-03 -1.16368898e+00  7.17528205e-03 -9.33118492e+04 -2.40540357e+06 -6.67273349e+04 -1.59330718e+06 -3.19252558e+04 -4.59282315e+05 
 1.67494288e+01 -9.99999882e-01  2.65584588e-06 -1.02851668e+00  1.10795058e-03 -1.14941847e+00  6.16726875e-03 -1.16412147e+00  7.18835108e-03 -9.33633861e+04 -2.40879141e+06 -6.67745538e+04 -1.59570191e+06 -3.19444975e+04 -4.59982223e+05 
 1.67687234e+01 -9.99999882e-01  2.65952475e-06 -1.02858976e+00  1.10984036e-03 -1.14981286e+00  6.17858028e-03 -1.16455524e+00  7.20145660e-03 -9.34150934e+04 -2.41218568e+06 -6.68219293e+04 -1.59810172e+06 -3.19638015e+04 -4.60683644e+05 
 1.67880402e+01 -9.99999882e-01  2.66321041e-06 -1.02866304e+00  1.11173505e-03 -1.15020843e+00  6.18992367e-03 -1.16499031e+00  7.21459876e-03 -9.34669716e+04 -2.41558642e+06 -6.68694621e+04 -1.60050661e+06 -3.19831680e+04 -4.61386582e+05 
 1.68073793e+01 -9.99999881e-01  2.66690287e-06 -1.02873654e+00  1.11363468e-03 -1.15060517e+00  6.20129904e-03 -1.16542667e+00  7.22777770e-03 -9.35190216e+04 -2.41899363e+06 -6.69171529e+04 -1.60291660e+06 -3.20025973e+04 -4.62091042e+05 
 1.68267406e+01 -9.99999881e-01  2.67060217e-06 -1.02881024e+00  1.11553926e-03 -1.15100309e+00  6.21270653e-03 -1.16586433e+00  7.24099358e-03 -9.35712439e+04 -2.42240735e+06 -6.69650023e+04 -1.60533171e+06 -3.20220897e+04 -4.62797031e+05 
 1.68461243e+01 -9.99999881e-01  2.67430833e-06 -1.02888415e+00  1.11744881e-03 -1.15140219e+00  6.22414627e-03 -1.16630331e+00  7.25424656e-03 -9.36236394e+04 -2.42582758e+06 -6.70130110e+04 -1.60775195e+06 -3.20416454e+04 -4.63504551e+05 
 1.68655303e+01 -9.99999881e-01  2.67802132e-06 -1.02895828e+00  1.11936335e-03 -1.15180249e+00  6.23561840e-03 -1.16674359e+00  7.26753678e-03 -9.36762087e+04 -2.42925435e+06 -6.70611796e+04 -1.61017735e+06 -3.20612647e+04 -4.64213609e+05 
 1.68849586e+01 -9.99999881e-01  2.68174122e-06 -1.02903261e+00  1.12128291e-03 -1.15220398e+00  6.24712305e-03 -1.16718519e+00  7.28086441e-03 -9.37289525e+04 -2.43268768e+06 -6.71095087e+04 -1.61260791e+06 -3.20809478e+04 -4.64924210e+05 
 1.69044093e+01 -9.99999881e-01  2.68546803e-06 -1.02910716e+00  1.12320751e-03 -1.15260667e+00  6.25866036e-03 -1.16762811e+00  7.29422959e-03 -9.37818716e+04 -2.43612759e+06 -6.71579992e+04 -1.61504366e+06 -3.21006950e+04 -4.65636359e+05 
 1.69238824e+01 -9.99999881e-01  2.68920176e-06 -1.02918191e+00  1.12513715e-03 -1.15301057e+00  6.27023047e-03 -1.16807236e+00  7.30763248e-03 -9.38349667e+04 -2.43957409e+06 -6.72066516e+04 -1.61748461e+06 -3.21205066e+04 -4.66350061e+05 
 1.69433780e+01 -9.99999881e-01  2.69294243e-06 -1.02925688e+00  1.12707187e-03 -1.15341567e+00  6.28183351e-03 -1.16851794e+00  7.32107324e-03 -9.38882386e+04 -2.44302721e+06 -6.72554666e+04 -1.61993077e+06 -3.21403827e+04 -4.67065321e+05 
 1.69628960e+01 -9.99999881e-01  2.69669009e-06 -1.02933207e+00  1.12901168e-03 -1.15382198e+00  6.29346962e-03 -1.16896485e+00  7.33455203e-03 -9.39416878e+04 -2.44648696e+06 -6.73044449e+04 -1.62238218e+06 -3.21603237e+04 -4.67782144e+05 
 1.69824365e+01 -9.99999881e-01  2.70044471e-06 -1.02940746e+00  1.13095661e-03 -1.15422951e+00  6.30513894e-03 -1.16941311e+00  7.34806901e-03 -9.39953153e+04 -2.44995337e+06 -6.73535871e+04 -1.62483884e+06 -3.21803299e+04 -4.68500535e+05 
 1.70019995e+01 -9.99999881e-01  2.70420635e-06 -1.02948308e+00  1.13290667e-03 -1.15463826e+00  6.31684161e-03 -1.16986271e+00  7.36162433e-03 -9.40491218e+04 -2.45342646e+06 -6.74028940e+04 -1.62730076e+06 -3.22004014e+04 -4.69220500e+05 
 1.70215851e+01 -9.99999881e-01  2.70797503e-06 -1.02955890e+00  1.13486189e-03 -1.15504823e+00  6.32857776e-03 -1.17031366e+00  7.37521816e-03 -9.41031079e+04 -2.45690624e+06 -6.74523662e+04 -1.62976798e+06 -3.22205386e+04 -4.69942044e+05 
 1.70411932e+01 -9.99999881e-01  2.71175074e-06 -1.02963495e+00  1.13682229e-03 -1.15545943e+00  6.34034755e-03 -1.17076596e+00  7.38885066e-03 -9.41572744e+04 -2.46039273e+06 -6.75020045e+04 -1.63224050e+06 -3.22407417e+04 -4.70665172e+05 
 1.70608239e+01 -9.99999881e-01  2.71553353e-06 -1.02971121e+00  1.13878788e-03 -1.15587187e+00  6.35215111e-03 -1.17121962e+00  7.40252199e-03 -9.42116221e+04 -2.46388596e+06 -6.75518095e+04 -1.63471834e+06 -3.22610110e+04 -4.71389890e+05 
 1.70804772e+01 -9.99999881e-01  2.71932339e-06 -1.02978769e+00  1.14075869e-03 -1.15628554e+00  6.36398859e-03 -1.17167465e+00  7.41623231e-03 -9.42661518e+04 -2.46738595e+06 -6.76017819e+04 -1.63720152e+06 -3.22813468e+04 -4.72116203e+05 
 1.71001532e+01 -9.99999881e-01  2.72312037e-06 -1.02986439e+00  1.14273474e-03 -1.15670046e+00  6.37586012e-03 -1.17213105e+00  7.42998179e-03 -9.43208641e+04 -2.47089271e+06 -6.76519224e+04 -1.63969006e+06 -3.23017493e+04 -4.72844115e+05 
 1.71198518e+01 -9.99999881e-01  2.72692449e-06 -1.02994131e+00  1.14471605e-03 -1.15711662e+00  6.38776586e-03 -1.17258882e+00  7.44377059e-03 -9.43757599e+04 -2.47440627e+06 -6.77022318e+04 -1.64218397e+06 -3.23222188e+04 -4.73573633e+05 
 1.71395731e+01 -9.99999881e-01  2.73073577e-06 -1.03001845e+00  1.14670264e-03 -1.15753403e+00  6.39970594e-03 -1.17304798e+00  7.45759888e-03 -9.44308400e+04 -2.47792665e+06 -6.77527107e+04 -1.64468328e+06 -3.23427555e+04 -4.74304762e+05 
 1.71593171e+01 -9.99999881e-01  2.73455420e-06 -1.03009581e+00  1.14869454e-03 -1.15795271e+00  6.41168052e-03 -1.17350851e+00  7.47146682e-03 -9.44861050e+04 -2.48145386e+06 -6.78033599e+04 -1.64718799e+06 -3.23633599e+04 -4.75037508e+05 
 1.71790839e+01 -9.99999880e-01  2.73837983e-06 -1.03017339e+00  1.15069176e-03 -1.15837264e+00  6.42368974e-03 -1.17397044e+00  7.48537458e-03 -9.45415559e+04 -2.48498793e+06 -6.78541800e+04 -1.64969814e+06 -3.23840320e+04 -4.75771875e+05 
 1.71988734e+01 -9.99999880e-01  2.74221269e-06 -1.03025119e+00  1.15269433e-03 -1.15879383e+00  6.43573374e-03 -1.17443376e+00  7.49932234e-03 -9.45971933e+04 -2.48852889e+06 -6.79051718e+04 -1.65221373e+06 -3.24047723e+04 -4.76507869e+05 
 1.72186857e+01 -9.99999880e-01  2.74605276e-06 -1.03032922e+00  1.15470227e-03 -1.15921630e+00  6.44781268e-03 -1.17489848e+00  7.51331026e-03 -9.46530180e+04 -2.49207674e+06 -6.79563361e+04 -1.65473478e+06 -3.24255810e+04 -4.77245496e+05 
 1.72385209e+01 -9.99999880e-01  2.74990010e-06 -1.03040747e+00  1.15671560e-03 -1.15964004e+00  6.45992671e-03 -1.17536461e+00  7.52733850e-03 -9.47090309e+04 -2.49563151e+06 -6.80076735e+04 -1.65726132e+06 -3.24464583e+04 -4.77984761e+05 
 1.72583789e+01 -9.99999880e-01  2.75375473e-06 -1.03048594e+00  1.15873434e-03 -1.16006506e+00  6.47207597e-03 -1.17583215e+00  7.54140725e-03 -9.47652327e+04 -2.49919322e+06 -6.80591848e+04 -1.65979336e+06 -3.24674046e+04 -4.78725670e+05 
 1.72782598e+01 -9.99999880e-01  2.75761663e-06 -1.03056464e+00  1.16075852e-03 -1.16049137e+00  6.48426062e-03 -1.17630110e+00  7.55551668e-03 -9.48216242e+04 -2.50276190e+06 -6.81108707e+04 -1.66233092e+06 -3.24884201e+04 -4.79468228e+05 
 1.72981636e+01 -9.99999880e-01  2.76148589e-06 -1.03064357e+00  1.16278815e-03 -1.16091896e+00  6.49648081e-03 -1.17677147e+00  7.56966695e-03 -9.48782063e+04 -2.50633756e+06 -6.81627320e+04 -1.66487402e+06 -3.25095051e+04 -4.80212442e+05 
 1.73180903e+01 -9.99999880e-01  2.76536247e-06 -1.03072272e+00  1.16482327e-03 -1.16134784e+00  6.50873668e-03 -1.17724327e+00  7.58385824e-03 -9.49349797e+04 -2.50992022e+06 -6.82147693e+04 -1.66742267e+06 -3.25306599e+04 -4.80958316e+05 
 1.73380400e+01 -9.99999880e-01  2.76924642e-06 -1.03080211e+00  1.16686388e-03 -1.16177803e+00  6.52102840e-03 -1.17771650e+00  7.59809073e-03 -9.49919453e+04 -2.51350992e+06 -6.82669836e+04 -1.66997690e+06 -3.25518848e+04 -4.81705856e+05 
 1.73580126e+01 -9.99999880e-01  2.77313777e-06 -1.03088172e+00  1.16891002e-03 -1.16220951e+00  6.53335611e-03 -1.17819116e+00  7.61236460e-03 -9.50491038e+04 -2.51710666e+06 -6.83193754e+04 -1.67253672e+06 -3.25731801e+04 -4.82455068e+05 
 1.73780083e+01 -9.99999880e-01  2.77703650e-06 -1.03096156e+00  1.17096171e-03 -1.16264231e+00  6.54571998e-03 -1.17866727e+00  7.62668001e-03 -9.51064561e+04 -2.52071047e+06 -6.83719456e+04 -1.67510216e+06 -3.25945461e+04 -4.83205957e+05 
 1.73980270e+01 -9.99999880e-01  2.78094269e-06 -1.03104163e+00  1.17301898e-03 -1.16307641e+00  6.55812016e-03 -1.17914482e+00  7.64103716e-03 -9.51640030e+04 -2.52432137e+06 -6.84246950e+04 -1.67767322e+06 -3.26159830e+04 -4.83958530e+05 
 1.74180687e+01 -9.99999880e-01  2.78485631e-06 -1.03112193e+00  1.17508183e-03 -1.16351184e+00  6.57055680e-03 -1.17962383e+00  7.65543621e-03 -9.52217453e+04 -2.52793939e+06 -6.84776242e+04 -1.68024994e+06 -3.26374913e+04 -4.84712792e+05 
 1.74381336e+01 -9.99999880e-01  2.78877744e-06 -1.03120246e+00  1.17715030e-03 -1.16394858e+00  6.58303006e-03 -1.18010429e+00  7.66987735e-03 -9.52796839e+04 -2.53156454e+06 -6.85307341e+04 -1.68283232e+06 -3.26590710e+04 -4.85468748e+05 
 1.74582215e+01 -9.99999880e-01  2.79270606e-06 -1.03128323e+00  1.17922442e-03 -1.16438665e+00  6.59554011e-03 -1.18058621e+00  7.68436076e-03 -9.53378196e+04 -2.53519685e+06 -6.85840254e+04 -1.68542040e+06 -3.26807226e+04 -4.86226406e+05 
 1.74783326e+01 -9.99999880e-01  2.79664216e-06 -1.03136422e+00  1.18130419e-03 -1.16482606e+00  6.60808709e-03 -1.18106961e+00  7.69888662e-03 -9.53961533e+04 -2.53883634e+06 -6.86374989e+04 -1.68801418e+06 -3.27024464e+04 -4.86985770e+05 
 1.74984669e+01 -9.99999880e-01  2.80058583e-06 -1.03144546e+00  1.18338966e-03 -1.16526680e+00  6.62067118e-03 -1.18155448e+00  7.71345512e-03 -9.54546857e+04 -2.54248303e+06 -6.86911555e+04 -1.69061368e+06 -3.27242426e+04 -4.87746846e+05 
 1.75186243e+01 -9.99999879e-01  2.80453708e-06 -1.03152692e+00  1.18548083e-03 -1.16570888e+00  6.63329253e-03 -1.18204082e+00  7.72806643e-03 -9.55134178e+04 -2.54613695e+06 -6.87449958e+04 -1.69321894e+06 -3.27461116e+04 -4.88509640e+05 
 1.75388050e+01 -9.99999879e-01  2.80849591e-06 -1.03160863e+00  1.18757774e-03 -1.16615231e+00  6.64595130e-03 -1.18252865e+00  7.74272075e-03 -9.55723503e+04 -2.54979811e+06 -6.87990207e+04 -1.69582996e+06 -3.27680536e+04 -4.89274159e+05 
 1.75590089e+01 -9.99999879e-01  2.81246234e-06 -1.03169057e+00  1.18968041e-03 -1.16659709e+00  6.65864766e-03 -1.18301797e+00  7.75741826e-03 -9.56314843e+04 -2.55346654e+06 -6.88532309e+04 -1.69844676e+06 -3.27900690e+04 -4.90040408e+05 
 1.75792361e+01 -9.99999879e-01  2.81643642e-06 -1.03177275e+00  1.19178887e-03 -1.16704322e+00  6.67138177e-03 -1.18350879e+00  7.77215914e-03 -9.56908204e+04 -2.55714226e+06 -6.89076274e+04 -1.70106937e+06 -3.28121581e+04 -4.90808393e+05 
 1.75994866e+01 -9.99999879e-01  2.82041815e-06 -1.03185516e+00  1.19390313e-03 -1.16749072e+00  6.68415380e-03 -1.18400111e+00  7.78694359e-03 -9.57503596e+04 -2.56082530e+06 -6.89622108e+04 -1.70369781e+06 -3.28343211e+04 -4.91578119e+05 
 1.76197605e+01 -9.99999879e-01  2.82440756e-06 -1.03193782e+00  1.19602322e-03 -1.16793958e+00  6.69696390e-03 -1.18449493e+00  7.80177180e-03 -9.58101028e+04 -2.56451567e+06 -6.90169819e+04 -1.70633209e+06 -3.28565584e+04 -4.92349594e+05 
 1.76400576e+01 -9.99999879e-01  2.82840469e-06 -1.03202071e+00  1.19814917e-03 -1.16838982e+00  6.70981226e-03 -1.18499027e+00  7.81664396e-03 -9.58700509e+04 -2.56821340e+06 -6.90719417e+04 -1.70897223e+06 -3.28788704e+04 -4.93122824e+05 
 1.76603782e+01 -9.99999879e-01  2.83240951e-06 -1.03210385e+00  1.20028100e-03 -1.16884143e+00  6.72269903e-03 -1.18548712e+00  7.83156025e-03 -9.59302047e+04 -2.57191852e+06 -6.91270909e+04 -1.71161826e+06 -3.29012572e+04 -4.93897813e+05 
 1.76807222e+01 -9.99999879e-01  2.83642211e-06 -1.03218722e+00  1.20241874e-03 -1.16929443e+00  6.73562439e-03 -1.18598550e+00  7.84652087e-03 -9.59905650e+04 -2.57563104e+06 -6.91824303e+04 -1.71427019e+06 -3.29237193e+04 -4.94674569e+05 
 1.77010896e+01 -9.99999879e-01  2.84044249e-06 -1.03227084e+00  1.20456240e-03 -1.16974881e+00  6.74858850e-03 -1.18648541e+00  7.86152601e-03 -9.60511329e+04 -2.57935099e+06 -6.92379607e+04 -1.71692805e+06 -3.29462569e+04 -4.95453097e+05 
 1.77214805e+01 -9.99999879e-01  2.84447066e-06 -1.03235471e+00  1.20671203e-03 -1.17020458e+00  6.76159154e-03 -1.18698685e+00  7.87657588e-03 -9.61119092e+04 -2.58307840e+06 -6.92936831e+04 -1.71959185e+06 -3.29688704e+04 -4.96233404e+05 
 1.77418948e+01 -9.99999879e-01  2.84850665e-06 -1.03243881e+00  1.20886763e-03 -1.17066175e+00  6.77463367e-03 -1.18748983e+00  7.89167066e-03 -9.61728948e+04 -2.58681328e+06 -6.93495981e+04 -1.72226162e+06 -3.29915601e+04 -4.97015496e+05 
 1.77623327e+01 -9.99999879e-01  2.85255048e-06 -1.03252317e+00  1.21102924e-03 -1.17112033e+00  6.78771508e-03 -1.18799436e+00  7.90681055e-03 -9.62340907e+04 -2.59055566e+06 -6.94057067e+04 -1.72493737e+06 -3.30143263e+04 -4.97799380e+05 
 1.77827941e+01 -9.99999879e-01  2.85660219e-06 -1.03260776e+00  1.21319689e-03 -1.17158031e+00  6.80083592e-03 -1.18850045e+00  7.92199575e-03 -9.62954976e+04 -2.59430556e+06 -6.94620097e+04 -1.72761913e+06 -3.30371693e+04 -4.98585060e+05 
 1.78032791e+01 -9.99999879e-01  2.86066179e-06 -1.03269261e+00  1.21537059e-03 -1.17204170e+00  6.81399638e-03 -1.18900809e+00  7.93722646e-03 -9.63571166e+04 -2.59806301e+06 -6.95185080e+04 -1.73030692e+06 -3.30600895e+04 -4.99372544e+05 
 1.78237877e+01 -9.99999879e-01  2.86472934e-06 -1.03277770e+00  1.21755037e-03 -1.17250451e+00  6.82719664e-03 -1.18951729e+00  7.95250288e-03 -9.64189486e+04 -2.60182803e+06 -6.95752024e+04 -1.73300076e+06 -3.30830871e+04 -5.00161839e+05 
 1.78443199e+01 -9.99999879e-01  2.86880480e-06 -1.03286304e+00  1.21973627e-03 -1.17296875e+00  6.84043686e-03 -1.19002807e+00  7.96782521e-03 -9.64809945e+04 -2.60560065e+06 -6.96320937e+04 -1.73570067e+06 -3.31061626e+04 -5.00952949e+05 
 1.78648757e+01 -9.99999878e-01  2.87288822e-06 -1.03294863e+00  1.22192829e-03 -1.17343441e+00  6.85371723e-03 -1.19054042e+00  7.98319366e-03 -9.65432552e+04 -2.60938088e+06 -6.96891829e+04 -1.73840666e+06 -3.31293162e+04 -5.01745883e+05 
 1.78854553e+01 -9.99999878e-01  2.87697965e-06 -1.03303447e+00  1.22412649e-03 -1.17390151e+00  6.86703793e-03 -1.19105435e+00  7.99860842e-03 -9.66057317e+04 -2.61316876e+06 -6.97464708e+04 -1.74111877e+06 -3.31525483e+04 -5.02540646e+05 
 1.79060585e+01 -9.99999878e-01  2.88107910e-06 -1.03312056e+00  1.22633086e-03 -1.17437005e+00  6.88039913e-03 -1.19156987e+00  8.01406971e-03 -9.66684249e+04 -2.61696431e+06 -6.98039582e+04 -1.74383701e+06 -3.31758592e+04 -5.03337244e+05 
 1.79266855e+01 -9.99999878e-01  2.88518659e-06 -1.03320691e+00  1.22854146e-03 -1.17484004e+00  6.89380101e-03 -1.19208698e+00  8.02957773e-03 -9.67313358e+04 -2.62076754e+06 -6.98616461e+04 -1.74656141e+06 -3.31992492e+04 -5.04135684e+05 
 1.79473363e+01 -9.99999878e-01  2.88930214e-06 -1.03329350e+00  1.23075829e-03 -1.17531147e+00  6.90724377e-03 -1.19260569e+00  8.04513269e-03 -9.67944653e+04 -2.62457850e+06 -6.99195353e+04 -1.74929198e+06 -3.32227187e+04 -5.04935973e+05 
 1.79680108e+01 -9.99999878e-01  2.89342579e-06 -1.03338035e+00  1.23298140e-03 -1.17578436e+00  6.92072757e-03 -1.19312601e+00  8.06073479e-03 -9.68578143e+04 -2.62839719e+06 -6.99776267e+04 -1.75202874e+06 -3.32462681e+04 -5.05738118e+05 
 1.79887092e+01 -9.99999878e-01  2.89755755e-06 -1.03346746e+00  1.23521079e-03 -1.17625872e+00  6.93425261e-03 -1.19364794e+00  8.07638425e-03 -9.69213840e+04 -2.63222365e+06 -7.00359212e+04 -1.75477173e+06 -3.32698976e+04 -5.06542124e+05 
 1.80094313e+01 -9.99999878e-01  2.90169744e-06 -1.03355482e+00  1.23744652e-03 -1.17673454e+00  6.94781906e-03 -1.19417149e+00  8.09208127e-03 -9.69851751e+04 -2.63605790e+06 -7.00944197e+04 -1.75752096e+06 -3.32936076e+04 -5.07347998e+05 
 1.80301774e+01 -9.99999878e-01  2.90584551e-06 -1.03364243e+00  1.23968859e-03 -1.17721183e+00  6.96142712e-03 -1.19469667e+00  8.10782608e-03 -9.70491887e+04 -2.63989997e+06 -7.01531232e+04 -1.76027644e+06 -3.33173985e+04 -5.08155747e+05 
 1.80509474e+01 -9.99999878e-01  2.91000177e-06 -1.03373031e+00  1.24193703e-03 -1.17769060e+00  6.97507697e-03 -1.19522347e+00  8.12361888e-03 -9.71134258e+04 -2.64374987e+06 -7.02120324e+04 -1.76303821e+06 -3.33412706e+04 -5.08965378e+05 
 1.80717413e+01 -9.99999878e-01  2.91416626e-06 -1.03381844e+00  1.24419189e-03 -1.17817086e+00  6.98876880e-03 -1.19575191e+00  8.13945988e-03 -9.71778874e+04 -2.64760765e+06 -7.02711484e+04 -1.76580629e+06 -3.33652242e+04 -5.09776898e+05 
 1.80925591e+01 -9.99999878e-01  2.91833901e-06 -1.03390683e+00  1.24645317e-03 -1.17865260e+00  7.00250280e-03 -1.19628199e+00  8.15534931e-03 -9.72425744e+04 -2.65147331e+06 -7.03304720e+04 -1.76858070e+06 -3.33892597e+04 -5.10590312e+05 
 1.81134009e+01 -9.99999878e-01  2.92251998e-06 -1.03399548e+00  1.24872092e-03 -1.17913584e+00  7.01627916e-03 -1.19681372e+00  8.17128738e-03 -9.73074878e+04 -2.65534689e+06 -7.03900042e+04 -1.77136145e+06 -3.34133775e+04 -5.11405629e+05 
 1.81342668e+01 -9.99999878e-01  2.92670927e-06 -1.03408440e+00  1.25099515e-03 -1.17962058e+00  7.03009806e-03 -1.19734711e+00  8.18727431e-03 -9.73726288e+04 -2.65922842e+06 -7.04497458e+04 -1.77414858e+06 -3.34375779e+04 -5.12222854e+05 
 1.81551566e+01 -9.99999878e-01  2.93090690e-06 -1.03417357e+00  1.25327590e-03 -1.18010683e+00  7.04395971e-03 -1.19788215e+00  8.20331032e-03 -9.74379981e+04 -2.66311791e+06 -7.05096979e+04 -1.77694211e+06 -3.34618612e+04 -5.13041994e+05 
 1.81760706e+01 -9.99999877e-01  2.93511286e-06 -1.03426301e+00  1.25556320e-03 -1.18059459e+00  7.05786430e-03 -1.19841887e+00  8.21939563e-03 -9.75035970e+04 -2.66701539e+06 -7.05698614e+04 -1.77974205e+06 -3.34862279e+04 -5.13863057e+05 
 1.81970086e+01 -9.99999877e-01  2.93932720e-06 -1.03435271e+00  1.25785707e-03 -1.18108386e+00  7.07181202e-03 -1.19895726e+00  8.23553046e-03 -9.75694263e+04 -2.67092090e+06 -7.06302372e+04 -1.78254843e+06 -3.35106783e+04 -5.14686049e+05 
 1.82179707e+01 -9.99999877e-01  2.94354996e-06 -1.03444267e+00  1.26015754e-03 -1.18157466e+00  7.08580306e-03 -1.19949733e+00  8.25171504e-03 -9.76354872e+04 -2.67483445e+06 -7.06908262e+04 -1.78536128e+06 -3.35352127e+04 -5.15510978e+05 
 1.82389570e+01 -9.99999877e-01  2.94778113e-06 -1.03453291e+00  1.26246464e-03 -1.18206700e+00  7.09983763e-03 -1.20003909e+00  8.26794959e-03 -9.77017806e+04 -2.67875607e+06 -7.07516294e+04 -1.78818061e+06 -3.35598315e+04 -5.16337849e+05 
 1.82599675e+01 -9.99999877e-01  2.95202074e-06 -1.03462341e+00  1.26477841e-03 -1.18256086e+00  7.11391592e-03 -1.20058254e+00  8.28423434e-03 -9.77683077e+04 -2.68268579e+06 -7.08126479e+04 -1.79100645e+06 -3.35845351e+04 -5.17166671e+05 
 1.82810022e+01 -9.99999877e-01  2.95626887e-06 -1.03471417e+00  1.26709886e-03 -1.18305627e+00  7.12803813e-03 -1.20112769e+00  8.30056951e-03 -9.78350693e+04 -2.68662364e+06 -7.08738824e+04 -1.79383882e+06 -3.36093239e+04 -5.17997450e+05 
 1.83020611e+01 -9.99999877e-01  2.96052546e-06 -1.03480521e+00  1.26942603e-03 -1.18355322e+00  7.14220447e-03 -1.20167455e+00  8.31695534e-03 -9.79020667e+04 -2.69056964e+06 -7.09353341e+04 -1.79667775e+06 -3.36341981e+04 -5.18830193e+05 
 1.83231442e+01 -9.99999877e-01  2.96479062e-06 -1.03489651e+00  1.27175996e-03 -1.18405173e+00  7.15641513e-03 -1.20222312e+00  8.33339206e-03 -9.79693008e+04 -2.69452381e+06 -7.09970038e+04 -1.79952326e+06 -3.36591583e+04 -5.19664908e+05 
 1.83442517e+01 -9.99999877e-01  2.96906434e-06 -1.03498809e+00  1.27410066e-03 -1.18455180e+00  7.17067031e-03 -1.20277341e+00  8.34987989e-03 -9.80367727e+04 -2.69848619e+06 -7.10588926e+04 -1.80237537e+06 -3.36842047e+04 -5.20501601e+05 
 1.83653834e+01 -9.99999877e-01  2.97334665e-06 -1.03507993e+00  1.27644817e-03 -1.18505343e+00  7.18497023e-03 -1.20332543e+00  8.36641907e-03 -9.81044834e+04 -2.70245680e+06 -7.11210015e+04 -1.80523411e+06 -3.37093378e+04 -5.21340280e+05 
 1.83865395e+01 -9.99999877e-01  2.97763756e-06 -1.03517205e+00  1.27880251e-03 -1.18555664e+00  7.19931508e-03 -1.20387918e+00  8.38300983e-03 -9.81724342e+04 -2.70643568e+06 -7.11833314e+04 -1.80809950e+06 -3.37345579e+04 -5.22180952e+05 
 1.84077200e+01 -9.99999877e-01  2.98193714e-06 -1.03526444e+00  1.28116373e-03 -1.18606142e+00  7.21370508e-03 -1.20443467e+00  8.39965242e-03 -9.82406259e+04 -2.71042283e+06 -7.12458834e+04 -1.81097156e+06 -3.37598654e+04 -5.23023624e+05 
 1.84289249e+01 -9.99999877e-01  2.98624538e-06 -1.03535711e+00  1.28353185e-03 -1.18656778e+00  7.22814043e-03 -1.20499191e+00  8.41634706e-03 -9.83090598e+04 -2.71441830e+06 -7.13086584e+04 -1.81385032e+06 -3.37852607e+04 -5.23868303e+05 
 1.84501542e+01 -9.99999877e-01  2.99056232e-06 -1.03545005e+00  1.28590689e-03 -1.18707574e+00  7.24262133e-03 -1.20555090e+00  8.43309400e-03 -9.83777369e+04 -2.71842211e+06 -7.13716575e+04 -1.81673580e+06 -3.38107441e+04 -5.24714998e+05 
 1.84714079e+01 -9.99999877e-01  2.99488799e-06 -1.03554327e+00  1.28828890e-03 -1.18758529e+00  7.25714801e-03 -1.20611165e+00  8.44989347e-03 -9.84466582e+04 -2.72243429e+06 -7.14348817e+04 -1.81962802e+06 -3.38363161e+04 -5.25563714e+05 
 1.84926862e+01 -9.99999876e-01  2.99922243e-06 -1.03563677e+00  1.29067790e-03 -1.18809644e+00  7.27172067e-03 -1.20667416e+00  8.46674572e-03 -9.85158250e+04 -2.72645487e+06 -7.14983319e+04 -1.82252702e+06 -3.38619771e+04 -5.26414460e+05 
 1.85139889e+01 -9.99999876e-01  3.00356565e-06 -1.03573054e+00  1.29307393e-03 -1.18860920e+00  7.28633952e-03 -1.20723845e+00  8.48365099e-03 -9.85852383e+04 -2.73048387e+06 -7.15620093e+04 -1.82543281e+06 -3.38877274e+04 -5.27267243e+05 
 1.85353162e+01 -9.99999876e-01  3.00791768e-06 -1.03582460e+00  1.29547700e-03 -1.18912357e+00  7.30100478e-03 -1.20780452e+00  8.50060953e-03 -9.86548993e+04 -2.73452132e+06 -7.16259149e+04 -1.82834542e+06 -3.39135675e+04 -5.28122071e+05 
 1.85566681e+01 -9.99999876e-01  3.01227854e-06 -1.03591893e+00  1.29788717e-03 -1.18963957e+00  7.31571667e-03 -1.20837238e+00  8.51762157e-03 -9.87248090e+04 -2.73856725e+06 -7.16900496e+04 -1.83126488e+06 -3.39394976e+04 -5.28978950e+05 
 1.85780446e+01 -9.99999876e-01  3.01664829e-06 -1.03601355e+00  1.30030445e-03 -1.19015719e+00  7.33047539e-03 -1.20894204e+00  8.53468738e-03 -9.87949686e+04 -2.74262169e+06 -7.17544146e+04 -1.83419120e+06 -3.39655184e+04 -5.29837889e+05 
 1.85994456e+01 -9.99999876e-01  3.02102693e-06 -1.03610845e+00  1.30272888e-03 -1.19067644e+00  7.34528118e-03 -1.20951349e+00  8.55180719e-03 -9.88653793e+04 -2.74668466e+06 -7.18190109e+04 -1.83712442e+06 -3.39916300e+04 -5.30698895e+05 
 1.86208714e+01 -9.99999876e-01  3.02541450e-06 -1.03620363e+00  1.30516049e-03 -1.19119733e+00  7.36013424e-03 -1.21008675e+00  8.56898125e-03 -9.89360421e+04 -2.75075620e+06 -7.18838396e+04 -1.84006455e+06 -3.40178330e+04 -5.31561975e+05 
 1.86423218e+01 -9.99999876e-01  3.02981103e-06 -1.03629910e+00  1.30759932e-03 -1.19171987e+00  7.37503480e-03 -1.21066183e+00  8.58620983e-03 -9.90069582e+04 -2.75483634e+06 -7.19489016e+04 -1.84301163e+06 -3.40441277e+04 -5.32427139e+05 
 1.86637969e+01 -9.99999876e-01  3.03421655e-06 -1.03639485e+00  1.31004540e-03 -1.19224407e+00  7.38998308e-03 -1.21123873e+00  8.60349317e-03 -9.90781289e+04 -2.75892510e+06 -7.20141982e+04 -1.84596568e+06 -3.40705146e+04 -5.33294392e+05 
 1.86852968e+01 -9.99999876e-01  3.03863108e-06 -1.03649089e+00  1.31249875e-03 -1.19276992e+00  7.40497930e-03 -1.21181747e+00  8.62083152e-03 -9.91495551e+04 -2.76302251e+06 -7.20797304e+04 -1.84892672e+06 -3.40969940e+04 -5.34163743e+05 
 1.87068214e+01 -9.99999876e-01  3.04305466e-06 -1.03658722e+00  1.31495942e-03 -1.19329743e+00  7.42002369e-03 -1.21239803e+00  8.63822515e-03 -9.92212382e+04 -2.76712860e+06 -7.21454992e+04 -1.85189478e+06 -3.41235664e+04 -5.35035199e+05 
 1.87283708e+01 -9.99999876e-01  3.04748731e-06 -1.03668383e+00  1.31742743e-03 -1.19382662e+00  7.43511648e-03 -1.21298045e+00  8.65567430e-03 -9.92931793e+04 -2.77124340e+06 -7.22115057e+04 -1.85486989e+06 -3.41502322e+04 -5.35908769e+05 
 1.87499451e+01 -9.99999876e-01  3.05192906e-06 -1.03678074e+00  1.31990282e-03 -1.19435749e+00  7.45025788e-03 -1.21356471e+00  8.67317925e-03 -9.93653796e+04 -2.77536693e+06 -7.22777511e+04 -1.85785207e+06 -3.41769918e+04 -5.36784460e+05 
 1.87715442e+01 -9.99999876e-01  3.05637997e-06 -1.03687794e+00  1.32238563e-03 -1.19489004e+00  7.46544814e-03 -1.21415083e+00  8.69074025e-03 -9.94378403e+04 -2.77949924e+06 -7.23442364e+04 -1.86084135e+06 -3.42038456e+04 -5.37662280e+05 
 1.87931682e+01 -9.99999875e-01  3.06084004e-06 -1.03697542e+00  1.32487588e-03 -1.19542428e+00  7.48068748e-03 -1.21473882e+00  8.70835756e-03 -9.95105625e+04 -2.78364035e+06 -7.24109628e+04 -1.86383775e+06 -3.42307940e+04 -5.38542237e+05 
 1.88148171e+01 -9.99999875e-01  3.06530929e-06 -1.03707321e+00  1.32737361e-03 -1.19596022e+00  7.49597612e-03 -1.21532868e+00  8.72603145e-03 -9.95835475e+04 -2.78779028e+06 -7.24779313e+04 -1.86684130e+06 -3.42578375e+04 -5.39424340e+05 
 1.88364909e+01 -9.99999875e-01  3.06978777e-06 -1.03717128e+00  1.32987885e-03 -1.19649786e+00  7.51131432e-03 -1.21592043e+00  8.74376218e-03 -9.96567965e+04 -2.79194907e+06 -7.25451431e+04 -1.86985203e+06 -3.42849766e+04 -5.40308595e+05 
 1.88581897e+01 -9.99999875e-01  3.07427550e-06 -1.03726965e+00  1.33239164e-03 -1.19703722e+00  7.52670229e-03 -1.21651406e+00  8.76155002e-03 -9.97303107e+04 -2.79611675e+06 -7.26125993e+04 -1.87286995e+06 -3.43122115e+04 -5.41195012e+05 
 1.88799135e+01 -9.99999875e-01  3.07877251e-06 -1.03736832e+00  1.33491202e-03 -1.19757829e+00  7.54214027e-03 -1.21710959e+00  8.77939524e-03 -9.98040913e+04 -2.80029335e+06 -7.26803011e+04 -1.87589511e+06 -3.43395428e+04 -5.42083597e+05 
 1.89016623e+01 -9.99999875e-01  3.08327888e-06 -1.03746729e+00  1.33744001e-03 -1.19812110e+00  7.55762851e-03 -1.21770702e+00  8.79729812e-03 -9.98781396e+04 -2.80447890e+06 -7.27482496e+04 -1.87892753e+06 -3.43669709e+04 -5.42974360e+05 
 1.89234362e+01 -9.99999875e-01  3.08779455e-06 -1.03756655e+00  1.33997566e-03 -1.19866563e+00  7.57316724e-03 -1.21830636e+00  8.81525891e-03 -9.99524568e+04 -2.80867343e+06 -7.28164459e+04 -1.88196722e+06 -3.43944962e+04 -5.43867309e+05 
 1.89452351e+01 -9.99999875e-01  3.09231963e-06 -1.03766611e+00  1.34251899e-03 -1.19921190e+00  7.58875670e-03 -1.21890762e+00  8.83327791e-03 -1.00027044e+05 -2.81287696e+06 -7.28848912e+04 -1.88501423e+06 -3.44221192e+04 -5.44762451e+05 
 1.89670592e+01 -9.99999875e-01  3.09685410e-06 -1.03776598e+00  1.34507005e-03 -1.19975991e+00  7.60439712e-03 -1.21951080e+00  8.85135537e-03 -1.00101903e+05 -2.81708954e+06 -7.29535866e+04 -1.88806857e+06 -3.44498403e+04 -5.45659795e+05 
 1.89889084e+01 -9.99999875e-01  3.10139804e-06 -1.03786614e+00  1.34762886e-03 -1.20030968e+00  7.62008877e-03 -1.22011592e+00  8.86949158e-03 -1.00177034e+05 -2.82131119e+06 -7.30225334e+04 -1.89113028e+06 -3.44776599e+04 -5.46559350e+05 
 1.90107828e+01 -9.99999875e-01  3.10595144e-06 -1.03796661e+00  1.35019547e-03 -1.20086121e+00  7.63583187e-03 -1.22072298e+00  8.88768683e-03 -1.00252440e+05 -2.82554194e+06 -7.30917327e+04 -1.89419938e+06 -3.45055786e+04 -5.47461123e+05 
 1.90326824e+01 -9.99999875e-01  3.11051434e-06 -1.03806738e+00  1.35276991e-03 -1.20141451e+00  7.65162668e-03 -1.22133199e+00  8.90594138e-03 -1.00328121e+05 -2.82978183e+06 -7.31611856e+04 -1.89727590e+06 -3.45335967e+04 -5.48365123e+05 
 1.90546072e+01 -9.99999875e-01  3.11508680e-06 -1.03816846e+00  1.35535222e-03 -1.20196957e+00  7.66747344e-03 -1.22194296e+00  8.92425552e-03 -1.00404078e+05 -2.83403088e+06 -7.32308935e+04 -1.90035986e+06 -3.45617147e+04 -5.49271359e+05 
 1.90765572e+01 -9.99999875e-01  3.11966880e-06 -1.03826985e+00  1.35794243e-03 -1.20252642e+00  7.68337241e-03 -1.22255589e+00  8.94262954e-03 -1.00480313e+05 -2.83828913e+06 -7.33008574e+04 -1.90345130e+06 -3.45899330e+04 -5.50179839e+05 
 1.90985326e+01 -9.99999874e-01  3.12426043e-06 -1.03837154e+00  1.36054058e-03 -1.20308506e+00  7.69932383e-03 -1.22317079e+00  8.96106372e-03 -1.00556827e+05 -2.84255661e+06 -7.33710786e+04 -1.90655024e+06 -3.46182522e+04 -5.51090571e+05 
 1.91205332e+01 -9.99999874e-01  3.12886166e-06 -1.03847354e+00  1.36314671e-03 -1.20364549e+00  7.71532795e-03 -1.22378768e+00  8.97955835e-03 -1.00633621e+05 -2.84683335e+06 -7.34415582e+04 -1.90965672e+06 -3.46466726e+04 -5.52003564e+05 
 1.91425593e+01 -9.99999874e-01  3.13347259e-06 -1.03857585e+00  1.36576085e-03 -1.20420772e+00  7.73138503e-03 -1.22440655e+00  8.99811372e-03 -1.00710698e+05 -2.85111938e+06 -7.35122976e+04 -1.91277075e+06 -3.46751948e+04 -5.52918827e+05 
 1.91646106e+01 -9.99999874e-01  3.13809321e-06 -1.03867847e+00  1.36838304e-03 -1.20477177e+00  7.74749532e-03 -1.22502742e+00  9.01673012e-03 -1.00788057e+05 -2.85541474e+06 -7.35832979e+04 -1.91589237e+06 -3.47038191e+04 -5.53836368e+05 
 1.91866874e+01 -9.99999874e-01  3.14272354e-06 -1.03878140e+00  1.37101333e-03 -1.20533763e+00  7.76365909e-03 -1.22565029e+00  9.03540784e-03 -1.00865701e+05 -2.85971945e+06 -7.36545604e+04 -1.91902161e+06 -3.47325462e+04 -5.54756196e+05 
 1.92087896e+01 -9.99999874e-01  3.14736366e-06 -1.03888465e+00  1.37365173e-03 -1.20590531e+00  7.77987659e-03 -1.22627517e+00  9.05414718e-03 -1.00943630e+05 -2.86403356e+06 -7.37260863e+04 -1.92215849e+06 -3.47613763e+04 -5.55678320e+05 
 1.92309173e+01 -9.99999874e-01  3.15201356e-06 -1.03898821e+00  1.37629831e-03 -1.20647482e+00  7.79614807e-03 -1.22690208e+00  9.07294844e-03 -1.01021847e+05 -2.86835709e+06 -7.37978768e+04 -1.92530304e+06 -3.47903101e+04 -5.56602749e+05 
 1.92530705e+01 -9.99999874e-01  3.15667332e-06 -1.03909209e+00  1.37895308e-03 -1.20704618e+00  7.81247381e-03 -1.22753101e+00  9.09181191e-03 -1.01100351e+05 -2.87269007e+06 -7.38699332e+04 -1.92845530e+06 -3.48193480e+04 -5.57529491e+05 
 1.92752491e+01 -9.99999874e-01  3.16134293e-06 -1.03919628e+00  1.38161610e-03 -1.20761937e+00  7.82885406e-03 -1.22816198e+00  9.11073789e-03 -1.01179146e+05 -2.87703254e+06 -7.39422568e+04 -1.93161529e+06 -3.48484904e+04 -5.58458555e+05 
 1.92974534e+01 -9.99999874e-01  3.16602244e-06 -1.03930079e+00  1.38428740e-03 -1.20819442e+00  7.84528909e-03 -1.22879500e+00  9.12972669e-03 -1.01258232e+05 -2.88138454e+06 -7.40148489e+04 -1.93478303e+06 -3.48777379e+04 -5.59389950e+05 
 1.93196832e+01 -9.99999874e-01  3.17071188e-06 -1.03940563e+00  1.38696702e-03 -1.20877134e+00  7.86177917e-03 -1.22943007e+00  9.14877860e-03 -1.01337611e+05 -2.88574609e+06 -7.40877106e+04 -1.93795858e+06 -3.49070909e+04 -5.60323686e+05 
 1.93419386e+01 -9.99999874e-01  3.17541128e-06 -1.03951078e+00  1.38965500e-03 -1.20935012e+00  7.87832456e-03 -1.23006720e+00  9.16789395e-03 -1.01417283e+05 -2.89011723e+06 -7.41608434e+04 -1.94114194e+06 -3.49365500e+04 -5.61259770e+05 
 1.93642196e+01 -9.99999874e-01  3.18012069e-06 -1.03961625e+00  1.39235137e-03 -1.20993077e+00  7.89492554e-03 -1.23070640e+00  9.18707302e-03 -1.01497251e+05 -2.89449799e+06 -7.42342485e+04 -1.94433315e+06 -3.49661155e+04 -5.62198213e+05 
 1.93865264e+01 -9.99999873e-01  3.18484014e-06 -1.03972205e+00  1.39505618e-03 -1.21051331e+00  7.91158237e-03 -1.23134768e+00  9.20631614e-03 -1.01577516e+05 -2.89888841e+06 -7.43079272e+04 -1.94753224e+06 -3.49957881e+04 -5.63139023e+05 
 1.94088588e+01 -9.99999873e-01  3.18956963e-06 -1.03982817e+00  1.39776947e-03 -1.21109774e+00  7.92829533e-03 -1.23199104e+00  9.22562362e-03 -1.01658078e+05 -2.90328852e+06 -7.43818808e+04 -1.95073924e+06 -3.50255682e+04 -5.64082210e+05 
 1.94312169e+01 -9.99999873e-01  3.19430926e-06 -1.03993461e+00  1.40049128e-03 -1.21168407e+00  7.94506470e-03 -1.23263650e+00  9.24499577e-03 -1.01738941e+05 -2.90769835e+06 -7.44561106e+04 -1.95395418e+06 -3.50554562e+04 -5.65027783e+05 
 1.94536008e+01 -9.99999873e-01  3.19905901e-06 -1.04004139e+00  1.40322165e-03 -1.21227230e+00  7.96189075e-03 -1.23328407e+00  9.26443290e-03 -1.01820104e+05 -2.91211794e+06 -7.45306180e+04 -1.95717709e+06 -3.50854528e+04 -5.65975750e+05 
 1.94760105e+01 -9.99999873e-01  3.20381895e-06 -1.04014849e+00  1.40596062e-03 -1.21286245e+00  7.97877377e-03 -1.23393375e+00  9.28393533e-03 -1.01901570e+05 -2.91654733e+06 -7.46054043e+04 -1.96040800e+06 -3.51155584e+04 -5.66926122e+05 
 1.94984460e+01 -9.99999873e-01  3.20858911e-06 -1.04025591e+00  1.40870822e-03 -1.21345452e+00  7.99571402e-03 -1.23458554e+00  9.30350339e-03 -1.01983340e+05 -2.92098655e+06 -7.46804709e+04 -1.96364694e+06 -3.51457735e+04 -5.67878908e+05 
 1.95209073e+01 -9.99999873e-01  3.21336950e-06 -1.04036367e+00  1.41146451e-03 -1.21404853e+00  8.01271179e-03 -1.23523947e+00  9.32313739e-03 -1.02065415e+05 -2.92543563e+06 -7.47558190e+04 -1.96689395e+06 -3.51760986e+04 -5.68834116e+05 
 1.95433946e+01 -9.99999873e-01  3.21816015e-06 -1.04047176e+00  1.41422952e-03 -1.21464446e+00  8.02976738e-03 -1.23589554e+00  9.34283766e-03 -1.02147797e+05 -2.92989460e+06 -7.48314500e+04 -1.97014905e+06 -3.52065343e+04 -5.69791757e+05 
 1.95659077e+01 -9.99999873e-01  3.22296114e-06 -1.04058019e+00  1.41700330e-03 -1.21524235e+00  8.04688105e-03 -1.23655375e+00  9.36260453e-03 -1.02230487e+05 -2.93436352e+06 -7.49073654e+04 -1.97341228e+06 -3.52370810e+04 -5.70751840e+05 
 1.95884467e+01 -9.99999873e-01  3.22777245e-06 -1.04068895e+00  1.41978588e-03 -1.21584218e+00  8.06405311e-03 -1.23721412e+00  9.38243832e-03 -1.02313488e+05 -2.93884240e+06 -7.49835665e+04 -1.97668366e+06 -3.52677393e+04 -5.71714375e+05 
 1.96110118e+01 -9.99999873e-01  3.23259417e-06 -1.04079804e+00  1.42257732e-03 -1.21644398e+00  8.08128384e-03 -1.23787665e+00  9.40233935e-03 -1.02396799e+05 -2.94333128e+06 -7.50600546e+04 -1.97996323e+06 -3.52985097e+04 -5.72679371e+05 
 1.96336028e+01 -9.99999873e-01  3.23742631e-06 -1.04090747e+00  1.42537764e-03 -1.21704775e+00  8.09857353e-03 -1.23854136e+00  9.42230798e-03 -1.02480423e+05 -2.94783021e+06 -7.51368312e+04 -1.98325102e+06 -3.53293927e+04 -5.73646838e+05 
 1.96562198e+01 -9.99999872e-01  3.24226892e-06 -1.04101724e+00  1.42818690e-03 -1.21765350e+00  8.11592247e-03 -1.23920825e+00  9.44234452e-03 -1.02564362e+05 -2.95233922e+06 -7.52138977e+04 -1.98654706e+06 -3.53603889e+04 -5.74616786e+05 
 1.96788629e+01 -9.99999872e-01  3.24712201e-06 -1.04112735e+00  1.43100514e-03 -1.21826123e+00  8.13333097e-03 -1.23987733e+00  9.46244932e-03 -1.02648617e+05 -2.95685833e+06 -7.52912554e+04 -1.98985139e+06 -3.53914988e+04 -5.75589223e+05 
 1.97015321e+01 -9.99999872e-01  3.25198565e-06 -1.04123779e+00  1.43383240e-03 -1.21887095e+00  8.15079931e-03 -1.24054861e+00  9.48262271e-03 -1.02733189e+05 -2.96138760e+06 -7.53689059e+04 -1.99316403e+06 -3.54227230e+04 -5.76564161e+05 
 1.97242274e+01 -9.99999872e-01  3.25685988e-06 -1.04134858e+00  1.43666872e-03 -1.21948268e+00  8.16832779e-03 -1.24122210e+00  9.50286503e-03 -1.02818079e+05 -2.96592705e+06 -7.54468505e+04 -1.99648502e+06 -3.54540618e+04 -5.77541609e+05 
 1.97469488e+01 -9.99999872e-01  3.26174469e-06 -1.04145972e+00  1.43951415e-03 -1.22009642e+00  8.18591672e-03 -1.24189781e+00  9.52317663e-03 -1.02903291e+05 -2.97047673e+06 -7.55250906e+04 -1.99981439e+06 -3.54855161e+04 -5.78521577e+05 
 1.97696964e+01 -9.99999872e-01  3.26664016e-06 -1.04157119e+00  1.44236874e-03 -1.22071217e+00  8.20356640e-03 -1.24257575e+00  9.54355785e-03 -1.02988824e+05 -2.97503666e+06 -7.56036277e+04 -2.00315217e+06 -3.55170861e+04 -5.79504075e+05 
 1.97924702e+01 -9.99999872e-01  3.27154632e-06 -1.04168302e+00  1.44523252e-03 -1.22132995e+00  8.22127714e-03 -1.24325592e+00  9.56400905e-03 -1.03074681e+05 -2.97960690e+06 -7.56824633e+04 -2.00649840e+06 -3.55487726e+04 -5.80489113e+05 
 1.98152703e+01 -9.99999872e-01  3.27646316e-06 -1.04179519e+00  1.44810554e-03 -1.22194977e+00  8.23904923e-03 -1.24393834e+00  9.58453056e-03 -1.03160863e+05 -2.98418747e+06 -7.57615989e+04 -2.00985311e+06 -3.55805760e+04 -5.81476701e+05 
 1.98380966e+01 -9.99999872e-01  3.28139080e-06 -1.04190771e+00  1.45098785e-03 -1.22257163e+00  8.25688300e-03 -1.24462302e+00  9.60512274e-03 -1.03247372e+05 -2.98877840e+06 -7.58410358e+04 -2.01321633e+06 -3.56124970e+04 -5.82466849e+05 
 1.98609492e+01 -9.99999872e-01  3.28632922e-06 -1.04202058e+00  1.45387950e-03 -1.22319555e+00  8.27477874e-03 -1.24530996e+00  9.62578594e-03 -1.03334210e+05 -2.99337975e+06 -7.59207756e+04 -2.01658810e+06 -3.56445360e+04 -5.83459568e+05 
 1.98838281e+01 -9.99999872e-01  3.29127846e-06 -1.04213380e+00  1.45678052e-03 -1.22382152e+00  8.29273677e-03 -1.24599918e+00  9.64652053e-03 -1.03421377e+05 -2.99799155e+06 -7.60008198e+04 -2.01996844e+06 -3.56766937e+04 -5.84454867e+05 
 1.99067334e+01 -9.99999871e-01  3.29623859e-06 -1.04224737e+00  1.45969097e-03 -1.22444956e+00  8.31075741e-03 -1.24669068e+00  9.66732685e-03 -1.03508876e+05 -3.00261383e+06 -7.60811698e+04 -2.02335740e+06 -3.57089706e+04 -5.85452757e+05 
 1.99296651e+01 -9.99999871e-01  3.30120969e-06 -1.04236130e+00  1.46261089e-03 -1.22507968e+00  8.32884098e-03 -1.24738447e+00  9.68820528e-03 -1.03596708e+05 -3.00724664e+06 -7.61618272e+04 -2.02675501e+06 -3.57413672e+04 -5.86453248e+05 
 1.99526231e+01 -9.99999871e-01  3.30619167e-06 -1.04247558e+00  1.46554032e-03 -1.22571189e+00  8.34698778e-03 -1.24808057e+00  9.70915617e-03 -1.03684875e+05 -3.01189001e+06 -7.62427936e+04 -2.03016130e+06 -3.57738842e+04 -5.87456351e+05 
 1.99756077e+01 -9.99999871e-01  3.31118468e-06 -1.04259022e+00  1.46847932e-03 -1.22634619e+00  8.36519815e-03 -1.24877898e+00  9.73017989e-03 -1.03773379e+05 -3.01654398e+06 -7.63240703e+04 -2.03357631e+06 -3.58065222e+04 -5.88462076e+05 
 1.99986187e+01 -9.99999871e-01  3.31618867e-06 -1.04270521e+00  1.47142793e-03 -1.22698260e+00  8.38347241e-03 -1.24947971e+00  9.75127680e-03 -1.03862221e+05 -3.02120859e+06 -7.64056591e+04 -2.03700007e+06 -3.58392816e+04 -5.89470434e+05 
 2.00216562e+01 -9.99999871e-01  3.32120376e-06 -1.04282057e+00  1.47438620e-03 -1.22762112e+00  8.40181087e-03 -1.25018277e+00  9.77244728e-03 -1.03951403e+05 -3.02588388e+06 -7.64875613e+04 -2.04043261e+06 -3.58721631e+04 -5.90481435e+05 
 2.00447203e+01 -9.99999871e-01  3.32623000e-06 -1.04293629e+00  1.47735417e-03 -1.22826176e+00  8.42021387e-03 -1.25088818e+00  9.79369170e-03 -1.04040926e+05 -3.03056988e+06 -7.65697786e+04 -2.04387397e+06 -3.59051673e+04 -5.91495090e+05 
 2.00678109e+01 -9.99999871e-01  3.33126732e-06 -1.04305237e+00  1.48033190e-03 -1.22890453e+00  8.43868174e-03 -1.25159594e+00  9.81501044e-03 -1.04130793e+05 -3.03526665e+06 -7.66523126e+04 -2.04732419e+06 -3.59382948e+04 -5.92511410e+05 
 2.00909281e+01 -9.99999871e-01  3.33631587e-06 -1.04316881e+00  1.48331943e-03 -1.22954944e+00  8.45721481e-03 -1.25230606e+00  9.83640387e-03 -1.04221004e+05 -3.03997422e+06 -7.67351648e+04 -2.05078330e+06 -3.59715462e+04 -5.93530405e+05 
 2.01140720e+01 -9.99999871e-01  3.34137567e-06 -1.04328562e+00  1.48631681e-03 -1.23019650e+00  8.47581341e-03 -1.25301855e+00  9.85787238e-03 -1.04311562e+05 -3.04469262e+06 -7.68183368e+04 -2.05425133e+06 -3.60049220e+04 -5.94552086e+05 
 2.01372425e+01 -9.99999871e-01  3.34644668e-06 -1.04340280e+00  1.48932409e-03 -1.23084571e+00  8.49447788e-03 -1.25373342e+00  9.87941634e-03 -1.04402469e+05 -3.04942190e+06 -7.69018302e+04 -2.05772833e+06 -3.60384228e+04 -5.95576464e+05 
 2.01604397e+01 -9.99999871e-01  3.35152905e-06 -1.04352034e+00  1.49234133e-03 -1.23149710e+00  8.51320855e-03 -1.25445068e+00  9.90103614e-03 -1.04493726e+05 -3.05416210e+06 -7.69856467e+04 -2.06121432e+06 -3.60720494e+04 -5.96603551e+05 
 2.01836636e+01 -9.99999870e-01  3.35662276e-06 -1.04363826e+00  1.49536856e-03 -1.23215065e+00  8.53200577e-03 -1.25517035e+00  9.92273217e-03 -1.04585335e+05 -3.05891326e+06 -7.70697877e+04 -2.06470935e+06 -3.61058022e+04 -5.97633356e+05 
 2.02069143e+01 -9.99999870e-01  3.36172786e-06 -1.04375654e+00  1.49840584e-03 -1.23280640e+00  8.55086988e-03 -1.25589243e+00  9.94450481e-03 -1.04677297e+05 -3.06367542e+06 -7.71542551e+04 -2.06821344e+06 -3.61396819e+04 -5.98665891e+05 
 2.02301918e+01 -9.99999870e-01  3.36684442e-06 -1.04387520e+00  1.50145322e-03 -1.23346433e+00  8.56980122e-03 -1.25661692e+00  9.96635447e-03 -1.04769615e+05 -3.06844862e+06 -7.72390503e+04 -2.07172665e+06 -3.61736891e+04 -5.99701168e+05 
 2.02534961e+01 -9.99999870e-01  3.37197244e-06 -1.04399423e+00  1.50451075e-03 -1.23412447e+00  8.58880014e-03 -1.25734386e+00  9.98828154e-03 -1.04862290e+05 -3.07323290e+06 -7.73241751e+04 -2.07524899e+06 -3.62078245e+04 -6.00739197e+05 
 2.02768272e+01 -9.99999870e-01  3.37711197e-06 -1.04411363e+00  1.50757848e-03 -1.23478683e+00  8.60786699e-03 -1.25807323e+00  1.00102864e-02 -1.04955324e+05 -3.07802830e+06 -7.74096311e+04 -2.07878052e+06 -3.62420886e+04 -6.01779989e+05 
 2.03001852e+01 -9.99999870e-01  3.38226309e-06 -1.04423342e+00  1.51065646e-03 -1.23545140e+00  8.62700212e-03 -1.25880506e+00  1.00323695e-02 -1.05048719e+05 -3.08283488e+06 -7.74954200e+04 -2.08232126e+06 -3.62764821e+04 -6.02823556e+05 
 2.03235701e+01 -9.99999870e-01  3.38742581e-06 -1.04435358e+00  1.51374475e-03 -1.23611821e+00  8.64620589e-03 -1.25953935e+00  1.00545312e-02 -1.05142476e+05 -3.08765265e+06 -7.75815435e+04 -2.08587126e+06 -3.63110057e+04 -6.03869910e+05 
 2.03469820e+01 -9.99999870e-01  3.39260015e-06 -1.04447412e+00  1.51684340e-03 -1.23678725e+00  8.66547864e-03 -1.26027611e+00  1.00767719e-02 -1.05236598e+05 -3.09248168e+06 -7.76680033e+04 -2.08943055e+06 -3.63456599e+04 -6.04919061e+05 
 2.03704208e+01 -9.99999870e-01  3.39778620e-06 -1.04459504e+00  1.51995245e-03 -1.23745855e+00  8.68482075e-03 -1.26101536e+00  1.00990920e-02 -1.05331086e+05 -3.09732200e+06 -7.77548010e+04 -2.09299917e+06 -3.63804454e+04 -6.05971022e+05 
 2.03938866e+01 -9.99999870e-01  3.40298396e-06 -1.04471635e+00  1.52307196e-03 -1.23813210e+00  8.70423257e-03 -1.26175711e+00  1.01214920e-02 -1.05425943e+05 -3.10217366e+06 -7.78419384e+04 -2.09657715e+06 -3.64153628e+04 -6.07025803e+05 
 2.04173794e+01 -9.99999869e-01  3.40819352e-06 -1.04483804e+00  1.52620199e-03 -1.23880793e+00  8.72371447e-03 -1.26250136e+00  1.01439722e-02 -1.05521169e+05 -3.10703669e+06 -7.79294172e+04 -2.10016455e+06 -3.64504128e+04 -6.08083416e+05 
 2.04408994e+01 -9.99999869e-01  3.41341490e-06 -1.04496012e+00  1.52934259e-03 -1.23948604e+00  8.74326680e-03 -1.26324812e+00  1.01665330e-02 -1.05616767e+05 -3.11191114e+06 -7.80172391e+04 -2.10376138e+06 -3.64855961e+04 -6.09143874e+05 
 2.04644464e+01 -9.99999869e-01  3.41864813e-06 -1.04508258e+00  1.53249381e-03 -1.24016643e+00  8.76288994e-03 -1.26399742e+00  1.01891750e-02 -1.05712739e+05 -3.11679706e+06 -7.81054060e+04 -2.10736770e+06 -3.65209133e+04 -6.10207187e+05 
 2.04880205e+01 -9.99999869e-01  3.42389325e-06 -1.04520543e+00  1.53565570e-03 -1.24084912e+00  8.78258427e-03 -1.26474925e+00  1.02118985e-02 -1.05809087e+05 -3.12169448e+06 -7.81939195e+04 -2.11098354e+06 -3.65563650e+04 -6.11273368e+05 
 2.05116218e+01 -9.99999869e-01  3.42915035e-06 -1.04532868e+00  1.53882832e-03 -1.24153413e+00  8.80235015e-03 -1.26550363e+00  1.02347039e-02 -1.05905812e+05 -3.12660346e+06 -7.82827814e+04 -2.11460893e+06 -3.65919520e+04 -6.12342429e+05 
 2.05352503e+01 -9.99999869e-01  3.43441945e-06 -1.04545231e+00  1.54201173e-03 -1.24222145e+00  8.82218795e-03 -1.26626057e+00  1.02575916e-02 -1.06002917e+05 -3.13152403e+06 -7.83719936e+04 -2.11824393e+06 -3.66276749e+04 -6.13414381e+05 
 2.05589060e+01 -9.99999869e-01  3.43970058e-06 -1.04557634e+00  1.54520597e-03 -1.24291109e+00  8.84209807e-03 -1.26702008e+00  1.02805622e-02 -1.06100403e+05 -3.13645624e+06 -7.84615577e+04 -2.12188857e+06 -3.66635343e+04 -6.14489236e+05 
 2.05825889e+01 -9.99999869e-01  3.44499381e-06 -1.04570077e+00  1.54841111e-03 -1.24360308e+00  8.86208087e-03 -1.26778218e+00  1.03036159e-02 -1.06198273e+05 -3.14140013e+06 -7.85514757e+04 -2.12554288e+06 -3.66995310e+04 -6.15567007e+05 
 2.06062991e+01 -9.99999869e-01  3.45029915e-06 -1.04582559e+00  1.55162721e-03 -1.24429742e+00  8.88213675e-03 -1.26854686e+00  1.03267534e-02 -1.06296528e+05 -3.14635576e+06 -7.86417493e+04 -2.12920691e+06 -3.67356657e+04 -6.16647705e+05 
 2.06300367e+01 -9.99999869e-01  3.45561671e-06 -1.04595081e+00  1.55485431e-03 -1.24499411e+00  8.90226608e-03 -1.26931416e+00  1.03499749e-02 -1.06395170e+05 -3.15132315e+06 -7.87323803e+04 -2.13288070e+06 -3.67719389e+04 -6.17731344e+05 
 2.06538016e+01 -9.99999869e-01  3.46094643e-06 -1.04607643e+00  1.55809247e-03 -1.24569318e+00  8.92246926e-03 -1.27008406e+00  1.03732810e-02 -1.06494202e+05 -3.15630237e+06 -7.88233707e+04 -2.13656429e+06 -3.68083515e+04 -6.18817934e+05 
 2.06775938e+01 -9.99999868e-01  3.46628846e-06 -1.04620246e+00  1.56134176e-03 -1.24639462e+00  8.94274668e-03 -1.27085660e+00  1.03966721e-02 -1.06593625e+05 -3.16129345e+06 -7.89147222e+04 -2.14025771e+06 -3.68449041e+04 -6.19907490e+05 
 2.07014135e+01 -9.99999868e-01  3.47164277e-06 -1.04632888e+00  1.56460222e-03 -1.24709845e+00  8.96309873e-03 -1.27163177e+00  1.04201486e-02 -1.06693442e+05 -3.16629643e+06 -7.90064368e+04 -2.14396102e+06 -3.68815974e+04 -6.21000022e+05 
 2.07252606e+01 -9.99999868e-01  3.47700947e-06 -1.04645572e+00  1.56787392e-03 -1.24780468e+00  8.98352581e-03 -1.27240959e+00  1.04437110e-02 -1.06793653e+05 -3.17131138e+06 -7.90985162e+04 -2.14767425e+06 -3.69184321e+04 -6.22095543e+05 
 2.07491352e+01 -9.99999868e-01  3.48238854e-06 -1.04658295e+00  1.57115692e-03 -1.24851333e+00  9.00402832e-03 -1.27319008e+00  1.04673598e-02 -1.06894263e+05 -3.17633833e+06 -7.91909625e+04 -2.15139743e+06 -3.69554090e+04 -6.23194067e+05 
 2.07730373e+01 -9.99999868e-01  3.48778013e-06 -1.04671060e+00  1.57445127e-03 -1.24922439e+00  9.02460666e-03 -1.27397324e+00  1.04910954e-02 -1.06995271e+05 -3.18137732e+06 -7.92837774e+04 -2.15513062e+06 -3.69925287e+04 -6.24295605e+05 
 2.07969669e+01 -9.99999868e-01  3.49318415e-06 -1.04683866e+00  1.57775703e-03 -1.24993788e+00  9.04526124e-03 -1.27475908e+00  1.05149182e-02 -1.07096682e+05 -3.18642841e+06 -7.93769630e+04 -2.15887386e+06 -3.70297919e+04 -6.25400171e+05 
 2.08209241e+01 -9.99999868e-01  3.49860076e-06 -1.04696713e+00  1.58107426e-03 -1.25065382e+00  9.06599246e-03 -1.27554762e+00  1.05388287e-02 -1.07198496e+05 -3.19149165e+06 -7.94705211e+04 -2.16262718e+06 -3.70671995e+04 -6.26507777e+05 
 2.08449088e+01 -9.99999868e-01  3.50402999e-06 -1.04709601e+00  1.58440302e-03 -1.25137221e+00  9.08680074e-03 -1.27633886e+00  1.05628275e-02 -1.07300715e+05 -3.19656707e+06 -7.95644537e+04 -2.16639063e+06 -3.71047520e+04 -6.27618436e+05 
 2.08689212e+01 -9.99999868e-01  3.50947181e-06 -1.04722531e+00  1.58774338e-03 -1.25209306e+00  9.10768648e-03 -1.27713283e+00  1.05869149e-02 -1.07403343e+05 -3.20165473e+06 -7.96587627e+04 -2.17016425e+06 -3.71424503e+04 -6.28732160e+05 
 2.08929613e+01 -9.99999867e-01  3.51492636e-06 -1.04735502e+00  1.59109539e-03 -1.25281638e+00  9.12865011e-03 -1.27792953e+00  1.06110915e-02 -1.07506380e+05 -3.20675468e+06 -7.97534502e+04 -2.17394809e+06 -3.71802950e+04 -6.29848964e+05 
 2.09170291e+01 -9.99999867e-01  3.52039365e-06 -1.04748515e+00  1.59445911e-03 -1.25354219e+00  9.14969203e-03 -1.27872897e+00  1.06353577e-02 -1.07609830e+05 -3.21186696e+06 -7.98485180e+04 -2.17774218e+06 -3.72182870e+04 -6.30968860e+05 
 2.09411246e+01 -9.99999867e-01  3.52587369e-06 -1.04761571e+00  1.59783461e-03 -1.25427050e+00  9.17081269e-03 -1.27953117e+00  1.06597140e-02 -1.07713694e+05 -3.21699162e+06 -7.99439682e+04 -2.18154657e+06 -3.72564270e+04 -6.32091861e+05 
 2.09652478e+01 -9.99999867e-01  3.53136662e-06 -1.04774668e+00  1.60122194e-03 -1.25500131e+00  9.19201249e-03 -1.28033614e+00  1.06841608e-02 -1.07817974e+05 -3.22212871e+06 -8.00398029e+04 -2.18536131e+06 -3.72947157e+04 -6.33217981e+05 
 2.09893988e+01 -9.99999867e-01  3.53687238e-06 -1.04787808e+00  1.60462117e-03 -1.25573464e+00  9.21329187e-03 -1.28114389e+00  1.07086988e-02 -1.07922673e+05 -3.22727827e+06 -8.01360239e+04 -2.18918643e+06 -3.73331538e+04 -6.34347232e+05 
 2.10135777e+01 -9.99999867e-01  3.54239114e-06 -1.04800990e+00  1.60803237e-03 -1.25647050e+00  9.23465126e-03 -1.28195443e+00  1.07333283e-02 -1.08027793e+05 -3.23244037e+06 -8.02326334e+04 -2.19302198e+06 -3.73717422e+04 -6.35479628e+05 
 2.10377844e+01 -9.99999867e-01  3.54792286e-06 -1.04814215e+00  1.61145559e-03 -1.25720890e+00  9.25609109e-03 -1.28276777e+00  1.07580498e-02 -1.08133335e+05 -3.23761504e+06 -8.03296334e+04 -2.19686801e+06 -3.74104817e+04 -6.36615183e+05 
 2.10620190e+01 -9.99999867e-01  3.55346762e-06 -1.04827483e+00  1.61489089e-03 -1.25794985e+00  9.27761180e-03 -1.28358394e+00  1.07828639e-02 -1.08239303e+05 -3.24280235e+06 -8.04270260e+04 -2.20072455e+06 -3.74493728e+04 -6.37753910e+05 
 2.10862815e+01 -9.99999867e-01  3.55902549e-06 -1.04840794e+00  1.61833835e-03 -1.25869336e+00  9.29921383e-03 -1.28440293e+00  1.08077711e-02 -1.08345699e+05 -3.24800232e+06 -8.05248132e+04 -2.20459166e+06 -3.74884166e+04 -6.38895823e+05 
 2.11105720e+01 -9.99999867e-01  3.56459645e-06 -1.04854149e+00  1.62179803e-03 -1.25943945e+00  9.32089762e-03 -1.28522476e+00  1.08327718e-02 -1.08452524e+05 -3.25321503e+06 -8.06229972e+04 -2.20846938e+06 -3.75276137e+04 -6.40040935e+05 
 2.11348904e+01 -9.99999866e-01  3.57018064e-06 -1.04867547e+00  1.62526999e-03 -1.26018812e+00  9.34266361e-03 -1.28604945e+00  1.08578666e-02 -1.08559781e+05 -3.25844051e+06 -8.07215800e+04 -2.21235775e+06 -3.75669649e+04 -6.41189261e+05 
 2.11592369e+01 -9.99999866e-01  3.57577807e-06 -1.04880988e+00  1.62875430e-03 -1.26093939e+00  9.36451226e-03 -1.28687701e+00  1.08830559e-02 -1.08667473e+05 -3.26367882e+06 -8.08205637e+04 -2.21625682e+06 -3.76064710e+04 -6.42340813e+05 
 2.11836114e+01 -9.99999866e-01  3.58138877e-06 -1.04894473e+00  1.63225102e-03 -1.26169326e+00  9.38644402e-03 -1.28770745e+00  1.09083404e-02 -1.08775601e+05 -3.26893001e+06 -8.09199505e+04 -2.22016663e+06 -3.76461329e+04 -6.43495606e+05 
 2.12080139e+01 -9.99999866e-01  3.58701283e-06 -1.04908002e+00  1.63576022e-03 -1.26244976e+00  9.40845935e-03 -1.28854078e+00  1.09337204e-02 -1.08884168e+05 -3.27419413e+06 -8.10197426e+04 -2.22408724e+06 -3.76859513e+04 -6.44653655e+05 
 2.12324446e+01 -9.99999866e-01  3.59265030e-06 -1.04921575e+00  1.63928197e-03 -1.26320888e+00  9.43055869e-03 -1.28937702e+00  1.09591966e-02 -1.08993177e+05 -3.27947124e+06 -8.11199421e+04 -2.22801868e+06 -3.77259270e+04 -6.45814972e+05 
 2.12569035e+01 -9.99999866e-01  3.59830122e-06 -1.04935193e+00  1.64281633e-03 -1.26397065e+00  9.45274252e-03 -1.29021618e+00  1.09847694e-02 -1.09102629e+05 -3.28476138e+06 -8.12205511e+04 -2.23196100e+06 -3.77660608e+04 -6.46979573e+05 
 2.12813905e+01 -9.99999866e-01  3.60396561e-06 -1.04948855e+00  1.64636337e-03 -1.26473507e+00  9.47501130e-03 -1.29105827e+00  1.10104394e-02 -1.09212527e+05 -3.29006460e+06 -8.13215719e+04 -2.23591425e+06 -3.78063536e+04 -6.48147471e+05 
 2.13059057e+01 -9.99999866e-01  3.60964356e-06 -1.04962562e+00  1.64992316e-03 -1.26550217e+00  9.49736550e-03 -1.29190330e+00  1.10362072e-02 -1.09322873e+05 -3.29538097e+06 -8.14230067e+04 -2.23987849e+06 -3.78468062e+04 -6.49318682e+05 
 2.13304491e+01 -9.99999866e-01  3.61533515e-06 -1.04976314e+00  1.65349577e-03 -1.26627193e+00  9.51980559e-03 -1.29275129e+00  1.10620732e-02 -1.09433670e+05 -3.30071053e+06 -8.15248577e+04 -2.24385374e+06 -3.78874194e+04 -6.50493218e+05 
 2.13550209e+01 -9.99999865e-01  3.62104041e-06 -1.04990111e+00  1.65708126e-03 -1.26704439e+00  9.54233204e-03 -1.29360226e+00  1.10880379e-02 -1.09544921e+05 -3.30605333e+06 -8.16271271e+04 -2.24784007e+06 -3.79281941e+04 -6.51671096e+05 
 2.13796209e+01 -9.99999865e-01  3.62675934e-06 -1.05003953e+00  1.66067972e-03 -1.26781956e+00  9.56494533e-03 -1.29445621e+00  1.11141021e-02 -1.09656627e+05 -3.31140943e+06 -8.17298173e+04 -2.25183751e+06 -3.79691311e+04 -6.52852328e+05 
 2.14042493e+01 -9.99999865e-01  3.63249205e-06 -1.05017841e+00  1.66429120e-03 -1.26859743e+00  9.58764595e-03 -1.29531316e+00  1.11402661e-02 -1.09768791e+05 -3.31677888e+06 -8.18329303e+04 -2.25584613e+06 -3.80102311e+04 -6.54036931e+05 
 2.14289060e+01 -9.99999865e-01  3.63823861e-06 -1.05031774e+00  1.66791578e-03 -1.26937804e+00  9.61043438e-03 -1.29617312e+00  1.11665305e-02 -1.09881415e+05 -3.32216175e+06 -8.19364687e+04 -2.25986596e+06 -3.80514952e+04 -6.55224919e+05 
 2.14535912e+01 -9.99999865e-01  3.64399907e-06 -1.05045753e+00  1.67155352e-03 -1.27016138e+00  9.63331110e-03 -1.29703611e+00  1.11928960e-02 -1.09994503e+05 -3.32755807e+06 -8.20404346e+04 -2.26389705e+06 -3.80929242e+04 -6.56416307e+05 
 2.14783047e+01 -9.99999865e-01  3.64977342e-06 -1.05059778e+00  1.67520451e-03 -1.27094748e+00  9.65627662e-03 -1.29790214e+00  1.12193630e-02 -1.10108056e+05 -3.33296791e+06 -8.21448303e+04 -2.26793946e+06 -3.81345188e+04 -6.57611109e+05 
 2.15030468e+01 -9.99999865e-01  3.65556176e-06 -1.05073850e+00  1.67886881e-03 -1.27173634e+00  9.67933142e-03 -1.29877122e+00  1.12459321e-02 -1.10222077e+05 -3.33839132e+06 -8.22496582e+04 -2.27199323e+06 -3.81762801e+04 -6.58809341e+05 
 2.15278173e+01 -9.99999865e-01  3.66136416e-06 -1.05087967e+00  1.68254649e-03 -1.27252797e+00  9.70247600e-03 -1.29964336e+00  1.12726039e-02 -1.10336569e+05 -3.34382835e+06 -8.23549207e+04 -2.27605841e+06 -3.82182088e+04 -6.60011018e+05 
 2.15526164e+01 -9.99999865e-01  3.66718066e-06 -1.05102132e+00  1.68623764e-03 -1.27332240e+00  9.72571088e-03 -1.30051859e+00  1.12993790e-02 -1.10451534e+05 -3.34927907e+06 -8.24606201e+04 -2.28013505e+06 -3.82603058e+04 -6.61216155e+05 
 2.15774441e+01 -9.99999864e-01  3.67301132e-06 -1.05116343e+00  1.68994231e-03 -1.27411963e+00  9.74903654e-03 -1.30139692e+00  1.13262579e-02 -1.10566975e+05 -3.35474352e+06 -8.25667587e+04 -2.28422321e+06 -3.83025721e+04 -6.62424767e+05 
 2.16023003e+01 -9.99999864e-01  3.67885622e-06 -1.05130602e+00  1.69366059e-03 -1.27491967e+00  9.77245352e-03 -1.30227835e+00  1.13532412e-02 -1.10682893e+05 -3.36022177e+06 -8.26733391e+04 -2.28832293e+06 -3.83450085e+04 -6.63636870e+05 
 2.16271852e+01 -9.99999864e-01  3.68471538e-06 -1.05144907e+00  1.69739255e-03 -1.27572254e+00  9.79596230e-03 -1.30316291e+00  1.13803295e-02 -1.10799293e+05 -3.36571387e+06 -8.27803635e+04 -2.29243426e+06 -3.83876159e+04 -6.64852480e+05 
 2.16520988e+01 -9.99999864e-01  3.69058884e-06 -1.05159260e+00  1.70113827e-03 -1.27652825e+00  9.81956343e-03 -1.30405060e+00  1.14075234e-02 -1.10916177e+05 -3.37121988e+06 -8.28878345e+04 -2.29655726e+06 -3.84303953e+04 -6.66071611e+05 
 2.16770410e+01 -9.99999864e-01  3.69647671e-06 -1.05173661e+00  1.70489782e-03 -1.27733681e+00  9.84325741e-03 -1.30494145e+00  1.14348235e-02 -1.11033546e+05 -3.37673986e+06 -8.29957545e+04 -2.30069198e+06 -3.84733475e+04 -6.67294280e+05 
 2.17020120e+01 -9.99999864e-01  3.70237905e-06 -1.05188110e+00  1.70867127e-03 -1.27814824e+00  9.86704477e-03 -1.30583546e+00  1.14622303e-02 -1.11151404e+05 -3.38227385e+06 -8.31041259e+04 -2.30483846e+06 -3.85164734e+04 -6.68520502e+05 
 2.17270118e+01 -9.99999864e-01  3.70829585e-06 -1.05202606e+00  1.71245872e-03 -1.27896254e+00  9.89092604e-03 -1.30673265e+00  1.14897446e-02 -1.11269754e+05 -3.38782193e+06 -8.32129512e+04 -2.30899676e+06 -3.85597741e+04 -6.69750294e+05 
 2.17520403e+01 -9.99999864e-01  3.71422723e-06 -1.05217151e+00  1.71626022e-03 -1.27977974e+00  9.91490175e-03 -1.30763304e+00  1.15173668e-02 -1.11388598e+05 -3.39338414e+06 -8.33222329e+04 -2.31316693e+06 -3.86032503e+04 -6.70983670e+05 
 2.17770977e+01 -9.99999863e-01  3.72017325e-06 -1.05231744e+00  1.72007587e-03 -1.28059985e+00  9.93897244e-03 -1.30853664e+00  1.15450976e-02 -1.11507939e+05 -3.39896056e+06 -8.34319737e+04 -2.31734902e+06 -3.86469032e+04 -6.72220648e+05 
 2.18021840e+01 -9.99999863e-01  3.72613394e-06 -1.05246386e+00  1.72390573e-03 -1.28142288e+00  9.96313864e-03 -1.30944347e+00  1.15729377e-02 -1.11627779e+05 -3.40455123e+06 -8.35421758e+04 -2.32154310e+06 -3.86907335e+04 -6.73461243e+05 
 2.18272991e+01 -9.99999863e-01  3.73210938e-06 -1.05261077e+00  1.72774989e-03 -1.28224883e+00  9.98740091e-03 -1.31035353e+00  1.16008875e-02 -1.11748122e+05 -3.41015621e+06 -8.36528421e+04 -2.32574920e+06 -3.87347422e+04 -6.74705471e+05 
 2.18524432e+01 -9.99999863e-01  3.73809962e-06 -1.05275817e+00  1.73160843e-03 -1.28307774e+00  1.00117598e-02 -1.31126685e+00  1.16289478e-02 -1.11868970e+05 -3.41577557e+06 -8.37639749e+04 -2.32996739e+06 -3.87789304e+04 -6.75953350e+05 
 2.18776162e+01 -9.99999863e-01  3.74410473e-06 -1.05290606e+00  1.73548143e-03 -1.28390960e+00  1.00362158e-02 -1.31218344e+00  1.16571192e-02 -1.11990327e+05 -3.42140937e+06 -8.38755769e+04 -2.33419771e+06 -3.88232989e+04 -6.77204895e+05 
 2.19028183e+01 -9.99999863e-01  3.75012476e-06 -1.05305445e+00  1.73936897e-03 -1.28474444e+00  1.00607696e-02 -1.31310331e+00  1.16854023e-02 -1.12112193e+05 -3.42705766e+06 -8.39876508e+04 -2.33844023e+06 -3.88678488e+04 -6.78460122e+05 
 2.19280494e+01 -9.99999863e-01  3.75615974e-06 -1.05320333e+00  1.74327112e-03 -1.28558226e+00  1.00854216e-02 -1.31402649e+00  1.17137978e-02 -1.12234574e+05 -3.43272051e+06 -8.41001990e+04 -2.34269499e+06 -3.89125810e+04 -6.79719050e+05 
 2.19533095e+01 -9.99999863e-01  3.76220981e-06 -1.05335272e+00  1.74718798e-03 -1.28642309e+00  1.01101725e-02 -1.31495298e+00  1.17423062e-02 -1.12357471e+05 -3.43839798e+06 -8.42132244e+04 -2.34696205e+06 -3.89574965e+04 -6.80981694e+05 
 2.19785987e+01 -9.99999863e-01  3.76827495e-06 -1.05350260e+00  1.75111963e-03 -1.28726693e+00  1.01350228e-02 -1.31588280e+00  1.17709283e-02 -1.12480887e+05 -3.44409013e+06 -8.43267295e+04 -2.35124147e+06 -3.90025963e+04 -6.82248071e+05 
 2.20039171e+01 -9.99999862e-01  3.77435532e-06 -1.05365299e+00  1.75506614e-03 -1.28811379e+00  1.01599731e-02 -1.31681597e+00  1.17996647e-02 -1.12604826e+05 -3.44979702e+06 -8.44407170e+04 -2.35553330e+06 -3.90478813e+04 -6.83518198e+05 
 2.20292646e+01 -9.99999862e-01  3.78045087e-06 -1.05380389e+00  1.75902761e-03 -1.28896370e+00  1.01850239e-02 -1.31775250e+00  1.18285160e-02 -1.12729290e+05 -3.45551871e+06 -8.45551896e+04 -2.35983760e+06 -3.90933527e+04 -6.84792092e+05 
 2.20546414e+01 -9.99999862e-01  3.78656173e-06 -1.05395529e+00  1.76300411e-03 -1.28981667e+00  1.02101759e-02 -1.31869240e+00  1.18574829e-02 -1.12854282e+05 -3.46125527e+06 -8.46701501e+04 -2.36415443e+06 -3.91390113e+04 -6.86069771e+05 
 2.20800473e+01 -9.99999862e-01  3.79268798e-06 -1.05410720e+00  1.76699573e-03 -1.29067271e+00  1.02354296e-02 -1.31963570e+00  1.18865661e-02 -1.12979805e+05 -3.46700675e+06 -8.47856012e+04 -2.36848383e+06 -3.91848583e+04 -6.87351251e+05 
 2.21054826e+01 -9.99999862e-01  3.79882960e-06 -1.05425963e+00  1.77100257e-03 -1.29153183e+00  1.02607857e-02 -1.32058241e+00  1.19157663e-02 -1.13105862e+05 -3.47277323e+06 -8.49015457e+04 -2.37282587e+06 -3.92308947e+04 -6.88636550e+05 
 2.21309471e+01 -9.99999862e-01  3.80498676e-06 -1.05441257e+00  1.77502469e-03 -1.29239406e+00  1.02862446e-02 -1.32153255e+00  1.19450840e-02 -1.13232456e+05 -3.47855477e+06 -8.50179863e+04 -2.37718060e+06 -3.92771214e+04 -6.89925686e+05 
 2.21564410e+01 -9.99999862e-01  3.81115944e-06 -1.05456603e+00  1.77906220e-03 -1.29325940e+00  1.03118071e-02 -1.32248612e+00  1.19745201e-02 -1.13359591e+05 -3.48435142e+06 -8.51349258e+04 -2.38154809e+06 -3.93235395e+04 -6.91218676e+05 
 2.21819642e+01 -9.99999862e-01  3.81734773e-06 -1.05472001e+00  1.78311517e-03 -1.29412787e+00  1.03374736e-02 -1.32344316e+00  1.20040751e-02 -1.13487268e+05 -3.49016326e+06 -8.52523671e+04 -2.38592839e+06 -3.93701501e+04 -6.92515537e+05 
 2.22075168e+01 -9.99999861e-01  3.82355176e-06 -1.05487451e+00  1.78718370e-03 -1.29499948e+00  1.03632449e-02 -1.32440367e+00  1.20337498e-02 -1.13615492e+05 -3.49599035e+06 -8.53703130e+04 -2.39032155e+06 -3.94169542e+04 -6.93816288e+05 
 2.22330989e+01 -9.99999861e-01  3.82977149e-06 -1.05502953e+00  1.79126788e-03 -1.29587425e+00  1.03891215e-02 -1.32536766e+00  1.20635449e-02 -1.13744264e+05 -3.50183275e+06 -8.54887664e+04 -2.39472764e+06 -3.94639529e+04 -6.95120947e+05 
 2.22587104e+01 -9.99999861e-01  3.83600707e-06 -1.05518508e+00  1.79536779e-03 -1.29675219e+00  1.04151041e-02 -1.32633517e+00  1.20934611e-02 -1.13873590e+05 -3.50769054e+06 -8.56077301e+04 -2.39914672e+06 -3.95111473e+04 -6.96429531e+05 
 2.22843515e+01 -9.99999861e-01  3.84225848e-06 -1.05534116e+00  1.79948353e-03 -1.29763332e+00  1.04411932e-02 -1.32730620e+00  1.21234990e-02 -1.14003471e+05 -3.51356377e+06 -8.57272071e+04 -2.40357884e+06 -3.95585384e+04 -6.97742059e+05 
 2.23100221e+01 -9.99999861e-01  3.84852586e-06 -1.05549777e+00  1.80361519e-03 -1.29851766e+00  1.04673896e-02 -1.32828077e+00  1.21536594e-02 -1.14133910e+05 -3.51945251e+06 -8.58472003e+04 -2.40802407e+06 -3.96061273e+04 -6.99058549e+05 
 2.23357222e+01 -9.99999861e-01  3.85480925e-06 -1.05565491e+00  1.80776285e-03 -1.29940521e+00  1.04936937e-02 -1.32925889e+00  1.21839431e-02 -1.14264911e+05 -3.52535684e+06 -8.59677125e+04 -2.41248246e+06 -3.96539151e+04 -7.00379019e+05 
 2.23614520e+01 -9.99999861e-01  3.86110875e-06 -1.05581259e+00  1.81192661e-03 -1.30029600e+00  1.05201063e-02 -1.33024059e+00  1.22143506e-02 -1.14396478e+05 -3.53127681e+06 -8.60887469e+04 -2.41695408e+06 -3.97019030e+04 -7.01703487e+05 
 2.23872114e+01 -9.99999860e-01  3.86742437e-06 -1.05597081e+00  1.81610657e-03 -1.30119004e+00  1.05466281e-02 -1.33122588e+00  1.22448828e-02 -1.14528613e+05 -3.53721249e+06 -8.62103064e+04 -2.42143898e+06 -3.97500919e+04 -7.03031973e+05 
 2.24130005e+01 -9.99999860e-01  3.87375624e-06 -1.05612956e+00  1.82030281e-03 -1.30208734e+00  1.05732595e-02 -1.33221478e+00  1.22755404e-02 -1.14661319e+05 -3.54316396e+06 -8.63323940e+04 -2.42593723e+06 -3.97984831e+04 -7.04364496e+05 
 2.24388192e+01 -9.99999860e-01  3.88010440e-06 -1.05628886e+00  1.82451544e-03 -1.30298792e+00  1.06000014e-02 -1.33320730e+00  1.23063241e-02 -1.14794600e+05 -3.54913128e+06 -8.64550127e+04 -2.43044889e+06 -3.98470777e+04 -7.05701072e+05 
 2.24646678e+01 -9.99999860e-01  3.88646890e-06 -1.05644871e+00  1.82874454e-03 -1.30389180e+00  1.06268543e-02 -1.33420346e+00  1.23372347e-02 -1.14928459e+05 -3.55511452e+06 -8.65781656e+04 -2.43497402e+06 -3.98958767e+04 -7.07041723e+05 
 2.24905461e+01 -9.99999860e-01  3.89284983e-06 -1.05660910e+00  1.83299021e-03 -1.30479899e+00  1.06538190e-02 -1.33520328e+00  1.23682730e-02 -1.15062900e+05 -3.56111374e+06 -8.67018558e+04 -2.43951268e+06 -3.99448814e+04 -7.08386467e+05 
 2.25164542e+01 -9.99999860e-01  3.89924725e-06 -1.05677005e+00  1.83725255e-03 -1.30570950e+00  1.06808960e-02 -1.33620679e+00  1.23994396e-02 -1.15197926e+05 -3.56712903e+06 -8.68260864e+04 -2.44406494e+06 -3.99940928e+04 -7.09735323e+05 
 2.25423921e+01 -9.99999860e-01  3.90566126e-06 -1.05693154e+00  1.84153166e-03 -1.30662336e+00  1.07080860e-02 -1.33721398e+00  1.24307353e-02 -1.15333540e+05 -3.57316045e+06 -8.69508604e+04 -2.44863086e+06 -4.00435122e+04 -7.11088310e+05 
 2.25683600e+01 -9.99999860e-01  3.91209190e-06 -1.05709359e+00  1.84582763e-03 -1.30754058e+00  1.07353898e-02 -1.33822489e+00  1.24621609e-02 -1.15469745e+05 -3.57920807e+06 -8.70761811e+04 -2.45321050e+06 -4.00931407e+04 -7.12445448e+05 
 2.25943577e+01 -9.99999859e-01  3.91853928e-06 -1.05725620e+00  1.85014057e-03 -1.30846118e+00  1.07628080e-02 -1.33923953e+00  1.24937173e-02 -1.15606545e+05 -3.58527195e+06 -8.72020517e+04 -2.45780393e+06 -4.01429795e+04 -7.13806756e+05 
 2.26203854e+01 -9.99999859e-01  3.92500340e-06 -1.05741937e+00  1.85447057e-03 -1.30938516e+00  1.07903413e-02 -1.34025791e+00  1.25254050e-02 -1.15743944e+05 -3.59135218e+06 -8.73284752e+04 -2.46241121e+06 -4.01930297e+04 -7.15172254e+05 
 2.26464431e+01 -9.99999859e-01  3.93148440e-06 -1.05758310e+00  1.85881773e-03 -1.31031255e+00  1.08179903e-02 -1.34128007e+00  1.25572250e-02 -1.15881945e+05 -3.59744883e+06 -8.74554550e+04 -2.46703241e+06 -4.02432926e+04 -7.16541963e+05 
 2.26725308e+01 -9.99999859e-01  3.93798231e-06 -1.05774740e+00  1.86318215e-03 -1.31124337e+00  1.08457558e-02 -1.34230600e+00  1.25891781e-02 -1.16020551e+05 -3.60356196e+06 -8.75829943e+04 -2.47166758e+06 -4.02937694e+04 -7.17915901e+05 
 2.26986485e+01 -9.99999859e-01  3.94449725e-06 -1.05791227e+00  1.86756394e-03 -1.31217763e+00  1.08736385e-02 -1.34333574e+00  1.26212650e-02 -1.16159766e+05 -3.60969165e+06 -8.77110963e+04 -2.47631681e+06 -4.03444611e+04 -7.19294088e+05 
 2.27247964e+01 -9.99999859e-01  3.95102924e-06 -1.05807770e+00  1.87196320e-03 -1.31311534e+00  1.09016390e-02 -1.34436931e+00  1.26534865e-02 -1.16299593e+05 -3.61583798e+06 -8.78397644e+04 -2.48098014e+06 -4.03953692e+04 -7.20676546e+05 
 2.27509743e+01 -9.99999859e-01  3.95757840e-06 -1.05824371e+00  1.87638003e-03 -1.31405653e+00  1.09297582e-02 -1.34540671e+00  1.26858434e-02 -1.16440037e+05 -3.62200101e+06 -8.79690018e+04 -2.48565766e+06 -4.04464948e+04 -7.22063294e+05 
 2.27771824e+01 -9.99999858e-01  3.96414478e-06 -1.05841029e+00  1.88081454e-03 -1.31500121e+00  1.09579967e-02 -1.34644797e+00  1.27183366e-02 -1.16581100e+05 -3.62818082e+06 -8.80988119e+04 -2.49034942e+06 -4.04978391e+04 -7.23454353e+05 
 2.28034207e+01 -9.99999858e-01  3.97072850e-06 -1.05857745e+00  1.88526682e-03 -1.31594940e+00  1.09863552e-02 -1.34749310e+00  1.27509669e-02 -1.16722787e+05 -3.63437749e+06 -8.82291981e+04 -2.49505550e+06 -4.05494034e+04 -7.24849743e+05 
 2.28296892e+01 -9.99999858e-01  3.97732956e-06 -1.05874520e+00  1.88973699e-03 -1.31690111e+00  1.10148344e-02 -1.34854214e+00  1.27837351e-02 -1.16865100e+05 -3.64059109e+06 -8.83601637e+04 -2.49977595e+06 -4.06011889e+04 -7.26249485e+05 
 2.28559880e+01 -9.99999858e-01  3.98394803e-06 -1.05891352e+00  1.89422516e-03 -1.31785637e+00  1.10434352e-02 -1.34959509e+00  1.28166420e-02 -1.17008044e+05 -3.64682170e+06 -8.84917122e+04 -2.50451086e+06 -4.06531969e+04 -7.27653600e+05 
 2.28823171e+01 -9.99999858e-01  3.99058410e-06 -1.05908243e+00  1.89873142e-03 -1.31881518e+00  1.10721581e-02 -1.35065197e+00  1.28496885e-02 -1.17151623e+05 -3.65306938e+06 -8.86238470e+04 -2.50926028e+06 -4.07054287e+04 -7.29062108e+05 
 2.29086765e+01 -9.99999858e-01  3.99723774e-06 -1.05925194e+00  1.90325590e-03 -1.31977757e+00  1.11010041e-02 -1.35171280e+00  1.28828755e-02 -1.17295840e+05 -3.65933423e+06 -8.87565716e+04 -2.51402429e+06 -4.07578855e+04 -7.30475032e+05 
 2.29350663e+01 -9.99999858e-01  4.00390908e-06 -1.05942203e+00  1.90779869e-03 -1.32074356e+00  1.11299738e-02 -1.35277761e+00  1.29162037e-02 -1.17440698e+05 -3.66561631e+06 -8.88898895e+04 -2.51880295e+06 -4.08105687e+04 -7.31892391e+05 
 2.29614865e+01 -9.99999857e-01  4.01059816e-06 -1.05959271e+00  1.91235991e-03 -1.32171315e+00  1.11590680e-02 -1.35384642e+00  1.29496740e-02 -1.17586203e+05 -3.67191571e+06 -8.90238042e+04 -2.52359634e+06 -4.08634795e+04 -7.33314208e+05 
 2.29879371e+01 -9.99999857e-01  4.01730512e-06 -1.05976400e+00  1.91693966e-03 -1.32268638e+00  1.11882874e-02 -1.35491923e+00  1.29832874e-02 -1.17732357e+05 -3.67823250e+06 -8.91583193e+04 -2.52840453e+06 -4.09166192e+04 -7.34740505e+05 
 2.30144182e+01 -9.99999857e-01  4.02402998e-06 -1.05993588e+00  1.92153807e-03 -1.32366325e+00  1.12176329e-02 -1.35599607e+00  1.30170446e-02 -1.17879164e+05 -3.68456676e+06 -8.92934382e+04 -2.53322758e+06 -4.09699892e+04 -7.36171301e+05 
 2.30409298e+01 -9.99999857e-01  4.03077283e-06 -1.06010837e+00  1.92615524e-03 -1.32464379e+00  1.12471051e-02 -1.35707697e+00  1.30509466e-02 -1.18026628e+05 -3.69091857e+06 -8.94291648e+04 -2.53806558e+06 -4.10235908e+04 -7.37606621e+05 
 2.30674719e+01 -9.99999857e-01  4.03753376e-06 -1.06028146e+00  1.93079129e-03 -1.32562801e+00  1.12767049e-02 -1.35816194e+00  1.30849943e-02 -1.18174754e+05 -3.69728800e+06 -8.95655024e+04 -2.54291858e+06 -4.10774254e+04 -7.39046484e+05 
 2.30940446e+01 -9.99999857e-01  4.04431287e-06 -1.06045516e+00  1.93544632e-03 -1.32661594e+00  1.13064331e-02 -1.35925100e+00  1.31191884e-02 -1.18323545e+05 -3.70367515e+06 -8.97024549e+04 -2.54778667e+06 -4.11314942e+04 -7.40490914e+05 
 2.31206479e+01 -9.99999857e-01  4.05111018e-06 -1.06062947e+00  1.94012046e-03 -1.32760758e+00  1.13362905e-02 -1.36034417e+00  1.31535301e-02 -1.18473005e+05 -3.71008008e+06 -8.98400260e+04 -2.55266991e+06 -4.11857987e+04 -7.41939933e+05 
 2.31472819e+01 -9.99999856e-01  4.05792582e-06 -1.06080439e+00  1.94481382e-03 -1.32860296e+00  1.13662778e-02 -1.36144148e+00  1.31880201e-02 -1.18623138e+05 -3.71650289e+06 -8.99782192e+04 -2.55756837e+06 -4.12403402e+04 -7.43393563e+05 
 2.31739465e+01 -9.99999856e-01  4.06475991e-06 -1.06097993e+00  1.94952652e-03 -1.32960210e+00  1.13963959e-02 -1.36254293e+00  1.32226593e-02 -1.18773948e+05 -3.72294365e+06 -9.01170384e+04 -2.56248214e+06 -4.12951201e+04 -7.44851826e+05 
 2.32006419e+01 -9.99999856e-01  4.07161247e-06 -1.06115609e+00  1.95425868e-03 -1.33060501e+00  1.14266455e-02 -1.36364856e+00  1.32574488e-02 -1.18925439e+05 -3.72940244e+06 -9.02564874e+04 -2.56741129e+06 -4.13501397e+04 -7.46314746e+05 
 2.32273680e+01 -9.99999856e-01  4.07848356e-06 -1.06133288e+00  1.95901041e-03 -1.33161172e+00  1.14570276e-02 -1.36475839e+00  1.32923894e-02 -1.19077616e+05 -3.73587935e+06 -9.03965699e+04 -2.57235589e+06 -4.14054006e+04 -7.47782345e+05 
 2.32541249e+01 -9.99999856e-01  4.08537335e-06 -1.06151028e+00  1.96378183e-03 -1.33262224e+00  1.14875428e-02 -1.36587243e+00  1.33274820e-02 -1.19230482e+05 -3.74237445e+06 -9.05372898e+04 -2.57731601e+06 -4.14609040e+04 -7.49254645e+05 
 2.32809126e+01 -9.99999856e-01  4.09228187e-06 -1.06168832e+00  1.96857307e-03 -1.33363659e+00  1.15181921e-02 -1.36699071e+00  1.33627276e-02 -1.19384042e+05 -3.74888785e+06 -9.06786509e+04 -2.58229173e+06 -4.15166515e+04 -7.50731671e+05 
 2.33077312e+01 -9.99999855e-01  4.09920918e-06 -1.06186699e+00  1.97338425e-03 -1.33465479e+00  1.15489764e-02 -1.36811324e+00  1.33981272e-02 -1.19538300e+05 -3.75541960e+06 -9.08206571e+04 -2.58728313e+06 -4.15726444e+04 -7.52213445e+05 
 2.33345806e+01 -9.99999855e-01  4.10615542e-06 -1.06204629e+00  1.97821549e-03 -1.33567687e+00  1.15798963e-02 -1.36924006e+00  1.34336818e-02 -1.19693260e+05 -3.76196982e+06 -9.09633124e+04 -2.59229028e+06 -4.16288841e+04 -7.53699991e+05 
 2.33614610e+01 -9.99999855e-01  4.11312067e-06 -1.06222623e+00  1.98306691e-03 -1.33670283e+00  1.16109528e-02 -1.37037117e+00  1.34693922e-02 -1.19848926e+05 -3.76853857e+06 -9.11066207e+04 -2.59731327e+06 -4.16853723e+04 -7.55191332e+05 
 2.33883724e+01 -9.99999855e-01  4.12010499e-06 -1.06240680e+00  1.98793864e-03 -1.33773270e+00  1.16421468e-02 -1.37150661e+00  1.35052594e-02 -1.20005303e+05 -3.77512594e+06 -9.12505860e+04 -2.60235216e+06 -4.17421102e+04 -7.56687493e+05 
 2.34153148e+01 -9.99999855e-01  4.12710847e-06 -1.06258803e+00  1.99283080e-03 -1.33876650e+00  1.16734791e-02 -1.37264639e+00  1.35412845e-02 -1.20162394e+05 -3.78173202e+06 -9.13952123e+04 -2.60740704e+06 -4.17990995e+04 -7.58188496e+05 
 2.34422882e+01 -9.99999855e-01  4.13413119e-06 -1.06276989e+00  1.99774352e-03 -1.33980425e+00  1.17049506e-02 -1.37379053e+00  1.35774685e-02 -1.20320205e+05 -3.78835690e+06 -9.15405037e+04 -2.61247798e+06 -4.18563415e+04 -7.59694366e+05 
 2.34692926e+01 -9.99999855e-01  4.14117326e-06 -1.06295241e+00  2.00267693e-03 -1.34084597e+00  1.17365622e-02 -1.37493906e+00  1.36138122e-02 -1.20478740e+05 -3.79500067e+06 -9.16864641e+04 -2.61756507e+06 -4.19138377e+04 -7.61205127e+05 
 2.34963282e+01 -9.99999854e-01  4.14823481e-06 -1.06313558e+00  2.00763116e-03 -1.34189168e+00  1.17683147e-02 -1.37609201e+00  1.36503169e-02 -1.20638003e+05 -3.80166340e+06 -9.18330978e+04 -2.62266838e+06 -4.19715898e+04 -7.62720804e+05 
 2.35233949e+01 -9.99999854e-01  4.15531585e-06 -1.06331940e+00  2.01260633e-03 -1.34294139e+00  1.18002091e-02 -1.37724938e+00  1.36869833e-02 -1.20797998e+05 -3.80834520e+06 -9.19804089e+04 -2.62778800e+06 -4.20295992e+04 -7.64241421e+05 
 2.35504928e+01 -9.99999854e-01  4.16241647e-06 -1.06350389e+00  2.01760258e-03 -1.34399514e+00  1.18322462e-02 -1.37841121e+00  1.37238127e-02 -1.20958731e+05 -3.81504615e+06 -9.21284015e+04 -2.63292399e+06 -4.20878674e+04 -7.65767003e+05 
 2.35776220e+01 -9.99999854e-01  4.16953682e-06 -1.06368903e+00  2.02262004e-03 -1.34505293e+00  1.18644270e-02 -1.37957752e+00  1.37608060e-02 -1.21120205e+05 -3.82176634e+06 -9.22770798e+04 -2.63807646e+06 -4.21463960e+04 -7.67297575e+05 
 2.36047823e+01 -9.99999854e-01  4.17667695e-06 -1.06387484e+00  2.02765884e-03 -1.34611480e+00  1.18967523e-02 -1.38074833e+00  1.37979642e-02 -1.21282426e+05 -3.82850586e+06 -9.24264482e+04 -2.64324547e+06 -4.22051865e+04 -7.68833161e+05 
 2.36319740e+01 -9.99999854e-01  4.18383698e-06 -1.06406132e+00  2.03271912e-03 -1.34718075e+00  1.19292232e-02 -1.38192366e+00  1.38352884e-02 -1.21445397e+05 -3.83526481e+06 -9.25765108e+04 -2.64843111e+06 -4.22642405e+04 -7.70373786e+05 
 2.36591970e+01 -9.99999853e-01  4.19101696e-06 -1.06424847e+00  2.03780100e-03 -1.34825082e+00  1.19618404e-02 -1.38310354e+00  1.38727797e-02 -1.21609124e+05 -3.84204327e+06 -9.27272720e+04 -2.65363347e+06 -4.23235597e+04 -7.71919478e+05 
 2.36864513e+01 -9.99999853e-01  4.19821703e-06 -1.06443629e+00  2.04290464e-03 -1.34932502e+00  1.19946051e-02 -1.38428799e+00  1.39104391e-02 -1.21773611e+05 -3.84884133e+06 -9.28787361e+04 -2.65885262e+06 -4.23831455e+04 -7.73470259e+05 
 2.37137371e+01 -9.99999853e-01  4.20543725e-06 -1.06462479e+00  2.04803015e-03 -1.35040337e+00  1.20275180e-02 -1.38547703e+00  1.39482677e-02 -1.21938863e+05 -3.85565909e+06 -9.30309075e+04 -2.66408865e+06 -4.24429996e+04 -7.75026158e+05 
 2.37410542e+01 -9.99999853e-01  4.21267774e-06 -1.06481397e+00  2.05317769e-03 -1.35148590e+00  1.20605803e-02 -1.38667068e+00  1.39862666e-02 -1.22104884e+05 -3.86249665e+06 -9.31837906e+04 -2.66934165e+06 -4.25031237e+04 -7.76587198e+05 
 2.37684029e+01 -9.99999853e-01  4.21993860e-06 -1.06500384e+00  2.05834739e-03 -1.35257262e+00  1.20937927e-02 -1.38786898e+00  1.40244369e-02 -1.22271680e+05 -3.86935409e+06 -9.33373899e+04 -2.67461169e+06 -4.25635193e+04 -7.78153407e+05 
 2.37957830e+01 -9.99999853e-01  4.22721985e-06 -1.06519439e+00  2.06353939e-03 -1.35366356e+00  1.21271564e-02 -1.38907194e+00  1.40627796e-02 -1.22439255e+05 -3.87623151e+06 -9.34917098e+04 -2.67989888e+06 -4.26241880e+04 -7.79724810e+05 
 2.38231947e+01 -9.99999852e-01  4.23452170e-06 -1.06538564e+00  2.06875384e-03 -1.35475874e+00  1.21606722e-02 -1.39027959e+00  1.41012959e-02 -1.22607615e+05 -3.88312901e+06 -9.36467549e+04 -2.68520328e+06 -4.26851317e+04 -7.81301435e+05 
 2.38506380e+01 -9.99999852e-01  4.24184415e-06 -1.06557757e+00  2.07399087e-03 -1.35585818e+00  1.21943412e-02 -1.39149195e+00  1.41399869e-02 -1.22776763e+05 -3.89004668e+06 -9.38025297e+04 -2.69052499e+06 -4.27463518e+04 -7.82883307e+05 
 2.38781128e+01 -9.99999852e-01  4.24918736e-06 -1.06577021e+00  2.07925063e-03 -1.35696191e+00  1.22281644e-02 -1.39270905e+00  1.41788538e-02 -1.22946706e+05 -3.89698463e+06 -9.39590387e+04 -2.69586410e+06 -4.28078501e+04 -7.84470453e+05 
 2.39056194e+01 -9.99999852e-01  4.25655139e-06 -1.06596355e+00  2.08453327e-03 -1.35806994e+00  1.22621427e-02 -1.39393091e+00  1.42178976e-02 -1.23117448e+05 -3.90394294e+06 -9.41162868e+04 -2.70122069e+06 -4.28696283e+04 -7.86062901e+05 
 2.39331576e+01 -9.99999852e-01  4.26393635e-06 -1.06615759e+00  2.08983894e-03 -1.35918230e+00  1.22962772e-02 -1.39515755e+00  1.42571195e-02 -1.23288993e+05 -3.91092171e+06 -9.42742784e+04 -2.70659486e+06 -4.29316882e+04 -7.87660677e+05 
 2.39607275e+01 -9.99999852e-01  4.27134236e-06 -1.06635234e+00  2.09516777e-03 -1.36029901e+00  1.23305689e-02 -1.39638901e+00  1.42965207e-02 -1.23461348e+05 -3.91792105e+06 -9.44330183e+04 -2.71198669e+06 -4.29940313e+04 -7.89263809e+05 
 2.39883292e+01 -9.99999851e-01  4.27876947e-06 -1.06654780e+00  2.10051992e-03 -1.36142009e+00  1.23650188e-02 -1.39762530e+00  1.43361024e-02 -1.23634517e+05 -3.92494104e+06 -9.45925112e+04 -2.71739627e+06 -4.30566596e+04 -7.90872324e+05 
 2.40159627e+01 -9.99999851e-01  4.28621780e-06 -1.06674397e+00  2.10589555e-03 -1.36254557e+00  1.23996280e-02 -1.39886646e+00  1.43758656e-02 -1.23808505e+05 -3.93198181e+06 -9.47527620e+04 -2.72282369e+06 -4.31195746e+04 -7.92486250e+05 
 2.40436280e+01 -9.99999851e-01  4.29368748e-06 -1.06694086e+00  2.11129479e-03 -1.36367547e+00  1.24343975e-02 -1.40011250e+00  1.44158117e-02 -1.23983318e+05 -3.93904343e+06 -9.49137754e+04 -2.72826905e+06 -4.31827783e+04 -7.94105615e+05 
 2.40713252e+01 -9.99999851e-01  4.30117862e-06 -1.06713848e+00  2.11671780e-03 -1.36480980e+00  1.24693283e-02 -1.40136345e+00  1.44559417e-02 -1.24158961e+05 -3.94612602e+06 -9.50755564e+04 -2.73373243e+06 -4.32462722e+04 -7.95730447e+05 
 2.40990543e+01 -9.99999851e-01  4.30869127e-06 -1.06733682e+00  2.12216475e-03 -1.36594861e+00  1.25044215e-02 -1.40261934e+00  1.44962570e-02 -1.24335439e+05 -3.95322968e+06 -9.52381097e+04 -2.73921393e+06 -4.33100584e+04 -7.97360774e+05 
 2.41268153e+01 -9.99999850e-01  4.31622558e-06 -1.06753589e+00  2.12763577e-03 -1.36709190e+00  1.25396782e-02 -1.40388019e+00  1.45367587e-02 -1.24512758e+05 -3.96035450e+06 -9.54014403e+04 -2.74471364e+06 -4.33741385e+04 -7.98996624e+05 
 2.41546083e+01 -9.99999850e-01  4.32378161e-06 -1.06773569e+00  2.13313104e-03 -1.36823970e+00  1.25750995e-02 -1.40514604e+00  1.45774480e-02 -1.24690922e+05 -3.96750060e+06 -9.55655533e+04 -2.75023166e+06 -4.34385144e+04 -8.00638027e+05 
 2.41824334e+01 -9.99999850e-01  4.33135955e-06 -1.06793623e+00  2.13865070e-03 -1.36939204e+00  1.26106864e-02 -1.40641689e+00  1.46183262e-02 -1.24869937e+05 -3.97466807e+06 -9.57304537e+04 -2.75576808e+06 -4.35031879e+04 -8.02285012e+05 
 2.42102905e+01 -9.99999850e-01  4.33895937e-06 -1.06813750e+00  2.14419492e-03 -1.37054894e+00  1.26464401e-02 -1.40769280e+00  1.46593945e-02 -1.25049810e+05 -3.98185703e+06 -9.58961464e+04 -2.76132298e+06 -4.35681608e+04 -8.03937606e+05 
 2.42381796e+01 -9.99999850e-01  4.34658131e-06 -1.06833952e+00  2.14976386e-03 -1.37171042e+00  1.26823617e-02 -1.40897377e+00  1.47006541e-02 -1.25230544e+05 -3.98906757e+06 -9.60626366e+04 -2.76689648e+06 -4.36334351e+04 -8.05595840e+05 
 2.42661010e+01 -9.99999850e-01  4.35422535e-06 -1.06854229e+00  2.15535767e-03 -1.37287650e+00  1.27184522e-02 -1.41025983e+00  1.47421065e-02 -1.25412146e+05 -3.99629980e+06 -9.62299295e+04 -2.77248867e+06 -4.36990127e+04 -8.07259743e+05 
 2.42940544e+01 -9.99999849e-01  4.36189171e-06 -1.06874581e+00  2.16097653e-03 -1.37404722e+00  1.27547128e-02 -1.41155102e+00  1.47837527e-02 -1.25594622e+05 -4.00355384e+06 -9.63980302e+04 -2.77809964e+06 -4.37648953e+04 -8.08929345e+05 
 2.43220401e+01 -9.99999849e-01  4.36958044e-06 -1.06895008e+00  2.16662059e-03 -1.37522260e+00  1.27911447e-02 -1.41284736e+00  1.48255942e-02 -1.25777976e+05 -4.01082978e+06 -9.65669440e+04 -2.78372948e+06 -4.38310849e+04 -8.10604676e+05 
 2.43500580e+01 -9.99999849e-01  4.37729165e-06 -1.06915511e+00  2.17229002e-03 -1.37640266e+00  1.28277489e-02 -1.41414888e+00  1.48676322e-02 -1.25962215e+05 -4.01812774e+06 -9.67366761e+04 -2.78937831e+06 -4.38975835e+04 -8.12285765e+05 
 2.43781082e+01 -9.99999849e-01  4.38502548e-06 -1.06936091e+00  2.17798500e-03 -1.37758742e+00  1.28645267e-02 -1.41545560e+00  1.49098680e-02 -1.26147345e+05 -4.02544783e+06 -9.69072319e+04 -2.79504622e+06 -4.39643930e+04 -8.13972643e+05 
 2.44061907e+01 -9.99999849e-01  4.39278205e-06 -1.06956747e+00  2.18370568e-03 -1.37877691e+00  1.29014792e-02 -1.41676756e+00  1.49523030e-02 -1.26333370e+05 -4.03279015e+06 -9.70786167e+04 -2.80073330e+06 -4.40315153e+04 -8.15665341e+05 
 2.44343055e+01 -9.99999848e-01  4.40056138e-06 -1.06977480e+00  2.18945224e-03 -1.37997116e+00  1.29386076e-02 -1.41808478e+00  1.49949384e-02 -1.26520298e+05 -4.04015482e+06 -9.72508359e+04 -2.80643966e+06 -4.40989525e+04 -8.17363889e+05 
 2.44624528e+01 -9.99999848e-01  4.40836371e-06 -1.06998290e+00  2.19522486e-03 -1.38117019e+00  1.29759131e-02 -1.41940728e+00  1.50377757e-02 -1.26708134e+05 -4.04754194e+06 -9.74238950e+04 -2.81216540e+06 -4.41667065e+04 -8.19068318e+05 
 2.44906324e+01 -9.99999848e-01  4.41618906e-06 -1.07019178e+00  2.20102369e-03 -1.38237403e+00  1.30133968e-02 -1.42073511e+00  1.50808161e-02 -1.26896883e+05 -4.05495163e+06 -9.75977995e+04 -2.81791062e+06 -4.42347793e+04 -8.20778660e+05 
 2.45188445e+01 -9.99999848e-01  4.42403751e-06 -1.07040144e+00  2.20684893e-03 -1.38358270e+00  1.30510600e-02 -1.42206827e+00  1.51240611e-02 -1.27086553e+05 -4.06238401e+06 -9.77725549e+04 -2.82367542e+06 -4.43031729e+04 -8.22494945e+05 
 2.45470892e+01 -9.99999848e-01  4.43190933e-06 -1.07061189e+00  2.21270074e-03 -1.38479623e+00  1.30889039e-02 -1.42340682e+00  1.51675120e-02 -1.27277148e+05 -4.06983918e+06 -9.79481669e+04 -2.82945991e+06 -4.43718894e+04 -8.24217206e+05 
 2.45753663e+01 -9.99999848e-01  4.43980448e-06 -1.07082312e+00  2.21857930e-03 -1.38601465e+00  1.31269297e-02 -1.42475076e+00  1.52111702e-02 -1.27468675e+05 -4.07731727e+06 -9.81246410e+04 -2.83526419e+06 -4.44409309e+04 -8.25945474e+05 
 2.46036760e+01 -9.99999847e-01  4.44772317e-06 -1.07103515e+00  2.22448479e-03 -1.38723798e+00  1.31651386e-02 -1.42610014e+00  1.52550372e-02 -1.27661140e+05 -4.08481838e+06 -9.83019829e+04 -2.84108837e+06 -4.45102993e+04 -8.27679782e+05 
 2.46320184e+01 -9.99999847e-01  4.45566548e-06 -1.07124798e+00  2.23041740e-03 -1.38846624e+00  1.32035319e-02 -1.42745499e+00  1.52991143e-02 -1.27854550e+05 -4.09234264e+06 -9.84801984e+04 -2.84693255e+06 -4.45799969e+04 -8.29420161e+05 
 2.46603934e+01 -9.99999847e-01  4.46363151e-06 -1.07146161e+00  2.23637730e-03 -1.38969947e+00  1.32421109e-02 -1.42881532e+00  1.53434030e-02 -1.28048910e+05 -4.09989015e+06 -9.86592932e+04 -2.85279684e+06 -4.46500257e+04 -8.31166645e+05 
 2.46888010e+01 -9.99999847e-01  4.47162142e-06 -1.07167604e+00  2.24236468e-03 -1.39093769e+00  1.32808769e-02 -1.43018118e+00  1.53879046e-02 -1.28244226e+05 -4.10746105e+06 -9.88392733e+04 -2.85868134e+06 -4.47203878e+04 -8.32919265e+05 
 2.47172415e+01 -9.99999847e-01  4.47963532e-06 -1.07189129e+00  2.24837972e-03 -1.39218093e+00  1.33198310e-02 -1.43155258e+00  1.54326208e-02 -1.28440506e+05 -4.11505544e+06 -9.90201444e+04 -2.86458616e+06 -4.47910854e+04 -8.34678055e+05 
 2.47457146e+01 -9.99999846e-01  4.48767329e-06 -1.07210735e+00  2.25442261e-03 -1.39342921e+00  1.33589746e-02 -1.43292957e+00  1.54775528e-02 -1.28637755e+05 -4.12267344e+06 -9.92019125e+04 -2.87051141e+06 -4.48621206e+04 -8.36443049e+05 
 2.47742206e+01 -9.99999846e-01  4.49573551e-06 -1.07232422e+00  2.26049355e-03 -1.39468257e+00  1.33983091e-02 -1.43431217e+00  1.55227023e-02 -1.28835981e+05 -4.13031519e+06 -9.93845836e+04 -2.87645720e+06 -4.49334956e+04 -8.38214279e+05 
 2.48027594e+01 -9.99999846e-01  4.50382205e-06 -1.07254192e+00  2.26659271e-03 -1.39594102e+00  1.34378356e-02 -1.43570042e+00  1.55680706e-02 -1.29035188e+05 -4.13798079e+06 -9.95681637e+04 -2.88242365e+06 -4.50052127e+04 -8.39991780e+05 
 2.48313311e+01 -9.99999846e-01  4.51193307e-06 -1.07276045e+00  2.27272030e-03 -1.39720461e+00  1.34775556e-02 -1.43709433e+00  1.56136594e-02 -1.29235385e+05 -4.14567037e+06 -9.97526588e+04 -2.88841085e+06 -4.50772740e+04 -8.41775585e+05 
 2.48599356e+01 -9.99999846e-01  4.52006867e-06 -1.07297980e+00  2.27887650e-03 -1.39847335e+00  1.35174704e-02 -1.43849395e+00  1.56594700e-02 -1.29436578e+05 -4.15338406e+06 -9.99380753e+04 -2.89441893e+06 -4.51496817e+04 -8.43565729e+05 
 2.48885732e+01 -9.99999845e-01  4.52822903e-06 -1.07319999e+00  2.28506152e-03 -1.39974728e+00  1.35575813e-02 -1.43989931e+00  1.57055042e-02 -1.29638772e+05 -4.16112197e+06 -1.00124419e+05 -2.90044799e+06 -4.52224382e+04 -8.45362246e+05 
 2.49172437e+01 -9.99999845e-01  4.53641414e-06 -1.07342102e+00  2.29127554e-03 -1.40102642e+00  1.35978898e-02 -1.44131044e+00  1.57517633e-02 -1.29841976e+05 -4.16888423e+06 -1.00311697e+05 -2.90649815e+06 -4.52955456e+04 -8.47165170e+05 
 2.49459473e+01 -9.99999845e-01  4.54462426e-06 -1.07364290e+00  2.29751878e-03 -1.40231080e+00  1.36383970e-02 -1.44272736e+00  1.57982489e-02 -1.30046196e+05 -4.17667097e+06 -1.00499914e+05 -2.91256953e+06 -4.53690063e+04 -8.48974537e+05 
 2.49746839e+01 -9.99999845e-01  4.55285948e-06 -1.07386562e+00  2.30379142e-03 -1.40360046e+00  1.36791046e-02 -1.44415012e+00  1.58449627e-02 -1.30251438e+05 -4.18448232e+06 -1.00689078e+05 -2.91866223e+06 -4.54428226e+04 -8.50790383e+05 
 2.50034536e+01 -9.99999845e-01  4.56111991e-06 -1.07408919e+00  2.31009367e-03 -1.40489541e+00  1.37200138e-02 -1.44557874e+00  1.58919061e-02 -1.30457710e+05 -4.19231839e+06 -1.00879194e+05 -2.92477637e+06 -4.55169968e+04 -8.52612741e+05 
 2.50322565e+01 -9.99999844e-01  4.56940569e-06 -1.07431362e+00  2.31642573e-03 -1.40619569e+00  1.37611260e-02 -1.44701326e+00  1.59390809e-02 -1.30665019e+05 -4.20017933e+06 -1.01070270e+05 -2.93091208e+06 -4.55915312e+04 -8.54441649e+05 
 2.50610925e+01 -9.99999844e-01  4.57771696e-06 -1.07453891e+00  2.32278782e-03 -1.40750133e+00  1.38024428e-02 -1.44845370e+00  1.59864886e-02 -1.30873371e+05 -4.20806526e+06 -1.01262311e+05 -2.93706946e+06 -4.56664283e+04 -8.56277142e+05 
 2.50899618e+01 -9.99999844e-01  4.58605382e-06 -1.07476507e+00  2.32918014e-03 -1.40881236e+00  1.38439654e-02 -1.44990011e+00  1.60341308e-02 -1.31082773e+05 -4.21597630e+06 -1.01455325e+05 -2.94324864e+06 -4.57416904e+04 -8.58119256e+05 
 2.51188643e+01 -9.99999844e-01  4.59441642e-06 -1.07499210e+00  2.33560289e-03 -1.41012881e+00  1.38856955e-02 -1.45135251e+00  1.60820092e-02 -1.31293234e+05 -4.22391260e+06 -1.01649318e+05 -2.94944974e+06 -4.58173199e+04 -8.59968028e+05 
 2.51478001e+01 -9.99999843e-01  4.60280489e-06 -1.07522001e+00  2.34205630e-03 -1.41145070e+00  1.39276344e-02 -1.45281094e+00  1.61301255e-02 -1.31504760e+05 -4.23187428e+06 -1.01844296e+05 -2.95567287e+06 -4.58933193e+04 -8.61823495e+05 
 2.51767693e+01 -9.99999843e-01  4.61121940e-06 -1.07544879e+00  2.34854057e-03 -1.41277808e+00  1.39697835e-02 -1.45427543e+00  1.61784813e-02 -1.31717358e+05 -4.23986147e+06 -1.02040266e+05 -2.96191816e+06 -4.59696910e+04 -8.63685694e+05 
 2.52057718e+01 -9.99999843e-01  4.61966005e-06 -1.07567846e+00  2.35505592e-03 -1.41411096e+00  1.40121445e-02 -1.45574602e+00  1.62270782e-02 -1.31931036e+05 -4.24787431e+06 -1.02237236e+05 -2.96818573e+06 -4.60464375e+04 -8.65554662e+05 
 2.52348077e+01 -9.99999843e-01  4.62812693e-06 -1.07590901e+00  2.36160256e-03 -1.41544939e+00  1.40547188e-02 -1.45722274e+00  1.62759181e-02 -1.32145800e+05 -4.25591294e+06 -1.02435212e+05 -2.97447569e+06 -4.61235612e+04 -8.67430437e+05 
 2.52638771e+01 -9.99999843e-01  4.63662025e-06 -1.07614046e+00  2.36818072e-03 -1.41679338e+00  1.40975079e-02 -1.45870562e+00  1.63250026e-02 -1.32361660e+05 -4.26397749e+06 -1.02634200e+05 -2.98078819e+06 -4.62010648e+04 -8.69313056e+05 
 2.52929800e+01 -9.99999842e-01  4.64514014e-06 -1.07637281e+00  2.37479062e-03 -1.41814298e+00  1.41405133e-02 -1.46019471e+00  1.63743335e-02 -1.32578621e+05 -4.27206810e+06 -1.02834209e+05 -2.98712333e+06 -4.62789506e+04 -8.71202558e+05 
 2.53221164e+01 -9.99999842e-01  4.65368669e-06 -1.07660606e+00  2.38143248e-03 -1.41949821e+00  1.41837367e-02 -1.46169002e+00  1.64239124e-02 -1.32796692e+05 -4.28018490e+06 -1.03035245e+05 -2.99348125e+06 -4.63572214e+04 -8.73098982e+05 
 2.53512863e+01 -9.99999842e-01  4.66226012e-06 -1.07684022e+00  2.38810653e-03 -1.42085911e+00  1.42271794e-02 -1.46319161e+00  1.64737413e-02 -1.33015881e+05 -4.28832804e+06 -1.03237314e+05 -2.99986207e+06 -4.64358795e+04 -8.75002366e+05 
 2.53804899e+01 -9.99999842e-01  4.67086048e-06 -1.07707529e+00  2.39481298e-03 -1.42222570e+00  1.42708432e-02 -1.46469950e+00  1.65238217e-02 -1.33236194e+05 -4.29649766e+06 -1.03440425e+05 -3.00626592e+06 -4.65149278e+04 -8.76912748e+05 
 2.54097271e+01 -9.99999842e-01  4.67948794e-06 -1.07731128e+00  2.40155208e-03 -1.42359803e+00  1.43147296e-02 -1.46621373e+00  1.65741557e-02 -1.33457641e+05 -4.30469389e+06 -1.03644585e+05 -3.01269293e+06 -4.65943687e+04 -8.78830169e+05 
 2.54389979e+01 -9.99999841e-01  4.68814267e-06 -1.07754820e+00  2.40832406e-03 -1.42497612e+00  1.43588402e-02 -1.46773434e+00  1.66247448e-02 -1.33680228e+05 -4.31291688e+06 -1.03849800e+05 -3.01914323e+06 -4.66742050e+04 -8.80754669e+05 
 2.54683025e+01 -9.99999841e-01  4.69682479e-06 -1.07778604e+00  2.41512914e-03 -1.42636000e+00  1.44031766e-02 -1.46926136e+00  1.66755911e-02 -1.33903964e+05 -4.32116677e+06 -1.04056078e+05 -3.02561694e+06 -4.67544393e+04 -8.82686286e+05 
 2.54976409e+01 -9.99999841e-01  4.70553451e-06 -1.07802481e+00  2.42196757e-03 -1.42774971e+00  1.44477404e-02 -1.47079483e+00  1.67266963e-02 -1.34128857e+05 -4.32944370e+06 -1.04263428e+05 -3.03211420e+06 -4.68350742e+04 -8.84625062e+05 
 2.55270130e+01 -9.99999841e-01  4.71427185e-06 -1.07826452e+00  2.42883957e-03 -1.42914528e+00  1.44925333e-02 -1.47233479e+00  1.67780622e-02 -1.34354915e+05 -4.33774783e+06 -1.04471855e+05 -3.03863515e+06 -4.69161126e+04 -8.86571036e+05 
 2.55564190e+01 -9.99999840e-01  4.72303705e-06 -1.07850517e+00  2.43574540e-03 -1.43054675e+00  1.45375570e-02 -1.47388126e+00  1.68296909e-02 -1.34582145e+05 -4.34607930e+06 -1.04681368e+05 -3.04517990e+06 -4.69975572e+04 -8.88524250e+05 
 2.55858589e+01 -9.99999840e-01  4.73183024e-06 -1.07874677e+00  2.44268529e-03 -1.43195414e+00  1.45828131e-02 -1.47543430e+00  1.68815841e-02 -1.34810557e+05 -4.35443825e+06 -1.04891974e+05 -3.05174861e+06 -4.70794106e+04 -8.90484745e+05 
 2.56153326e+01 -9.99999840e-01  4.74065158e-06 -1.07898933e+00  2.44965949e-03 -1.43336750e+00  1.46283033e-02 -1.47699394e+00  1.69337438e-02 -1.35040159e+05 -4.36282483e+06 -1.05103682e+05 -3.05834140e+06 -4.71616758e+04 -8.92452562e+05 
 2.56448404e+01 -9.99999840e-01  4.74950119e-06 -1.07923284e+00  2.45666824e-03 -1.43478685e+00  1.46740293e-02 -1.47856022e+00  1.69861719e-02 -1.35270958e+05 -4.37123920e+06 -1.05316498e+05 -3.06495841e+06 -4.72443555e+04 -8.94427743e+05 
 2.56743821e+01 -9.99999839e-01  4.75837922e-06 -1.07947731e+00  2.46371180e-03 -1.43621223e+00  1.47199928e-02 -1.48013316e+00  1.70388704e-02 -1.35502964e+05 -4.37968150e+06 -1.05530431e+05 -3.07159978e+06 -4.73274526e+04 -8.96410330e+05 
 2.57039578e+01 -9.99999839e-01  4.76728584e-06 -1.07972275e+00  2.47079042e-03 -1.43764368e+00  1.47661956e-02 -1.48171283e+00  1.70918412e-02 -1.35736185e+05 -4.38815189e+06 -1.05745488e+05 -3.07826565e+06 -4.74109699e+04 -8.98400366e+05 
 2.57335676e+01 -9.99999839e-01  4.77622120e-06 -1.07996917e+00  2.47790434e-03 -1.43908123e+00  1.48126395e-02 -1.48329924e+00  1.71450864e-02 -1.35970630e+05 -4.39665052e+06 -1.05961679e+05 -3.08495615e+06 -4.74949103e+04 -9.00397893e+05 
 2.57632116e+01 -9.99999839e-01  4.78518550e-06 -1.08021656e+00  2.48505383e-03 -1.44052492e+00  1.48593261e-02 -1.48489244e+00  1.71986079e-02 -1.36206306e+05 -4.40517754e+06 -1.06179009e+05 -3.09167143e+06 -4.75792768e+04 -9.02402954e+05 
 2.57928896e+01 -9.99999839e-01  4.79417884e-06 -1.08046494e+00  2.49223914e-03 -1.44197477e+00  1.49062573e-02 -1.48649248e+00  1.72524077e-02 -1.36443224e+05 -4.41373312e+06 -1.06397489e+05 -3.09841163e+06 -4.76640722e+04 -9.04415594e+05 
 2.58226019e+01 -9.99999838e-01  4.80320136e-06 -1.08071431e+00  2.49946053e-03 -1.44343084e+00  1.49534349e-02 -1.48809938e+00  1.73064879e-02 -1.36681392e+05 -4.42231740e+06 -1.06617126e+05 -3.10517689e+06 -4.77492996e+04 -9.06435854e+05 
 2.58523484e+01 -9.99999838e-01  4.81225325e-06 -1.08096468e+00  2.50671827e-03 -1.44489314e+00  1.50008607e-02 -1.48971319e+00  1.73608506e-02 -1.36920818e+05 -4.43093054e+06 -1.06837928e+05 -3.11196735e+06 -4.78349619e+04 -9.08463781e+05 
 2.58821292e+01 -9.99999838e-01  4.82133470e-06 -1.08121604e+00  2.51401263e-03 -1.44636173e+00  1.50485366e-02 -1.49133395e+00  1.74154978e-02 -1.37161513e+05 -4.43957270e+06 -1.07059903e+05 -3.11878316e+06 -4.79210622e+04 -9.10499417e+05 
 2.59119442e+01 -9.99999838e-01  4.83044585e-06 -1.08146841e+00  2.52134387e-03 -1.44783663e+00  1.50964643e-02 -1.49296171e+00  1.74704316e-02 -1.37403484e+05 -4.44824405e+06 -1.07283061e+05 -3.12562447e+06 -4.80076035e+04 -9.12542808e+05 
 2.59417936e+01 -9.99999837e-01  4.83958681e-06 -1.08172179e+00  2.52871226e-03 -1.44931789e+00  1.51446459e-02 -1.49459649e+00  1.75256542e-02 -1.37646741e+05 -4.45694475e+06 -1.07507409e+05 -3.13249142e+06 -4.80945888e+04 -9.14593999e+05 
 2.59716774e+01 -9.99999837e-01  4.84875778e-06 -1.08197619e+00  2.53611807e-03 -1.45080553e+00  1.51930830e-02 -1.49623835e+00  1.75811677e-02 -1.37891294e+05 -4.46567495e+06 -1.07732957e+05 -3.13938416e+06 -4.81820214e+04 -9.16653035e+05 
 2.60015956e+01 -9.99999837e-01  4.85795897e-06 -1.08223162e+00  2.54356159e-03 -1.45229961e+00  1.52417778e-02 -1.49788733e+00  1.76369742e-02 -1.38137152e+05 -4.47443482e+06 -1.07959712e+05 -3.14630285e+06 -4.82699043e+04 -9.18719962e+05 
 2.60315483e+01 -9.99999837e-01  4.86719046e-06 -1.08248807e+00  2.55104308e-03 -1.45380015e+00  1.52907320e-02 -1.49954345e+00  1.76930760e-02 -1.38384324e+05 -4.48322453e+06 -1.08187685e+05 -3.15324762e+06 -4.83582407e+04 -9.20794827e+05 
 2.60615355e+01 -9.99999836e-01  4.87645252e-06 -1.08274555e+00  2.55856284e-03 -1.45530719e+00  1.53399477e-02 -1.50120678e+00  1.77494752e-02 -1.38632819e+05 -4.49204424e+06 -1.08416882e+05 -3.16021864e+06 -4.84470337e+04 -9.22877675e+05 
 2.60915572e+01 -9.99999836e-01  4.88574520e-06 -1.08300408e+00  2.56612114e-03 -1.45682077e+00  1.53894268e-02 -1.50287735e+00  1.78061741e-02 -1.38882648e+05 -4.50089413e+06 -1.08647314e+05 -3.16721606e+06 -4.85362866e+04 -9.24968554e+05 
 2.61216135e+01 -9.99999836e-01  4.89506874e-06 -1.08326365e+00  2.57371828e-03 -1.45834094e+00  1.54391712e-02 -1.50455520e+00  1.78631749e-02 -1.39133820e+05 -4.50977435e+06 -1.08878990e+05 -3.17424002e+06 -4.86260027e+04 -9.27067511e+05 
 2.61517045e+01 -9.99999836e-01  4.90442329e-06 -1.08352428e+00  2.58135453e-03 -1.45986772e+00  1.54891830e-02 -1.50624038e+00  1.79204798e-02 -1.39386345e+05 -4.51868508e+06 -1.09111918e+05 -3.18129069e+06 -4.87161851e+04 -9.29174594e+05 
 2.61818301e+01 -9.99999835e-01  4.91380908e-06 -1.08378596e+00  2.58903020e-03 -1.46140116e+00  1.55394643e-02 -1.50793293e+00  1.79780912e-02 -1.39640233e+05 -4.52762650e+06 -1.09346107e+05 -3.18836823e+06 -4.88068373e+04 -9.31289850e+05 
 2.62119904e+01 -9.99999835e-01  4.92322621e-06 -1.08404870e+00  2.59674557e-03 -1.46294130e+00  1.55900169e-02 -1.50963290e+00  1.80360113e-02 -1.39895493e+05 -4.53659877e+06 -1.09581568e+05 -3.19547278e+06 -4.88979626e+04 -9.33413329e+05 
 2.62421854e+01 -9.99999835e-01  4.93267493e-06 -1.08431252e+00  2.60450096e-03 -1.46448818e+00  1.56408431e-02 -1.51134032e+00  1.80942426e-02 -1.40152136e+05 -4.54560208e+06 -1.09818309e+05 -3.20260451e+06 -4.89895642e+04 -9.35545078e+05 
 2.62724153e+01 -9.99999835e-01  4.94215530e-06 -1.08457741e+00  2.61229664e-03 -1.46604184e+00  1.56919448e-02 -1.51305525e+00  1.81527873e-02 -1.40410173e+05 -4.55463658e+06 -1.10056340e+05 -3.20976359e+06 -4.90816457e+04 -9.37685147e+05 
 2.63026799e+01 -9.99999834e-01  4.95166762e-06 -1.08484338e+00  2.62013294e-03 -1.46760231e+00  1.57433242e-02 -1.51477772e+00  1.82116478e-02 -1.40669612e+05 -4.56370247e+06 -1.10295669e+05 -3.21695016e+06 -4.91742104e+04 -9.39833585e+05 
 2.63329794e+01 -9.99999834e-01  4.96121197e-06 -1.08511044e+00  2.62801015e-03 -1.46916965e+00  1.57949834e-02 -1.51650779e+00  1.82708265e-02 -1.40930465e+05 -4.57279992e+06 -1.10536308e+05 -3.22416440e+06 -4.92672619e+04 -9.41990443e+05 
 2.63633139e+01 -9.99999834e-01  4.97078858e-06 -1.08537860e+00  2.63592858e-03 -1.47074388e+00  1.58469245e-02 -1.51824550e+00  1.83303259e-02 -1.41192743e+05 -4.58192912e+06 -1.10778266e+05 -3.23140647e+06 -4.93608035e+04 -9.44155770e+05 
 2.63936832e+01 -9.99999834e-01  4.98039768e-06 -1.08564785e+00  2.64388855e-03 -1.47232506e+00  1.58991497e-02 -1.51999089e+00  1.83901484e-02 -1.41456455e+05 -4.59109023e+06 -1.11021551e+05 -3.23867653e+06 -4.94548389e+04 -9.46329618e+05 
 2.64240876e+01 -9.99999833e-01  4.99003937e-06 -1.08591822e+00  2.65189038e-03 -1.47391322e+00  1.59516612e-02 -1.52174401e+00  1.84502964e-02 -1.41721612e+05 -4.60028345e+06 -1.11266175e+05 -3.24597476e+06 -4.95493716e+04 -9.48512038e+05 
 2.64545269e+01 -9.99999833e-01  4.99971384e-06 -1.08618969e+00  2.65993437e-03 -1.47550841e+00  1.60044612e-02 -1.52350491e+00  1.85107724e-02 -1.41988225e+05 -4.60950896e+06 -1.11512148e+05 -3.25330131e+06 -4.96444051e+04 -9.50703080e+05 
 2.64850014e+01 -9.99999833e-01  5.00942136e-06 -1.08646229e+00  2.66802086e-03 -1.47711067e+00  1.60575518e-02 -1.52527364e+00  1.85715791e-02 -1.42256306e+05 -4.61876695e+06 -1.11759478e+05 -3.26065636e+06 -4.97399432e+04 -9.52902798e+05 
 2.65155109e+01 -9.99999832e-01  5.01916202e-06 -1.08673601e+00  2.67615017e-03 -1.47872004e+00  1.61109354e-02 -1.52705024e+00  1.86327188e-02 -1.42525864e+05 -4.62805759e+06 -1.12008177e+05 -3.26804008e+06 -4.98359894e+04 -9.55111243e+05 
 2.65460556e+01 -9.99999832e-01  5.02893602e-06 -1.08701086e+00  2.68432262e-03 -1.48033656e+00  1.61646142e-02 -1.52883476e+00  1.86941942e-02 -1.42796911e+05 -4.63738109e+06 -1.12258255e+05 -3.27545265e+06 -4.99325475e+04 -9.57328469e+05 
 2.65766355e+01 -9.99999832e-01  5.03874361e-06 -1.08728685e+00  2.69253854e-03 -1.48196028e+00  1.62185905e-02 -1.53062725e+00  1.87560079e-02 -1.43069459e+05 -4.64673763e+06 -1.12509722e+05 -3.28289423e+06 -5.00296212e+04 -9.59554528e+05 
 2.66072506e+01 -9.99999832e-01  5.04858494e-06 -1.08756399e+00  2.70079828e-03 -1.48359124e+00  1.62728666e-02 -1.53242776e+00  1.88181624e-02 -1.43343518e+05 -4.65612741e+06 -1.12762589e+05 -3.29036500e+06 -5.01272143e+04 -9.61789474e+05 
 2.66379010e+01 -9.99999831e-01  5.05846023e-06 -1.08784228e+00  2.70910216e-03 -1.48522949e+00  1.63274448e-02 -1.53423634e+00  1.88806605e-02 -1.43619100e+05 -4.66555061e+06 -1.13016866e+05 -3.29786513e+06 -5.02253304e+04 -9.64033362e+05 
 2.66685866e+01 -9.99999831e-01  5.06836969e-06 -1.08812172e+00  2.71745053e-03 -1.48687507e+00  1.63823276e-02 -1.53605303e+00  1.89435047e-02 -1.43896216e+05 -4.67500743e+06 -1.13272564e+05 -3.30539482e+06 -5.03239736e+04 -9.66286245e+05 
 2.66993077e+01 -9.99999831e-01  5.07831348e-06 -1.08840234e+00  2.72584374e-03 -1.48852802e+00  1.64375172e-02 -1.53787788e+00  1.90066979e-02 -1.44174878e+05 -4.68449806e+06 -1.13529693e+05 -3.31295422e+06 -5.04231477e+04 -9.68548179e+05 
 2.67300641e+01 -9.99999831e-01  5.08829177e-06 -1.08868412e+00  2.73428212e-03 -1.49018840e+00  1.64930161e-02 -1.53971096e+00  1.90702427e-02 -1.44455098e+05 -4.69402272e+06 -1.13788265e+05 -3.32054353e+06 -5.05228565e+04 -9.70819220e+05 
 2.67608559e+01 -9.99999830e-01  5.09830483e-06 -1.08896708e+00  2.74276604e-03 -1.49185624e+00  1.65488268e-02 -1.54155229e+00  1.91341418e-02 -1.44736888e+05 -4.70358159e+06 -1.14048291e+05 -3.32816293e+06 -5.06231040e+04 -9.73099422e+05 
 2.67916832e+01 -9.99999830e-01  5.10835278e-06 -1.08925123e+00  2.75129584e-03 -1.49353159e+00  1.66049516e-02 -1.54340195e+00  1.91983980e-02 -1.45020260e+05 -4.71317487e+06 -1.14309781e+05 -3.33581261e+06 -5.07238942e+04 -9.75388843e+05 
 2.68225461e+01 -9.99999830e-01  5.11843592e-06 -1.08953658e+00  2.75987189e-03 -1.49521451e+00  1.66613930e-02 -1.54525998e+00  1.92630142e-02 -1.45305225e+05 -4.72280277e+06 -1.14572747e+05 -3.34349273e+06 -5.08252312e+04 -9.77687540e+05 
 2.68534445e+01 -9.99999829e-01  5.12855439e-06 -1.08982312e+00  2.76849455e-03 -1.49690503e+00  1.67181537e-02 -1.54712643e+00  1.93279932e-02 -1.45591796e+05 -4.73246550e+06 -1.14837201e+05 -3.35120350e+06 -5.09271189e+04 -9.79995568e+05 
 2.68843784e+01 -9.99999829e-01  5.13870845e-06 -1.09011087e+00  2.77716418e-03 -1.49860320e+00  1.67752360e-02 -1.54900135e+00  1.93933378e-02 -1.45879985e+05 -4.74216326e+06 -1.15103152e+05 -3.35894511e+06 -5.10295615e+04 -9.82312988e+05 
 2.69153480e+01 -9.99999829e-01  5.14889825e-06 -1.09039983e+00  2.78588114e-03 -1.50030907e+00  1.68326425e-02 -1.55088479e+00  1.94590509e-02 -1.46169805e+05 -4.75189625e+06 -1.15370615e+05 -3.36671773e+06 -5.11325631e+04 -9.84639855e+05 
 2.69463533e+01 -9.99999829e-01  5.15912402e-06 -1.09069002e+00  2.79464583e-03 -1.50202269e+00  1.68903759e-02 -1.55277682e+00  1.95251355e-02 -1.46461268e+05 -4.76166469e+06 -1.15639599e+05 -3.37452157e+06 -5.12361279e+04 -9.86976230e+05 
 2.69773943e+01 -9.99999828e-01  5.16938596e-06 -1.09098143e+00  2.80345860e-03 -1.50374411e+00  1.69484386e-02 -1.55467748e+00  1.95915944e-02 -1.46754387e+05 -4.77146878e+06 -1.15910116e+05 -3.38235681e+06 -5.13402601e+04 -9.89322171e+05 
 2.70084711e+01 -9.99999828e-01  5.17968431e-06 -1.09127408e+00  2.81231984e-03 -1.50547337e+00  1.70068335e-02 -1.55658683e+00  1.96584308e-02 -1.47049174e+05 -4.78130875e+06 -1.16182179e+05 -3.39022365e+06 -5.14449640e+04 -9.91677738e+05 
 2.70395836e+01 -9.99999828e-01  5.19001929e-06 -1.09156798e+00  2.82122994e-03 -1.50721053e+00  1.70655630e-02 -1.55850492e+00  1.97256474e-02 -1.47345644e+05 -4.79118480e+06 -1.16455800e+05 -3.39812229e+06 -5.15502439e+04 -9.94042992e+05 
 2.70707320e+01 -9.99999827e-01  5.20039109e-06 -1.09186312e+00  2.83018929e-03 -1.50895563e+00  1.71246299e-02 -1.56043180e+00  1.97932475e-02 -1.47643808e+05 -4.80109716e+06 -1.16730990e+05 -3.40605293e+06 -5.16561040e+04 -9.96417992e+05 
 2.71019163e+01 -9.99999827e-01  5.21079991e-06 -1.09215952e+00  2.83919826e-03 -1.51070872e+00  1.71840370e-02 -1.56236754e+00  1.98612341e-02 -1.47943680e+05 -4.81104603e+06 -1.17007762e+05 -3.41401576e+06 -5.17625489e+04 -9.98802800e+05 
 2.71331365e+01 -9.99999827e-01  5.22124603e-06 -1.09245719e+00  2.84825727e-03 -1.51246986e+00  1.72437869e-02 -1.56431218e+00  1.99296103e-02 -1.48245274e+05 -4.82103165e+06 -1.17286128e+05 -3.42201098e+06 -5.18695829e+04 -1.00119748e+06 
 2.71643927e+01 -9.99999826e-01  5.23172966e-06 -1.09275613e+00  2.85736671e-03 -1.51423910e+00  1.73038824e-02 -1.56626579e+00  1.99983792e-02 -1.48548602e+05 -4.83105423e+06 -1.17566101e+05 -3.43003881e+06 -5.19772105e+04 -1.00360209e+06 
 2.71956849e+01 -9.99999826e-01  5.24225095e-06 -1.09305635e+00  2.86652699e-03 -1.51601648e+00  1.73643263e-02 -1.56822842e+00  2.00675439e-02 -1.48853679e+05 -4.84111399e+06 -1.17847693e+05 -3.43809944e+06 -5.20854362e+04 -1.00601669e+06 
 2.72270131e+01 -9.99999826e-01  5.25281024e-06 -1.09335786e+00  2.87573851e-03 -1.51780206e+00  1.74251215e-02 -1.57020013e+00  2.01371077e-02 -1.49160517e+05 -4.85121116e+06 -1.18130918e+05 -3.44619307e+06 -5.21942646e+04 -1.00844136e+06 
 2.72583774e+01 -9.99999826e-01  5.26340764e-06 -1.09366066e+00  2.88500169e-03 -1.51959589e+00  1.74862708e-02 -1.57218098e+00  2.02070739e-02 -1.49469132e+05 -4.86134597e+06 -1.18415787e+05 -3.45431993e+06 -5.23037003e+04 -1.01087614e+06 
 2.72897778e+01 -9.99999825e-01  5.27404350e-06 -1.09396477e+00  2.89431694e-03 -1.52139802e+00  1.75477770e-02 -1.57417102e+00  2.02774456e-02 -1.49779537e+05 -4.87151865e+06 -1.18702315e+05 -3.46248021e+06 -5.24137479e+04 -1.01332111e+06 
 2.73212144e+01 -9.99999825e-01  5.28471799e-06 -1.09427019e+00  2.90368468e-03 -1.52320851e+00  1.76096432e-02 -1.57617031e+00  2.03482261e-02 -1.50091746e+05 -4.88172943e+06 -1.18990513e+05 -3.47067413e+06 -5.25244121e+04 -1.01577633e+06 
 2.73526873e+01 -9.99999825e-01  5.29543132e-06 -1.09457694e+00  2.91310535e-03 -1.52502740e+00  1.76718722e-02 -1.57817892e+00  2.04194189e-02 -1.50405773e+05 -4.89197854e+06 -1.19280396e+05 -3.47890190e+06 -5.26356977e+04 -1.01824187e+06 
 2.73841963e+01 -9.99999824e-01  5.30618374e-06 -1.09488501e+00  2.92257937e-03 -1.52685476e+00  1.77344670e-02 -1.58019689e+00  2.04910271e-02 -1.50721634e+05 -4.90226622e+06 -1.19571977e+05 -3.48716374e+06 -5.27476095e+04 -1.02071779e+06 
 2.74157417e+01 -9.99999824e-01  5.31697555e-06 -1.09519441e+00  2.93210717e-03 -1.52869064e+00  1.77974306e-02 -1.58222430e+00  2.05630544e-02 -1.51039342e+05 -4.91259271e+06 -1.19865269e+05 -3.49545987e+06 -5.28601522e+04 -1.02320416e+06 
 2.74473234e+01 -9.99999824e-01  5.32780689e-06 -1.09550516e+00  2.94168919e-03 -1.53053508e+00  1.78607661e-02 -1.58426121e+00  2.06355040e-02 -1.51358912e+05 -4.92295824e+06 -1.20160286e+05 -3.50379049e+06 -5.29733308e+04 -1.02570105e+06 
 2.74789415e+01 -9.99999823e-01  5.33867805e-06 -1.09581727e+00  2.95132588e-03 -1.53238816e+00  1.79244765e-02 -1.58630767e+00  2.07083795e-02 -1.51680359e+05 -4.93336305e+06 -1.20457042e+05 -3.51215585e+06 -5.30871503e+04 -1.02820852e+06 
 2.75105960e+01 -9.99999823e-01  5.34958929e-06 -1.09613073e+00  2.96101769e-03 -1.53424992e+00  1.79885649e-02 -1.58836374e+00  2.07816844e-02 -1.52003699e+05 -4.94380739e+06 -1.20755551e+05 -3.52055615e+06 -5.32016155e+04 -1.03072664e+06 
 2.75422870e+01 -9.99999823e-01  5.36054085e-06 -1.09644557e+00  2.97076506e-03 -1.53612042e+00  1.80530345e-02 -1.59042949e+00  2.08554222e-02 -1.52328946e+05 -4.95429151e+06 -1.21055826e+05 -3.52899162e+06 -5.33167315e+04 -1.03325548e+06 
 2.75740145e+01 -9.99999822e-01  5.37153301e-06 -1.09676178e+00  2.98056846e-03 -1.53799971e+00  1.81178884e-02 -1.59250499e+00  2.09295965e-02 -1.52656116e+05 -4.96481565e+06 -1.21357883e+05 -3.53746248e+06 -5.34325035e+04 -1.03579512e+06 
 2.76057786e+01 -9.99999822e-01  5.38256589e-06 -1.09707937e+00  2.99042834e-03 -1.53988786e+00  1.81831299e-02 -1.59459029e+00  2.10042108e-02 -1.52985225e+05 -4.97538006e+06 -1.21661736e+05 -3.54596898e+06 -5.35489365e+04 -1.03834561e+06 
 2.76375792e+01 -9.99999822e-01  5.39363990e-06 -1.09739837e+00  3.00034518e-03 -1.54178491e+00  1.82487621e-02 -1.59668546e+00  2.10792690e-02 -1.53316287e+05 -4.98598499e+06 -1.21967398e+05 -3.55451133e+06 -5.36660358e+04 -1.04090703e+06 
 2.76694165e+01 -9.99999821e-01  5.40475523e-06 -1.09771876e+00  3.01031945e-03 -1.54369094e+00  1.83147884e-02 -1.59879056e+00  2.11547746e-02 -1.53649320e+05 -4.99663070e+06 -1.22274886e+05 -3.56308977e+06 -5.37838066e+04 -1.04347946e+06 
 2.77012904e+01 -9.99999821e-01  5.41591209e-06 -1.09804057e+00  3.02035163e-03 -1.54560599e+00  1.83812119e-02 -1.60090566e+00  2.12307314e-02 -1.53984338e+05 -5.00731744e+06 -1.22584213e+05 -3.57170453e+06 -5.39022541e+04 -1.04606296e+06 
 2.77332010e+01 -9.99999821e-01  5.42711078e-06 -1.09836380e+00  3.03044218e-03 -1.54753013e+00  1.84480362e-02 -1.60303082e+00  2.13071432e-02 -1.54321358e+05 -5.01804547e+06 -1.22895394e+05 -3.58035586e+06 -5.40213838e+04 -1.04865761e+06 
 2.77651485e+01 -9.99999820e-01  5.43835159e-06 -1.09868846e+00  3.04059162e-03 -1.54946342e+00  1.85152645e-02 -1.60516612e+00  2.13840137e-02 -1.54660397e+05 -5.02881505e+06 -1.23208446e+05 -3.58904398e+06 -5.41412009e+04 -1.05126348e+06 
 2.77971327e+01 -9.99999820e-01  5.44963478e-06 -1.09901456e+00  3.05080042e-03 -1.55140591e+00  1.85829003e-02 -1.60731161e+00  2.14613469e-02 -1.55001470e+05 -5.03962644e+06 -1.23523383e+05 -3.59776914e+06 -5.42617111e+04 -1.05388064e+06 
 2.78291537e+01 -9.99999820e-01  5.46096055e-06 -1.09934211e+00  3.06106908e-03 -1.55335767e+00  1.86509470e-02 -1.60946737e+00  2.15391467e-02 -1.55344596e+05 -5.05047992e+06 -1.23840220e+05 -3.60653159e+06 -5.43829198e+04 -1.05650917e+06 
 2.78612117e+01 -9.99999819e-01  5.47232921e-06 -1.09967111e+00  3.07139812e-03 -1.55531876e+00  1.87194081e-02 -1.61163346e+00  2.16174169e-02 -1.55689790e+05 -5.06137574e+06 -1.24158974e+05 -3.61533156e+06 -5.45048325e+04 -1.05914915e+06 
 2.78933066e+01 -9.99999819e-01  5.48374106e-06 -1.10000158e+00  3.08178803e-03 -1.55728923e+00  1.87882870e-02 -1.61380995e+00  2.16961616e-02 -1.56037069e+05 -5.07231417e+06 -1.24479660e+05 -3.62416930e+06 -5.46274549e+04 -1.06180064e+06 
 2.79254384e+01 -9.99999819e-01  5.49519638e-06 -1.10033353e+00  3.09223933e-03 -1.55926916e+00  1.88575875e-02 -1.61599692e+00  2.17753847e-02 -1.56386451e+05 -5.08329550e+06 -1.24802294e+05 -3.63304507e+06 -5.47507928e+04 -1.06446373e+06 
 2.79576073e+01 -9.99999818e-01  5.50669535e-06 -1.10066696e+00  3.10275254e-03 -1.56125861e+00  1.89273130e-02 -1.61819442e+00  2.18550904e-02 -1.56737954e+05 -5.09431999e+06 -1.25126892e+05 -3.64195911e+06 -5.48748517e+04 -1.06713849e+06 
 2.79898132e+01 -9.99999818e-01  5.51823828e-06 -1.10100188e+00  3.11332819e-03 -1.56325764e+00  1.89974672e-02 -1.62040253e+00  2.19352828e-02 -1.57091594e+05 -5.10538791e+06 -1.25453471e+05 -3.65091168e+06 -5.49996376e+04 -1.06982500e+06 
 2.80220562e+01 -9.99999818e-01  5.52982550e-06 -1.10133831e+00  3.12396680e-03 -1.56526630e+00  1.90680538e-02 -1.62262133e+00  2.20159659e-02 -1.57447390e+05 -5.11649956e+06 -1.25782047e+05 -3.65990303e+06 -5.51251563e+04 -1.07252335e+06 
 2.80543364e+01 -9.99999817e-01  5.54145726e-06 -1.10167625e+00  3.13466892e-03 -1.56728468e+00  1.91390765e-02 -1.62485087e+00  2.20971441e-02 -1.57805359e+05 -5.12765520e+06 -1.26112636e+05 -3.66893343e+06 -5.52514137e+04 -1.07523360e+06 
 2.80866537e+01 -9.99999817e-01  5.55313392e-06 -1.10201572e+00  3.14543508e-03 -1.56931283e+00  1.92105390e-02 -1.62709125e+00  2.21788215e-02 -1.58165520e+05 -5.13885513e+06 -1.26445257e+05 -3.67800313e+06 -5.53784158e+04 -1.07795583e+06 
 2.81190083e+01 -9.99999816e-01  5.56485563e-06 -1.10235672e+00  3.15626584e-03 -1.57135081e+00  1.92824452e-02 -1.62934252e+00  2.22610025e-02 -1.58527891e+05 -5.15009963e+06 -1.26779925e+05 -3.68711239e+06 -5.55061687e+04 -1.08069014e+06 
 2.81514002e+01 -9.99999816e-01  5.57662278e-06 -1.10269926e+00  3.16716174e-03 -1.57339870e+00  1.93547989e-02 -1.63160476e+00  2.23436913e-02 -1.58892491e+05 -5.16138899e+06 -1.27116657e+05 -3.69626148e+06 -5.56346785e+04 -1.08343660e+06 
 2.81838293e+01 -9.99999816e-01  5.58843558e-06 -1.10304336e+00  3.17812336e-03 -1.57545657e+00  1.94276040e-02 -1.63387806e+00  2.24268924e-02 -1.59259338e+05 -5.17272350e+06 -1.27455472e+05 -3.70545068e+06 -5.57639514e+04 -1.08619528e+06 
 2.82162958e+01 -9.99999815e-01  5.60029443e-06 -1.10338901e+00  3.18915126e-03 -1.57752447e+00  1.95008643e-02 -1.63616247e+00  2.25106103e-02 -1.59628451e+05 -5.18410346e+06 -1.27796387e+05 -3.71468024e+06 -5.58939935e+04 -1.08896629e+06 
 2.82487997e+01 -9.99999815e-01  5.61219957e-06 -1.10373624e+00  3.20024600e-03 -1.57960248e+00  1.95745839e-02 -1.63845808e+00  2.25948493e-02 -1.59999850e+05 -5.19552916e+06 -1.28139419e+05 -3.72395044e+06 -5.60248113e+04 -1.09174969e+06 
 2.82813411e+01 -9.99999815e-01  5.62415130e-06 -1.10408506e+00  3.21140817e-03 -1.58169066e+00  1.96487668e-02 -1.64076496e+00  2.26796140e-02 -1.60373554e+05 -5.20700090e+06 -1.28484587e+05 -3.73326155e+06 -5.61564111e+04 -1.09454557e+06 
 2.83139200e+01 -9.99999814e-01  5.63614995e-06 -1.10443546e+00  3.22263836e-03 -1.58378909e+00  1.97234170e-02 -1.64308319e+00  2.27649091e-02 -1.60749582e+05 -5.21851899e+06 -1.28831909e+05 -3.74261386e+06 -5.62887993e+04 -1.09735403e+06 
 2.83465363e+01 -9.99999814e-01  5.64819578e-06 -1.10478748e+00  3.23393715e-03 -1.58589784e+00  1.97985387e-02 -1.64541285e+00  2.28507390e-02 -1.61127955e+05 -5.23008374e+06 -1.29181402e+05 -3.75200764e+06 -5.64219824e+04 -1.10017513e+06 
 2.83791903e+01 -9.99999813e-01  5.66028913e-06 -1.10514110e+00  3.24530515e-03 -1.58801697e+00  1.98741359e-02 -1.64775402e+00  2.29371086e-02 -1.61508691e+05 -5.24169544e+06 -1.29533087e+05 -3.76144317e+06 -5.65559671e+04 -1.10300898e+06 
 2.84118818e+01 -9.99999813e-01  5.67243029e-06 -1.10549635e+00  3.25674297e-03 -1.59014656e+00  1.99502129e-02 -1.65010677e+00  2.30240226e-02 -1.61891813e+05 -5.25335441e+06 -1.29886981e+05 -3.77092074e+06 -5.66907600e+04 -1.10585565e+06 
 2.84446111e+01 -9.99999813e-01  5.68461962e-06 -1.10585324e+00  3.26825120e-03 -1.59228667e+00  2.00267739e-02 -1.65247118e+00  2.31114857e-02 -1.62277339e+05 -5.26506096e+06 -1.30243103e+05 -3.78044064e+06 -5.68263678e+04 -1.10871524e+06 
 2.84773780e+01 -9.99999812e-01  5.69685739e-06 -1.10621177e+00  3.27983048e-03 -1.59443739e+00  2.01038232e-02 -1.65484734e+00  2.31995028e-02 -1.62665291e+05 -5.27681541e+06 -1.30601472e+05 -3.79000316e+06 -5.69627974e+04 -1.11158784e+06 
 2.85101827e+01 -9.99999812e-01  5.70914392e-06 -1.10657196e+00  3.29148143e-03 -1.59659879e+00  2.01813651e-02 -1.65723533e+00  2.32880788e-02 -1.63055689e+05 -5.28861808e+06 -1.30962109e+05 -3.79960859e+06 -5.71000555e+04 -1.11447353e+06 
 2.85430251e+01 -9.99999812e-01  5.72147954e-06 -1.10693382e+00  3.30320468e-03 -1.59877093e+00  2.02594041e-02 -1.65963523e+00  2.33772186e-02 -1.63448555e+05 -5.30046929e+06 -1.31325032e+05 -3.80925722e+06 -5.72381491e+04 -1.11737240e+06 
 2.85759054e+01 -9.99999811e-01  5.73386461e-06 -1.10729735e+00  3.31500087e-03 -1.60095389e+00  2.03379445e-02 -1.66204712e+00  2.34669273e-02 -1.63843910e+05 -5.31236937e+06 -1.31690262e+05 -3.81894935e+06 -5.73770853e+04 -1.12028456e+06 
 2.86088236e+01 -9.99999811e-01  5.74629945e-06 -1.10766258e+00  3.32687066e-03 -1.60314776e+00  2.04169908e-02 -1.66447108e+00  2.35572099e-02 -1.64241776e+05 -5.32431864e+06 -1.32057818e+05 -3.82868529e+06 -5.75168711e+04 -1.12321008e+06 
 2.86417797e+01 -9.99999810e-01  5.75878434e-06 -1.10802951e+00  3.33881469e-03 -1.60535260e+00  2.04965476e-02 -1.66690721e+00  2.36480716e-02 -1.64642174e+05 -5.33631744e+06 -1.32427721e+05 -3.83846534e+06 -5.76575138e+04 -1.12614906e+06 
 2.86747738e+01 -9.99999810e-01  5.77131962e-06 -1.10839815e+00  3.35083362e-03 -1.60756849e+00  2.05766195e-02 -1.66935557e+00  2.37395174e-02 -1.65045126e+05 -5.34836610e+06 -1.32799991e+05 -3.84828980e+06 -5.77990205e+04 -1.12910160e+06 
 2.87078058e+01 -9.99999810e-01  5.78390572e-06 -1.10876852e+00  3.36292814e-03 -1.60979550e+00  2.06572110e-02 -1.67181627e+00  2.38315527e-02 -1.65450656e+05 -5.36046495e+06 -1.33174649e+05 -3.85815899e+06 -5.79413986e+04 -1.13206779e+06 
 2.87408759e+01 -9.99999809e-01  5.79654292e-06 -1.10914062e+00  3.37509890e-03 -1.61203373e+00  2.07383270e-02 -1.67428939e+00  2.39241828e-02 -1.65858785e+05 -5.37261434e+06 -1.33551716e+05 -3.86807322e+06 -5.80846556e+04 -1.13504773e+06 
 2.87739841e+01 -9.99999809e-01  5.80923151e-06 -1.10951447e+00  3.38734661e-03 -1.61428324e+00  2.08199721e-02 -1.67677500e+00  2.40174130e-02 -1.66269537e+05 -5.38481461e+06 -1.33931213e+05 -3.87803279e+06 -5.82287988e+04 -1.13804152e+06 
 2.88071305e+01 -9.99999808e-01  5.82197191e-06 -1.10989008e+00  3.39967195e-03 -1.61654411e+00  2.09021511e-02 -1.67927322e+00  2.41112487e-02 -1.66682933e+05 -5.39706611e+06 -1.34313161e+05 -3.88803804e+06 -5.83738360e+04 -1.14104924e+06 
 2.88403150e+01 -9.99999808e-01  5.83476447e-06 -1.11026746e+00  3.41207563e-03 -1.61881643e+00  2.09848689e-02 -1.68178411e+00  2.42056955e-02 -1.67098999e+05 -5.40936918e+06 -1.34697583e+05 -3.89808928e+06 -5.85197746e+04 -1.14407101e+06 
 2.88735378e+01 -9.99999807e-01  5.84760949e-06 -1.11064662e+00  3.42455835e-03 -1.62110028e+00  2.10681304e-02 -1.68430777e+00  2.43007588e-02 -1.67517757e+05 -5.42172418e+06 -1.35084499e+05 -3.90818683e+06 -5.86666226e+04 -1.14710691e+06 
 2.89067988e+01 -9.99999807e-01  5.86050740e-06 -1.11102759e+00  3.43712083e-03 -1.62339573e+00  2.11519406e-02 -1.68684430e+00  2.43964443e-02 -1.67939232e+05 -5.43413147e+06 -1.35473933e+05 -3.91833103e+06 -5.88143877e+04 -1.15015706e+06 
 2.89400982e+01 -9.99999807e-01  5.87345849e-06 -1.11141035e+00  3.44976380e-03 -1.62570287e+00  2.12363045e-02 -1.68939378e+00  2.44927577e-02 -1.68363446e+05 -5.44659141e+06 -1.35865907e+05 -3.92852220e+06 -5.89630778e+04 -1.15322155e+06 
 2.89734359e+01 -9.99999806e-01  5.88646319e-06 -1.11179494e+00  3.46248798e-03 -1.62802179e+00  2.13212271e-02 -1.69195631e+00  2.45897046e-02 -1.68790426e+05 -5.45910436e+06 -1.36260443e+05 -3.93876068e+06 -5.91127010e+04 -1.15630048e+06 
 2.90068120e+01 -9.99999806e-01  5.89952177e-06 -1.11218136e+00  3.47529413e-03 -1.63035257e+00  2.14067137e-02 -1.69453198e+00  2.46872910e-02 -1.69220196e+05 -5.47167069e+06 -1.36657564e+05 -3.94904680e+06 -5.92632653e+04 -1.15939396e+06 
 2.90402265e+01 -9.99999805e-01  5.91263472e-06 -1.11256963e+00  3.48818300e-03 -1.63269529e+00  2.14927694e-02 -1.69712088e+00  2.47855226e-02 -1.69652780e+05 -5.48429076e+06 -1.37057293e+05 -3.95938090e+06 -5.94147790e+04 -1.16250209e+06 
 2.90736796e+01 -9.99999805e-01  5.92580236e-06 -1.11295975e+00  3.50115534e-03 -1.63505004e+00  2.15793995e-02 -1.69972312e+00  2.48844055e-02 -1.70088204e+05 -5.49696495e+06 -1.37459655e+05 -3.96976333e+06 -5.95672502e+04 -1.16562497e+06 
 2.91071712e+01 -9.99999804e-01  5.93902507e-06 -1.11335174e+00  3.51421192e-03 -1.63741690e+00  2.16666093e-02 -1.70233878e+00  2.49839456e-02 -1.70526493e+05 -5.50969364e+06 -1.37864672e+05 -3.98019444e+06 -5.97206874e+04 -1.16876272e+06 
 2.91407013e+01 -9.99999804e-01  5.95230318e-06 -1.11374562e+00  3.52735352e-03 -1.63979597e+00  2.17544042e-02 -1.70496796e+00  2.50841490e-02 -1.70967674e+05 -5.52247721e+06 -1.38272369e+05 -3.99067456e+06 -5.98750990e+04 -1.17191544e+06 
 2.91742701e+01 -9.99999804e-01  5.96563714e-06 -1.11414140e+00  3.54058094e-03 -1.64218733e+00  2.18427897e-02 -1.70761076e+00  2.51850218e-02 -1.71411773e+05 -5.53531604e+06 -1.38682770e+05 -4.00120406e+06 -6.00304937e+04 -1.17508324e+06 
 2.92078776e+01 -9.99999803e-01  5.97902738e-06 -1.11453908e+00  3.55389496e-03 -1.64459106e+00  2.19317712e-02 -1.71026728e+00  2.52865704e-02 -1.71858815e+05 -5.54821052e+06 -1.39095899e+05 -4.01178330e+06 -6.01868800e+04 -1.17826623e+06 
 2.92415238e+01 -9.99999803e-01  5.99247417e-06 -1.11493869e+00  3.56729639e-03 -1.64700727e+00  2.20213544e-02 -1.71293762e+00  2.53888010e-02 -1.72308829e+05 -5.56116105e+06 -1.39511781e+05 -4.02241262e+06 -6.03442667e+04 -1.18146452e+06 
 2.92752087e+01 -9.99999802e-01  6.00597798e-06 -1.11534023e+00  3.58078604e-03 -1.64943604e+00  2.21115449e-02 -1.71562188e+00  2.54917200e-02 -1.72761840e+05 -5.57416802e+06 -1.39930443e+05 -4.03309240e+06 -6.05026627e+04 -1.18467822e+06 
 2.93089325e+01 -9.99999802e-01  6.01953920e-06 -1.11574372e+00  3.59436475e-03 -1.65187746e+00  2.22023485e-02 -1.71832017e+00  2.55953337e-02 -1.73217877e+05 -5.58723182e+06 -1.40351908e+05 -4.04382301e+06 -6.06620769e+04 -1.18790743e+06 
 2.93426950e+01 -9.99999801e-01  6.03315826e-06 -1.11614918e+00  3.60803334e-03 -1.65433163e+00  2.22937708e-02 -1.72103257e+00  2.56996489e-02 -1.73676966e+05 -5.60035287e+06 -1.40776202e+05 -4.05460481e+06 -6.08225184e+04 -1.19115229e+06 
 2.93764965e+01 -9.99999801e-01  6.04683552e-06 -1.11655662e+00  3.62179267e-03 -1.65679863e+00  2.23858178e-02 -1.72375921e+00  2.58046720e-02 -1.74139137e+05 -5.61353156e+06 -1.41203353e+05 -4.06543817e+06 -6.09839964e+04 -1.19441290e+06 
 2.94103369e+01 -9.99999800e-01  6.06057145e-06 -1.11696604e+00  3.63564358e-03 -1.65927857e+00  2.24784954e-02 -1.72650018e+00  2.59104098e-02 -1.74604417e+05 -5.62676832e+06 -1.41633385e+05 -4.07632348e+06 -6.11465201e+04 -1.19768937e+06 
 2.94442163e+01 -9.99999800e-01  6.07436638e-06 -1.11737748e+00  3.64958695e-03 -1.66177154e+00  2.25718095e-02 -1.72925559e+00  2.60168689e-02 -1.75072836e+05 -5.64006355e+06 -1.42066326e+05 -4.08726112e+06 -6.13100989e+04 -1.20098183e+06 
 2.94781348e+01 -9.99999799e-01  6.08822083e-06 -1.11779093e+00  3.66362364e-03 -1.66427763e+00  2.26657663e-02 -1.73202554e+00  2.61240564e-02 -1.75544422e+05 -5.65341767e+06 -1.42502203e+05 -4.09825146e+06 -6.14747423e+04 -1.20429040e+06 
 2.95120923e+01 -9.99999799e-01  6.10213510e-06 -1.11820641e+00  3.67775455e-03 -1.66679695e+00  2.27603719e-02 -1.73481015e+00  2.62319790e-02 -1.76019205e+05 -5.66683111e+06 -1.42941042e+05 -4.10929491e+06 -6.16404599e+04 -1.20761518e+06 
 2.95460889e+01 -9.99999799e-01  6.11610974e-06 -1.11862395e+00  3.69198057e-03 -1.66932958e+00  2.28556325e-02 -1.73760953e+00  2.63406439e-02 -1.76497214e+05 -5.68030430e+06 -1.43382872e+05 -4.12039186e+06 -6.18072614e+04 -1.21095631e+06 
 2.95801247e+01 -9.99999798e-01  6.13014518e-06 -1.11904354e+00  3.70630261e-03 -1.67187563e+00  2.29515544e-02 -1.74042377e+00  2.64500580e-02 -1.76978480e+05 -5.69383767e+06 -1.43827721e+05 -4.13154269e+06 -6.19751566e+04 -1.21431390e+06 
 2.96141997e+01 -9.99999798e-01  6.14424172e-06 -1.11946522e+00  3.72072159e-03 -1.67443520e+00  2.30481439e-02 -1.74325300e+00  2.65602287e-02 -1.77463033e+05 -5.70743165e+06 -1.44275616e+05 -4.14274781e+06 -6.21441555e+04 -1.21768808e+06 
 2.96483139e+01 -9.99999797e-01  6.15839997e-06 -1.11988899e+00  3.73523843e-03 -1.67700840e+00  2.31454075e-02 -1.74609732e+00  2.66711631e-02 -1.77950904e+05 -5.72108668e+06 -1.44726587e+05 -4.15400763e+06 -6.23142681e+04 -1.22107897e+06 
 2.96824674e+01 -9.99999797e-01  6.17262023e-06 -1.12031487e+00  3.74985409e-03 -1.67959531e+00  2.32433518e-02 -1.74895686e+00  2.67828686e-02 -1.78442124e+05 -5.73480321e+06 -1.45180662e+05 -4.16532256e+06 -6.24855045e+04 -1.22448670e+06 
 2.97166603e+01 -9.99999796e-01  6.18690308e-06 -1.12074287e+00  3.76456951e-03 -1.68219605e+00  2.33419832e-02 -1.75183172e+00  2.68953527e-02 -1.78936725e+05 -5.74858169e+06 -1.45637871e+05 -4.17669300e+06 -6.26578752e+04 -1.22791139e+06 
 2.97508926e+01 -9.99999796e-01  6.20124888e-06 -1.12117300e+00  3.77938566e-03 -1.68481073e+00  2.34413086e-02 -1.75472202e+00  2.70086229e-02 -1.79434738e+05 -5.76242256e+06 -1.46098243e+05 -4.18811937e+06 -6.28313904e+04 -1.23135317e+06 
 2.97851643e+01 -9.99999795e-01  6.21565812e-06 -1.12160530e+00  3.79430352e-03 -1.68743943e+00  2.35413347e-02 -1.75762787e+00  2.71226868e-02 -1.79936197e+05 -5.77632630e+06 -1.46561808e+05 -4.19960211e+06 -6.30060607e+04 -1.23481218e+06 
 2.98194755e+01 -9.99999795e-01  6.23013128e-06 -1.12203976e+00  3.80932407e-03 -1.69008228e+00  2.36420683e-02 -1.76054940e+00  2.72375523e-02 -1.80441133e+05 -5.79029336e+06 -1.47028597e+05 -4.21114162e+06 -6.31818969e+04 -1.23828853e+06 
 2.98538262e+01 -9.99999794e-01  6.24466881e-06 -1.12247641e+00  3.82444831e-03 -1.69273937e+00  2.37435164e-02 -1.76348673e+00  2.73532270e-02 -1.80949581e+05 -5.80432421e+06 -1.47498640e+05 -4.22273834e+06 -6.33589096e+04 -1.24178237e+06 
 2.98882165e+01 -9.99999794e-01  6.25927115e-06 -1.12291526e+00  3.83967726e-03 -1.69541083e+00  2.38456859e-02 -1.76643996e+00  2.74697190e-02 -1.81461573e+05 -5.81841932e+06 -1.47971969e+05 -4.23439271e+06 -6.35371098e+04 -1.24529383e+06 
 2.99226464e+01 -9.99999793e-01  6.27393888e-06 -1.12335632e+00  3.85501195e-03 -1.69809675e+00  2.39485840e-02 -1.76940924e+00  2.75870362e-02 -1.81977143e+05 -5.83257916e+06 -1.48448616e+05 -4.24610516e+06 -6.37165085e+04 -1.24882304e+06 
 2.99571159e+01 -9.99999793e-01  6.28867235e-06 -1.12379963e+00  3.87045341e-03 -1.70079725e+00  2.40522180e-02 -1.77239467e+00  2.77051868e-02 -1.82496327e+05 -5.84680423e+06 -1.48928611e+05 -4.25787614e+06 -6.38971170e+04 -1.25237013e+06 
 2.99916252e+01 -9.99999792e-01  6.30347211e-06 -1.12424518e+00  3.88600270e-03 -1.70351243e+00  2.41565950e-02 -1.77539638e+00  2.78241789e-02 -1.83019158e+05 -5.86109500e+06 -1.49411987e+05 -4.26970609e+06 -6.40789465e+04 -1.25593525e+06 
 3.00261742e+01 -9.99999791e-01  6.31833871e-06 -1.12469300e+00  3.90166088e-03 -1.70624242e+00  2.42617225e-02 -1.77841451e+00  2.79440210e-02 -1.83545672e+05 -5.87545197e+06 -1.49898777e+05 -4.28159546e+06 -6.42620085e+04 -1.25951854e+06 
 3.00607630e+01 -9.99999791e-01  6.33327252e-06 -1.12514310e+00  3.91742903e-03 -1.70898732e+00  2.43676079e-02 -1.78144916e+00  2.80647214e-02 -1.84075904e+05 -5.88987564e+06 -1.50389014e+05 -4.29354472e+06 -6.44463146e+04 -1.26312013e+06 
 3.00953917e+01 -9.99999790e-01  6.34827418e-06 -1.12559550e+00  3.93330824e-03 -1.71174726e+00  2.44742588e-02 -1.78450048e+00  2.81862887e-02 -1.84609892e+05 -5.90436649e+06 -1.50882732e+05 -4.30555432e+06 -6.46318765e+04 -1.26674016e+06 
 3.01300602e+01 -9.99999790e-01  6.36334408e-06 -1.12605022e+00  3.94929962e-03 -1.71452234e+00  2.45816829e-02 -1.78756859e+00  2.83087315e-02 -1.85147670e+05 -5.91892505e+06 -1.51379965e+05 -4.31762473e+06 -6.48187061e+04 -1.27037878e+06 
 3.01647687e+01 -9.99999789e-01  6.37848282e-06 -1.12650728e+00  3.96540428e-03 -1.71731269e+00  2.46898879e-02 -1.79065363e+00  2.84320586e-02 -1.85689277e+05 -5.93355183e+06 -1.51880746e+05 -4.32975642e+06 -6.50068154e+04 -1.27403613e+06 
 3.01995172e+01 -9.99999789e-01  6.39369085e-06 -1.12696669e+00  3.98162337e-03 -1.72011842e+00  2.47988817e-02 -1.79375571e+00  2.85562788e-02 -1.86234750e+05 -5.94824733e+06 -1.52385111e+05 -4.34194986e+06 -6.51962166e+04 -1.27771236e+06 
 3.02343057e+01 -9.99999788e-01  6.40896877e-06 -1.12742847e+00  3.99795803e-03 -1.72293966e+00  2.49086723e-02 -1.79687499e+00  2.86814011e-02 -1.86784126e+05 -5.96301209e+06 -1.52893094e+05 -4.35420555e+06 -6.53869220e+04 -1.28140762e+06 
 3.02691343e+01 -9.99999788e-01  6.42431701e-06 -1.12789264e+00  4.01440942e-03 -1.72577652e+00  2.50192676e-02 -1.80001158e+00  2.88074346e-02 -1.87337445e+05 -5.97784663e+06 -1.53404732e+05 -4.36652395e+06 -6.55789440e+04 -1.28512206e+06 
 3.03040030e+01 -9.99999787e-01  6.43973618e-06 -1.12835922e+00  4.03097873e-03 -1.72862913e+00  2.51306759e-02 -1.80316564e+00  2.89343886e-02 -1.87894744e+05 -5.99275149e+06 -1.53920060e+05 -4.37890557e+06 -6.57722954e+04 -1.28885582e+06 
 3.03389118e+01 -9.99999787e-01  6.45522681e-06 -1.12882822e+00  4.04766714e-03 -1.73149761e+00  2.52429055e-02 -1.80633729e+00  2.90622722e-02 -1.88456065e+05 -6.00772720e+06 -1.54439116e+05 -4.39135089e+06 -6.59669888e+04 -1.29260906e+06 
 3.03738609e+01 -9.99999786e-01  6.47078946e-06 -1.12929966e+00  4.06447586e-03 -1.73438209e+00  2.53559647e-02 -1.80952667e+00  2.91910950e-02 -1.89021445e+05 -6.02277431e+06 -1.54961936e+05 -4.40386043e+06 -6.61630372e+04 -1.29638193e+06 
 3.04088503e+01 -9.99999785e-01  6.48642452e-06 -1.12977356e+00  4.08140612e-03 -1.73728269e+00  2.54698619e-02 -1.81273393e+00  2.93208666e-02 -1.89590926e+05 -6.03789336e+06 -1.55488557e+05 -4.41643468e+06 -6.63604537e+04 -1.30017459e+06 
 3.04438799e+01 -9.99999785e-01  6.50213281e-06 -1.13024995e+00  4.09845917e-03 -1.74019955e+00  2.55846059e-02 -1.81595921e+00  2.94515966e-02 -1.90164549e+05 -6.05308492e+06 -1.56019018e+05 -4.42907416e+06 -6.65592515e+04 -1.30398719e+06 
 3.04789499e+01 -9.99999784e-01  6.51791470e-06 -1.13072883e+00  4.11563624e-03 -1.74313278e+00  2.57002052e-02 -1.81920264e+00  2.95832948e-02 -1.90742355e+05 -6.06834955e+06 -1.56553356e+05 -4.44177939e+06 -6.67594442e+04 -1.30781990e+06 
 3.05140603e+01 -9.99999784e-01  6.53377083e-06 -1.13121023e+00  4.13293863e-03 -1.74608252e+00  2.58166688e-02 -1.82246439e+00  2.97159713e-02 -1.91324387e+05 -6.08368781e+06 -1.57091612e+05 -4.45455088e+06 -6.69610452e+04 -1.31167287e+06 
 3.05492111e+01 -9.99999783e-01  6.54970182e-06 -1.13169417e+00  4.15036761e-03 -1.74904891e+00  2.59340055e-02 -1.82574458e+00  2.98496360e-02 -1.91910686e+05 -6.09910029e+06 -1.57633824e+05 -4.46738917e+06 -6.71640684e+04 -1.31554627e+06 
 3.05844025e+01 -9.99999782e-01  6.56570813e-06 -1.13218067e+00  4.16792450e-03 -1.75203208e+00  2.60522245e-02 -1.82904337e+00  2.99842991e-02 -1.92501295e+05 -6.11458754e+06 -1.58180033e+05 -4.48029479e+06 -6.73685277e+04 -1.31944025e+06 
 3.06196343e+01 -9.99999782e-01  6.58179044e-06 -1.13266975e+00  4.18561062e-03 -1.75503215e+00  2.61713348e-02 -1.83236091e+00  3.01199711e-02 -1.93096259e+05 -6.13015018e+06 -1.58730278e+05 -4.49326828e+06 -6.75744372e+04 -1.32335500e+06 
 3.06549068e+01 -9.99999781e-01  6.59794927e-06 -1.13316142e+00  4.20342730e-03 -1.75804927e+00  2.62913458e-02 -1.83569735e+00  3.02566624e-02 -1.93695622e+05 -6.14578878e+06 -1.59284601e+05 -4.50631018e+06 -6.77818112e+04 -1.32729066e+06 
 3.06902199e+01 -9.99999781e-01  6.61418534e-06 -1.13365571e+00  4.22137591e-03 -1.76108358e+00  2.64122668e-02 -1.83905285e+00  3.03943835e-02 -1.94299427e+05 -6.16150394e+06 -1.59843043e+05 -4.51942105e+06 -6.79906642e+04 -1.33124742e+06 
 3.07255737e+01 -9.99999780e-01  6.63049917e-06 -1.13415264e+00  4.23945782e-03 -1.76413521e+00  2.65341075e-02 -1.84242755e+00  3.05331453e-02 -1.94907722e+05 -6.17729628e+06 -1.60405647e+05 -4.53260144e+06 -6.82010108e+04 -1.33522544e+06 
 3.07609681e+01 -9.99999779e-01  6.64689139e-06 -1.13465223e+00  4.25767443e-03 -1.76720430e+00  2.66568774e-02 -1.84582162e+00  3.06729586e-02 -1.95520551e+05 -6.19316639e+06 -1.60972455e+05 -4.54585191e+06 -6.84128659e+04 -1.33922490e+06 
 3.07964034e+01 -9.99999779e-01  6.66336257e-06 -1.13515449e+00  4.27602715e-03 -1.77029100e+00  2.67805864e-02 -1.84923520e+00  3.08138345e-02 -1.96137961e+05 -6.20911491e+06 -1.61543510e+05 -4.55917304e+06 -6.86262445e+04 -1.34324597e+06 
 3.08318795e+01 -9.99999778e-01  6.67991333e-06 -1.13565946e+00  4.29451742e-03 -1.77339545e+00  2.69052445e-02 -1.85266847e+00  3.09557842e-02 -1.96759999e+05 -6.22514245e+06 -1.62118856e+05 -4.57256541e+06 -6.88411619e+04 -1.34728883e+06 
 3.08673965e+01 -9.99999778e-01  6.69654440e-06 -1.13616715e+00  4.31314668e-03 -1.77651779e+00  2.70308616e-02 -1.85612158e+00  3.10988189e-02 -1.97386713e+05 -6.24124965e+06 -1.62698537e+05 -4.58602958e+06 -6.90576336e+04 -1.35135365e+06 
 3.09029543e+01 -9.99999777e-01  6.71325643e-06 -1.13667758e+00  4.33191640e-03 -1.77965818e+00  2.71574479e-02 -1.85959469e+00  3.12429503e-02 -1.98018152e+05 -6.25743715e+06 -1.63282598e+05 -4.59956615e+06 -6.92756750e+04 -1.35544062e+06 
 3.09385532e+01 -9.99999776e-01  6.73004990e-06 -1.13719078e+00  4.35082808e-03 -1.78281676e+00  2.72850138e-02 -1.86308798e+00  3.13881898e-02 -1.98654364e+05 -6.27370558e+06 -1.63871085e+05 -4.61317572e+06 -6.94953021e+04 -1.35954992e+06 
 3.09741930e+01 -9.99999776e-01  6.74692558e-06 -1.13770677e+00  4.36988323e-03 -1.78599368e+00  2.74135698e-02 -1.86660160e+00  3.15345494e-02 -1.99295400e+05 -6.29005561e+06 -1.64464043e+05 -4.62685888e+06 -6.97165309e+04 -1.36368173e+06 
 3.10098739e+01 -9.99999775e-01  6.76388419e-06 -1.13822556e+00  4.38908337e-03 -1.78918909e+00  2.75431265e-02 -1.87013572e+00  3.16820410e-02 -1.99941308e+05 -6.30648789e+06 -1.65061520e+05 -4.64061624e+06 -6.99393776e+04 -1.36783625e+06 
 3.10455959e+01 -9.99999774e-01  6.78092630e-06 -1.13874719e+00  4.40843007e-03 -1.79240314e+00  2.76736945e-02 -1.87369052e+00  3.18306767e-02 -2.00592142e+05 -6.32300309e+06 -1.65663562e+05 -4.65444843e+06 -7.01638587e+04 -1.37201365e+06 
 3.10813590e+01 -9.99999774e-01  6.79805260e-06 -1.13927167e+00  4.42792488e-03 -1.79563600e+00  2.78052849e-02 -1.87726617e+00  3.19804688e-02 -2.01247951e+05 -6.33960189e+06 -1.66270219e+05 -4.66835605e+06 -7.03899910e+04 -1.37621413e+06 
 3.11171634e+01 -9.99999773e-01  6.81526376e-06 -1.13979903e+00  4.44756942e-03 -1.79888781e+00  2.79379087e-02 -1.88086284e+00  3.21314297e-02 -2.01908789e+05 -6.35628496e+06 -1.66881537e+05 -4.68233973e+06 -7.06177912e+04 -1.38043789e+06 
 3.11530090e+01 -9.99999772e-01  6.83256053e-06 -1.14032929e+00  4.46736529e-03 -1.80215874e+00  2.80715770e-02 -1.88448070e+00  3.22835721e-02 -2.02574709e+05 -6.37305300e+06 -1.67497567e+05 -4.69640012e+06 -7.08472765e+04 -1.38468511e+06 
 3.11888958e+01 -9.99999772e-01  6.84994359e-06 -1.14086248e+00  4.48731413e-03 -1.80544895e+00  2.82063013e-02 -1.88811995e+00  3.24369088e-02 -2.03245764e+05 -6.38990669e+06 -1.68118359e+05 -4.71053785e+06 -7.10784642e+04 -1.38895600e+06 
 3.12248241e+01 -9.99999771e-01  6.86741350e-06 -1.14139861e+00  4.50741761e-03 -1.80875859e+00  2.83420930e-02 -1.89178074e+00  3.25914527e-02 -2.03922010e+05 -6.40684676e+06 -1.68743963e+05 -4.72475357e+06 -7.13113720e+04 -1.39325075e+06 
 3.12607937e+01 -9.99999770e-01  6.88497124e-06 -1.14193772e+00  4.52767740e-03 -1.81208784e+00  2.84789638e-02 -1.89546327e+00  3.27472169e-02 -2.04603501e+05 -6.42387390e+06 -1.69374430e+05 -4.73904793e+06 -7.15460176e+04 -1.39756956e+06 
 3.12968047e+01 -9.99999770e-01  6.90261737e-06 -1.14247982e+00  4.54809522e-03 -1.81543685e+00  2.86169256e-02 -1.89916773e+00  3.29042149e-02 -2.05290293e+05 -6.44098885e+06 -1.70009813e+05 -4.75342162e+06 -7.17824190e+04 -1.40191265e+06 
 3.13328572e+01 -9.99999769e-01  6.92035263e-06 -1.14302494e+00  4.56867279e-03 -1.81880580e+00  2.87559903e-02 -1.90289429e+00  3.30624601e-02 -2.05982444e+05 -6.45819232e+06 -1.70650163e+05 -4.76787528e+06 -7.20205947e+04 -1.40628021e+06 
 3.13689513e+01 -9.99999768e-01  6.93817776e-06 -1.14357311e+00  4.58941188e-03 -1.82219485e+00  2.88961702e-02 -1.90664315e+00  3.32219662e-02 -2.06680010e+05 -6.47548506e+06 -1.71295536e+05 -4.78240961e+06 -7.22605630e+04 -1.41067245e+06 
 3.14050869e+01 -9.99999768e-01  6.95609350e-06 -1.14412435e+00  4.61031425e-03 -1.82560418e+00  2.90374774e-02 -1.91041449e+00  3.33827472e-02 -2.07383051e+05 -6.49286781e+06 -1.71945984e+05 -4.79702529e+06 -7.25023428e+04 -1.41508959e+06 
 3.14412642e+01 -9.99999767e-01  6.97410059e-06 -1.14467869e+00  4.63138172e-03 -1.82903396e+00  2.91799247e-02 -1.91420851e+00  3.35448170e-02 -2.08091625e+05 -6.51034132e+06 -1.72601562e+05 -4.81172301e+06 -7.27459532e+04 -1.41953184e+06 
 3.14774831e+01 -9.99999766e-01  6.99219993e-06 -1.14523615e+00  4.65261612e-03 -1.83248436e+00  2.93235245e-02 -1.91802540e+00  3.37081901e-02 -2.08805793e+05 -6.52790636e+06 -1.73262327e+05 -4.82650347e+06 -7.29914134e+04 -1.42399941e+06 
 3.15137438e+01 -9.99999765e-01  7.01039210e-06 -1.14579676e+00  4.67401930e-03 -1.83595557e+00  2.94682899e-02 -1.92186536e+00  3.38728808e-02 -2.09525615e+05 -6.54556370e+06 -1.73928335e+05 -4.84136740e+06 -7.32387429e+04 -1.42849253e+06 
 3.15500462e+01 -9.99999765e-01  7.02867794e-06 -1.14636054e+00  4.69559314e-03 -1.83944776e+00  2.96142338e-02 -1.92572860e+00  3.40389040e-02 -2.10251152e+05 -6.56331411e+06 -1.74599642e+05 -4.85631550e+06 -7.34879617e+04 -1.43301140e+06 
 3.15863905e+01 -9.99999764e-01  7.04705826e-06 -1.14692752e+00  4.71733956e-03 -1.84296111e+00  2.97613695e-02 -1.92961530e+00  3.42062744e-02 -2.10982469e+05 -6.58115840e+06 -1.75276308e+05 -4.87134850e+06 -7.37390898e+04 -1.43755626e+06 
 3.16227766e+01 -9.99999763e-01  7.06553396e-06 -1.14749773e+00  4.73926048e-03 -1.84649581e+00  2.99097104e-02 -1.93352567e+00  3.43750072e-02 -2.11719627e+05 -6.59909734e+06 -1.75958390e+05 -4.88646714e+06 -7.39921475e+04 -1.44212734e+06 
 3.16592046e+01 -9.99999763e-01  7.08410568e-06 -1.14807120e+00  4.76135787e-03 -1.85005204e+00  3.00592700e-02 -1.93745993e+00  3.45451177e-02 -2.12462692e+05 -6.61713176e+06 -1.76645949e+05 -4.90167215e+06 -7.42471556e+04 -1.44672485e+06 
 3.16956746e+01 -9.99999762e-01  7.10277430e-06 -1.14864795e+00  4.78363372e-03 -1.85362999e+00  3.02100623e-02 -1.94141827e+00  3.47166214e-02 -2.13211728e+05 -6.63526246e+06 -1.77339045e+05 -4.91696431e+06 -7.45041350e+04 -1.45134904e+06 
 3.17321866e+01 -9.99999761e-01  7.12154070e-06 -1.14922801e+00  4.80609006e-03 -1.85722985e+00  3.03621011e-02 -1.94540092e+00  3.48895342e-02 -2.13966801e+05 -6.65349027e+06 -1.78037739e+05 -4.93234435e+06 -7.47631068e+04 -1.45600013e+06 
 3.17687407e+01 -9.99999760e-01  7.14040561e-06 -1.14981140e+00  4.82872893e-03 -1.86085181e+00  3.05154008e-02 -1.94940808e+00  3.50638720e-02 -2.14727980e+05 -6.67181604e+06 -1.78742093e+05 -4.94781307e+06 -7.50240927e+04 -1.46067836e+06 
 3.18053369e+01 -9.99999760e-01  7.15936994e-06 -1.15039817e+00  4.85155241e-03 -1.86449607e+00  3.06699757e-02 -1.95343996e+00  3.52396511e-02 -2.15495331e+05 -6.69024059e+06 -1.79452172e+05 -4.96337122e+06 -7.52871144e+04 -1.46538397e+06 
 3.18419752e+01 -9.99999759e-01  7.17843460e-06 -1.15098833e+00  4.87456260e-03 -1.86816282e+00  3.08258404e-02 -1.95749680e+00  3.54168878e-02 -2.16268924e+05 -6.70876480e+06 -1.80168038e+05 -4.97901961e+06 -7.55521941e+04 -1.47011721e+06 
 3.18786558e+01 -9.99999758e-01  7.19760038e-06 -1.15158191e+00  4.89776166e-03 -1.87185227e+00  3.09830097e-02 -1.96157880e+00  3.55955989e-02 -2.17048828e+05 -6.72738952e+06 -1.80889756e+05 -4.99475903e+06 -7.58193541e+04 -1.47487831e+06 
 3.19153786e+01 -9.99999757e-01  7.21686814e-06 -1.15217895e+00  4.92115174e-03 -1.87556460e+00  3.11414987e-02 -1.96568619e+00  3.57758014e-02 -2.17835115e+05 -6.74611562e+06 -1.81617393e+05 -5.01059028e+06 -7.60886174e+04 -1.47966753e+06 
 3.19521436e+01 -9.99999756e-01  7.23623884e-06 -1.15277948e+00  4.94473505e-03 -1.87930004e+00  3.13013227e-02 -1.96981921e+00  3.59575123e-02 -2.18627857e+05 -6.76494401e+06 -1.82351015e+05 -5.02651419e+06 -7.63600069e+04 -1.48448512e+06 
 3.19889511e+01 -9.99999756e-01  7.25571323e-06 -1.15338352e+00  4.96851383e-03 -1.88305878e+00  3.14624972e-02 -1.97397807e+00  3.61407493e-02 -2.19427127e+05 -6.78387556e+06 -1.83090690e+05 -5.04253158e+06 -7.66335459e+04 -1.48933132e+06 
 3.20258009e+01 -9.99999755e-01  7.27529243e-06 -1.15399110e+00  4.99249034e-03 -1.88684103e+00  3.16250378e-02 -1.97816301e+00  3.63255298e-02 -2.20232998e+05 -6.80291119e+06 -1.83836486e+05 -5.05864328e+06 -7.69092584e+04 -1.49420640e+06 
 3.20626932e+01 -9.99999754e-01  7.29497719e-06 -1.15460226e+00  5.01666688e-03 -1.89064701e+00  3.17889605e-02 -1.98237426e+00  3.65118719e-02 -2.21045546e+05 -6.82205181e+06 -1.84588475e+05 -5.07485014e+06 -7.71871683e+04 -1.49911062e+06 
 3.20996280e+01 -9.99999753e-01  7.31476854e-06 -1.15521702e+00  5.04104578e-03 -1.89447692e+00  3.19542814e-02 -1.98661206e+00  3.66997939e-02 -2.21864848e+05 -6.84129835e+06 -1.85346725e+05 -5.09115302e+06 -7.74673000e+04 -1.50404424e+06 
 3.21366054e+01 -9.99999752e-01  7.33466737e-06 -1.15583543e+00  5.06562942e-03 -1.89833099e+00  3.21210171e-02 -1.99087666e+00  3.68893141e-02 -2.22690980e+05 -6.86065176e+06 -1.86111309e+05 -5.10755278e+06 -7.77496783e+04 -1.50900752e+06 
 3.21736253e+01 -9.99999751e-01  7.35467466e-06 -1.15645750e+00  5.09042021e-03 -1.90220942e+00  3.22891842e-02 -1.99516828e+00  3.70804514e-02 -2.23524021e+05 -6.88011298e+06 -1.86882300e+05 -5.12405031e+06 -7.80343284e+04 -1.51400074e+06 
 3.22106879e+01 -9.99999751e-01  7.37479127e-06 -1.15708328e+00  5.11542057e-03 -1.90611246e+00  3.24587995e-02 -1.99948719e+00  3.72732248e-02 -2.24364052e+05 -6.89968298e+06 -1.87659772e+05 -5.14064648e+06 -7.83212756e+04 -1.51902417e+06 
 3.22477932e+01 -9.99999750e-01  7.39501832e-06 -1.15771279e+00  5.14063298e-03 -1.91004031e+00  3.26298803e-02 -2.00383363e+00  3.74676536e-02 -2.25211151e+05 -6.91936273e+06 -1.88443799e+05 -5.15734220e+06 -7.86105459e+04 -1.52407808e+06 
 3.22849412e+01 -9.99999749e-01  7.41535678e-06 -1.15834607e+00  5.16605997e-03 -1.91399320e+00  3.28024440e-02 -2.00820785e+00  3.76637574e-02 -2.26065403e+05 -6.93915321e+06 -1.89234458e+05 -5.17413838e+06 -7.89021655e+04 -1.52916275e+06 
 3.23221320e+01 -9.99999748e-01  7.43580756e-06 -1.15898316e+00  5.19170408e-03 -1.91797137e+00  3.29765083e-02 -2.01261010e+00  3.78615562e-02 -2.26926890e+05 -6.95905543e+06 -1.90031826e+05 -5.19103593e+06 -7.91961609e+04 -1.53427847e+06 
 3.23593657e+01 -9.99999747e-01  7.45637169e-06 -1.15962408e+00  5.21756790e-03 -1.92197505e+00  3.31520910e-02 -2.01704065e+00  3.80610701e-02 -2.27795696e+05 -6.97907039e+06 -1.90835982e+05 -5.20803579e+06 -7.94925592e+04 -1.53942552e+06 
 3.23966422e+01 -9.99999746e-01  7.47705019e-06 -1.16026887e+00  5.24365406e-03 -1.92600447e+00  3.33292105e-02 -2.02149975e+00  3.82623196e-02 -2.28671907e+05 -6.99919911e+06 -1.91647004e+05 -5.22513890e+06 -7.97913877e+04 -1.54460419e+06 
 3.24339617e+01 -9.99999745e-01  7.49784425e-06 -1.16091756e+00  5.26996523e-03 -1.93005987e+00  3.35078853e-02 -2.02598767e+00  3.84653256e-02 -2.29555610e+05 -7.01944264e+06 -1.92464974e+05 -5.24234622e+06 -8.00926743e+04 -1.54981478e+06 
 3.24713242e+01 -9.99999745e-01  7.51875473e-06 -1.16157020e+00  5.29650412e-03 -1.93414149e+00  3.36881341e-02 -2.03050468e+00  3.86701092e-02 -2.30446894e+05 -7.03980202e+06 -1.93289974e+05 -5.25965871e+06 -8.03964471e+04 -1.55505758e+06 
 3.25087297e+01 -9.99999744e-01  7.53978276e-06 -1.16222681e+00  5.32327349e-03 -1.93824957e+00  3.38699760e-02 -2.03505104e+00  3.88766919e-02 -2.31345848e+05 -7.06027830e+06 -1.94122087e+05 -5.27707735e+06 -8.07027348e+04 -1.56033289e+06 
 3.25461783e+01 -9.99999743e-01  7.56092936e-06 -1.16288744e+00  5.35027612e-03 -1.94238437e+00  3.40534303e-02 -2.03962705e+00  3.90850954e-02 -2.32252564e+05 -7.08087257e+06 -1.94961396e+05 -5.29460313e+06 -8.10115663e+04 -1.56564101e+06 
 3.25836701e+01 -9.99999742e-01  7.58219574e-06 -1.16355212e+00  5.37751485e-03 -1.94654614e+00  3.42385168e-02 -2.04423296e+00  3.92953420e-02 -2.33167133e+05 -7.10158591e+06 -1.95807989e+05 -5.31223706e+06 -8.13229713e+04 -1.57098227e+06 
 3.26212050e+01 -9.99999741e-01  7.60358284e-06 -1.16422088e+00  5.40499256e-03 -1.95073511e+00  3.44252554e-02 -2.04886906e+00  3.95074540e-02 -2.34089650e+05 -7.12241942e+06 -1.96661951e+05 -5.32998014e+06 -8.16369795e+04 -1.57635695e+06 
 3.26587832e+01 -9.99999740e-01  7.62509194e-06 -1.16489376e+00  5.43271218e-03 -1.95495157e+00  3.46136664e-02 -2.05353564e+00  3.97214542e-02 -2.35020209e+05 -7.14337421e+06 -1.97523372e+05 -5.34783342e+06 -8.19536213e+04 -1.58176539e+06 
 3.26964047e+01 -9.99999739e-01  7.64672404e-06 -1.16557081e+00  5.46067668e-03 -1.95919575e+00  3.48037704e-02 -2.05823299e+00  3.99373659e-02 -2.35958908e+05 -7.16445142e+06 -1.98392341e+05 -5.36579792e+06 -8.22729275e+04 -1.58720790e+06 
 3.27340695e+01 -9.99999738e-01  7.66848041e-06 -1.16625205e+00  5.48888907e-03 -1.96346794e+00  3.49955882e-02 -2.06296140e+00  4.01552126e-02 -2.36905844e+05 -7.18565219e+06 -1.99268949e+05 -5.38387471e+06 -8.25949295e+04 -1.59268481e+06 
 3.27717777e+01 -9.99999737e-01  7.69036211e-06 -1.16693754e+00  5.51735243e-03 -1.96776838e+00  3.51891411e-02 -2.06772115e+00  4.03750181e-02 -2.37861118e+05 -7.20697767e+06 -2.00153289e+05 -5.40206485e+06 -8.29196590e+04 -1.59819644e+06 
 3.28095293e+01 -9.99999736e-01  7.71237029e-06 -1.16762730e+00  5.54606985e-03 -1.97209736e+00  3.53844508e-02 -2.07251257e+00  4.05968067e-02 -2.38824830e+05 -7.22842903e+06 -2.01045453e+05 -5.42036942e+06 -8.32471482e+04 -1.60374313e+06 
 3.28473244e+01 -9.99999735e-01  7.73450620e-06 -1.16832138e+00  5.57504450e-03 -1.97645514e+00  3.55815390e-02 -2.07733594e+00  4.08206031e-02 -2.39797084e+05 -7.25000747e+06 -2.01945539e+05 -5.43878952e+06 -8.35774298e+04 -1.60932521e+06 
 3.28851631e+01 -9.99999734e-01  7.75677103e-06 -1.16901982e+00  5.60427959e-03 -1.98084200e+00  3.57804281e-02 -2.08219157e+00  4.10464323e-02 -2.40777983e+05 -7.27171418e+06 -2.02853643e+05 -5.45732626e+06 -8.39105371e+04 -1.61494302e+06 
 3.29230453e+01 -9.99999733e-01  7.77916597e-06 -1.16972265e+00  5.63377839e-03 -1.98525823e+00  3.59811407e-02 -2.08707978e+00  4.12743197e-02 -2.41767634e+05 -7.29355038e+06 -2.03769862e+05 -5.47598076e+06 -8.42465037e+04 -1.62059691e+06 
 3.29609712e+01 -9.99999732e-01  7.80169228e-06 -1.17042993e+00  5.66354420e-03 -1.98970410e+00  3.61836997e-02 -2.09200088e+00  4.15042913e-02 -2.42766145e+05 -7.31551731e+06 -2.04694297e+05 -5.49475416e+06 -8.45853640e+04 -1.62628723e+06 
 3.29989408e+01 -9.99999731e-01  7.82435126e-06 -1.17114169e+00  5.69358040e-03 -1.99417991e+00  3.63881285e-02 -2.09695519e+00  4.17363731e-02 -2.43773625e+05 -7.33761621e+06 -2.05627050e+05 -5.51364761e+06 -8.49271528e+04 -1.63201433e+06 
 3.30369541e+01 -9.99999730e-01  7.84714405e-06 -1.17185798e+00  5.72389039e-03 -1.99868594e+00  3.65944507e-02 -2.10194303e+00  4.19705919e-02 -2.44790184e+05 -7.35984835e+06 -2.06568224e+05 -5.53266228e+06 -8.52719052e+04 -1.63777857e+06 
 3.30750112e+01 -9.99999729e-01  7.87007207e-06 -1.17257883e+00  5.75447767e-03 -2.00322250e+00  3.68026906e-02 -2.10696474e+00  4.22069748e-02 -2.45815937e+05 -7.38221501e+06 -2.07517922e+05 -5.55179935e+06 -8.56196573e+04 -1.64358031e+06 
 3.31131121e+01 -9.99999728e-01  7.89313657e-06 -1.17330429e+00  5.78534575e-03 -2.00778987e+00  3.70128725e-02 -2.11202064e+00  4.24455493e-02 -2.46850997e+05 -7.40471749e+06 -2.08476252e+05 -5.57106002e+06 -8.59704454e+04 -1.64941993e+06 
 3.31512570e+01 -9.99999727e-01  7.91633886e-06 -1.17403441e+00  5.81649823e-03 -2.01238836e+00  3.72250213e-02 -2.11711106e+00  4.26863434e-02 -2.47895481e+05 -7.42735710e+06 -2.09443321e+05 -5.59044550e+06 -8.63243065e+04 -1.65529779e+06 
 3.31894458e+01 -9.99999726e-01  7.93968013e-06 -1.17476923e+00  5.84793876e-03 -2.01701829e+00  3.74391623e-02 -2.12223636e+00  4.29293855e-02 -2.48949508e+05 -7.45013517e+06 -2.10419240e+05 -5.60995702e+06 -8.66812783e+04 -1.66121427e+06 
 3.32276785e+01 -9.99999725e-01  7.96316198e-06 -1.17550880e+00  5.87967103e-03 -2.02167995e+00  3.76553212e-02 -2.12739687e+00  4.31747045e-02 -2.50013197e+05 -7.47305306e+06 -2.11404120e+05 -5.62959584e+06 -8.70413988e+04 -1.66716976e+06 
 3.32659553e+01 -9.99999724e-01  7.98678565e-06 -1.17625316e+00  5.91169881e-03 -2.02637367e+00  3.78735240e-02 -2.13259295e+00  4.34223298e-02 -2.51086671e+05 -7.49611212e+06 -2.12398074e+05 -5.64936320e+06 -8.74047068e+04 -1.67316464e+06 
 3.33042762e+01 -9.99999723e-01  8.01055251e-06 -1.17700235e+00  5.94402594e-03 -2.03109976e+00  3.80937974e-02 -2.13782495e+00  4.36722911e-02 -2.52170054e+05 -7.51931376e+06 -2.13401217e+05 -5.66926040e+06 -8.77712418e+04 -1.67919931e+06 
 3.33426413e+01 -9.99999722e-01  8.03446403e-06 -1.17775643e+00  5.97665629e-03 -2.03585854e+00  3.83161683e-02 -2.14309322e+00  4.39246188e-02 -2.53263472e+05 -7.54265937e+06 -2.14413667e+05 -5.68928872e+06 -8.81410436e+04 -1.68527416e+06 
 3.33810505e+01 -9.99999721e-01  8.05852153e-06 -1.17851544e+00  6.00959384e-03 -2.04065036e+00  3.85406641e-02 -2.14839814e+00  4.41793437e-02 -2.54367054e+05 -7.56615037e+06 -2.15435542e+05 -5.70944948e+06 -8.85141531e+04 -1.69138959e+06 
 3.34195040e+01 -9.99999720e-01  8.08272654e-06 -1.17927944e+00  6.04284259e-03 -2.04547553e+00  3.87673127e-02 -2.15374007e+00  4.44364972e-02 -2.55480929e+05 -7.58978820e+06 -2.16466964e+05 -5.72974401e+06 -8.88906114e+04 -1.69754603e+06 
 3.34580018e+01 -9.99999718e-01  8.10708053e-06 -1.18004846e+00  6.07640662e-03 -2.05033439e+00  3.89961424e-02 -2.15911938e+00  4.46961111e-02 -2.56605230e+05 -7.61357433e+06 -2.17508054e+05 -5.75017366e+06 -8.92704606e+04 -1.70374387e+06 
 3.34965439e+01 -9.99999717e-01  8.13158493e-06 -1.18082257e+00  6.11029011e-03 -2.05522728e+00  3.92271820e-02 -2.16453646e+00  4.49582178e-02 -2.57740092e+05 -7.63751024e+06 -2.18558938e+05 -5.77073980e+06 -8.96537432e+04 -1.70998355e+06 
 3.35351304e+01 -9.99999716e-01  8.15624122e-06 -1.18160180e+00  6.14449727e-03 -2.06015456e+00  3.94604608e-02 -2.16999169e+00  4.52228502e-02 -2.58885652e+05 -7.66159743e+06 -2.19619743e+05 -5.79144381e+06 -9.00405027e+04 -1.71626548e+06 
 3.35737614e+01 -9.99999715e-01  8.18105110e-06 -1.18238622e+00  6.17903239e-03 -2.06511656e+00  3.96960085e-02 -2.17548545e+00  4.54900418e-02 -2.60042048e+05 -7.68583741e+06 -2.20690598e+05 -5.81228710e+06 -9.04307830e+04 -1.72259010e+06 
 3.36124369e+01 -9.99999714e-01  8.20601588e-06 -1.18317587e+00  6.21389984e-03 -2.07011365e+00  3.99338555e-02 -2.18101814e+00  4.57598266e-02 -2.61209422e+05 -7.71023173e+06 -2.21771634e+05 -5.83327109e+06 -9.08246289e+04 -1.72895784e+06 
 3.36511569e+01 -9.99999713e-01  8.23113720e-06 -1.18397080e+00  6.24910407e-03 -2.07514619e+00  4.01740325e-02 -2.18659016e+00  4.60322392e-02 -2.62387918e+05 -7.73478196e+06 -2.22862984e+05 -5.85439722e+06 -9.12220858e+04 -1.73536915e+06 
 3.36899216e+01 -9.99999711e-01  8.25641666e-06 -1.18477108e+00  6.28464959e-03 -2.08021454e+00  4.04165708e-02 -2.19220192e+00  4.63073149e-02 -2.63577682e+05 -7.75948967e+06 -2.23964784e+05 -5.87566695e+06 -9.16232001e+04 -1.74182448e+06 
 3.37287309e+01 -9.99999710e-01  8.28185591e-06 -1.18557674e+00  6.32054099e-03 -2.08531906e+00  4.06615023e-02 -2.19785382e+00  4.65850893e-02 -2.64778863e+05 -7.78435647e+06 -2.25077172e+05 -5.89708178e+06 -9.20280187e+04 -1.74832428e+06 
 3.37675849e+01 -9.99999709e-01  8.30745654e-06 -1.18638785e+00  6.35678294e-03 -2.09046014e+00  4.09088593e-02 -2.20354629e+00  4.68655989e-02 -2.65991611e+05 -7.80938400e+06 -2.26200288e+05 -5.91864319e+06 -9.24365893e+04 -1.75486902e+06 
 3.38064836e+01 -9.99999708e-01  8.33322019e-06 -1.18720447e+00  6.39338019e-03 -2.09563816e+00  4.11586749e-02 -2.20927974e+00  4.71488807e-02 -2.67216081e+05 -7.83457389e+06 -2.27334274e+05 -5.94035272e+06 -9.28489605e+04 -1.76145916e+06 
 3.38454272e+01 -9.99999707e-01  8.35914852e-06 -1.18802664e+00  6.43033759e-03 -2.10085349e+00  4.14109824e-02 -2.21505460e+00  4.74349724e-02 -2.68452428e+05 -7.85992782e+06 -2.28479276e+05 -5.96221192e+06 -9.32651818e+04 -1.76809518e+06 
 3.38844156e+01 -9.99999705e-01  8.38524329e-06 -1.18885443e+00  6.46766003e-03 -2.10610654e+00  4.16658160e-02 -2.22087132e+00  4.77239122e-02 -2.69700812e+05 -7.88544750e+06 -2.29635440e+05 -5.98422234e+06 -9.36853032e+04 -1.77477755e+06 
 3.39234490e+01 -9.99999704e-01  8.41150614e-06 -1.18968789e+00  6.50535253e-03 -2.11139769e+00  4.19232104e-02 -2.22673032e+00  4.80157392e-02 -2.70961394e+05 -7.91113463e+06 -2.30802917e+05 -6.00638557e+06 -9.41093758e+04 -1.78150678e+06 
 3.39625273e+01 -9.99999703e-01  8.43793890e-06 -1.19052708e+00  6.54342017e-03 -2.11672735e+00  4.21832008e-02 -2.23263205e+00  4.83104930e-02 -2.72234339e+05 -7.93699097e+06 -2.31981859e+05 -6.02870324e+06 -9.45374515e+04 -1.78828334e+06 
 3.40016506e+01 -9.99999701e-01  8.46454327e-06 -1.19137206e+00  6.58186813e-03 -2.12209593e+00  4.24458231e-02 -2.23857697e+00  4.86082138e-02 -2.73519813e+05 -7.96301828e+06 -2.33172421e+05 -6.05117697e+06 -9.49695832e+04 -1.79510775e+06 
 3.40408190e+01 -9.99999700e-01  8.49132118e-06 -1.19222290e+00  6.62070167e-03 -2.12750384e+00  4.27111138e-02 -2.24456553e+00  4.89089428e-02 -2.74817987e+05 -7.98921836e+06 -2.34374762e+05 -6.07380841e+06 -9.54058243e+04 -1.80198052e+06 
 3.40800325e+01 -9.99999699e-01  8.51827411e-06 -1.19307964e+00  6.65992616e-03 -2.13295150e+00  4.29791101e-02 -2.25059821e+00  4.92127216e-02 -2.76129035e+05 -8.01559302e+06 -2.35589041e+05 -6.09659926e+06 -9.58462296e+04 -1.80890215e+06 
 3.41192912e+01 -9.99999698e-01  8.54540434e-06 -1.19394236e+00  6.69954705e-03 -2.13843934e+00  4.32498498e-02 -2.25667547e+00  4.95195928e-02 -2.77453131e+05 -8.04214411e+06 -2.36815422e+05 -6.11955120e+06 -9.62908545e+04 -1.81587318e+06 
 3.41585951e+01 -9.99999696e-01  8.57271345e-06 -1.19481112e+00  6.73956989e-03 -2.14396778e+00  4.35233713e-02 -2.26279779e+00  4.98295996e-02 -2.78790456e+05 -8.06887351e+06 -2.38054070e+05 -6.14266598e+06 -9.67397555e+04 -1.82289413e+06 
 3.41979443e+01 -9.99999695e-01  8.60020344e-06 -1.19568597e+00  6.78000032e-03 -2.14953726e+00  4.37997139e-02 -2.26896566e+00  5.01427859e-02 -2.80141191e+05 -8.09578310e+06 -2.39305156e+05 -6.16594535e+06 -9.71929901e+04 -1.82996554e+06 
 3.42373388e+01 -9.99999693e-01  8.62787630e-06 -1.19656699e+00  6.82084410e-03 -2.15514823e+00  4.40789174e-02 -2.27517956e+00  5.04591967e-02 -2.81505522e+05 -8.12287482e+06 -2.40568851e+05 -6.18939108e+06 -9.76506166e+04 -1.83708796e+06 
 3.42767787e+01 -9.99999692e-01  8.65573378e-06 -1.19745424e+00  6.86210709e-03 -2.16080113e+00  4.43610223e-02 -2.28144001e+00  5.07788773e-02 -2.82883637e+05 -8.15015062e+06 -2.41845331e+05 -6.21300498e+06 -9.81126945e+04 -1.84426195e+06 
 3.43162640e+01 -9.99999691e-01  8.68377805e-06 -1.19834779e+00  6.90379522e-03 -2.16649643e+00  4.46460700e-02 -2.28774751e+00  5.11018744e-02 -2.84275730e+05 -8.17761248e+06 -2.43134772e+05 -6.23678888e+06 -9.85792842e+04 -1.85148806e+06 
 3.43557948e+01 -9.99999689e-01  8.71201104e-06 -1.19924769e+00  6.94591458e-03 -2.17223458e+00  4.49341025e-02 -2.29410257e+00  5.14282350e-02 -2.85681995e+05 -8.20526241e+06 -2.44437358e+05 -6.26074464e+06 -9.90504474e+04 -1.85876687e+06 
 3.43953711e+01 -9.99999688e-01  8.74043485e-06 -1.20015403e+00  6.98847134e-03 -2.17801606e+00  4.52251627e-02 -2.30050571e+00  5.17580072e-02 -2.87102631e+05 -8.23310245e+06 -2.45753271e+05 -6.28487413e+06 -9.95262465e+04 -1.86609895e+06 
 3.44349931e+01 -9.99999686e-01  8.76905148e-06 -1.20106688e+00  7.03147178e-03 -2.18384135e+00  4.55192940e-02 -2.30695746e+00  5.20912401e-02 -2.88537841e+05 -8.26113467e+06 -2.47082701e+05 -6.30917928e+06 -1.00006745e+05 -1.87348490e+06 
 3.44746607e+01 -9.99999685e-01  8.79786307e-06 -1.20198629e+00  7.07492230e-03 -2.18971092e+00  4.58165409e-02 -2.31345837e+00  5.24279834e-02 -2.89987832e+05 -8.28936117e+06 -2.48425838e+05 -6.33366203e+06 -1.00492009e+05 -1.88092531e+06 
 3.45143739e+01 -9.99999684e-01  8.82687175e-06 -1.20291235e+00  7.11882942e-03 -2.19562527e+00  4.61169485e-02 -2.32000897e+00  5.27682879e-02 -2.91452812e+05 -8.31778408e+06 -2.49782877e+05 -6.35832434e+06 -1.00982103e+05 -1.88842078e+06 
 3.45541330e+01 -9.99999682e-01  8.85607966e-06 -1.20384512e+00  7.16319977e-03 -2.20158489e+00  4.64205629e-02 -2.32660982e+00  5.31122052e-02 -2.92932996e+05 -8.34640556e+06 -2.51154016e+05 -6.38316820e+06 -1.01477094e+05 -1.89597193e+06 
 3.45939378e+01 -9.99999681e-01  8.88548902e-06 -1.20478468e+00  7.20804012e-03 -2.20759030e+00  4.67274309e-02 -2.33326148e+00  5.34597881e-02 -2.94428601e+05 -8.37522781e+06 -2.52539457e+05 -6.40819566e+06 -1.01977052e+05 -1.90357938e+06 
 3.46337885e+01 -9.99999679e-01  8.91510211e-06 -1.20573110e+00  7.25335735e-03 -2.21364201e+00  4.70376002e-02 -2.33996453e+00  5.38110901e-02 -2.95939849e+05 -8.40425305e+06 -2.53939406e+05 -6.43340876e+06 -1.02482045e+05 -1.91124376e+06 
 3.46736850e+01 -9.99999678e-01  8.94492103e-06 -1.20668446e+00  7.29915847e-03 -2.21974053e+00  4.73511196e-02 -2.34671953e+00  5.41661657e-02 -2.97466966e+05 -8.43348355e+06 -2.55354072e+05 -6.45880960e+06 -1.02992145e+05 -1.91896572e+06 
 3.47136276e+01 -9.99999676e-01  8.97494823e-06 -1.20764484e+00  7.34545063e-03 -2.22588639e+00  4.76680384e-02 -2.35352708e+00  5.45250707e-02 -2.99010181e+05 -8.46292159e+06 -2.56783668e+05 -6.48440029e+06 -1.03507424e+05 -1.92674591e+06 
 3.47536161e+01 -9.99999674e-01  9.00518603e-06 -1.20861231e+00  7.39224110e-03 -2.23208014e+00  4.79884071e-02 -2.36038778e+00  5.48878616e-02 -3.00569728e+05 -8.49256952e+06 -2.58228410e+05 -6.51018299e+06 -1.04027954e+05 -1.93458498e+06 
 3.47936508e+01 -9.99999673e-01  9.03563671e-06 -1.20958696e+00  7.43953729e-03 -2.23832231e+00  4.83122771e-02 -2.36730222e+00  5.52545961e-02 -3.02145846e+05 -8.52242968e+06 -2.59688521e+05 -6.53615989e+06 -1.04553811e+05 -1.94248361e+06 
 3.48337315e+01 -9.99999671e-01  9.06630271e-06 -1.21056886e+00  7.48734675e-03 -2.24461347e+00  4.86397008e-02 -2.37427103e+00  5.56253331e-02 -3.03738778e+05 -8.55250449e+06 -2.61164225e+05 -6.56233319e+06 -1.05085071e+05 -1.95044248e+06 
 3.48738584e+01 -9.99999670e-01  9.09718648e-06 -1.21155809e+00  7.53567719e-03 -2.25095416e+00  4.89707316e-02 -2.38129482e+00  5.60001324e-02 -3.05348770e+05 -8.58279638e+06 -2.62655751e+05 -6.58870516e+06 -1.05621812e+05 -1.95846229e+06 
 3.49140315e+01 -9.99999668e-01  9.12829040e-06 -1.21255474e+00  7.58453643e-03 -2.25734497e+00  4.93054237e-02 -2.38837424e+00  5.63790551e-02 -3.06976076e+05 -8.61330782e+06 -2.64163334e+05 -6.61527808e+06 -1.06164112e+05 -1.96654373e+06 
 3.49542510e+01 -9.99999666e-01  9.15961721e-06 -1.21355889e+00  7.63393248e-03 -2.26378647e+00  4.96438326e-02 -2.39550991e+00  5.67621634e-02 -3.08620950e+05 -8.64404132e+06 -2.65687211e+05 -6.64205427e+06 -1.06712052e+05 -1.97468752e+06 
 3.49945167e+01 -9.99999665e-01  9.19116923e-06 -1.21457063e+00  7.68387347e-03 -2.27027925e+00  4.99860147e-02 -2.40270251e+00  5.71495206e-02 -3.10283656e+05 -8.67499945e+06 -2.67227626e+05 -6.66903609e+06 -1.07265713e+05 -1.98289438e+06 
 3.50348288e+01 -9.99999663e-01  9.22294913e-06 -1.21559005e+00  7.73436771e-03 -2.27682390e+00  5.03320276e-02 -2.40995268e+00  5.75411914e-02 -3.11964459e+05 -8.70618477e+06 -2.68784824e+05 -6.69622593e+06 -1.07825180e+05 -1.99116505e+06 
 3.50751874e+01 -9.99999661e-01  9.25495959e-06 -1.21661722e+00  7.78542365e-03 -2.28342104e+00  5.06819299e-02 -2.41726111e+00  5.79372415e-02 -3.13663632e+05 -8.73759994e+06 -2.70359058e+05 -6.72362623e+06 -1.08390537e+05 -1.99950027e+06 
 3.51155925e+01 -9.99999660e-01  9.28720328e-06 -1.21765225e+00  7.83704993e-03 -2.29007127e+00  5.10357815e-02 -2.42462848e+00  5.83377382e-02 -3.15381451e+05 -8.76924761e+06 -2.71950585e+05 -6.75123945e+06 -1.08961871e+05 -2.00790081e+06 
 3.51560441e+01 -9.99999658e-01  9.31968276e-06 -1.21869522e+00  7.88925532e-03 -2.29677523e+00  5.13936433e-02 -2.43205548e+00  5.87427497e-02 -3.17118197e+05 -8.80113051e+06 -2.73559666e+05 -6.77906810e+06 -1.09539270e+05 -2.01636743e+06 
 3.51965423e+01 -9.99999656e-01  9.35240104e-06 -1.21974622e+00  7.94204880e-03 -2.30353355e+00  5.17555773e-02 -2.43954281e+00  5.91523460e-02 -3.18874159e+05 -8.83325139e+06 -2.75186568e+05 -6.80711474e+06 -1.10122824e+05 -2.02490092e+06 
 3.52370871e+01 -9.99999654e-01  9.38536073e-06 -1.22080535e+00  7.99543950e-03 -2.31034687e+00  5.21216470e-02 -2.44709120e+00  5.95665980e-02 -3.20649630e+05 -8.86561304e+06 -2.76831563e+05 -6.83538194e+06 -1.10712624e+05 -2.03350208e+06 
 3.52776787e+01 -9.99999653e-01  9.41856473e-06 -1.22187271e+00  8.04943674e-03 -2.31721586e+00  5.24919170e-02 -2.45470137e+00  5.99855784e-02 -3.22444909e+05 -8.89821832e+06 -2.78494928e+05 -6.86387235e+06 -1.11308765e+05 -2.04217170e+06 
 3.53183170e+01 -9.99999651e-01  9.45201595e-06 -1.22294838e+00  8.10405003e-03 -2.32414117e+00  5.28664532e-02 -2.46237407e+00  6.04093609e-02 -3.24260300e+05 -8.93107011e+06 -2.80176946e+05 -6.89258862e+06 -1.11911341e+05 -2.05091062e+06 
 3.53590021e+01 -9.99999649e-01  9.48571727e-06 -1.22403247e+00  8.15928905e-03 -2.33112348e+00  5.32453227e-02 -2.47011004e+00  6.08380211e-02 -3.26096113e+05 -8.96417135e+06 -2.81877903e+05 -6.92153347e+06 -1.12520449e+05 -2.05971966e+06 
 3.53997341e+01 -9.99999647e-01  9.51967172e-06 -1.22512508e+00  8.21516369e-03 -2.33816348e+00  5.36285940e-02 -2.47791005e+00  6.12716359e-02 -3.27952666e+05 -8.99752501e+06 -2.83598095e+05 -6.95070967e+06 -1.13136188e+05 -2.06859967e+06 
 3.54405130e+01 -9.99999645e-01  9.55388231e-06 -1.22622631e+00  8.27168403e-03 -2.34526187e+00  5.40163371e-02 -2.48577487e+00  6.17102836e-02 -3.29830281e+05 -9.03113414e+06 -2.85337821e+05 -6.98012001e+06 -1.13758659e+05 -2.07755152e+06 
 3.54813389e+01 -9.99999643e-01  9.58835221e-06 -1.22733626e+00  8.32886036e-03 -2.35241937e+00  5.44086233e-02 -2.49370530e+00  6.21540443e-02 -3.31729289e+05 -9.06500181e+06 -2.87097386e+05 -7.00976734e+06 -1.14387964e+05 -2.08657607e+06 
 3.55222118e+01 -9.99999641e-01  9.62308445e-06 -1.22845504e+00  8.38670316e-03 -2.35963668e+00  5.48055253e-02 -2.50170213e+00  6.26029997e-02 -3.33650024e+05 -9.09913115e+06 -2.88877102e+05 -7.03965455e+06 -1.15024210e+05 -2.09567423e+06 
 3.55631319e+01 -9.99999639e-01  9.65808221e-06 -1.22958275e+00  8.44522315e-03 -2.36691455e+00  5.52071173e-02 -2.50976618e+00  6.30572329e-02 -3.35592830e+05 -9.13352535e+06 -2.90677286e+05 -7.06978458e+06 -1.15667501e+05 -2.10484688e+06 
 3.56040990e+01 -9.99999637e-01  9.69334872e-06 -1.23071951e+00  8.50443123e-03 -2.37425371e+00  5.56134750e-02 -2.51789828e+00  6.35168289e-02 -3.37558055e+05 -9.16818762e+06 -2.92498263e+05 -7.10016043e+06 -1.16317948e+05 -2.11409495e+06 
 3.56451133e+01 -9.99999635e-01  9.72888733e-06 -1.23186541e+00  8.56433857e-03 -2.38165494e+00  5.60246757e-02 -2.52609926e+00  6.39818745e-02 -3.39546058e+05 -9.20312127e+06 -2.94340363e+05 -7.13078513e+06 -1.16975661e+05 -2.12341937e+06 
 3.56861749e+01 -9.99999633e-01  9.76470136e-06 -1.23302058e+00  8.62495652e-03 -2.38911899e+00  5.64407982e-02 -2.53436999e+00  6.44524580e-02 -3.41557200e+05 -9.23832963e+06 -2.96203924e+05 -7.16166178e+06 -1.17640754e+05 -2.13282110e+06 
 3.57272838e+01 -9.99999631e-01  9.80079420e-06 -1.23418512e+00  8.68629670e-03 -2.39664665e+00  5.68619231e-02 -2.54271133e+00  6.49286698e-02 -3.43591855e+05 -9.27381610e+06 -2.98089290e+05 -7.19279350e+06 -1.18313342e+05 -2.14230109e+06 
 3.57684401e+01 -9.99999629e-01  9.83716927e-06 -1.23535916e+00  8.74837096e-03 -2.40423872e+00  5.72881323e-02 -2.55112417e+00  6.54106020e-02 -3.45650400e+05 -9.30958413e+06 -2.99996812e+05 -7.22418349e+06 -1.18993544e+05 -2.15186033e+06 
 3.58096437e+01 -9.99999627e-01  9.87383009e-06 -1.23654280e+00  8.81119138e-03 -2.41189601e+00  5.77195099e-02 -2.55960941e+00  6.58983487e-02 -3.47733222e+05 -9.34563723e+06 -3.01926849e+05 -7.25583500e+06 -1.19681480e+05 -2.16149981e+06 
 3.58508948e+01 -9.99999625e-01  9.91078025e-06 -1.23773618e+00  8.87477032e-03 -2.41961934e+00  5.81561413e-02 -2.56816796e+00  6.63920059e-02 -3.49840715e+05 -9.38197896e+06 -3.03879766e+05 -7.28775134e+06 -1.20377272e+05 -2.17122055e+06 
 3.58921935e+01 -9.99999623e-01  9.94802349e-06 -1.23893940e+00  8.93912037e-03 -2.42740954e+00  5.85981140e-02 -2.57680075e+00  6.68916715e-02 -3.51973283e+05 -9.41861296e+06 -3.05855938e+05 -7.31993584e+06 -1.21081045e+05 -2.18102358e+06 
 3.59335397e+01 -9.99999621e-01  9.98556328e-06 -1.24015260e+00  9.00425441e-03 -2.43526746e+00  5.90455171e-02 -2.58550873e+00  6.73974457e-02 -3.54131336e+05 -9.45554292e+06 -3.07855745e+05 -7.35239193e+06 -1.21792928e+05 -2.19090995e+06 
 3.59749335e+01 -9.99999619e-01  1.00234035e-05 -1.24137590e+00  9.07018557e-03 -2.44319398e+00  5.94984418e-02 -2.59429285e+00  6.79094306e-02 -3.56315295e+05 -9.49277260e+06 -3.09879576e+05 -7.38512308e+06 -1.22513052e+05 -2.20088073e+06 
 3.60163750e+01 -9.99999616e-01  1.00615480e-05 -1.24260942e+00  9.13692728e-03 -2.45118997e+00  5.99569811e-02 -2.60315410e+00  6.84277307e-02 -3.58525586e+05 -9.53030580e+06 -3.11927829e+05 -7.41813282e+06 -1.23241548e+05 -2.21093699e+06 
 3.60578643e+01 -9.99999614e-01  1.01000006e-05 -1.24385330e+00  9.20449324e-03 -2.45925633e+00  6.04212300e-02 -2.61209346e+00  6.89524524e-02 -3.60762649e+05 -9.56814641e+06 -3.14000910e+05 -7.45142473e+06 -1.23978554e+05 -2.22107984e+06 
 3.60994014e+01 -9.99999612e-01  1.01387652e-05 -1.24510766e+00  9.27289744e-03 -2.46739397e+00  6.08912855e-02 -2.62111196e+00  6.94837046e-02 -3.63026930e+05 -9.60629839e+06 -3.16099232e+05 -7.48500248e+06 -1.24724207e+05 -2.23131041e+06 
 3.61409863e+01 -9.99999610e-01  1.01778459e-05 -1.24637265e+00  9.34215420e-03 -2.47560381e+00  6.13672469e-02 -2.63021062e+00  7.00215985e-02 -3.65318885e+05 -9.64476574e+06 -3.18223219e+05 -7.51886977e+06 -1.25478650e+05 -2.24162983e+06 
 3.61826191e+01 -9.99999607e-01  1.02172468e-05 -1.24764840e+00  9.41227811e-03 -2.48388681e+00  6.18492153e-02 -2.63939048e+00  7.05662476e-02 -3.67638979e+05 -9.68355257e+06 -3.20373303e+05 -7.55303039e+06 -1.26242027e+05 -2.25203927e+06 
 3.62242998e+01 -9.99999605e-01  1.02569721e-05 -1.24893505e+00  9.48328410e-03 -2.49224390e+00  6.23372942e-02 -2.64865262e+00  7.11177680e-02 -3.69987690e+05 -9.72266302e+06 -3.22549925e+05 -7.58748819e+06 -1.27014485e+05 -2.26253992e+06 
 3.62660286e+01 -9.99999603e-01  1.02970259e-05 -1.25023274e+00  9.55518742e-03 -2.50067608e+00  6.28315894e-02 -2.65799811e+00  7.16762782e-02 -3.72365502e+05 -9.76210133e+06 -3.24753536e+05 -7.62224707e+06 -1.27796177e+05 -2.27313296e+06 
 3.63078055e+01 -9.99999600e-01  1.03374126e-05 -1.25154161e+00  9.62800365e-03 -2.50918434e+00  6.33322088e-02 -2.66742807e+00  7.22418994e-02 -3.74772914e+05 -9.80187180e+06 -3.26984597e+05 -7.65731103e+06 -1.28587255e+05 -2.28381963e+06 
 3.63496305e+01 -9.99999598e-01  1.03781365e-05 -1.25286181e+00  9.70174872e-03 -2.51776969e+00  6.38392630e-02 -2.67694360e+00  7.28147554e-02 -3.77210431e+05 -9.84197882e+06 -3.29243578e+05 -7.69268410e+06 -1.29387877e+05 -2.29460117e+06 
 3.63915036e+01 -9.99999595e-01  1.04192022e-05 -1.25419349e+00  9.77643891e-03 -2.52643315e+00  6.43528647e-02 -2.68654587e+00  7.33949727e-02 -3.79678574e+05 -9.88242686e+06 -3.31530961e+05 -7.72837043e+06 -1.30198203e+05 -2.30547885e+06 
 3.64334250e+01 -9.99999593e-01  1.04606141e-05 -1.25553680e+00  9.85209085e-03 -2.53517577e+00  6.48731292e-02 -2.69623602e+00  7.39826806e-02 -3.82177872e+05 -9.92322044e+06 -3.33847236e+05 -7.76437421e+06 -1.31018399e+05 -2.31645396e+06 
 3.64753947e+01 -9.99999590e-01  1.05023769e-05 -1.25689190e+00  9.92872156e-03 -2.54399862e+00  6.54001746e-02 -2.70601524e+00  7.45780112e-02 -3.84708866e+05 -9.96436419e+06 -3.36192905e+05 -7.80069972e+06 -1.31848631e+05 -2.32752781e+06 
 3.65174127e+01 -9.99999588e-01  1.05444953e-05 -1.25825894e+00  1.00063484e-02 -2.55290278e+00  6.59341213e-02 -2.71588474e+00  7.51810999e-02 -3.87272110e+05 -1.00058628e+07 -3.38568483e+05 -7.83735129e+06 -1.32689071e+05 -2.33870174e+06 
 3.65594792e+01 -9.99999585e-01  1.05869740e-05 -1.25963808e+00  1.00849892e-02 -2.56188937e+00  6.64750926e-02 -2.72584575e+00  7.57920847e-02 -3.89868170e+05 -1.00477211e+07 -3.40974494e+05 -7.87433338e+06 -1.33539894e+05 -2.34997711e+06 
 3.66015941e+01 -9.99999582e-01  1.06298181e-05 -1.26102948e+00  1.01646621e-02 -2.57095949e+00  6.70232146e-02 -2.73589951e+00  7.64111069e-02 -3.92497625e+05 -1.00899439e+07 -3.43411474e+05 -7.91165048e+06 -1.34401279e+05 -2.36135531e+06 
 3.66437575e+01 -9.99999580e-01  1.06730323e-05 -1.26243332e+00  1.02453857e-02 -2.58011430e+00  6.75786162e-02 -2.74604730e+00  7.70383111e-02 -3.95161066e+05 -1.01325363e+07 -3.45879972e+05 -7.94930719e+06 -1.35273409e+05 -2.37283775e+06 
 3.66859694e+01 -9.99999577e-01  1.07166219e-05 -1.26384976e+00  1.03271790e-02 -2.58935497e+00  6.81414291e-02 -2.75629040e+00  7.76738451e-02 -3.97859098e+05 -1.01755032e+07 -3.48380548e+05 -7.98730819e+06 -1.36156471e+05 -2.38442586e+06 
 3.67282300e+01 -9.99999574e-01  1.07605918e-05 -1.26527897e+00  1.04100615e-02 -2.59868268e+00  6.87117883e-02 -2.76663015e+00  7.83178599e-02 -4.00592340e+05 -1.02188498e+07 -3.50913777e+05 -8.02565824e+06 -1.37050657e+05 -2.39612111e+06 
 3.67705393e+01 -9.99999572e-01  1.08049475e-05 -1.26672113e+00  1.04940531e-02 -2.60809865e+00  6.92898317e-02 -2.77706789e+00  7.89705102e-02 -4.03361424e+05 -1.02625814e+07 -3.53480245e+05 -8.06436219e+06 -1.37956161e+05 -2.40792498e+06 
 3.68128974e+01 -9.99999569e-01  1.08496941e-05 -1.26817641e+00  1.05791742e-02 -2.61760409e+00  6.98757005e-02 -2.78760497e+00  7.96319543e-02 -4.06166997e+05 -1.03067032e+07 -3.56080552e+05 -8.10342498e+06 -1.38873184e+05 -2.41983901e+06 
 3.68553042e+01 -9.99999566e-01  1.08948372e-05 -1.26964501e+00  1.06654455e-02 -2.62720028e+00  7.04695390e-02 -2.79824281e+00  8.03023540e-02 -4.09009721e+05 -1.03512209e+07 -3.58715311e+05 -8.14285165e+06 -1.39801930e+05 -2.43186473e+06 
 3.68977599e+01 -9.99999563e-01  1.09403823e-05 -1.27112709e+00  1.07528883e-02 -2.63688848e+00  7.10714952e-02 -2.80898281e+00  8.09818749e-02 -4.11890274e+05 -1.03961398e+07 -3.61385152e+05 -8.18264734e+06 -1.40742608e+05 -2.44400372e+06 
 3.69402644e+01 -9.99999560e-01  1.09863352e-05 -1.27262286e+00  1.08415246e-02 -2.64667001e+00  7.16817203e-02 -2.81982644e+00  8.16706865e-02 -4.14809349e+05 -1.04414656e+07 -3.64090715e+05 -8.22281725e+06 -1.41695432e+05 -2.45625759e+06 
 3.69828180e+01 -9.99999557e-01  1.10327014e-05 -1.27413250e+00  1.09313767e-02 -2.65654619e+00  7.23003690e-02 -2.83077515e+00  8.23689625e-02 -4.17767654e+05 -1.04872041e+07 -3.66832659e+05 -8.26336672e+06 -1.42660620e+05 -2.46862797e+06 
 3.70254205e+01 -9.99999554e-01  1.10794868e-05 -1.27565621e+00  1.10224673e-02 -2.66651836e+00  7.29275998e-02 -2.84183045e+00  8.30768802e-02 -4.20765916e+05 -1.05333612e+07 -3.69611657e+05 -8.30430118e+06 -1.43638398e+05 -2.48111652e+06 
 3.70680722e+01 -9.99999551e-01  1.11266975e-05 -1.27719419e+00  1.11148200e-02 -2.67658792e+00  7.35635751e-02 -2.85299388e+00  8.37946217e-02 -4.23804877e+05 -1.05799429e+07 -3.72428397e+05 -8.34562615e+06 -1.44628992e+05 -2.49372496e+06 
 3.71107729e+01 -9.99999548e-01  1.11743396e-05 -1.27874664e+00  1.12084586e-02 -2.68675627e+00  7.42084610e-02 -2.86426700e+00  8.45223729e-02 -4.26885297e+05 -1.06269551e+07 -3.75283584e+05 -8.38734727e+06 -1.45632639e+05 -2.50645500e+06 
 3.71535229e+01 -9.99999545e-01  1.12224193e-05 -1.28031378e+00  1.13034077e-02 -2.69702483e+00  7.48624276e-02 -2.87565139e+00  8.52603246e-02 -4.30007956e+05 -1.06744042e+07 -3.78177941e+05 -8.42947028e+06 -1.46649577e+05 -2.51930842e+06 
 3.71963221e+01 -9.99999542e-01  1.12709429e-05 -1.28189580e+00  1.13996925e-02 -2.70739507e+00  7.55256490e-02 -2.88714868e+00  8.60086720e-02 -4.33173649e+05 -1.07222965e+07 -3.81112206e+05 -8.47200104e+06 -1.47680052e+05 -2.53228701e+06 
 3.72391706e+01 -9.99999539e-01  1.13199167e-05 -1.28349294e+00  1.14973387e-02 -2.71786848e+00  7.61983039e-02 -2.89876053e+00  8.67676149e-02 -4.36383194e+05 -1.07706383e+07 -3.84087135e+05 -8.51494553e+06 -1.48724316e+05 -2.54539261e+06 
 3.72820685e+01 -9.99999535e-01  1.13693475e-05 -1.28510540e+00  1.15963727e-02 -2.72844658e+00  7.68805749e-02 -2.91048861e+00  8.75373582e-02 -4.39637426e+05 -1.08194364e+07 -3.87103505e+05 -8.55830982e+06 -1.49782625e+05 -2.55862709e+06 
 3.73250158e+01 -9.99999532e-01  1.14192420e-05 -1.28673341e+00  1.16968214e-02 -2.73913090e+00  7.75726493e-02 -2.92233466e+00  8.83181118e-02 -4.42937201e+05 -1.08686974e+07 -3.90162108e+05 -8.60210013e+06 -1.50855244e+05 -2.57199236e+06 
 3.73680125e+01 -9.99999529e-01  1.14696069e-05 -1.28837720e+00  1.17987126e-02 -2.74992304e+00  7.82747192e-02 -2.93430041e+00  8.91100905e-02 -4.46283396e+05 -1.09184281e+07 -3.93263757e+05 -8.64632279e+06 -1.51942441e+05 -2.58549035e+06 
 3.74110588e+01 -9.99999525e-01  1.15204493e-05 -1.29003700e+00  1.19020746e-02 -2.76082460e+00  7.89869810e-02 -2.94638767e+00  8.99135146e-02 -4.49676909e+05 -1.09686356e+07 -3.96409287e+05 -8.69098425e+06 -1.53044493e+05 -2.59912306e+06 
 3.74541547e+01 -9.99999522e-01  1.15717763e-05 -1.29171305e+00  1.20069365e-02 -2.77183723e+00  7.97096363e-02 -2.95859825e+00  9.07286099e-02 -4.53118662e+05 -1.10193269e+07 -3.99599549e+05 -8.73609110e+06 -1.54161684e+05 -2.61289251e+06 
 3.74973002e+01 -9.99999518e-01  1.16235950e-05 -1.29340560e+00  1.21133280e-02 -2.78296259e+00  8.04428917e-02 -2.97093401e+00  9.15556078e-02 -4.56609598e+05 -1.10705093e+07 -4.02835420e+05 -8.78165005e+06 -1.55294302e+05 -2.62680076e+06 
 3.75404954e+01 -9.99999515e-01  1.16759131e-05 -1.29511488e+00  1.22212799e-02 -2.79420240e+00  8.11869590e-02 -2.98339686e+00  9.23947455e-02 -4.60150682e+05 -1.11221902e+07 -4.06117795e+05 -8.82766796e+06 -1.56442645e+05 -2.64084991e+06 
 3.75837404e+01 -9.99999511e-01  1.17287379e-05 -1.29684116e+00  1.23308232e-02 -2.80555840e+00  8.19420552e-02 -2.99598872e+00  9.32462660e-02 -4.63742907e+05 -1.11743772e+07 -4.09447593e+05 -8.87415182e+06 -1.57607017e+05 -2.65504213e+06 
 3.76270352e+01 -9.99999508e-01  1.17820773e-05 -1.29858469e+00  1.24419903e-02 -2.81703237e+00  8.27084030e-02 -3.00871159e+00  9.41104188e-02 -4.67387288e+05 -1.12270780e+07 -4.12825755e+05 -8.92110877e+06 -1.58787731e+05 -2.66937958e+06 
 3.76703799e+01 -9.99999504e-01  1.18359391e-05 -1.30034573e+00  1.25548139e-02 -2.82862612e+00  8.34862306e-02 -3.02156746e+00  9.49874595e-02 -4.71084867e+05 -1.12803004e+07 -4.16253248e+05 -8.96854608e+06 -1.59985105e+05 -2.68386452e+06 
 3.77137745e+01 -9.99999500e-01  1.18903313e-05 -1.30212454e+00  1.26693279e-02 -2.84034151e+00  8.42757722e-02 -3.03455840e+00  9.58776503e-02 -4.74836712e+05 -1.13340525e+07 -4.19731062e+05 -9.01647119e+06 -1.61199467e+05 -2.69849923e+06 
 3.77572191e+01 -9.99999496e-01  1.19452620e-05 -1.30392142e+00  1.27855670e-02 -2.85218043e+00  8.50772679e-02 -3.04768652e+00  9.67812602e-02 -4.78643918e+05 -1.13883425e+07 -4.23260212e+05 -9.06489168e+06 -1.62431153e+05 -2.71328604e+06 
 3.78007137e+01 -9.99999492e-01  1.20007398e-05 -1.30573662e+00  1.29035666e-02 -2.86414481e+00  8.58909643e-02 -3.06095394e+00  9.76985651e-02 -4.82507607e+05 -1.14431787e+07 -4.26841740e+05 -9.11381529e+06 -1.63680508e+05 -2.72822732e+06 
 3.78442585e+01 -9.99999489e-01  1.20567731e-05 -1.30757045e+00  1.30233632e-02 -2.87623662e+00  8.67171140e-02 -3.07436288e+00  9.86298481e-02 -4.86428934e+05 -1.14985697e+07 -4.30476714e+05 -9.16324993e+06 -1.64947884e+05 -2.74332551e+06 
 3.78878534e+01 -9.99999485e-01  1.21133706e-05 -1.30942318e+00  1.31449944e-02 -2.88845787e+00  8.75559766e-02 -3.08791555e+00  9.95753998e-02 -4.90409080e+05 -1.15545242e+07 -4.34166229e+05 -9.21320368e+06 -1.66233644e+05 -2.75858308e+06 
 3.79314985e+01 -9.99999481e-01  1.21705414e-05 -1.31129513e+00  1.32684984e-02 -2.90081062e+00  8.84078183e-02 -3.10161425e+00  1.00535518e-01 -4.94449257e+05 -1.16110512e+07 -4.37911411e+05 -9.26368476e+06 -1.67538160e+05 -2.77400256e+06 
 3.79751939e+01 -9.99999476e-01  1.22282943e-05 -1.31318658e+00  1.33939147e-02 -2.91329697e+00  8.92729125e-02 -3.11546130e+00  1.01510509e-01 -4.98550711e+05 -1.16681596e+07 -4.41713414e+05 -9.31470160e+06 -1.68861812e+05 -2.78958655e+06 
 3.80189396e+01 -9.99999472e-01  1.22866388e-05 -1.31509785e+00  1.35212837e-02 -2.92591905e+00  9.01515397e-02 -3.12945909e+00  1.02500688e-01 -5.02714720e+05 -1.17258589e+07 -4.45573422e+05 -9.36626279e+06 -1.70204991e+05 -2.80533768e+06 
 3.80627358e+01 -9.99999468e-01  1.23455843e-05 -1.31702926e+00  1.36506472e-02 -2.93867906e+00  9.10439880e-02 -3.14361004e+00  1.03506375e-01 -5.06942595e+05 -1.17841584e+07 -4.49492652e+05 -9.41837712e+06 -1.71568099e+05 -2.82125865e+06 
 3.81065823e+01 -9.99999464e-01  1.24051405e-05 -1.31898113e+00  1.37820476e-02 -2.95157924e+00  9.19505534e-02 -3.15791664e+00  1.04527904e-01 -5.11235682e+05 -1.18430679e+07 -4.53472351e+05 -9.47105355e+06 -1.72951547e+05 -2.83735222e+06 
 3.81504794e+01 -9.99999459e-01  1.24653174e-05 -1.32095379e+00  1.39155290e-02 -2.96462188e+00  9.28715397e-02 -3.17238144e+00  1.05565613e-01 -5.15595365e+05 -1.19025973e+07 -4.57513801e+05 -9.52430125e+06 -1.74355759e+05 -2.85362120e+06 
 3.81944271e+01 -9.99999455e-01  1.25261250e-05 -1.32294759e+00  1.40511362e-02 -2.97780929e+00  9.38072589e-02 -3.18700702e+00  1.06619852e-01 -5.20023062e+05 -1.19627567e+07 -4.61618319e+05 -9.57812959e+06 -1.75781167e+05 -2.87006847e+06 
 3.82384254e+01 -9.99999450e-01  1.25875737e-05 -1.32496285e+00  1.41889155e-02 -2.99114388e+00  9.47580318e-02 -3.20179603e+00  1.07690981e-01 -5.24520233e+05 -1.20235564e+07 -4.65787256e+05 -9.63254813e+06 -1.77228219e+05 -2.88669697e+06 
 3.82824743e+01 -9.99999446e-01  1.26496741e-05 -1.32699995e+00  1.43289146e-02 -3.00462809e+00  9.57241880e-02 -3.21675119e+00  1.08779368e-01 -5.29088375e+05 -1.20850071e+07 -4.70022002e+05 -9.68756667e+06 -1.78697371e+05 -2.90350970e+06 
 3.83265740e+01 -9.99999441e-01  1.27124370e-05 -1.32905923e+00  1.44711822e-02 -3.01826439e+00  9.67060658e-02 -3.23187527e+00  1.09885392e-01 -5.33729028e+05 -1.21471195e+07 -4.74323983e+05 -9.74319519e+06 -1.80189092e+05 -2.92050975e+06 
 3.83707245e+01 -9.99999437e-01  1.27758734e-05 -1.33114106e+00  1.46157685e-02 -3.03205536e+00  9.77040135e-02 -3.24717109e+00  1.11009442e-01 -5.38443773e+05 -1.22099047e+07 -4.78694666e+05 -9.79944393e+06 -1.81703867e+05 -2.93770024e+06 
 3.84149259e+01 -9.99999432e-01  1.28399946e-05 -1.33324583e+00  1.47627251e-02 -3.04600358e+00  9.87183887e-02 -3.26264155e+00  1.12151919e-01 -5.43234235e+05 -1.22733739e+07 -4.83135557e+05 -9.85632332e+06 -1.83242190e+05 -2.95508438e+06 
 3.84591782e+01 -9.99999427e-01  1.29048120e-05 -1.33537392e+00  1.49121052e-02 -3.06011172e+00  9.97495593e-02 -3.27828961e+00  1.13313235e-01 -5.48102086e+05 -1.23375387e+07 -4.87648204e+05 -9.91384407e+06 -1.84804572e+05 -2.97266548e+06 
 3.85034815e+01 -9.99999422e-01  1.29703379e-05 -1.33752573e+00  1.50639632e-02 -3.07438252e+00  1.00797904e-01 -3.29411831e+00  1.14493813e-01 -5.53049042e+05 -1.24024110e+07 -4.92234202e+05 -9.97201710e+06 -1.86391536e+05 -2.99044687e+06 
 3.85478358e+01 -9.99999417e-01  1.30365838e-05 -1.33970164e+00  1.52183554e-02 -3.08881876e+00  1.01863810e-01 -3.31013073e+00  1.15694088e-01 -5.58076870e+05 -1.24680027e+07 -4.96895185e+05 -1.00308536e+07 -1.88003620e+05 -3.00843199e+06 
 3.85922412e+01 -9.99999412e-01  1.31035624e-05 -1.34190209e+00  1.53753393e-02 -3.10342328e+00  1.02947680e-01 -3.32633004e+00  1.16914508e-01 -5.63187387e+05 -1.25343263e+07 -5.01632839e+05 -1.00903650e+07 -1.89641378e+05 -3.02662436e+06 
 3.86366977e+01 -9.99999407e-01  1.31712864e-05 -1.34412749e+00  1.55349745e-02 -3.11819902e+00  1.04049924e-01 -3.34271948e+00  1.18155534e-01 -5.68382459e+05 -1.26013944e+07 -5.06448895e+05 -1.01505629e+07 -1.91305379e+05 -3.04502758e+06 
 3.86812055e+01 -9.99999401e-01  1.32397682e-05 -1.34637827e+00  1.56973220e-02 -3.13314894e+00  1.05170966e-01 -3.35930238e+00  1.19417639e-01 -5.73664008e+05 -1.26692200e+07 -5.11345133e+05 -1.02114595e+07 -1.92996207e+05 -3.06364531e+06 
 3.87257645e+01 -9.99999396e-01  1.33090218e-05 -1.34865487e+00  1.58624446e-02 -3.14827612e+00  1.06311242e-01 -3.37608211e+00  1.20701312e-01 -5.79034013e+05 -1.27378162e+07 -5.16323388e+05 -1.02730669e+07 -1.94714465e+05 -3.08248133e+06 
 3.87703749e+01 -9.99999390e-01  1.33790602e-05 -1.35095774e+00  1.60304072e-02 -3.16358366e+00  1.07471200e-01 -3.39306217e+00  1.22007054e-01 -5.84494506e+05 -1.28071967e+07 -5.21385544e+05 -1.03353976e+07 -1.96460771e+05 -3.10153948e+06 
 3.88150366e+01 -9.99999385e-01  1.34498974e-05 -1.35328736e+00  1.62012764e-02 -3.17907478e+00  1.08651303e-01 -3.41024610e+00  1.23335382e-01 -5.90047582e+05 -1.28773752e+07 -5.26533543e+05 -1.03984645e+07 -1.98235763e+05 -3.12082371e+06 
 3.88597498e+01 -9.99999379e-01  1.35215478e-05 -1.35564419e+00  1.63751208e-02 -3.19475276e+00  1.09852026e-01 -3.42763753e+00  1.24686828e-01 -5.95695397e+05 -1.29483660e+07 -5.31769383e+05 -1.04622807e+07 -2.00040095e+05 -3.14033806e+06 
 3.89045145e+01 -9.99999374e-01  1.35940257e-05 -1.35802871e+00  1.65520110e-02 -3.21062093e+00  1.11073859e-01 -3.44524021e+00  1.26061941e-01 -6.01440170e+05 -1.30201836e+07 -5.37095122e+05 -1.05268598e+07 -2.01874443e+05 -3.16008665e+06 
 3.89493308e+01 -9.99999368e-01  1.36673461e-05 -1.36044143e+00  1.67320199e-02 -3.22668275e+00  1.12317307e-01 -3.46305794e+00  1.27461284e-01 -6.07284185e+05 -1.30928430e+07 -5.42512877e+05 -1.05922154e+07 -2.03739501e+05 -3.18007373e+06 
 3.89941987e+01 -9.99999362e-01  1.37415242e-05 -1.36288285e+00  1.69152223e-02 -3.24294173e+00  1.13582889e-01 -3.48109463e+00  1.28885439e-01 -6.13229798e+05 -1.31663592e+07 -5.48024831e+05 -1.06583617e+07 -2.05635984e+05 -3.20030362e+06 
 3.90391183e+01 -9.99999356e-01  1.38165756e-05 -1.36535349e+00  1.71016957e-02 -3.25940147e+00  1.14871140e-01 -3.49935430e+00  1.30335005e-01 -6.19279433e+05 -1.32407481e+07 -5.53633232e+05 -1.07253131e+07 -2.07564627e+05 -3.22078076e+06 
 3.90840896e+01 -9.99999350e-01  1.38925163e-05 -1.36785389e+00  1.72915196e-02 -3.27606567e+00  1.16182614e-01 -3.51784103e+00  1.31810600e-01 -6.25435587e+05 -1.33160255e+07 -5.59340394e+05 -1.07930844e+07 -2.09526190e+05 -3.24150971e+06 
 3.91291127e+01 -9.99999343e-01  1.39693628e-05 -1.37038460e+00  1.74847760e-02 -3.29293811e+00  1.17517878e-01 -3.53655903e+00  1.33312859e-01 -6.31700836e+05 -1.33922079e+07 -5.65148705e+05 -1.08616909e+07 -2.11521453e+05 -3.26249512e+06 
 3.91741877e+01 -9.99999337e-01  1.40471319e-05 -1.37294617e+00  1.76815497e-02 -3.31002267e+00  1.18877519e-01 -3.55551261e+00  1.34842439e-01 -6.38077833e+05 -1.34693121e+07 -5.71060624e+05 -1.09311480e+07 -2.13551222e+05 -3.28374178e+06 
 3.92193146e+01 -9.99999330e-01  1.41258405e-05 -1.37553918e+00  1.78819279e-02 -3.32732332e+00  1.20262142e-01 -3.57470619e+00  1.36400017e-01 -6.44569313e+05 -1.35473552e+07 -5.77078687e+05 -1.10014717e+07 -2.15616325e+05 -3.30525457e+06 
 3.92644935e+01 -9.99999324e-01  1.42055067e-05 -1.37816421e+00  1.80860005e-02 -3.34484414e+00  1.21672371e-01 -3.59414428e+00  1.37986289e-01 -6.51178097e+05 -1.36263549e+07 -5.83205509e+05 -1.10726784e+07 -2.17717618e+05 -3.32703852e+06 
 3.93097245e+01 -9.99999317e-01  1.42861484e-05 -1.38082188e+00  1.82938604e-02 -3.36258929e+00  1.23108849e-01 -3.61383153e+00  1.39601975e-01 -6.57907093e+05 -1.37063294e+07 -5.89443785e+05 -1.11447847e+07 -2.19855982e+05 -3.34909877e+06 
 3.93550075e+01 -9.99999310e-01  1.43677840e-05 -1.38351280e+00  1.85056033e-02 -3.38056308e+00  1.24572240e-01 -3.63377270e+00  1.41247818e-01 -6.64759303e+05 -1.37872972e+07 -5.95796297e+05 -1.12178080e+07 -2.22032326e+05 -3.37144060e+06 
 3.94003428e+01 -9.99999303e-01  1.44504327e-05 -1.38623760e+00  1.87213282e-02 -3.39876988e+00  1.26063229e-01 -3.65397267e+00  1.42924585e-01 -6.71737822e+05 -1.38692772e+07 -6.02265915e+05 -1.12917656e+07 -2.24247587e+05 -3.39406941e+06 
 3.94457302e+01 -9.99999296e-01  1.45341141e-05 -1.38899694e+00  1.89411370e-02 -3.41721420e+00  1.27582524e-01 -3.67443643e+00  1.44633064e-01 -6.78845844e+05 -1.39522891e+07 -6.08855599e+05 -1.13666759e+07 -2.26502732e+05 -3.41699076e+06 
 3.94911699e+01 -9.99999289e-01  1.46188480e-05 -1.39179149e+00  1.91651351e-02 -3.43590067e+00  1.29130854e-01 -3.69516913e+00  1.46374074e-01 -6.86086666e+05 -1.40363529e+07 -6.15568405e+05 -1.14425572e+07 -2.28798759e+05 -3.44021034e+06 
 3.95366620e+01 -9.99999282e-01  1.47046552e-05 -1.39462192e+00  1.93934312e-02 -3.45483403e+00  1.30708974e-01 -3.71617604e+00  1.48148456e-01 -6.93463692e+05 -1.41214890e+07 -6.22407488e+05 -1.15194286e+07 -2.31136696e+05 -3.46373400e+06 
 3.95822065e+01 -9.99999274e-01  1.47915565e-05 -1.39748895e+00  1.96261377e-02 -3.47401914e+00  1.32317661e-01 -3.73746255e+00  1.49957082e-01 -7.00980437e+05 -1.42077186e+07 -6.29376106e+05 -1.15973096e+07 -2.33517608e+05 -3.48756772e+06 
 3.96278034e+01 -9.99999266e-01  1.48795740e-05 -1.40039330e+00  1.98633705e-02 -3.49346100e+00  1.33957720e-01 -3.75903423e+00  1.51800850e-01 -7.08640529e+05 -1.42950634e+07 -6.36477623e+05 -1.16762203e+07 -2.35942590e+05 -3.51171767e+06 
 3.96734529e+01 -9.99999259e-01  1.49687293e-05 -1.40333570e+00  2.01052497e-02 -3.51316474e+00  1.35629983e-01 -3.78089676e+00  1.53680690e-01 -7.16447718e+05 -1.43835455e+07 -6.43715514e+05 -1.17561811e+07 -2.38412776e+05 -3.53619015e+06 
 3.97191549e+01 -9.99999251e-01  1.50590457e-05 -1.40631691e+00  2.03518991e-02 -3.53313563e+00  1.37335307e-01 -3.80305600e+00  1.55597562e-01 -7.24405879e+05 -1.44731877e+07 -6.51093370e+05 -1.18372134e+07 -2.40929336e+05 -3.56099165e+06 
 3.97649096e+01 -9.99999242e-01  1.51505465e-05 -1.40933773e+00  2.06034468e-02 -3.55337907e+00  1.39074582e-01 -3.82551795e+00  1.57552457e-01 -7.32519014e+05 -1.45640136e+07 -6.58614901e+05 -1.19193386e+07 -2.43493478e+05 -3.58612885e+06 
 3.98107171e+01 -9.99999234e-01  1.52432556e-05 -1.41239895e+00  2.08600252e-02 -3.57390062e+00  1.40848725e-01 -3.84828878e+00  1.59546404e-01 -7.40791261e+05 -1.46560471e+07 -6.66283944e+05 -1.20025791e+07 -2.46106452e+05 -3.61160856e+06 
 3.98565772e+01 -9.99999226e-01  1.53371979e-05 -1.41550140e+00  2.11217714e-02 -3.59470598e+00  1.42658684e-01 -3.87137484e+00  1.61580461e-01 -7.49226901e+05 -1.47493129e+07 -6.74104464e+05 -1.20869578e+07 -2.48769548e+05 -3.63743784e+06 
 3.99024902e+01 -9.99999217e-01  1.54323986e-05 -1.41864591e+00  2.13888270e-02 -3.61580102e+00  1.44505443e-01 -3.89478263e+00  1.63655728e-01 -7.57830356e+05 -1.48438365e+07 -6.82080562e+05 -1.21724982e+07 -2.51484101e+05 -3.66362388e+06 
 3.99484561e+01 -9.99999208e-01  1.55288841e-05 -1.42183338e+00  2.16613386e-02 -3.63719176e+00  1.46390018e-01 -3.91851885e+00  1.65773339e-01 -7.66606205e+05 -1.49396440e+07 -6.90216481e+05 -1.22592244e+07 -2.54251490e+05 -3.69017413e+06 
 3.99944750e+01 -9.99999199e-01  1.56266810e-05 -1.42506468e+00  2.19394579e-02 -3.65888440e+00  1.48313459e-01 -3.94259038e+00  1.67934471e-01 -7.75559183e+05 -1.50367621e+07 -6.98516609e+05 -1.23471613e+07 -2.57073144e+05 -3.71709619e+06 
 4.00405468e+01 -9.99999190e-01  1.57258171e-05 -1.42834074e+00  2.22233420e-02 -3.68088529e+00  1.50276855e-01 -3.96700429e+00  1.70140339e-01 -7.84694190e+05 -1.51352185e+07 -7.06985489e+05 -1.24363344e+07 -2.59950539e+05 -3.74439793e+06 
 4.00866718e+01 -9.99999181e-01  1.58263204e-05 -1.43166251e+00  2.25131535e-02 -3.70320100e+00  1.52281334e-01 -3.99176786e+00  1.72392203e-01 -7.94016299e+05 -1.52350416e+07 -7.15627822e+05 -1.25267700e+07 -2.62885201e+05 -3.77208739e+06 
 4.01328498e+01 -9.99999171e-01  1.59282204e-05 -1.43503095e+00  2.28090607e-02 -3.72583826e+00  1.54328062e-01 -4.01688856e+00  1.74691367e-01 -8.03530762e+05 -1.53362604e+07 -7.24448477e+05 -1.26184951e+07 -2.65878714e+05 -3.80017287e+06 
 4.01790811e+01 -9.99999162e-01  1.60315469e-05 -1.43844707e+00  2.31112381e-02 -3.74880398e+00  1.56418248e-01 -4.04237408e+00  1.77039182e-01 -8.13243020e+05 -1.54389051e+07 -7.33452494e+05 -1.27115373e+07 -2.68932713e+05 -3.82866291e+06 
 4.02253656e+01 -9.99999152e-01  1.61363308e-05 -1.44191190e+00  2.34198665e-02 -3.77210530e+00  1.58553146e-01 -4.06823236e+00  1.79437049e-01 -8.23158707e+05 -1.55430064e+07 -7.42645098e+05 -1.28059254e+07 -2.72048893e+05 -3.85756627e+06 
 4.02717034e+01 -9.99999142e-01  1.62426040e-05 -1.44542650e+00  2.37351333e-02 -3.79574955e+00  1.60734054e-01 -4.09447152e+00  1.81886418e-01 -8.33283661e+05 -1.56485961e+07 -7.52031698e+05 -1.29016888e+07 -2.75229012e+05 -3.88689199e+06 
 4.03180946e+01 -9.99999131e-01  1.63503993e-05 -1.44899196e+00  2.40572326e-02 -3.81974427e+00  1.62962317e-01 -4.12109996e+00  1.84388793e-01 -8.43623935e+05 -1.57557070e+07 -7.61617905e+05 -1.29988576e+07 -2.78474888e+05 -3.91664937e+06 
 4.03645393e+01 -9.99999121e-01  1.64597499e-05 -1.45260940e+00  2.43863658e-02 -3.84409725e+00  1.65239332e-01 -4.14812631e+00  1.86945733e-01 -8.54185802e+05 -1.58643727e+07 -7.71409531e+05 -1.30974631e+07 -2.81788407e+05 -3.94684797e+06 
 4.04110375e+01 -9.99999110e-01  1.65706909e-05 -1.45627997e+00  2.47227420e-02 -3.86881649e+00  1.67566548e-01 -4.17555946e+00  1.89558858e-01 -8.64975769e+05 -1.59746278e+07 -7.81412608e+05 -1.31975373e+07 -2.85171522e+05 -3.97749765e+06 
 4.04575892e+01 -9.99999099e-01  1.66832579e-05 -1.46000488e+00  2.50665778e-02 -3.89391021e+00  1.69945465e-01 -4.20340857e+00  1.92229844e-01 -8.76000582e+05 -1.60865081e+07 -7.91633390e+05 -1.32991133e+07 -2.88626261e+05 -4.00860856e+06 
 4.05041945e+01 -9.99999088e-01  1.67974874e-05 -1.46378534e+00  2.54180982e-02 -3.91938693e+00  1.72377644e-01 -4.23168306e+00  1.94960434e-01 -8.87267246e+05 -1.62000503e+07 -8.02078365e+05 -1.34022251e+07 -2.92154725e+05 -4.04019116e+06 
 4.05508535e+01 -9.99999076e-01  1.69134175e-05 -1.46762262e+00  2.57775368e-02 -3.94525537e+00  1.74864702e-01 -4.26039266e+00  1.97752437e-01 -8.98783025e+05 -1.63152923e+07 -8.12754269e+05 -1.35069078e+07 -2.95759095e+05 -4.07225621e+06 
 4.05975663e+01 -9.99999064e-01  1.70310876e-05 -1.47151801e+00  2.61451361e-02 -3.97152457e+00  1.77408321e-01 -4.28954738e+00  2.00607728e-01 -9.10555466e+05 -1.64322731e+07 -8.23668093e+05 -1.36131976e+07 -2.99441634e+05 -4.10481481e+06 
 4.06443329e+01 -9.99999052e-01  1.71505374e-05 -1.47547288e+00  2.65211479e-02 -3.99820382e+00  1.80010247e-01 -4.31915755e+00  2.03528259e-01 -9.22592401e+05 -1.65510331e+07 -8.34827099e+05 -1.37211318e+07 -3.03204692e+05 -4.13787842e+06 
 4.06911534e+01 -9.99999040e-01  1.72718086e-05 -1.47948859e+00  2.69058341e-02 -4.02530269e+00  1.82672293e-01 -4.34923380e+00  2.06516056e-01 -9.34901969e+05 -1.66716138e+07 -8.46238829e+05 -1.38307487e+07 -3.07050707e+05 -4.17145884e+06 
 4.07380278e+01 -9.99999027e-01  1.73949441e-05 -1.48356658e+00  2.72994666e-02 -4.05283108e+00  1.85396345e-01 -4.37978714e+00  2.09573224e-01 -9.47492627e+05 -1.67940578e+07 -8.57911118e+05 -1.39420880e+07 -3.10982214e+05 -4.20556822e+06 
 4.07849562e+01 -9.99999015e-01  1.75199878e-05 -1.48770832e+00  2.77023283e-02 -4.08079919e+00  1.88184362e-01 -4.41082887e+00  2.12701953e-01 -9.60373162e+05 -1.69184095e+07 -8.69852112e+05 -1.40551905e+07 -3.15001844e+05 -4.24021913e+06 
 4.08319386e+01 -9.99999001e-01  1.76469857e-05 -1.49191532e+00  2.81147134e-02 -4.10921752e+00  1.91038385e-01 -4.44237068e+00  2.15904520e-01 -9.73552713e+05 -1.70447144e+07 -8.82070280e+05 -1.41700986e+07 -3.19112335e+05 -4.27542453e+06 
 4.08789752e+01 -9.99998988e-01  1.77759846e-05 -1.49618917e+00  2.85369277e-02 -4.13809694e+00  1.93960531e-01 -4.47442465e+00  2.19183291e-01 -9.87040783e+05 -1.71730194e+07 -8.94574429e+05 -1.42868556e+07 -3.23316529e+05 -4.31119777e+06 
 4.09260660e+01 -9.99998974e-01  1.79070329e-05 -1.50053147e+00  2.89692898e-02 -4.16744867e+00  1.96953010e-01 -4.50700322e+00  2.22540733e-01 -1.00084726e+06 -1.73033732e+07 -9.07373721e+05 -1.44055065e+07 -3.27617386e+05 -4.34755266e+06 
 4.09732110e+01 -9.99998960e-01  1.80401807e-05 -1.50494390e+00  2.94121310e-02 -4.19728427e+00  2.00018117e-01 -4.54011924e+00  2.25979409e-01 -1.01498243e+06 -1.74358258e+07 -9.20477692e+05 -1.45260978e+07 -3.32017983e+05 -4.38450344e+06 
 4.10204103e+01 -9.99998946e-01  1.81754804e-05 -1.50942819e+00  2.98657965e-02 -4.22761571e+00  2.03158245e-01 -4.57378601e+00  2.29501992e-01 -1.02945701e+06 -1.75704291e+07 -9.33896268e+05 -1.46486774e+07 -3.36521522e+05 -4.42206485e+06 
 4.10676640e+01 -9.99998931e-01  1.83129847e-05 -1.51398612e+00  3.03306458e-02 -4.25845532e+00  2.06375885e-01 -4.60801723e+00  2.33111262e-01 -1.04428215e+06 -1.77072365e+07 -9.47639787e+05 -1.47732948e+07 -3.41131337e+05 -4.46025207e+06 
 4.11149721e+01 -9.99998916e-01  1.84527493e-05 -1.51861953e+00  3.08070535e-02 -4.28981589e+00  2.09673633e-01 -4.64282710e+00  2.36810119e-01 -1.05946947e+06 -1.78463033e+07 -9.61719017e+05 -1.49000012e+07 -3.45850900e+05 -4.49908083e+06 
 4.11623347e+01 -9.99998900e-01  1.85948312e-05 -1.52333033e+00  3.12954102e-02 -4.32171060e+00  2.13054196e-01 -4.67823026e+00  2.40601584e-01 -1.07503108e+06 -1.79876866e+07 -9.76145179e+05 -1.50288494e+07 -3.50683826e+05 -4.53856737e+06 
 4.12097519e+01 -9.99998884e-01  1.87392894e-05 -1.52812049e+00  3.17961230e-02 -4.35415309e+00  2.16520394e-01 -4.71424187e+00  2.44488808e-01 -1.09097961e+06 -1.81314456e+07 -9.90929972e+05 -1.51598942e+07 -3.55633884e+05 -4.57872848e+06 
 4.12572237e+01 -9.99998868e-01  1.88861854e-05 -1.53299205e+00  3.23096166e-02 -4.38715748e+00  2.20075173e-01 -4.75087761e+00  2.48475076e-01 -1.10732821e+06 -1.82776413e+07 -1.00608559e+06 -1.52931921e+07 -3.60705002e+05 -4.61958152e+06 
 4.13047502e+01 -9.99998851e-01  1.90355821e-05 -1.53794712e+00  3.28363343e-02 -4.42073837e+00  2.23721602e-01 -4.78815369e+00  2.52563818e-01 -1.12409062e+06 -1.84263369e+07 -1.02162477e+06 -1.54288017e+07 -3.65901277e+05 -4.66114447e+06 
 4.13523314e+01 -9.99998834e-01  1.91875449e-05 -1.54298787e+00  3.33767385e-02 -4.45491085e+00  2.27462888e-01 -4.82608688e+00  2.56758612e-01 -1.14128117e+06 -1.85775978e+07 -1.03756078e+06 -1.55667835e+07 -3.71226982e+05 -4.70343591e+06 
 4.13999675e+01 -9.99998816e-01  1.93421414e-05 -1.54811658e+00  3.39313124e-02 -4.48969056e+00  2.31302379e-01 -4.86469457e+00  2.61063196e-01 -1.15891482e+06 -1.87314918e+07 -1.05390749e+06 -1.57072002e+07 -3.76686575e+05 -4.74647510e+06 
 4.14476584e+01 -9.99998798e-01  1.94994420e-05 -1.55333556e+00  3.45005607e-02 -4.52509371e+00  2.35243572e-01 -4.90399473e+00  2.65481472e-01 -1.17700720e+06 -1.88880890e+07 -1.07067937e+06 -1.58501167e+07 -3.82284714e+05 -4.79028195e+06 
 4.14954043e+01 -9.99998779e-01  1.96595192e-05 -1.55864726e+00  3.50850108e-02 -4.56113705e+00  2.39290121e-01 -4.94400599e+00  2.70017521e-01 -1.19557462e+06 -1.90474619e+07 -1.08789156e+06 -1.59956002e+07 -3.88026259e+05 -4.83487712e+06 
 4.15432051e+01 -9.99998760e-01  1.98224482e-05 -1.56405417e+00  3.56852139e-02 -4.59783796e+00  2.43445847e-01 -4.98474766e+00  2.74675607e-01 -1.21463415e+06 -1.92096858e+07 -1.10555986e+06 -1.61437205e+07 -3.93916291e+05 -4.88028197e+06 
 4.15910610e+01 -9.99998741e-01  1.99883069e-05 -1.56955890e+00  3.63017468e-02 -4.63521446e+00  2.47714748e-01 -5.02623974e+00  2.79460190e-01 -1.23420364e+06 -1.93748387e+07 -1.12370081e+06 -1.62945496e+07 -3.99960119e+05 -4.92651868e+06 
 4.16389721e+01 -9.99998721e-01  2.01571763e-05 -1.57516415e+00  3.69352128e-02 -4.67328520e+00  2.52101003e-01 -5.06850296e+00  2.84375937e-01 -1.25430173e+06 -1.95430015e+07 -1.14233169e+06 -1.64481624e+07 -4.06163295e+05 -4.97361021e+06 
 4.16869383e+01 -9.99998700e-01  2.03291402e-05 -1.58087270e+00  3.75862435e-02 -4.71206956e+00  2.56608989e-01 -5.11155883e+00  2.89427732e-01 -1.27494796e+06 -1.97142578e+07 -1.16147060e+06 -1.66046366e+07 -4.12531627e+05 -5.02158040e+06 
 4.17349598e+01 -9.99998679e-01  2.05042854e-05 -1.58668747e+00  3.82555003e-02 -4.75158762e+00  2.61243290e-01 -5.15542968e+00  2.94620690e-01 -1.29616277e+06 -1.98886948e+07 -1.18113648e+06 -1.67640526e+07 -4.19071191e+05 -5.07045395e+06 
 4.17830367e+01 -9.99998657e-01  2.06827024e-05 -1.59261146e+00  3.89436759e-02 -4.79186022e+00  2.66008706e-01 -5.20013864e+00  2.99960168e-01 -1.31796757e+06 -2.00664026e+07 -1.20134918e+06 -1.69264941e+07 -4.25788351e+05 -5.12025653e+06 
 4.18311689e+01 -9.99998635e-01  2.08644846e-05 -1.59864779e+00  3.96514966e-02 -4.83290901e+00  2.70910271e-01 -5.24570975e+00  3.05451781e-01 -1.34038479e+06 -2.02474750e+07 -1.22212948e+06 -1.70920476e+07 -4.32689771e+05 -5.17101474e+06 
 4.18793565e+01 -9.99998612e-01  2.10497295e-05 -1.60479972e+00  4.03797238e-02 -4.87475644e+00  2.75953260e-01 -5.29216799e+00  3.11101419e-01 -1.36343796e+06 -2.04320092e+07 -1.24349918e+06 -1.72608034e+07 -4.39782436e+05 -5.22275624e+06 
 4.19275997e+01 -9.99998588e-01  2.12385382e-05 -1.61107062e+00  4.11291563e-02 -4.91742588e+00  2.81143209e-01 -5.33953927e+00  3.16915256e-01 -1.38715174e+06 -2.06201062e+07 -1.26548113e+06 -1.74328550e+07 -4.47073666e+05 -5.27550975e+06 
 4.19758984e+01 -9.99998563e-01  2.14310156e-05 -1.61746398e+00  4.19006325e-02 -4.96094157e+00  2.86485927e-01 -5.38785055e+00  3.22899774e-01 -1.41155201e+06 -2.08118712e+07 -1.28809930e+06 -1.76082996e+07 -4.54571140e+05 -5.32930512e+06 
 4.20242528e+01 -9.99998538e-01  2.16272711e-05 -1.62398345e+00  4.26950326e-02 -5.00532874e+00  2.91987515e-01 -5.43712983e+00  3.29061780e-01 -1.43666594e+06 -2.10074133e+07 -1.31137888e+06 -1.77872383e+07 -4.62282916e+05 -5.38417337e+06 
 4.20726628e+01 -9.99998512e-01  2.18274178e-05 -1.63063282e+00  4.35132815e-02 -5.05061362e+00  2.97654381e-01 -5.48740627e+00  3.35408422e-01 -1.46252205e+06 -2.12068461e+07 -1.33534630e+06 -1.79697763e+07 -4.70217454e+05 -5.44014677e+06 
 4.21211287e+01 -9.99998486e-01  2.20315741e-05 -1.63741602e+00  4.43563511e-02 -5.09682350e+00  3.03493260e-01 -5.53871015e+00  3.41947215e-01 -1.48915032e+06 -2.14102876e+07 -1.36002934e+06 -1.81560229e+07 -4.78383639e+05 -5.49725888e+06 
 4.21696503e+01 -9.99998458e-01  2.22398630e-05 -1.64433717e+00  4.52252635e-02 -5.14398677e+00  3.09511235e-01 -5.59107305e+00  3.48686060e-01 -1.51658229e+06 -2.16178609e+07 -1.38545720e+06 -1.83460919e+07 -4.86790809e+05 -5.55554465e+06 
 4.22182279e+01 -9.99998430e-01  2.24524126e-05 -1.65140053e+00  4.61210942e-02 -5.19213301e+00  3.15715757e-01 -5.64452779e+00  3.55633269e-01 -1.54485109e+06 -2.18296938e+07 -1.41166060e+06 -1.85401019e+07 -4.95448781e+05 -5.61504044e+06 
 4.22668614e+01 -9.99998401e-01  2.26693559e-05 -1.65861054e+00  4.70449751e-02 -5.24129301e+00  3.22114672e-01 -5.69910859e+00  3.62797592e-01 -1.57399162e+06 -2.20459199e+07 -1.43867186e+06 -1.87381763e+07 -5.04367884e+05 -5.67578414e+06 
 4.23155510e+01 -9.99998371e-01  2.28908320e-05 -1.66597185e+00  4.79980986e-02 -5.29149889e+00  3.28716240e-01 -5.75485112e+00  3.70188245e-01 -1.60404060e+06 -2.22666779e+07 -1.46652504e+06 -1.89404438e+07 -5.13558988e+05 -5.73781523e+06 
 4.23642966e+01 -9.99998340e-01  2.31169860e-05 -1.67348928e+00  4.89817210e-02 -5.34278409e+00  3.35529168e-01 -5.81179252e+00  3.77814938e-01 -1.63503675e+06 -2.24921128e+07 -1.49525597e+06 -1.91470384e+07 -5.23033541e+05 -5.80117485e+06 
 4.24130984e+01 -9.99998308e-01  2.33479685e-05 -1.68116788e+00  4.99971672e-02 -5.39518351e+00  3.42562636e-01 -5.86997157e+00  3.85687909e-01 -1.66702086e+06 -2.27223756e+07 -1.52490247e+06 -1.93581000e+07 -5.32803606e+05 -5.86590592e+06 
 4.24619564e+01 -9.99998275e-01  2.35839374e-05 -1.68901290e+00  5.10458347e-02 -5.44873356e+00  3.49826328e-01 -5.92942871e+00  3.93817959e-01 -1.70003595e+06 -2.29576239e+07 -1.55550439e+06 -1.95737745e+07 -5.42881900e+05 -5.93205322e+06 
 4.25108707e+01 -9.99998241e-01  2.38250572e-05 -1.69702984e+00  5.21291988e-02 -5.50347226e+00  3.57330467e-01 -5.99020616e+00  4.02216488e-01 -1.73412743e+06 -2.31980221e+07 -1.58710381e+06 -1.97942143e+07 -5.53281839e+05 -5.99966349e+06 
 4.25598413e+01 -9.99998206e-01  2.40714994e-05 -1.70522441e+00  5.32488179e-02 -5.55943929e+00  3.65085850e-01 -6.05234799e+00  4.10895539e-01 -1.76934325e+06 -2.34437422e+07 -1.61974516e+06 -2.00195783e+07 -5.64017582e+05 -6.06878552e+06 
 4.26088684e+01 -9.99998169e-01  2.43234440e-05 -1.71360262e+00  5.44063387e-02 -5.61667612e+00  3.73103889e-01 -6.11590029e+00  4.19867835e-01 -1.80573406e+06 -2.36949635e+07 -1.65347536e+06 -2.02500328e+07 -5.75104085e+05 -6.13947031e+06 
 4.26579519e+01 -9.99998132e-01  2.45810780e-05 -1.72217072e+00  5.56035028e-02 -5.67522611e+00  3.81396651e-01 -6.18091120e+00  4.29146834e-01 -1.84335343e+06 -2.39518738e+07 -1.68834404e+06 -2.04857516e+07 -5.86557154e+05 -6.21177116e+06 
 4.27070919e+01 -9.99998093e-01  2.48445983e-05 -1.73093526e+00  5.68421533e-02 -5.73513458e+00  3.89976907e-01 -6.24743107e+00  4.38746773e-01 -1.88225800e+06 -2.42146691e+07 -1.72440369e+06 -2.07269161e+07 -5.98393502e+05 -6.28574380e+06 
 4.27562886e+01 -9.99998052e-01  2.51142096e-05 -1.73990309e+00  5.81242414e-02 -5.79644898e+00  3.98858177e-01 -6.31551259e+00  4.48682731e-01 -1.92250776e+06 -2.44835549e+07 -1.76170989e+06 -2.09737166e+07 -6.10630814e+05 -6.36144655e+06 
 4.28055420e+01 -9.99998011e-01  2.53901272e-05 -1.74908137e+00  5.94518349e-02 -5.85921896e+00  4.08054789e-01 -6.38521092e+00  4.58970679e-01 -1.96416624e+06 -2.47587459e+07 -1.80032149e+06 -2.12263520e+07 -6.23287818e+05 -6.43894044e+06 
 4.28548520e+01 -9.99997968e-01  2.56725757e-05 -1.75847762e+00  6.08271260e-02 -5.92349653e+00  4.17581934e-01 -6.45658383e+00  4.69627554e-01 -2.00730079e+06 -2.50404674e+07 -1.84030089e+06 -2.14850307e+07 -6.36384355e+05 -6.51828942e+06 
 4.29042189e+01 -9.99997923e-01  2.59617918e-05 -1.76809972e+00  6.22524410e-02 -5.98933620e+00  4.27455728e-01 -6.52969187e+00  4.80671325e-01 -2.05198283e+06 -2.53289551e+07 -1.88171427e+06 -2.17499711e+07 -6.49941465e+05 -6.59956048e+06 
 4.29536427e+01 -9.99997877e-01  2.62580220e-05 -1.77795591e+00  6.37302495e-02 -6.05679512e+00  4.37693284e-01 -6.60459851e+00  4.92121069e-01 -2.09828820e+06 -2.56244564e+07 -1.92463189e+06 -2.20214022e+07 -6.63981471e+05 -6.68282385e+06 
 4.30031234e+01 -9.99997829e-01  2.65615263e-05 -1.78805484e+00  6.52631758e-02 -6.12593324e+00  4.48312787e-01 -6.68137034e+00  5.03997056e-01 -2.14629744e+06 -2.59272307e+07 -1.96912836e+06 -2.22995642e+07 -6.78528076e+05 -6.76815322e+06 
 4.30526610e+01 -9.99997779e-01  2.68725764e-05 -1.79840562e+00  6.68540105e-02 -6.19681350e+00  4.59333570e-01 -6.76007726e+00  5.16320838e-01 -2.19609617e+06 -2.62375504e+07 -2.01528302e+06 -2.25847092e+07 -6.93606469e+05 -6.85562593e+06 
 4.31022558e+01 -9.99997727e-01  2.71914589e-05 -1.80901778e+00  6.85057230e-02 -6.26950200e+00  4.70776209e-01 -6.84079271e+00  5.29115349e-01 -2.24777549e+06 -2.65557015e+07 -2.06318025e+06 -2.28771021e+07 -7.09243434e+05 -6.94532320e+06 
 4.31519077e+01 -9.99997674e-01  2.75184743e-05 -1.81990135e+00  7.02214756e-02 -6.34406820e+00  4.82662616e-01 -6.92359382e+00  5.42405013e-01 -2.30143238e+06 -2.68819844e+07 -2.11290991e+06 -2.31770211e+07 -7.25467478e+05 -7.03733039e+06 
 4.32016168e+01 -9.99997618e-01  2.78539385e-05 -1.83106688e+00  7.20046390e-02 -6.42058515e+00  4.95016144e-01 -7.00856173e+00  5.56215859e-01 -2.35717018e+06 -2.72167154e+07 -2.16456774e+06 -2.34847588e+07 -7.42308964e+05 -7.13173724e+06 
 4.32513831e+01 -9.99997560e-01  2.81981841e-05 -1.84252547e+00  7.38588087e-02 -6.49912970e+00  5.07861705e-01 -7.09578181e+00  5.70575652e-01 -2.41509908e+06 -2.75602269e+07 -2.21825582e+06 -2.38006233e+07 -7.59800256e+05 -7.22863817e+06 
 4.33012068e+01 -9.99997500e-01  2.85515607e-05 -1.85428880e+00  7.57878230e-02 -6.57978277e+00  5.21225894e-01 -7.18534394e+00  5.85514030e-01 -2.47533671e+06 -2.79128691e+07 -2.27408312e+06 -2.41249385e+07 -7.77975883e+05 -7.32813258e+06 
 4.33510878e+01 -9.99997437e-01  2.89144382e-05 -1.86636919e+00  7.77957835e-02 -6.66262962e+00  5.35137130e-01 -7.27734280e+00  6.01062664e-01 -2.53800871e+06 -2.82750107e+07 -2.33216604e+06 -2.44580461e+07 -7.96872717e+05 -7.43032521e+06 
 4.34010264e+01 -9.99997372e-01  2.92872046e-05 -1.87877961e+00  7.98870765e-02 -6.74776012e+00  5.49625803e-01 -7.37187821e+00  6.17255420e-01 -2.60324940e+06 -2.86470405e+07 -2.39262903e+06 -2.48003060e+07 -8.16530161e+05 -7.53532644e+06 
 4.34510224e+01 -9.99997304e-01  2.96702706e-05 -1.89153375e+00  8.20663974e-02 -6.83526909e+00  5.64724446e-01 -7.46905550e+00  6.34128551e-01 -2.67120254e+06 -2.90293689e+07 -2.45560526e+06 -2.51520979e+07 -8.36990366e+05 -7.64325271e+06 
 4.35010761e+01 -9.99997233e-01  3.00640686e-05 -1.90464607e+00  8.43387770e-02 -6.92525663e+00  5.80467915e-01 -7.56898583e+00  6.51720896e-01 -2.74202211e+06 -2.94224288e+07 -2.52123738e+06 -2.55138230e+07 -8.58298463e+05 -7.75422696e+06 
 4.35511874e+01 -9.99997159e-01  3.04690566e-05 -1.91813183e+00  8.67096107e-02 -7.01782848e+00  5.96893593e-01 -7.67178665e+00  6.70074106e-01 -2.81587321e+06 -2.98266776e+07 -2.58967832e+06 -2.58859046e+07 -8.80502820e+05 -7.86837903e+06 
 4.36013564e+01 -9.99997082e-01  3.08857179e-05 -1.93200718e+00  8.91846905e-02 -7.11309644e+00  6.14041608e-01 -7.77758214e+00  6.89232894e-01 -2.89293300e+06 -3.02425990e+07 -2.66109223e+06 -2.62687905e+07 -9.03655326e+05 -7.98584619e+06 
 4.36515832e+01 -9.99997002e-01  3.13145642e-05 -1.94628920e+00  9.17702407e-02 -7.21117880e+00  6.31955085e-01 -7.88650368e+00  7.09245305e-01 -2.97339184e+06 -3.06707046e+07 -2.73565545e+06 -2.66629545e+07 -9.27811701e+05 -8.10677367e+06 
 4.37018679e+01 -9.99996918e-01  3.17561373e-05 -1.96099597e+00  9.44729569e-02 -7.31220080e+00  6.50680414e-01 -7.99869035e+00  7.30163023e-01 -3.05745444e+06 -3.11115361e+07 -2.81355759e+06 -2.70688981e+07 -9.53031845e+05 -8.23131520e+06 
 4.37522105e+01 -9.99996830e-01  3.22110111e-05 -1.97614666e+00  9.73000494e-02 -7.41629515e+00  6.70267552e-01 -8.11428956e+00  7.52041699e-01 -3.14534116e+06 -3.15656675e+07 -2.89500283e+06 -2.74871527e+07 -9.79380217e+05 -8.35963369e+06 
 4.38026111e+01 -9.99996738e-01  3.26797945e-05 -1.99176159e+00  1.00259292e-01 -7.52360260e+00  6.90770353e-01 -8.23345764e+00  7.74941330e-01 -3.23728953e+06 -3.20337076e+07 -2.98021118e+06 -2.79182821e+07 -1.00692626e+06 -8.49190190e+06 
 4.38530698e+01 -9.99996641e-01  3.31631336e-05 -2.00786233e+00  1.03359074e-01 -7.63427255e+00  7.12246946e-01 -8.35636050e+00  7.98926665e-01 -3.33355584e+06 -3.25163024e+07 -3.06942006e+06 -2.83628844e+07 -1.03574488e+06 -8.62830315e+06 
 4.39035866e+01 -9.99996541e-01  3.36617145e-05 -2.02447180e+00  1.06608461e-01 -7.74846370e+00  7.34760140e-01 -8.48317440e+00  8.24067667e-01 -3.43441692e+06 -3.30141383e+07 -3.16288592e+06 -2.88215951e+07 -1.06591694e+06 -8.76903218e+06 
 4.39541615e+01 -9.99996435e-01  3.41762673e-05 -2.04161435e+00  1.10017261e-01 -7.86634479e+00  7.58377885e-01 -8.61408675e+00  8.50440022e-01 -3.54017221e+06 -3.35279450e+07 -3.26088613e+06 -2.92950898e+07 -1.09752988e+06 -8.91429602e+06 
 4.40047948e+01 -9.99996324e-01  3.47075679e-05 -2.05931593e+00  1.13596098e-01 -7.98809539e+00  7.83173786e-01 -8.74929698e+00  8.78125711e-01 -3.65114595e+06 -3.40584990e+07 -3.36372107e+06 -2.97840874e+07 -1.13067834e+06 -9.06431497e+06 
 4.40554864e+01 -9.99996207e-01  3.52564439e-05 -2.07760415e+00  1.17356495e-01 -8.11390678e+00  8.09227676e-01 -8.88901753e+00  9.07213646e-01 -3.76768973e+06 -3.46066274e+07 -3.47171642e+06 -3.02893537e+07 -1.16546490e+06 -9.21932366e+06 
 4.41062363e+01 -9.99996085e-01  3.58237771e-05 -2.09650845e+00  1.21310966e-01 -8.24398291e+00  8.36626252e-01 -9.03347490e+00  9.37800384e-01 -3.89018527e+06 -3.51732119e+07 -3.58522576e+06 -3.08117052e+07 -1.20200089e+06 -9.37957222e+06 
 4.41570447e+01 -9.99995956e-01  3.64105083e-05 -2.11606028e+00  1.25473120e-01 -8.37854143e+00  8.65463802e-01 -9.18291082e+00  9.69990928e-01 -4.01904757e+06 -3.57591938e+07 -3.70463353e+06 -3.13520132e+07 -1.24040728e+06 -9.54532756e+06 
 4.42079117e+01 -9.99995820e-01  3.70176429e-05 -2.13629320e+00  1.29857779e-01 -8.51781489e+00  8.95843010e-01 -9.33758353e+00  1.00389962e+00 -4.15472847e+06 -3.63655782e+07 -3.83035827e+06 -3.19112085e+07 -1.28081574e+06 -9.71687479e+06 
 4.42588372e+01 -9.99995677e-01  3.76462558e-05 -2.15724311e+00  1.34481108e-01 -8.66205194e+00  9.27875863e-01 -9.49776921e+00  1.03965118e+00 -4.29772062e+06 -3.69934402e+07 -3.96285632e+06 -3.24902864e+07 -1.32336975e+06 -9.89451878e+06 
 4.43098214e+01 -9.99995526e-01  3.82974979e-05 -2.17894847e+00  1.39360763e-01 -8.81151881e+00  9.61684685e-01 -9.66376349e+00  1.07738180e+00 -4.44856196e+06 -3.76439305e+07 -4.10262599e+06 -3.30903124e+07 -1.36822593e+06 -1.00785858e+07 
 4.43608644e+01 -9.99995367e-01  3.89726026e-05 -2.20145046e+00  1.44516059e-01 -8.96650083e+00  9.97403297e-01 -9.83588324e+00  1.11724048e+00 -4.60784083e+06 -3.83182826e+07 -4.25021224e+06 -3.37124283e+07 -1.41555551e+06 -1.02694256e+07 
 4.44119661e+01 -9.99995199e-01  3.96728933e-05 -2.22479329e+00  1.49968163e-01 -9.12730410e+00  1.03517833e+00 -1.00144684e+01  1.15939049e+00 -4.77620173e+06 -3.90178194e+07 -4.40621206e+06 -3.43578593e+07 -1.46554594e+06 -1.04674133e+07 
 4.44631267e+01 -9.99995021e-01  4.03997906e-05 -2.24902444e+00  1.55740306e-01 -9.29425746e+00  1.07517072e+00 -1.01998842e+01  1.20401101e+00 -4.95435182e+06 -3.97439623e+07 -4.57128047e+06 -3.50279212e+07 -1.51840286e+06 -1.06729516e+07 
 4.45143463e+01 -9.99994832e-01  4.11548231e-05 -2.27419498e+00  1.61858028e-01 -9.46771455e+00  1.11755742e+00 -1.03925233e+01  1.25129904e+00 -5.14306838e+06 -4.04982394e+07 -4.74613745e+06 -3.57240289e+07 -1.57435216e+06 -1.08864738e+07 
 4.45656248e+01 -9.99994632e-01  4.19396363e-05 -2.30035987e+00  1.68349463e-01 -9.64805614e+00  1.16253332e+00 -1.05928086e+01  1.30147154e+00 -5.34320729e+06 -4.12822962e+07 -4.93157578e+06 -3.64477059e+07 -1.63364249e+06 -1.11084463e+07 
 4.46169625e+01 -9.99994419e-01  4.27560037e-05 -2.32757841e+00  1.75245656e-01 -9.83569277e+00  1.21031350e+00 -1.08011959e+01  1.35476793e+00 -5.55571275e+06 -4.20979066e+07 -5.12847001e+06 -3.72005946e+07 -1.69654803e+06 -1.13393716e+07 
 4.46683592e+01 -9.99994193e-01  4.36058401e-05 -2.35591458e+00  1.82580930e-01 -1.00310676e+01  1.26113574e+00 -1.10181774e+01  1.41145290e+00 -5.78162837e+06 -4.29469854e+07 -5.33778680e+06 -3.79844677e+07 -1.76337169e+06 -1.15797922e+07 
 4.47198152e+01 -9.99993953e-01  4.44912157e-05 -2.38543755e+00  1.90393311e-01 -1.02346597e+01  1.31526347e+00 -1.12442850e+01  1.47181968e+00 -6.02210996e+06 -4.38316019e+07 -5.56059670e+06 -3.88012414e+07 -1.83444880e+06 -1.18302945e+07 
 4.47713304e+01 -9.99993697e-01  4.54143694e-05 -2.41622218e+00  1.98725012e-01 -1.04469874e+01  1.37298912e+00 -1.14800945e+01  1.53619376e+00 -6.27844025e+06 -4.47539961e+07 -5.79808783e+06 -3.96529893e+07 -1.91015135e+06 -1.20915128e+07 
 4.48229050e+01 -9.99993423e-01  4.63777292e-05 -2.44834963e+00  2.07622999e-01 -1.06686129e+01  1.43463806e+00 -1.17262299e+01  1.60493725e+00 -6.55204593e+06 -4.57165954e+07 -6.05158163e+06 -4.05419591e+07 -1.99089288e+06 -1.23641347e+07 
 4.48745390e+01 -9.99993130e-01  4.73839298e-05 -2.48190799e+00  2.17139641e-01 -1.09001462e+01  1.50057307e+00 -1.19833687e+01  1.67845394e+00 -6.84451734e+06 -4.67220345e+07 -6.32255110e+06 -4.14705900e+07 -2.07713418e+06 -1.26489062e+07 
 4.49262325e+01 -9.99992817e-01  4.84358347e-05 -2.51699300e+00  2.27333470e-01 -1.11422505e+01  1.57119962e+00 -1.22522472e+01  1.75719506e+00 -7.15763146e+06 -4.77731774e+07 -6.61264209e+06 -4.24415337e+07 -2.16938987e+06 -1.29466381e+07 
 4.49779855e+01 -9.99992482e-01  4.95365623e-05 -2.55370893e+00  2.38270063e-01 -1.13956476e+01  1.64697201e+00 -1.25336671e+01  1.84166619e+00 -7.49337855e+06 -4.88731415e+07 -6.92369802e+06 -4.34576764e+07 -2.26823608e+06 -1.32582129e+07 
 4.50297981e+01 -9.99992121e-01  5.06895101e-05 -2.59216943e+00  2.50023082e-01 -1.16611249e+01  1.72840053e+00 -1.28285024e+01  1.93243515e+00 -7.85399356e+06 -5.00253255e+07 -7.25778888e+06 -4.45221649e+07 -2.37431947e+06 -1.35845923e+07 
 4.50816705e+01 -9.99991733e-01  5.18983902e-05 -2.63249865e+00  2.62675489e-01 -1.19395421e+01  1.81605987e+00 -1.31377078e+01  2.03014144e+00 -8.24199276e+06 -5.12334408e+07 -7.61724522e+06 -4.56384352e+07 -2.48836776e+06 -1.39268265e+07 
 4.51336025e+01 -9.99991315e-01  5.31672617e-05 -2.67483238e+00  2.76320976e-01 -1.22318396e+01  1.91059908e+00 -1.34623273e+01  2.13550724e+00 -8.66021704e+06 -5.25015463e+07 -8.00469824e+06 -4.68102452e+07 -2.61120219e+06 -1.42860637e+07 
 4.51855944e+01 -9.99990863e-01  5.45005701e-05 -2.71931939e+00  2.91065661e-01 -1.25390476e+01  2.01275328e+00 -1.38035049e+01  2.24935046e+00 -9.11188309e+06 -5.38340881e+07 -8.42312716e+06 -4.80417116e+07 -2.74375217e+06 -1.46635613e+07 
 4.52376462e+01 -9.99990374e-01  5.59031942e-05 -2.76612293e+00  3.07030104e-01 -1.28622969e+01  2.12335759e+00 -1.41624959e+01  2.37260028e+00 -9.60064412e+06 -5.52359450e+07 -8.87591547e+06 -4.93373509e+07 -2.88707276e+06 -1.50606987e+07 
 4.52897580e+01 -9.99989844e-01  5.73804955e-05 -2.81542246e+00  3.24351700e-01 -1.32028302e+01  2.24336380e+00 -1.45406800e+01  2.50631555e+00 -1.01306622e+07 -5.67124784e+07 -9.36691792e+06 -5.07021272e+07 -3.04236541e+06 -1.54789914e+07 
 4.53419298e+01 -9.99989268e-01  5.89383767e-05 -2.86741557e+00  3.43187550e-01 -1.35620158e+01  2.37386017e+00 -1.49395764e+01  2.65170696e+00 -1.07066949e+07 -5.82695903e+07 -9.90054074e+06 -5.21415046e+07 -3.21100279e+06 -1.59201072e+07 
 4.53941617e+01 -9.99988641e-01  6.05833447e-05 -2.92232016e+00  3.63717918e-01 -1.39413629e+01  2.51609541e+00 -1.53608603e+01  2.81016357e+00 -1.13341993e+07 -5.99137882e+07 -1.04818380e+07 -5.36615078e+07 -3.39455865e+06 -1.63858842e+07 
 4.54464537e+01 -9.99987956e-01  6.23225856e-05 -2.98037691e+00  3.86150387e-01 -1.43425383e+01  2.67150747e+00 -1.58063821e+01  2.98328494e+00 -1.20194576e+07 -6.16522583e+07 -1.11166279e+07 -5.52687899e+07 -3.59484381e+06 -1.68783516e+07 
 4.54988060e+01 -9.99987205e-01  6.41640472e-05 -3.04185209e+00  4.10724923e-01 -1.47673859e+01  2.84175861e+00 -1.62781887e+01  3.17291998e+00 -1.27697295e+07 -6.34929484e+07 -1.18116339e+07 -5.69707093e+07 -3.81394982e+06 -1.73997529e+07 
 4.55512186e+01 -9.99986382e-01  6.61165323e-05 -3.10704069e+00  4.37720031e-01 -1.52179487e+01  3.02877803e+00 -1.67785478e+01  3.38121447e+00 -1.35934380e+07 -6.54446612e+07 -1.25746567e+07 -5.87754152e+07 -4.05430210e+06 -1.79525716e+07 
 4.56036916e+01 -9.99985475e-01  6.81898032e-05 -3.17626994e+00  4.67460304e-01 -1.56964927e+01  3.23481417e+00 -1.73099747e+01  3.61066910e+00 -1.45003964e+07 -6.75171585e+07 -1.34147845e+07 -6.06919452e+07 -4.31872506e+06 -1.85395603e+07 
 4.56562250e+01 -9.99984473e-01  7.03946962e-05 -3.24990325e+00  5.00325717e-01 -1.62055346e+01  3.46249910e+00 -1.78752626e+01  3.86421111e+00 -1.55020885e+07 -6.97212770e+07 -1.43426526e+07 -6.27303319e+07 -4.61052216e+06 -1.91637734e+07 
 4.57088190e+01 -9.99983363e-01  7.27432503e-05 -3.32834451e+00  5.36763142e-01 -1.67478716e+01  3.71492825e+00 -1.84775159e+01  4.14528284e+00 -1.66120152e+07 -7.20690566e+07 -1.53707641e+07 -6.49017212e+07 -4.93357507e+06 -1.98286018e+07 
 4.57614735e+01 -9.99982129e-01  7.52488481e-05 -3.41204285e+00  5.77300677e-01 -1.73266139e+01  3.99575965e+00 -1.91201861e+01  4.45795210e+00 -1.78461257e+07 -7.45738784e+07 -1.65138895e+07 -6.72185010e+07 -5.29246692e+06 -2.05378117e+07 
 4.58141887e+01 -9.99980752e-01  7.79263573e-05 -3.50149760e+00  6.22565595e-01 -1.79452192e+01  4.30933829e+00 -1.98071102e+01  4.80705034e+00 -1.92233576e+07 -7.72506114e+07 -1.77895665e+07 -6.96944364e+07 -5.69263661e+06 -2.12955846e+07 
 4.58669646e+01 -9.99979209e-01  8.07922852e-05 -3.59726341e+00  6.73306953e-01 -1.86075287e+01  4.66085270e+00 -2.05425503e+01  5.19834667e+00 -2.07663169e+07 -8.01157621e+07 -1.92187298e+07 -7.23448080e+07 -6.14057299e+06 -2.21065576e+07 
 4.59198013e+01 -9.99977473e-01  8.38649180e-05 -3.69995523e+00  7.30424249e-01 -1.93178005e+01  5.05653342e+00 -2.13312304e+01  5.63876840e+00 -2.25021393e+07 -8.31876162e+07 -2.08265089e+07 -7.51865433e+07 -6.64406073e+06 -2.29758617e+07 
 4.59726989e+01 -9.99975511e-01  8.71644365e-05 -3.81025237e+00  7.95003951e-01 -2.00807390e+01  5.50390602e+00 -2.21783689e+01  6.13668222e+00 -2.44635884e+07 -8.64863563e+07 -2.26432448e+07 -7.82383251e+07 -7.21249346e+06 -2.39091520e+07 
 4.60256574e+01 -9.99973284e-01  9.07129843e-05 -3.92890098e+00  8.68366344e-01 -2.09015108e+01  6.01211559e+00 -2.30896963e+01  6.70225471e+00 -2.66904629e+07 -9.00341241e+07 -2.47057926e+07 -8.15206492e+07 -7.85727491e+06 -2.49126213e+07 
 4.60786769e+01 -9.99970744e-01  9.45346201e-05 -4.05671304e+00  9.52125963e-01 -2.17857385e+01  6.59234525e+00 -2.40714469e+01  7.34791740e+00 -2.92314110e+07 -9.38549798e+07 -2.70592024e+07 -8.50557867e+07 -8.59233584e+06 -2.59929834e+07 
 4.61317575e+01 -9.99967829e-01  9.86550963e-05 -4.19455939e+00  1.04826995e+00 -2.27394518e+01  7.25835893e+00 -2.51303050e+01  8.08896970e+00 -3.21462825e+07 -9.79746756e+07 -2.97588966e+07 -8.88675732e+07 -9.43480342e+06 -2.71574013e+07 
 4.61848992e+01 -9.99964466e-01  1.03101313e-04 -4.34335223e+00  1.15926014e+00 -2.37689667e+01  8.02720831e+00 -2.62732690e+01  8.94436424e+00 -3.55091904e+07 -1.02420111e+08 -3.28735050e+07 -9.29809048e+07 -1.04058720e+07 -2.84133237e+07 
 4.62381021e+01 -9.99960562e-01  1.07900234e-04 -4.50400997e+00  1.28816645e+00 -2.48806417e+01  8.92015674e+00 -2.75073797e+01  9.93773320e+00 -3.94125102e+07 -1.07218250e+08 -3.64885673e+07 -9.74207341e+07 -1.15319395e+07 -2.97681645e+07 
 4.62913664e+01 -9.99956003e-01  1.13076909e-04 -4.67739251e+00  1.43884144e+00 -2.60804291e+01  9.96388830e+00 -2.88392210e+01  1.10987311e+01 -4.39721092e+07 -1.12394142e+08 -4.07113756e+07 -1.02210237e+08 -1.28460914e+07 -3.12287236e+07 
 4.63446920e+01 -9.99950641e-01  1.18651007e-04 -4.86418740e+00  1.61614830e+00 -2.73730870e+01  1.11920865e+01 -3.02740416e+01  1.24647880e+01 -4.93341691e+07 -1.17967458e+08 -4.56772909e+07 -1.07367605e+08 -1.43900347e+07 -3.28001805e+07 
 4.63980790e+01 -9.99944291e-01  1.24630905e-04 -5.06471478e+00  1.82625622e+00 -2.87608274e+01  1.26474802e+01 -3.18142516e+01  1.40833809e+01 -5.56840176e+07 -1.23946573e+08 -5.15579198e+07 -1.12900563e+08 -1.62165970e+07 -3.44843822e+07 
 4.64515275e+01 -9.99936718e-01  1.31003724e-04 -5.27859832e+00  2.07701661e+00 -3.02410371e+01  1.43844487e+01 -3.34568868e+01  1.60149264e+01 -6.32573611e+07 -1.30318608e+08 -5.85715141e+07 -1.18797148e+08 -1.83928977e+07 -3.62769741e+07 
 4.65050376e+01 -9.99927621e-01  1.37718743e-04 -5.50421590e+00  2.37842579e+00 -3.18024728e+01  1.64722264e+01 -3.51893779e+01  1.83363358e+01 -7.23540676e+07 -1.37032844e+08 -6.69957300e+07 -1.25010348e+08 -2.10042272e+07 -3.81626329e+07 
 4.65586094e+01 -9.99916621e-01  1.44660012e-04 -5.73779119e+00  2.74315393e+00 -3.34189684e+01  1.89985650e+01 -3.69825543e+01  2.11450784e+01 -8.33538701e+07 -1.43973331e+08 -7.71821652e+07 -1.31432739e+08 -2.41584410e+07 -4.01072178e+07 
 4.66122428e+01 -9.99903244e-01  1.51601661e-04 -5.97190885e+00  3.18705375e+00 -3.50391509e+01  2.20732560e+01 -3.87792146e+01  2.45630826e+01 -9.67313442e+07 -1.50914199e+08 -8.95702195e+07 -1.37855097e+08 -2.79900972e+07 -4.20449944e+07 
 4.66659380e+01 -9.99886912e-01  1.58136418e-04 -6.19313579e+00  3.72940700e+00 -3.65699651e+01  2.58298356e+01 -4.04758187e+01  2.87386126e+01 -1.13062832e+08 -1.57448174e+08 -1.04693495e+08 -1.43900215e+08 -3.26622214e+07 -4.38582467e+07 
 4.67196951e+01 -9.99866967e-01  1.63565417e-04 -6.37834820e+00  4.39233375e+00 -3.78512340e+01  3.04214904e+01 -4.18942279e+01  3.38416902e+01 -1.33007966e+08 -1.62876396e+08 -1.23162671e+08 -1.48920871e+08 -3.83607223e+07 -4.53459380e+07 
 4.67735141e+01 -9.99842746e-01  1.66740350e-04 -6.48945703e+00  5.19814090e+00 -3.86191297e+01  3.60026881e+01 -4.27411385e+01  4.00436453e+01 -1.57228985e+08 -1.66050552e+08 -1.45590766e+08 -1.51853674e+08 -4.52709432e+07 -4.61789675e+07 
 4.68273951e+01 -9.99813796e-01  1.65870687e-04 -6.46694208e+00  6.16231921e+00 -3.84613955e+01  4.26806693e+01 -4.25583850e+01  4.74631689e+01 -1.86179129e+08 -1.65180113e+08 -1.72397177e+08 -1.51040599e+08 -5.35168132e+07 -4.58458628e+07 
 4.68813382e+01 -9.99780317e-01  1.58378628e-04 -6.22492320e+00  7.27877030e+00 -3.67832210e+01  5.04131231e+01 -4.06851390e+01  5.60525865e+01 -2.19658017e+08 -1.57687281e+08 -2.03395944e+08 -1.44094751e+08 -6.30337420e+07 -4.36127462e+07 
 4.69353434e+01 -9.99743916e-01  1.41039400e-04 -5.65566396e+00  8.49470470e+00 -3.28384563e+01  5.88343325e+01 -3.62927846e+01  6.54047279e+01 -2.56058719e+08 -1.40347282e+08 -2.37098607e+08 -1.28030390e+08 -7.33545075e+07 -3.85654953e+07 
 4.69894109e+01 -9.99708495e-01  1.10843816e-04 -4.65809559e+00  9.68089375e+00 -2.59271969e+01  6.70491599e+01 -2.86046793e+01  7.45242511e+01 -2.91480143e+08 -1.10150925e+08 -2.69892444e+08 -1.00061761e+08 -8.33588660e+07 -2.98580839e+07 
 4.70435406e+01 -9.99680475e-01  6.69155538e-05 -3.20160807e+00  1.06236781e+01 -1.58376153e+01  7.35777509e+01 -1.73871210e+01  8.17666988e+01 -3.19499853e+08 -6.62218834e+07 -2.95830423e+08 -5.93784515e+07 -9.12144012e+07 -1.72595106e+07 
 4.70977326e+01 -9.99667070e-01  1.27471428e-05 -1.40088948e+00  1.10820989e+01 -3.36425779e+00  7.67512937e+01 -3.52476949e+00  8.52787928e+01 -3.32904768e+08 -1.20526814e+07 -3.08234107e+08 -9.21553977e+06 -9.48761353e+07 -1.78583784e+06 
 4.71519871e+01 -9.99672515e-01 -4.36047051e-05  4.76730597e-01  1.09133570e+01  9.64119998e+00  7.55809723e+01  1.09239306e+01  8.39639581e+01 -3.27460252e+08  4.42999714e+07 -3.03183699e+08  4.29661388e+07 -9.31609773e+07  1.42551166e+07 
 4.72063041e+01 -9.99695176e-01 -9.29362936e-05  2.12442375e+00  1.01697577e+01  2.10536742e+01  7.04293185e+01  2.35982688e+01  7.82273664e+01 -3.04798672e+08  9.36323776e+07 -2.82192173e+08  8.86446274e+07 -8.65607873e+07  2.82458021e+07 
 4.72606837e+01 -9.99728689e-01 -1.29391641e-04  3.34577959e+00  9.06198830e+00  2.95129826e+01  6.27557419e+01  3.29886184e+01  6.96920419e+01 -2.71286506e+08  1.30088551e+08 -2.51155543e+08  1.22398559e+08 -7.69065215e+07  3.85362598e+07 
 4.73151259e+01 -9.99765827e-01 -1.52030653e-04  4.10788600e+00  7.83040467e+00  3.47913757e+01  5.42250029e+01  3.88437932e+01  6.02079034e+01 -2.34148366e+08  1.52728392e+08 -2.16763633e+08  1.43358601e+08 -6.62593359e+07  4.48796518e+07 
 4.73696308e+01 -9.99801403e-01 -1.63209267e-04  4.48803582e+00  6.64827064e+00  3.74243390e+01  4.60370806e+01  4.17600949e+01  5.11076127e+01 -1.98571925e+08  1.63907835e+08 -1.83819619e+08  1.53707073e+08 -5.60904389e+07  4.79623145e+07 
 4.74241985e+01 -9.99832828e-01 -1.66281206e-04  4.59732461e+00  5.60256443e+00  3.81814064e+01  3.87943019e+01  4.25932021e+01  4.30595374e+01 -1.67146868e+08  1.66980600e+08 -1.54720902e+08  1.56549787e+08 -4.71279244e+07  4.87473148e+07 
 4.74788291e+01 -9.99859375e-01 -1.64222244e-04  4.53467790e+00  4.71817018e+00  3.77477683e+01  3.26689334e+01  4.21046011e+01  3.62543122e+01 -1.40600612e+08  1.64922462e+08 -1.30140561e+08  1.54642296e+08 -3.95703912e+07  4.80846207e+07 
 4.75335226e+01 -9.99881293e-01 -1.59208230e-04  4.37260293e+00  3.98722562e+00  3.66256113e+01  2.76064589e+01  4.08521952e+01  3.06308049e+01 -1.18682489e+08  1.59909271e+08 -1.09846139e+08  1.49999300e+08 -3.33400911e+07  4.65934412e+07 
 4.75882791e+01 -9.99899213e-01 -1.52673437e-04  4.15899857e+00  3.38904916e+00  3.51466711e+01  2.34635947e+01  3.92044055e+01  2.60294471e+01 -1.00761802e+08  1.53375297e+08 -9.32534108e+07  1.43948770e+08 -2.82531555e+07  4.46805918e+07 
 4.76430987e+01 -9.99913836e-01 -1.45504717e-04  3.92355107e+00  2.90054478e+00  3.35165383e+01  2.00803503e+01  3.73894789e+01  2.22722482e+01 -8.61390057e+07  1.46207395e+08 -7.97144849e+07  1.37311783e+08 -2.41076918e+07  4.25967186e+07 
 4.76979814e+01 -9.99925798e-01 -1.38224788e-04  3.68380776e+00  2.50062287e+00  3.18567298e+01  1.73106415e+01  3.55422661e+01  1.91967632e+01 -7.41772446e+07  1.38928285e+08 -6.86395782e+07  1.30572252e+08 -2.07207283e+07  4.04889012e+07 
 4.77529274e+01 -9.99935632e-01 -1.31127194e-04  3.44966186e+00  2.17157368e+00  3.02357522e+01  1.50318004e+01  3.37387454e+01  1.66666229e+01 -6.43427008e+07  1.31831508e+08 -5.95343517e+07  1.24001898e+08 -1.79393169e+07  3.84392225e+07 
 4.78079366e+01 -9.99943770e-01 -1.24365919e-04  3.22633659e+00  1.89910747e+00  2.86897702e+01  1.31448503e+01  3.20189878e+01  1.45718168e+01 -5.62051971e+07  1.25071050e+08 -5.20004556e+07  1.17743236e+08 -1.56404444e+07  3.64903046e+07 
 4.78630092e+01 -9.99950551e-01 -1.18011964e-04  3.01627188e+00  1.67191126e+00  2.72356732e+01  1.15714340e+01  3.04016712e+01  1.28252660e+01 -4.94245098e+07  1.18717912e+08 -4.57228467e+07  1.11861955e+08 -1.37269686e+07  3.46613873e+07 
 4.79181453e+01 -9.99956241e-01 -1.12088107e-04  2.82028564e+00  1.48109901e+00  2.58791188e+01  1.02500052e+01  2.88930128e+01  1.13585818e+01 -4.37336225e+07  1.12794872e+08 -4.04542755e+07  1.06379104e+08 -1.21227454e+07  3.29581839e+07 
 4.79733449e+01 -9.99961052e-01 -1.06589939e-04  2.63827769e+00  1.31970178e+00  2.46194073e+01  9.13229629e+00  2.74921811e+01  1.01181363e+01 -3.89232747e+07  1.07297521e+08 -3.60009769e+07  1.01290568e+08 -1.07681655e+07  3.13788296e+07 
 4.80286080e+01 -9.99965146e-01 -1.01498461e-04  2.46965203e+00  1.18224245e+00  2.34524059e+01  8.18037264e+00  2.61945422e+01  9.06178614e+00 -3.48291059e+07  1.02206862e+08 -3.22107635e+07  9.65787296e+07 -9.61645499e+06  2.99174337e+07 
 4.80839348e+01 -9.99968654e-01 -9.67875499e-05  2.31356763e+00  1.06439789e+00  2.23722860e+01  7.36429243e+00  2.49935865e+01  8.15627048e+00 -3.13214591e+07  9.74967690e+07 -2.89635827e+07  9.22193768e+07 -8.63074823e+06  2.85661756e+07 
 4.81393254e+01 -9.99971678e-01 -9.24283122e-05  2.16908531e+00  9.62736849e-01  2.13725400e+01  6.66029132e+00  2.38820569e+01  7.37519269e+00 -2.82974813e+07  9.31383507e+07 -2.61642017e+07  8.81857405e+07 -7.78182454e+06  2.73165241e+07 
 4.81947798e+01 -9.99974300e-01 -8.83915777e-05  2.03525203e+00  8.74519051e-01  2.04465644e+01  6.04939056e+00  2.28525956e+01  6.69747346e+00 -2.56750715e+07  8.91024353e+07 -2.37366034e+07  8.44507960e+07 -7.04637678e+06  2.61599291e+07 
 4.82502980e+01 -9.99976587e-01 -8.46492603e-05  1.91114729e+00  7.97541707e-01  1.95879821e+01  5.51633420e+00  2.18981000e+01  6.10616947e+00 -2.33882641e+07  8.53609382e+07 -2.16197109e+07  8.09885279e+07 -6.40569181e+06  2.50881969e+07 
 4.83058802e+01 -9.99978591e-01 -8.11750579e-05  1.79590718e+00  7.30022376e-01  1.87908079e+01  5.04877759e+00  2.10119064e+01  5.58757166e+00 -2.13837050e+07  8.18875574e+07 -1.97641250e+07  7.77745728e+07 -5.84464460e+06  2.40936783e+07 
 4.83615264e+01 -9.99980357e-01 -7.79447505e-05  1.68873486e+00  6.70509276e-01  1.80495218e+01  4.63666620e+00  2.01878702e+01  5.13051490e+00 -1.96179565e+07  7.86580722e+07 -1.81296281e+07  7.47864968e+07 -5.35092941e+06  2.31693462e+07 
 4.84172368e+01 -9.99981920e-01 -7.49362703e-05  1.58890343e+00  6.17812350e-01  1.73590880e+01  4.27175816e+00  1.94203875e+01  4.72584755e+00 -1.80554265e+07  7.56504145e+07 -1.66832671e+07  7.20038599e+07 -4.91446964e+06  2.23088093e+07 
 4.84730113e+01 -9.99983308e-01 -7.21296424e-05  1.49575434e+00  5.70950013e-01  1.67149446e+01  3.94725547e+00  1.87043817e+01  4.36602164e+00 -1.66667700e+07  7.28446102e+07 -1.53978730e+07  6.94081625e+07 -4.52696240e+06  2.15062914e+07 
 4.85288500e+01 -9.99984547e-01 -6.95068620e-05  1.40869347e+00  5.29107786e-01  1.61129758e+01  3.65751746e+00  1.80352740e+01  4.04477459e+00 -1.54276470e+07  7.02226544e+07 -1.42509108e+07  6.69827288e+07 -4.18152520e+06  2.07565919e+07 
 4.85847531e+01 -9.99985657e-01 -6.70517370e-05  1.32718615e+00  4.91605964e-01  1.55494782e+01  3.39783688e+00  1.74089440e+01  3.75688045e+00 -1.43177530e+07  6.77683546e+07 -1.32235822e+07  6.47125620e+07 -3.87242000e+06  2.00550379e+07 
 4.86407206e+01 -9.99986655e-01 -6.47497200e-05  1.25075182e+00  4.57874203e-01  1.50211226e+01  3.16426384e+00  1.68216885e+01  3.49795436e+00 -1.33200569e+07  6.54671642e+07 -1.23001193e+07  6.25841900e+07 -3.59483664e+06  1.93974356e+07 
 4.86967525e+01 -9.99987555e-01 -6.25877478e-05  1.17895865e+00  4.27431416e-01  1.45249178e+01  2.95346667e+00  1.62701803e+01  3.26429792e+00 -1.24201980e+07  6.33060188e+07 -1.14672270e+07  6.05855134e+07 -3.34472153e+06  1.87800208e+07 
 4.87528490e+01 -9.99988369e-01 -6.05540822e-05  1.11141852e+00  3.99869778e-01  1.40581752e+01  2.76262105e+00  1.57514292e+01  3.05277612e+00 -1.16060072e+07  6.12731810e+07 -1.07136390e+07  5.87056619e+07 -3.11864158e+06  1.81994139e+07 
 4.88090101e+01 -9.99989108e-01 -5.86381698e-05  1.04778231e+00  3.74841925e-01  1.36184767e+01  2.58932138e+00  1.52627456e+01  2.86071889e+00 -1.08671231e+07  5.93580972e+07 -1.00297627e+07  5.69348618e+07 -2.91367533e+06  1.76525779e+07 
 4.88652359e+01 -9.99989780e-01 -5.68305104e-05  9.87735699e-01  3.52050650e-01  1.32036449e+01  2.43150946e+00  1.48017080e+01  2.68584184e+00 -1.01946834e+07  5.75512682e+07 -9.40739379e+06  5.52643157e+07 -2.72732542e+06  1.71367805e+07 
 4.89215265e+01 -9.99990394e-01 -5.51225439e-05  9.30995292e-01  3.31240563e-01  1.28117167e+01  2.28741665e+00  1.43661334e+01  2.52618210e+00 -9.58107574e+06  5.58441324e+07 -8.83948469e+06  5.36860948e+07 -2.55744781e+06  1.66495603e+07 
 4.89778819e+01 -9.99990955e-01 -5.35065424e-05  8.77305232e-01  3.12191307e-01  1.24409199e+01  2.15551696e+00  1.39540511e+01  2.38004615e+00 -9.01973394e+06  5.42289620e+07 -8.31995675e+06  5.21930424e+07 -2.40219419e+06  1.61886963e+07 
 4.90343023e+01 -9.99991470e-01 -5.19755185e-05  8.26434167e-01  2.94712006e-01  1.20896520e+01  2.03448855e+00  1.35636789e+01  2.24596713e+00 -8.50497238e+06  5.26987711e+07 -7.84354645e+06  5.07786892e+07 -2.25996492e+06  1.57521817e+07 
 4.90907876e+01 -9.99991943e-01 -5.05231485e-05  7.78172564e-01  2.78636704e-01  1.17564616e+01  1.92318217e+00  1.31934031e+01  2.12266977e+00 -8.03184942e+06  5.12472341e+07 -7.40567905e+06  4.94371769e+07 -2.12937045e+06  1.53381997e+07 
 4.91473380e+01 -9.99992379e-01 -4.91436936e-05  7.32330342e-01  2.63820599e-01  1.14400320e+01  1.82059506e+00  1.28417596e+01  2.00904141e+00 -7.59605475e+06  4.98686137e+07 -7.00236430e+06  4.81631924e+07 -2.00919937e+06  1.49451032e+07 
 4.92039536e+01 -9.99992781e-01 -4.78319419e-05  6.88734775e-01  2.50136915e-01  1.11391669e+01  1.72584932e+00  1.25074182e+01  1.90410796e+00 -7.19381594e+06  4.85576973e+07 -6.63010994e+06  4.69519086e+07 -1.89839201e+06  1.45713960e+07 
 4.92606343e+01 -9.99993153e-01 -4.65831497e-05  6.47228645e-01  2.37474301e-01  1.08527772e+01  1.63817383e+00  1.21891680e+01  1.80701389e+00 -6.82182060e+06  4.73097414e+07 -6.28584960e+06  4.57989326e+07 -1.79601842e+06  1.42157171e+07 
 4.93173804e+01 -9.99993498e-01 -4.53929929e-05  6.07668613e-01  2.25734647e-01  1.05798701e+01  1.55688921e+00  1.18859052e+01  1.71700545e+00 -6.47715125e+06  4.61204218e+07 -5.96688252e+06  4.47002599e+07 -1.70125992e+06  1.38768258e+07 
 4.93741918e+01 -9.99993818e-01 -4.42575229e-05  5.69923778e-01  2.14831257e-01  1.03195389e+01  1.48139509e+00  1.15966217e+01  1.63341661e+00 -6.15723065e+06  4.49857899e+07 -5.67082291e+06  4.36522341e+07 -1.61339370e+06  1.35535897e+07 
 4.94310687e+01 -9.99994115e-01 -4.31731285e-05  5.33874401e-01  2.04687300e-01  1.00709542e+01  1.41115945e+00  1.13203953e+01  1.55565718e+00 -5.85977559e+06  4.39022347e+07 -5.39555722e+06  4.26515109e+07 -1.53177974e+06  1.32449732e+07 
 4.94880111e+01 -9.99994392e-01 -4.21365016e-05  4.99410780e-01  1.95234508e-01  9.83335618e+00  1.34570952e+00  1.10563814e+01  1.48320274e+00 -5.58275793e+06  4.28664480e+07 -5.13920797e+06  4.16950269e+07 -1.45584979e+06  1.29500280e+07 
 4.95450191e+01 -9.99994651e-01 -4.11446069e-05  4.66432249e-01  1.86412056e-01  9.60604750e+00  1.28462413e+00  1.08038047e+01  1.41558610e+00 -5.32437132e+06  4.18753946e+07 -4.90010308e+06  4.07799713e+07 -1.38509803e+06  1.26678840e+07 
 4.96020927e+01 -9.99994892e-01 -4.01946561e-05  4.34846295e-01  1.78165621e-01  9.38838742e+00  1.22752711e+00  1.05619528e+01  1.35239005e+00 -5.08300301e+06  4.09262854e+07 -4.67674965e+06  3.99037614e+07 -1.31907307e+06  1.23977419e+07 
 4.96592321e+01 -9.99995118e-01 -3.92840811e-05  4.04567768e-01  1.70446570e-01  9.17978612e+00  1.17408168e+00  1.03301701e+01  1.29324104e+00 -4.85720958e+06  4.00165535e+07 -4.46781155e+06  3.90640200e+07 -1.25737113e+06  1.21388660e+07 
 4.97164374e+01 -9.99995329e-01 -3.84105169e-05  3.75518179e-01  1.63211262e-01  8.97969997e+00  1.12398565e+00  1.01078522e+01  1.23780394e+00 -4.64569626e+06  3.91438333e+07 -4.27209025e+06  3.82585565e+07 -1.19963016e+06  1.18905787e+07 
 4.97737085e+01 -9.99995528e-01 -3.75717800e-05  3.47625080e-01  1.56420449e-01  8.78762716e+00  1.07696725e+00  9.89444119e+00  1.18577735e+00 -4.44729898e+06  3.83059411e+07 -4.08850823e+06  3.74853488e+07 -1.14552487e+06  1.16522543e+07 
 4.98310456e+01 -9.99995714e-01 -3.67658520e-05  3.20821503e-01  1.50038762e-01  8.60310384e+00  1.03278156e+00  9.68942152e+00  1.13688967e+00 -4.26096899e+06  3.75008589e+07 -3.91609471e+06  3.67425280e+07 -1.09476231e+06  1.14233149e+07 
 4.98884487e+01 -9.99995889e-01 -3.59908649e-05  2.95045461e-01  1.44034258e-01  8.42570066e+00  9.91207402e-01  9.49231589e+00  1.09089561e+00 -4.08575951e+06  3.67267187e+07 -3.75397332e+06  3.60283644e+07 -1.04707817e+06  1.12032255e+07 
 4.99459180e+01 -9.99996054e-01 -3.52450882e-05  2.70239506e-01  1.38378035e-01  8.25501972e+00  9.52044632e-01  9.30268195e+00  1.04757327e+00 -3.92081412e+06  3.59817896e+07 -3.60135132e+06  3.53412551e+07 -1.00223346e+06  1.09914905e+07 
 5.00034535e+01 -9.99996210e-01 -3.45269150e-05  2.46350325e-01  1.33043889e-01  8.09069174e+00  9.15111819e-01  9.12010922e+00  1.00672147e+00 -3.76535664e+06  3.52644654e+07 -3.45751027e+06  3.46797126e+07 -9.60011713e+05  1.07876498e+07 
 5.00610553e+01 -9.99996356e-01 -3.38348534e-05  2.23328381e-01  1.28008025e-01  7.93237362e+00  8.80244183e-01  8.94421631e+00  9.68157509e-01 -3.61868239e+06  3.45732535e+07 -3.32179790e+06  3.40423550e+07 -9.20216492e+05  1.05912763e+07 
 5.01187234e+01 -9.99996495e-01 -3.31675153e-05  2.01127591e-01  1.23248790e-01  7.77974618e+00  8.47291800e-01  8.77464842e+00  9.31715169e-01 -3.48015042e+06  3.39067660e+07 -3.19362094e+06  3.34278968e+07 -8.82669216e+05  1.04019727e+07 
 5.01764579e+01 -9.99996626e-01 -3.25236076e-05  1.79705036e-01  1.18746452e-01  7.63251215e+00  8.16118039e-01  8.61107510e+00  8.97242975e-01 -3.34917676e+06  3.32637099e+07 -3.07243887e+06  3.28351408e+07 -8.47207263e+05  1.02193688e+07 
 5.02342590e+01 -9.99996750e-01 -3.19019248e-05  1.59020695e-01  1.14482998e-01  7.49039432e+00  7.86598172e-01  8.45318823e+00  8.64602656e-01 -3.22522852e+06  3.26428798e+07 -2.95775844e+06  3.22629708e+07 -8.13682307e+05  1.00431196e+07 
 5.02921266e+01 -9.99996867e-01 -3.13013420e-05  1.39037209e-01  1.10441958e-01  7.35313394e+00  7.58618160e-01  8.30070019e+00  8.33667796e-01 -3.10781860e+06  3.20431506e+07 -2.84912881e+06  3.17103447e+07 -7.81958837e+05  9.87290327e+06 
 5.03500609e+01 -9.99996979e-01 -3.07208077e-05  1.19719668e-01  1.06608251e-01  7.22048922e+00  7.32073575e-01  8.15334220e+00  8.04322638e-01 -2.99650110e+06  3.14634707e+07 -2.74613725e+06  3.11762891e+07 -7.51912869e+05  9.70841880e+06 
 5.04080619e+01 -9.99997084e-01 -3.01593382e-05  1.01035412e-01  1.02968045e-01  7.09223396e+00  7.06868651e-01  8.01086284e+00  7.76461031e-01 -2.89086723e+06  3.09028569e+07 -2.64840542e+06  3.06598932e+07 -7.23430790e+05  9.54938486e+06 
 5.04661298e+01 -9.99997184e-01 -2.96160129e-05  8.29538616e-02  9.95086383e-02  6.96815634e+00  6.82915436e-01  7.87302667e+00  7.49985491e-01 -2.79054168e+06  3.03603881e+07 -2.55558592e+06  3.01603042e+07 -6.96408345e+05  9.39553796e+06 
 5.05242645e+01 -9.99997280e-01 -2.90899682e-05  6.54463486e-02  9.62183493e-02  6.84805781e+00  6.60133044e-01  7.73961300e+00  7.24806371e-01 -2.69517939e+06  2.98352011e+07 -2.46735940e+06  2.96767229e+07 -6.70749732e+05  9.24663117e+06 
 5.05824662e+01 -9.99997371e-01 -2.85803949e-05  4.84859765e-02  9.30864199e-02  6.73175208e+00  6.38446987e-01  7.61041476e+00  7.00841118e-01 -2.60446270e+06  2.93264862e+07 -2.38343183e+06  2.92083992e+07 -6.46366799e+05  9.10243283e+06 
 5.06407350e+01 -9.99997457e-01 -2.80865318e-05  3.20474853e-02  9.01029303e-02  6.61906420e+00  6.17788582e-01  7.48523750e+00  6.78013614e-01 -2.51809879e+06  2.88334827e+07 -2.30353220e+06  2.87546289e+07 -6.23178326e+05  8.96272541e+06 
 5.06990708e+01 -9.99997539e-01 -2.76076644e-05  1.61071300e-02  8.72587216e-02  6.50982972e+00  5.98094413e-01  7.36389841e+00  6.56253584e-01 -2.43581737e+06  2.83554759e+07 -2.22741036e+06  2.83147501e+07 -6.01109386e+05  8.82730443e+06 
 5.07574739e+01 -9.99997618e-01 -2.71431202e-05  6.42570312e-04  8.45453275e-02  6.40389389e+00  5.79305859e-01  7.24622552e+00  6.35496070e-01 -2.35736869e+06  2.78917931e+07 -2.15483514e+06  2.78881400e+07 -5.80090773e+05  8.69597756e+06 
 5.08159443e+01 -9.99997692e-01 -2.66922657e-05 -1.43672311e-02  8.19549124e-02  6.30111103e+00  5.61368669e-01  7.13205689e+00  6.15680955e-01 -2.28252166e+06  2.74418010e+07 -2.08559268e+06  2.74742121e+07 -5.60058490e+05  8.56856368e+06 
 5.08744820e+01 -9.99997764e-01 -2.62545038e-05 -2.89421012e-02  7.94802159e-02  6.20134380e+00  5.44232574e-01  7.02123987e+00  5.96752543e-01 -2.21106224e+06  2.70049028e+07 -2.01948487e+06  2.70724137e+07 -5.40953286e+05  8.44489213e+06 
 5.09330871e+01 -9.99997832e-01 -2.58292723e-05 -4.31007416e-02  7.71145034e-02  6.10446269e+00  5.27850943e-01  6.91363052e+00  5.78659168e-01 -2.14279193e+06  2.65805356e+07 -1.95632801e+06  2.66822237e+07 -5.22720244e+05  8.32480195e+06 
 5.09917598e+01 -9.99997897e-01 -2.54160391e-05 -5.68608066e-02  7.48515210e-02  6.01034541e+00  5.12180477e-01  6.80909292e+00  5.61352857e-01 -2.07752646e+06  2.61681679e+07 -1.89595155e+06  2.63031498e+07 -5.05308411e+05  8.20814119e+06 
 5.10505000e+01 -9.99997960e-01 -2.50143025e-05 -7.02389751e-02  7.26854550e-02  5.91887646e+00  4.97180923e-01  6.70749869e+00  5.44789016e-01 -2.01509461e+06  2.57672978e+07 -1.83819703e+06  2.59347273e+07 -4.88670456e+05  8.09476634e+06 
 5.11093079e+01 -9.99998020e-01 -2.46235878e-05 -8.32510163e-02  7.06108954e-02  5.82994662e+00  4.82814825e-01  6.60872645e+00  5.28926151e-01 -1.95533707e+06  2.53774507e+07 -1.78291702e+06  2.55765167e+07 -4.72762375e+05  7.98454171e+06 
 5.11681836e+01 -9.99998077e-01 -2.42434463e-05 -9.59118502e-02  6.86228029e-02  5.74345256e+00  4.69047293e-01  6.51266134e+00  5.13725610e-01 -1.89810551e+06  2.49981774e+07 -1.72997423e+06  2.52281022e+07 -4.57543208e+05  7.87733894e+06 
 5.12271270e+01 -9.99998132e-01 -2.38734523e-05 -1.08235604e-01  6.67164789e-02  5.65929644e+00  4.55845795e-01  6.41919462e+00  4.99151360e-01 -1.84326166e+06  2.46290530e+07 -1.67924070e+06  2.48890900e+07 -4.42974799e+05  7.77303649e+06 
 5.12861384e+01 -9.99998184e-01 -2.35132032e-05 -1.20235664e-01  6.48875384e-02  5.57738555e+00  4.43179970e-01  6.32822326e+00  4.85169771e-01 -1.79067652e+06  2.42696744e+07 -1.63059706e+06  2.45591072e+07 -4.29021565e+05  7.67151922e+06 
 5.13452178e+01 -9.99998235e-01 -2.31623173e-05 -1.31924722e-01  6.31318849e-02  5.49763199e+00  4.31021459e-01  6.23964955e+00  4.71749431e-01 -1.74022963e+06  2.39196598e+07 -1.58393181e+06  2.42378002e+07 -4.15650293e+05  7.57267796e+06 
 5.14043652e+01 -9.99998283e-01 -2.28204318e-05 -1.43314821e-01  6.14456887e-02  5.41995235e+00  4.19343744e-01  6.15338081e+00  4.58860971e-01 -1.69180838e+06  2.35786468e+07 -1.53914076e+06  2.39248332e+07 -4.02829958e+05  7.47640914e+06 
 5.14635807e+01 -9.99998330e-01 -2.24872028e-05 -1.54417394e-01  5.98253655e-02  5.34426746e+00  4.08122012e-01  6.06932903e+00  4.46476909e-01 -1.64530746e+06  2.32462913e+07 -1.49612643e+06  2.36198879e+07 -3.90531547e+05  7.38261443e+06 
 5.15228645e+01 -9.99998374e-01 -2.21623036e-05 -1.65243303e-01  5.82675588e-02  5.27050209e+00  3.97333022e-01  5.98741060e+00  4.34571508e-01 -1.60062822e+06  2.29222666e+07 -1.45479754e+06  2.33226615e+07 -3.78727911e+05  7.29120043e+06 
 5.15822165e+01 -9.99998417e-01 -2.18454235e-05 -1.75802876e-01  5.67691218e-02  5.19858473e+00  3.86954991e-01  5.90754605e+00  4.23120644e-01 -1.55767826e+06  2.26062619e+07 -1.41506857e+06  2.30328663e+07 -3.67393623e+05  7.20207835e+06 
 5.16416369e+01 -9.99998459e-01 -2.15362666e-05 -1.86105935e-01  5.53271028e-02  5.12844734e+00  3.76967480e-01  5.82965975e+00  4.12101686e-01 -1.51637090e+06  2.22979816e+07 -1.37685931e+06  2.27502287e+07 -3.56504846e+05  7.11516373e+06 
 5.17011258e+01 -9.99998498e-01 -2.12345522e-05 -1.96161828e-01  5.39387303e-02  5.06002518e+00  3.67351303e-01  5.75367977e+00  4.01493387e-01 -1.47662478e+06  2.19971445e+07 -1.34009448e+06  2.24744882e+07 -3.46039221e+05  7.03037621e+06 
 5.17606832e+01 -9.99998537e-01 -2.09400120e-05 -2.05979461e-01  5.26014003e-02  4.99325659e+00  3.58088432e-01  5.67953756e+00  3.91275787e-01 -1.43836349e+06  2.17034827e+07 -1.30470336e+06  2.22053967e+07 -3.35975754e+05  6.94763923e+06 
 5.18203092e+01 -9.99998574e-01 -2.06523906e-05 -2.15567317e-01  5.13126641e-02  4.92808281e+00  3.49161914e-01  5.60716783e+00  3.81430115e-01 -1.40151522e+06  2.14167410e+07 -1.27061949e+06  2.19427180e+07 -3.26294725e+05  6.86687988e+06 
 5.18800039e+01 -9.99998609e-01 -2.03714450e-05 -2.24933486e-01  5.00702178e-02  4.86444782e+00  3.40555798e-01  5.53650831e+00  3.71938711e-01 -1.36601238e+06  2.11366759e+07 -1.23778034e+06  2.16862267e+07 -3.16977587e+05  6.78802862e+06 
 5.19397674e+01 -9.99998643e-01 -2.00969429e-05 -2.34085684e-01  4.88718917e-02  4.80229820e+00  3.32255062e-01  5.46749963e+00  3.62784945e-01 -1.33179137e+06  2.08630554e+07 -1.20612705e+06  2.14357077e+07 -3.08006894e+05  6.71101913e+06 
 5.19995997e+01 -9.99998676e-01 -1.98286629e-05 -2.43031278e-01  4.77156410e-02  4.74158291e+00  3.24245552e-01  5.40008508e+00  3.53953147e-01 -1.29879226e+06  2.05956579e+07 -1.17560417e+06  2.11909561e+07 -2.99366217e+05  6.63578812e+06 
 5.20595009e+01 -9.99998708e-01 -1.95663932e-05 -2.51777300e-01  4.65995379e-02  4.68225327e+00  3.16513921e-01  5.33421055e+00  3.45428541e-01 -1.26695858e+06  2.03342718e+07 -1.14615942e+06  2.09517758e+07 -2.91040078e+05  6.56227514e+06 
 5.21194711e+01 -9.99998739e-01 -1.93099319e-05 -2.60330471e-01  4.55217631e-02  4.62426274e+00  3.09047573e-01  5.26982430e+00  3.37197187e-01 -1.23623704e+06  2.00786949e+07 -1.11774351e+06  2.07179797e+07 -2.83013883e+05  6.49042245e+06 
 5.21795104e+01 -9.99998768e-01 -1.90590854e-05 -2.68697216e-01  4.44805987e-02  4.56756682e+00  3.01834616e-01  5.20687690e+00  3.29245919e-01 -1.20657734e+06  1.98287341e+07 -1.09030990e+06  2.04893889e+07 -2.75273862e+05  6.42017484e+06 
 5.22396189e+01 -9.99998797e-01 -1.88136693e-05 -2.76883678e-01  4.34744218e-02  4.51212297e+00  2.94863814e-01  5.14532107e+00  3.21562302e-01 -1.17793197e+06  1.95842045e+07 -1.06381461e+06  2.02658322e+07 -2.67807019e+05  6.35147954e+06 
 5.22997966e+01 -9.99998825e-01 -1.85735064e-05 -2.84895738e-01  4.25016980e-02  4.45789048e+00  2.88124545e-01  5.08511156e+00  3.14134578e-01 -1.15025604e+06  1.93449293e+07 -1.03821611e+06  2.00471459e+07 -2.60601075e+05  6.28428604e+06 
 5.23600437e+01 -9.99998852e-01 -1.83384276e-05 -2.92739021e-01  4.15609756e-02  4.40483038e+00  2.81606759e-01  5.02620506e+00  3.06951626e-01 -1.12350708e+06  1.91107392e+07 -1.01347510e+06  1.98331733e+07 -2.53644424e+05  6.21854598e+06 
 5.24203601e+01 -9.99998877e-01 -1.81082708e-05 -3.00418920e-01  4.06508806e-02  4.35290535e+00  2.75300944e-01  4.96856009e+00  3.00002919e-01 -1.09764491e+06  1.88814721e+07 -9.89554408e+05  1.96237643e+07 -2.46926088e+05  6.15421308e+06 
 5.24807460e+01 -9.99998902e-01 -1.78828807e-05 -3.07940599e-01  3.97701117e-02  4.30207962e+00  2.69198091e-01  4.91213691e+00  2.93278486e-01 -1.07263149e+06  1.86569727e+07 -9.66418827e+05  1.94187751e+07 -2.40435681e+05  6.09124296e+06 
 5.25412015e+01 -9.99998927e-01 -1.76621083e-05 -3.15309010e-01  3.89174356e-02  4.25231890e+00  2.63289662e-01  4.85689741e+00  2.86768882e-01 -1.04843078e+06  1.84370921e+07 -9.44035009e+05  1.92180678e+07 -2.34163367e+05  6.02959311e+06 
 5.26017266e+01 -9.99998950e-01 -1.74458111e-05 -3.22528899e-01  3.80916830e-02  4.20359033e+00  2.57567563e-01  4.80280506e+00  2.80465147e-01 -1.02500861e+06  1.82216875e+07 -9.22371343e+05  1.90215101e+07 -2.28099827e+05  5.96922273e+06 
 5.26623215e+01 -9.99998973e-01 -1.72338515e-05 -3.29604824e-01  3.72917444e-02  4.15586235e+00  2.52024113e-01  4.74982481e+00  2.74358784e-01 -1.00233258e+06  1.80106219e+07 -9.01397849e+05  1.88289753e+07 -2.22236227e+05  5.91009273e+06 
 5.27229861e+01 -9.99998995e-01 -1.70260987e-05 -3.36541156e-01  3.65165668e-02  4.10910470e+00  2.46652022e-01  4.69792300e+00  2.68441727e-01 -9.80371952e+05  1.78037638e+07 -8.81086076e+05  1.86403415e+07 -2.16564189e+05  5.85216554e+06 
 5.27837207e+01 -9.99999016e-01 -1.68224258e-05 -3.43342095e-01  3.57651499e-02  4.06328829e+00  2.41444367e-01  4.64706733e+00  2.62706316e-01 -9.59097523e+05  1.76009869e+07 -8.61409015e+05  1.84554920e+07 -2.11075764e+05  5.79540511e+06 
 5.28445252e+01 -9.99999037e-01 -1.66227122e-05 -3.50011674e-01  3.50365435e-02  4.01838522e+00  2.36394568e-01  4.59722678e+00  2.57145272e-01 -9.38481565e+05  1.74021700e+07 -8.42341007e+05  1.82743144e+07 -2.05763403e+05  5.73977682e+06 
 5.29053997e+01 -9.99999057e-01 -1.64268408e-05 -3.56553768e-01  3.43298441e-02  3.97436863e+00  2.31496371e-01  4.54837150e+00  2.51751676e-01 -9.18497725e+05  1.72071965e+07 -8.23857668e+05  1.80967007e+07 -2.00619936e+05  5.68524738e+06 
 5.29663444e+01 -9.99999076e-01 -1.62346997e-05 -3.62972104e-01  3.36441922e-02  3.93121274e+00  2.26743826e-01  4.50047285e+00  2.46518946e-01 -8.99120941e+05  1.70159544e+07 -8.05935810e+05  1.79225474e+07 -1.95638548e+05  5.63178482e+06 
 5.30273593e+01 -9.99999095e-01 -1.60461814e-05 -3.69270266e-01  3.29787699e-02  3.88889273e+00  2.22131273e-01  4.45350323e+00  2.41440821e-01 -8.80327372e+05  1.68283360e+07 -7.88553374e+05  1.77517545e+07 -1.90812760e+05  5.57935836e+06 
 5.30884444e+01 -9.99999113e-01 -1.58611819e-05 -3.75451700e-01  3.23327987e-02  3.84738473e+00  2.17653320e-01  4.40743614e+00  2.36511337e-01 -8.62094327e+05  1.66442376e+07 -7.71689365e+05  1.75842262e+07 -1.86136408e+05  5.52793841e+06 
 5.31496000e+01 -9.99999131e-01 -1.56796017e-05 -3.81519726e-01  3.17055367e-02  3.80666578e+00  2.13304833e-01  4.36224604e+00  2.31724816e-01 -8.44400195e+05  1.64635594e+07 -7.55323790e+05  1.74198701e+07 -1.81603625e+05  5.47749650e+06 
 5.32108259e+01 -9.99999148e-01 -1.55013446e-05 -3.87477537e-01  3.10962772e-02  3.76671375e+00  2.09080919e-01  4.31790835e+00  2.27075845e-01 -8.27224392e+05  1.62862055e+07 -7.39437602e+05  1.72585972e+07 -1.77208825e+05  5.42800521e+06 
 5.32721224e+01 -9.99999164e-01 -1.53263181e-05 -3.93328211e-01  3.05043461e-02  3.72750736e+00  2.04976913e-01  4.27439941e+00  2.22559265e-01 -8.10547296e+05  1.61120832e+07 -7.24012649e+05  1.71003220e+07 -1.72946687e+05  5.37943813e+06 
 5.33334895e+01 -9.99999181e-01 -1.51544333e-05 -3.99074712e-01  2.99291007e-02  3.68902607e+00  2.00988366e-01  4.23169641e+00  2.18170154e-01 -7.94350199e+05  1.59411035e+07 -7.09031621e+05  1.69449619e+07 -1.68812139e+05  5.33176981e+06 
 5.33949274e+01 -9.99999196e-01 -1.49856041e-05 -4.04719896e-01  2.93699277e-02  3.65125011e+00  1.97111030e-01  4.18977738e+00  2.13903819e-01 -7.78615252e+05  1.57731805e+07 -6.94478004e+05  1.67924374e+07 -1.64800347e+05  5.28497576e+06 
 5.34564359e+01 -9.99999212e-01 -1.48197478e-05 -4.10266518e-01  2.88262413e-02  3.61416042e+00  1.93340853e-01  4.14862112e+00  2.09755774e-01 -7.63325423e+05  1.56082315e+07 -6.80336041e+05  1.66426718e+07 -1.60906696e+05  5.23903233e+06 
 5.35180154e+01 -9.99999227e-01 -1.46567845e-05 -4.15717235e-01  2.82974823e-02  3.57773860e+00  1.89673962e-01  4.10820720e+00  2.05721741e-01 -7.48464448e+05  1.54461766e+07 -6.66590685e+05  1.64955913e+07 -1.57126787e+05  5.19391673e+06 
 5.35796658e+01 -9.99999241e-01 -1.44966374e-05 -4.21074608e-01  2.77831164e-02  3.54196693e+00  1.86106660e-01  4.06851592e+00  2.01797628e-01 -7.34016796e+05  1.52869386e+07 -6.53227566e+05  1.63511245e+07 -1.53456417e+05  5.14960698e+06 
 5.36413871e+01 -9.99999255e-01 -1.43392317e-05 -4.26341111e-01  2.72826327e-02  3.50682828e+00  1.82635410e-01  4.02952824e+00  1.97979527e-01 -7.19967623e+05  1.51304435e+07 -6.40232952e+05  1.62092027e+07 -1.49891574e+05  5.10608186e+06 
 5.37031796e+01 -9.99999269e-01 -1.41844961e-05 -4.31519131e-01  2.67955429e-02  3.47230613e+00  1.79256831e-01  3.99122582e+00  1.94263700e-01 -7.06302741e+05  1.49766193e+07 -6.27593716e+05  1.60697593e+07 -1.46428423e+05  5.06332090e+06 
 5.37650433e+01 -9.99999282e-01 -1.40323612e-05 -4.36610972e-01  2.63213798e-02  3.43838452e+00  1.75967690e-01  3.95359091e+00  1.90646570e-01 -6.93008581e+05  1.48253967e+07 -6.15297307e+05  1.59327303e+07 -1.43063301e+05  5.02130432e+06 
 5.38269783e+01 -9.99999295e-01 -1.38827598e-05 -4.41618863e-01  2.58596962e-02  3.40504805e+00  1.72764891e-01  3.91660640e+00  1.87124718e-01 -6.80072165e+05  1.46767090e+07 -6.03331715e+05  1.57980537e+07 -1.39792703e+05  4.98001302e+06 
 5.38889845e+01 -9.99999308e-01 -1.37356276e-05 -4.46544953e-01  2.54100641e-02  3.37228183e+00  1.69645472e-01  3.88025574e+00  1.83694867e-01 -6.67481069e+05  1.45304914e+07 -5.91685449e+05  1.56656696e+07 -1.36613278e+05  4.93942855e+06 
 5.39510623e+01 -9.99999320e-01 -1.35909021e-05 -4.51391322e-01  2.49720737e-02  3.34007147e+00  1.66606596e-01  3.84452294e+00  1.80353881e-01 -6.55223401e+05  1.43866815e+07 -5.80347507e+05  1.55355202e+07 -1.33521820e+05  4.89953308e+06 
 5.40132115e+01 -9.99999332e-01 -1.34485226e-05 -4.56159979e-01  2.45453323e-02  3.30840306e+00  1.63645543e-01  3.80939255e+00  1.77098756e-01 -6.43287772e+05  1.42452188e+07 -5.69307351e+05  1.54075496e+07 -1.30515259e+05  4.86030938e+06 
 5.40754323e+01 -9.99999343e-01 -1.33084310e-05 -4.60852870e-01  2.41294634e-02  3.27726314e+00  1.60759710e-01  3.77484960e+00  1.73926611e-01 -6.31663268e+05  1.41060449e+07 -5.58554886e+05  1.52817038e+07 -1.27590655e+05  4.82174078e+06 
 5.41377248e+01 -9.99999355e-01 -1.31705707e-05 -4.65471873e-01  2.37241062e-02  3.24663871e+00  1.57946599e-01  3.74087966e+00  1.70834688e-01 -6.20339431e+05  1.39691034e+07 -5.48080438e+05  1.51579303e+07 -1.24745194e+05  4.78381115e+06 
 5.42000890e+01 -9.99999366e-01 -1.30348869e-05 -4.70018808e-01  2.33289148e-02  3.21651717e+00  1.55203814e-01  3.70746872e+00  1.67820338e-01 -6.09306236e+05  1.38343396e+07 -5.37874731e+05  1.50361787e+07 -1.21976176e+05  4.74650491e+06 
 5.42625251e+01 -9.99999376e-01 -1.29013270e-05 -4.74495435e-01  2.29435572e-02  3.18688635e+00  1.52529057e-01  3.67460325e+00  1.64881022e-01 -5.98554065e+05  1.37017005e+07 -5.27928868e+05  1.49163999e+07 -1.19281016e+05  4.70980694e+06 
 5.43250331e+01 -9.99999387e-01 -1.27698394e-05 -4.78903459e-01  2.25677148e-02  3.15773445e+00  1.49920124e-01  3.64227015e+00  1.62014303e-01 -5.88073692e+05  1.35711351e+07 -5.18234316e+05  1.47985466e+07 -1.16657235e+05  4.67370265e+06 
 5.43876132e+01 -9.99999397e-01 -1.26403750e-05 -4.83244531e-01  2.22010816e-02  3.12905006e+00  1.47374897e-01  3.61045672e+00  1.59217841e-01 -5.77856265e+05  1.34425936e+07 -5.08782883e+05  1.46825728e+07 -1.14102453e+05  4.63817789e+06 
 5.44502653e+01 -9.99999407e-01 -1.25128853e-05 -4.87520248e-01  2.18433641e-02  3.10082211e+00  1.44891343e-01  3.57915069e+00  1.56489391e-01 -5.67893282e+05  1.33160281e+07 -4.99566707e+05  1.45684341e+07 -1.11614389e+05  4.60321895e+06 
 5.45129896e+01 -9.99999417e-01 -1.23873241e-05 -4.91732160e-01  2.14942800e-02  3.07303988e+00  1.42467510e-01  3.54834013e+00  1.53826794e-01 -5.58176581e+05  1.31913920e+07 -4.90578237e+05  1.44560874e+07 -1.09190851e+05  4.56881256e+06 
 5.45757861e+01 -9.99999426e-01 -1.22636461e-05 -4.95881766e-01  2.11535583e-02  3.04569300e+00  1.40101520e-01  3.51801351e+00  1.51227976e-01 -5.48698321e+05  1.30686403e+07 -4.81810219e+05  1.43454910e+07 -1.06829738e+05  4.53494586e+06 
 5.46386550e+01 -9.99999436e-01 -1.21418078e-05 -4.99970523e-01  2.08209383e-02  3.01877141e+00  1.37791570e-01  3.48815966e+00  1.48690946e-01 -5.39450968e+05  1.29477293e+07 -4.73255684e+05  1.42366044e+07 -1.04529029e+05  4.50160639e+06 
 5.47015963e+01 -9.99999445e-01 -1.20217667e-05 -5.03999839e-01  2.04961694e-02  2.99226534e+00  1.35535926e-01  3.45876773e+00  1.46213786e-01 -5.30427278e+05  1.28286166e+07 -4.64907931e+05  1.41293885e+07 -1.02286783e+05  4.46878205e+06 
 5.47646101e+01 -9.99999453e-01 -1.19034817e-05 -5.07971083e-01  2.01790106e-02  2.96616533e+00  1.33332918e-01  3.42982720e+00  1.43794653e-01 -5.21620288e+05  1.27112611e+07 -4.56760520e+05  1.40238052e+07 -1.00101137e+05  4.43646114e+06 
 5.48276965e+01 -9.99999462e-01 -1.17869130e-05 -5.11885582e-01  1.98692301e-02  2.94046222e+00  1.31180943e-01  3.40132789e+00  1.41431775e-01 -5.13023301e+05  1.25956229e+07 -4.48807254e+05  1.39198176e+07 -9.79702970e+04  4.40463227e+06 
 5.48908556e+01 -9.99999470e-01 -1.16720221e-05 -5.15744621e-01  1.95666047e-02  2.91514709e+00  1.29078455e-01  3.37325989e+00  1.39123446e-01 -5.04629874e+05  1.24816635e+07 -4.41042174e+05  1.38173899e+07 -9.58925403e+04  4.37328444e+06 
 5.49540874e+01 -9.99999479e-01 -1.15587712e-05 -5.19549451e-01  1.92709196e-02  2.89021131e+00  1.27023969e-01  3.34561361e+00  1.36868022e-01 -4.96433804e+05  1.23693454e+07 -4.33459544e+05  1.37164875e+07 -9.38662090e+04  4.34240693e+06 
 5.50173921e+01 -9.99999487e-01 -1.14471241e-05 -5.23301284e-01  1.89819679e-02  2.86564650e+00  1.25016051e-01  3.31837974e+00  1.34663924e-01 -4.88429124e+05  1.22586320e+07 -4.26053843e+05  1.36170766e+07 -9.18897083e+04  4.31198937e+06 
 5.50807696e+01 -9.99999494e-01 -1.13370454e-05 -5.27001296e-01  1.86995505e-02  2.84144451e+00  1.23053323e-01  3.29154922e+00  1.32509627e-01 -4.80610086e+05  1.21494881e+07 -4.18819754e+05  1.35191245e+07 -8.99615032e+04  4.28202167e+06 
 5.51442202e+01 -9.99999502e-01 -1.12285007e-05 -5.30650631e-01  1.84234752e-02  2.81759744e+00  1.21134457e-01  3.26511328e+00  1.30403664e-01 -4.72971155e+05  1.20418793e+07 -4.11752157e+05  1.34225994e+07 -8.80801163e+04  4.25249405e+06 
 5.52077439e+01 -9.99999510e-01 -1.11214567e-05 -5.34250398e-01  1.81535572e-02  2.79409762e+00  1.19258172e-01  3.23906339e+00  1.28344621e-01 -4.65506997e+05  1.19357724e+07 -4.04846119e+05  1.33274706e+07 -8.62441251e+04  4.22339699e+06 
 5.52713408e+01 -9.99999517e-01 -1.10158812e-05 -5.37801676e-01  1.78896182e-02  2.77093758e+00  1.17423233e-01  3.21339126e+00  1.26331136e-01 -4.58212474e+05  1.18311349e+07 -3.98096886e+05  1.32337080e+07 -8.44521593e+04  4.19472127e+06 
 5.53350109e+01 -9.99999524e-01 -1.09117425e-05 -5.41305513e-01  1.76314861e-02  2.74811008e+00  1.15628452e-01  3.18808883e+00  1.24361894e-01 -4.51082631e+05  1.17279353e+07 -3.91499878e+05  1.31412824e+07 -8.27028989e+04  4.16645791e+06 
 5.53987544e+01 -9.99999531e-01 -1.08090101e-05 -5.44762928e-01  1.73789952e-02  2.72560809e+00  1.13872679e-01  3.16314829e+00  1.22435627e-01 -4.44112693e+05  1.16261432e+07 -3.85050675e+05  1.30501657e+07 -8.09950720e+04  4.13859819e+06 
 5.54625713e+01 -9.99999538e-01 -1.07076544e-05 -5.48174909e-01  1.71319855e-02  2.70342475e+00  1.12154808e-01  3.13856203e+00  1.20551113e-01 -4.37298054e+05  1.15257287e+07 -3.78745018e+05  1.29603304e+07 -7.93274526e+04  4.11113364e+06 
 5.55264617e+01 -9.99999544e-01 -1.06076463e-05 -5.51542421e-01  1.68903025e-02  2.68155342e+00  1.10473770e-01  3.11432266e+00  1.18707172e-01 -4.30634269e+05  1.14266630e+07 -3.72578796e+05  1.28717495e+07 -7.76988585e+04  4.08405601e+06 
 5.55904257e+01 -9.99999551e-01 -1.05089578e-05 -5.54866398e-01  1.66537974e-02  2.65998761e+00  1.08828534e-01  3.09042298e+00  1.16902666e-01 -4.24117052e+05  1.13289180e+07 -3.66548044e+05  1.27843973e+07 -7.61081498e+04  4.05735731e+06 
 5.56544634e+01 -9.99999557e-01 -1.04115616e-05 -5.58147752e-01  1.64223262e-02  2.63872105e+00  1.07218104e-01  3.06685601e+00  1.15136495e-01 -4.17742265e+05  1.12324664e+07 -3.60648935e+05  1.26982483e+07 -7.45542270e+04  4.03102973e+06 
 5.57185749e+01 -9.99999564e-01 -1.03154310e-05 -5.61387367e-01  1.61957500e-02  2.61774760e+00  1.05641518e-01  3.04361495e+00  1.13407598e-01 -4.11505914e+05  1.11372815e+07 -3.54877774e+05  1.26132780e+07 -7.30360291e+04  4.00506569e+06 
 5.57827602e+01 -9.99999570e-01 -1.02205404e-05 -5.64586106e-01  1.59739346e-02  2.59706131e+00  1.04097849e-01  3.02069316e+00  1.11714950e-01 -4.05404140e+05  1.10433376e+07 -3.49230995e+05  1.25294624e+07 -7.15525325e+04  3.97945783e+06 
 5.58470195e+01 -9.99999576e-01 -1.01268643e-05 -5.67744808e-01  1.57567505e-02  2.57665639e+00  1.02586198e-01  2.99808423e+00  1.10057559e-01 -3.99433220e+05  1.09506093e+07 -3.43705150e+05  1.24467783e+07 -7.01027487e+04  3.95419896e+06 
 5.59113528e+01 -9.99999581e-01 -1.00343785e-05 -5.70864288e-01  1.55440722e-02  2.55652719e+00  1.01105699e-01  2.97578186e+00  1.08434470e-01 -3.93589555e+05  1.08590724e+07 -3.38296913e+05  1.23652030e+07 -6.86857237e+04  3.92928211e+06 
 5.59757601e+01 -9.99999587e-01 -9.94305884e-06 -5.73945341e-01  1.53357789e-02  2.53666823e+00  9.96555134e-02  2.95377998e+00  1.06844757e-01 -3.87869667e+05  1.07687028e+07 -3.33003067e+05  1.22847144e+07 -6.73005359e+04  3.90470047e+06 
 5.60402417e+01 -9.99999593e-01 -9.85288239e-06 -5.76988742e-01  1.51317533e-02  2.51707415e+00  9.82348314e-02  2.93207262e+00  1.05287526e-01 -3.82270196e+05  1.06794774e+07 -3.27820503e+05  1.22052910e+07 -6.59462953e+04  3.88044742e+06 
 5.61047976e+01 -9.99999598e-01 -9.76382637e-06 -5.79995244e-01  1.49318823e-02  2.49773974e+00  9.68428693e-02  2.91065402e+00  1.03761913e-01 -3.76787892e+05  1.05913736e+07 -3.22746218e+05  1.21269119e+07 -6.46221420e+04  3.85651652e+06 
 5.61694278e+01 -9.99999604e-01 -9.67586874e-06 -5.82965582e-01  1.47360564e-02  2.47865994e+00  9.54788694e-02  2.88951852e+00  1.02267080e-01 -3.71419616e+05  1.05043693e+07 -3.17777305e+05  1.20495568e+07 -6.33272449e+04  3.83290149e+06 
 5.62341325e+01 -9.99999609e-01 -9.58898812e-06 -5.85900469e-01  1.45441696e-02  2.45982981e+00  9.41420985e-02  2.86866065e+00  1.00802219e-01 -3.66162329e+05  1.04184430e+07 -3.12910956e+05  1.19732057e+07 -6.20608007e+04  3.80959622e+06 
 5.62989117e+01 -9.99999614e-01 -9.50316360e-06 -5.88800605e-01  1.43561196e-02  2.44124453e+00  9.28318474e-02  2.84807505e+00  9.93665470e-02 -3.61013092e+05  1.03335740e+07 -3.08144453e+05  1.18978393e+07 -6.08220330e+04  3.78659474e+06 
 5.63637656e+01 -9.99999619e-01 -9.41837465e-06 -5.91666667e-01  1.41718071e-02  2.42289940e+00  9.15474293e-02  2.82775651e+00  9.79593067e-02 -3.55969062e+05  1.02497417e+07 -3.03475165e+05  1.18234388e+07 -5.96101908e+04  3.76389125e+06 
 5.64286941e+01 -9.99999624e-01 -9.33460166e-06 -5.94499318e-01  1.39911360e-02  2.40478986e+00  9.02881798e-02  2.80769995e+00  9.65797647e-02 -3.51027488e+05  1.01669264e+07 -2.98900550e+05  1.17499858e+07 -5.84245478e+04  3.74148008e+06 
 5.64936975e+01 -9.99999629e-01 -9.25182513e-06 -5.97299203e-01  1.38140134e-02  2.38691146e+00  8.90534553e-02  2.78790042e+00  9.52272108e-02 -3.46185707e+05  1.00851087e+07 -2.94418142e+05  1.16774624e+07 -5.72644015e+04  3.71935573e+06 
 5.65587757e+01 -9.99999634e-01 -9.17002620e-06 -6.00066952e-01  1.36403492e-02  2.36925983e+00  8.78426327e-02  2.76835308e+00  9.39009576e-02 -3.41441141e+05  1.00042696e+07 -2.90025559e+05  1.16058512e+07 -5.61290720e+04  3.69751282e+06 
 5.66239289e+01 -9.99999638e-01 -9.08918651e-06 -6.02803178e-01  1.34700563e-02  2.35183075e+00  8.66551083e-02  2.74905324e+00  9.26003392e-02 -3.36791293e+05  9.92439092e+06 -2.85720491e+05  1.15351350e+07 -5.50179015e+04  3.67594609e+06 
 5.66891572e+01 -9.99999643e-01 -9.00928796e-06 -6.05508481e-01  1.33030502e-02  2.33462009e+00  8.54902974e-02  2.72999630e+00  9.13247102e-02 -3.32233745e+05  9.84545455e+06 -2.81500702e+05  1.14652974e+07 -5.39302532e+04  3.65465044e+06 
 5.67544605e+01 -9.99999647e-01 -8.93031324e-06 -6.08183443e-01  1.31392489e-02  2.31762380e+00  8.43476331e-02  2.71117778e+00  9.00734457e-02 -3.27766156e+05  9.76744302e+06 -2.77364027e+05  1.13963220e+07 -5.28655106e+04  3.63362088e+06 
 5.68198392e+01 -9.99999652e-01 -8.85224512e-06 -6.10828635e-01  1.29785731e-02  2.30083797e+00  8.32265664e-02  2.69259331e+00  8.88459399e-02 -3.23386255e+05  9.69033926e+06 -2.73308366e+05  1.13281932e+07 -5.18230767e+04  3.61285253e+06 
 5.68852931e+01 -9.99999656e-01 -8.77506704e-06 -6.13444613e-01  1.28209459e-02  2.28425874e+00  8.21265649e-02  2.67423863e+00  8.76416053e-02 -3.19091844e+05  9.61412659e+06 -2.69331685e+05  1.12608954e+07 -5.08023732e+04  3.59234066e+06 
 5.69508224e+01 -9.99999660e-01 -8.69876254e-06 -6.16031920e-01  1.26662927e-02  2.26788239e+00  8.10471122e-02  2.65610958e+00  8.64598727e-02 -3.14880791e+05  9.53878876e+06 -2.65432015e+05  1.11944137e+07 -4.98028401e+04  3.57208062e+06 
 5.70164272e+01 -9.99999664e-01 -8.62331609e-06 -6.18591085e-01  1.25145411e-02  2.25170524e+00  7.99877079e-02  2.63820209e+00  8.53001899e-02 -3.10751030e+05  9.46430988e+06 -2.61607443e+05  1.11287334e+07 -4.88239348e+04  3.55206790e+06 
 5.70821076e+01 -9.99999668e-01 -8.54871183e-06 -6.21122625e-01  1.23656211e-02  2.23572374e+00  7.89478664e-02  2.62051221e+00  8.41620216e-02 -3.06700558e+05  9.39067445e+06 -2.57856117e+05  1.10638400e+07 -4.78651313e+04  3.53229808e+06 
 5.71478637e+01 -9.99999672e-01 -8.47493487e-06 -6.23627045e-01  1.22194646e-02  2.21993440e+00  7.79271167e-02  2.60303605e+00  8.30448482e-02 -3.02727431e+05  9.31786736e+06 -2.54176240e+05  1.09997197e+07 -4.69259199e+04  3.51276685e+06 
 5.72136955e+01 -9.99999676e-01 -8.40197026e-06 -6.26104839e-01  1.20760055e-02  2.20433382e+00  7.69250018e-02  2.58576986e+00  8.19481657e-02 -2.98829765e+05  9.24587381e+06 -2.50566070e+05  1.09363588e+07 -4.60058067e+04  3.49347001e+06 
 5.72796031e+01 -9.99999680e-01 -8.32980373e-06 -6.28556487e-01  1.19351798e-02  2.18891868e+00  7.59410783e-02  2.56870992e+00  8.08714852e-02 -2.95005732e+05  9.17467940e+06 -2.47023915e+05  1.08737439e+07 -4.51043125e+04  3.47440344e+06 
 5.73455867e+01 -9.99999684e-01 -8.25842108e-06 -6.30982461e-01  1.17969252e-02  2.17368573e+00  7.49749156e-02  2.55185265e+00  7.98143320e-02 -2.91253559e+05  9.10427001e+06 -2.43548136e+05  1.08118619e+07 -4.42209727e+04  3.45556313e+06 
 5.74116462e+01 -9.99999687e-01 -8.18780853e-06 -6.33383220e-01  1.16611814e-02  2.15863181e+00  7.40260959e-02  2.53519451e+00  7.87762453e-02 -2.87571522e+05  9.03463189e+06 -2.40137140e+05  1.07507003e+07 -4.33553369e+04  3.43694515e+06 
 5.74777819e+01 -9.99999691e-01 -8.11795275e-06 -6.35759212e-01  1.15278899e-02  2.14375381e+00  7.30942135e-02  2.51873207e+00  7.77567777e-02 -2.83957952e+05  8.96575158e+06 -2.36789381e+05  1.06902464e+07 -4.25069678e+04  3.41854569e+06 
 5.75439937e+01 -9.99999695e-01 -8.04884053e-06 -6.38110878e-01  1.13969935e-02  2.12904872e+00  7.21788742e-02  2.50246197e+00  7.67554948e-02 -2.80411226e+05  8.89761595e+06 -2.33503361e+05  1.06304882e+07 -4.16754414e+04  3.40036100e+06 
 5.76102819e+01 -9.99999698e-01 -7.98045892e-06 -6.40438645e-01  1.12684371e-02  2.11451358e+00  7.12796955e-02  2.48638093e+00  7.57719747e-02 -2.76929769e+05  8.83021215e+06 -2.30277622e+05  1.05714138e+07 -4.08603462e+04  3.38238741e+06 
 5.76766463e+01 -9.99999701e-01 -7.91279552e-06 -6.42742932e-01  1.11421669e-02  2.10014550e+00  7.03963056e-02  2.47048573e+00  7.48058077e-02 -2.73512051e+05  8.76352762e+06 -2.27110750e+05  1.05130116e+07 -4.00612828e+04  3.36462137e+06 
 5.77430873e+01 -9.99999705e-01 -7.84583796e-06 -6.45024151e-01  1.10181308e-02  2.08594164e+00  6.95283432e-02  2.45477324e+00  7.38565953e-02 -2.70156588e+05  8.69755010e+06 -2.24001371e+05  1.04552702e+07 -3.92778635e+04  3.34705936e+06 
 5.78096047e+01 -9.99999708e-01 -7.77957433e-06 -6.47282701e-01  1.08962780e-02  2.07189927e+00  6.86754573e-02  2.43924038e+00  7.29239509e-02 -2.66861935e+05  8.63226759e+06 -2.20948151e+05  1.03981786e+07 -3.85097117e+04  3.32969799e+06 
 5.78761988e+01 -9.99999711e-01 -7.71399283e-06 -6.49518974e-01  1.07765593e-02  2.05801566e+00  6.78373068e-02  2.42388417e+00  7.20074983e-02 -2.63626690e+05  8.56766836e+06 -2.17949792e+05  1.03417259e+07 -3.77564621e+04  3.31253390e+06 
 5.79428696e+01 -9.99999715e-01 -7.64908202e-06 -6.51733354e-01  1.06589266e-02  2.04428819e+00  6.70135601e-02  2.40870166e+00  7.11068720e-02 -2.60449492e+05  8.50374093e+06 -2.15005036e+05  1.02859015e+07 -3.70177596e+04  3.29556384e+06 
 5.80096173e+01 -9.99999718e-01 -7.58483066e-06 -6.53926215e-01  1.05433336e-02  2.03071427e+00  6.62038948e-02  2.39369000e+00  7.02217167e-02 -2.57329015e+05  8.44047410e+06 -2.12112657e+05  1.02306950e+07 -3.62932595e+04  3.27878461e+06 
 5.80764418e+01 -9.99999721e-01 -7.52122781e-06 -6.56097925e-01  1.04297348e-02  2.01729137e+00  6.54079974e-02  2.37884636e+00  6.93516868e-02 -2.54263973e+05  8.37785689e+06 -2.09271465e+05  1.01760963e+07 -3.55826267e+04  3.26219309e+06 
 5.81433432e+01 -9.99999724e-01 -7.45826270e-06 -6.58248841e-01  1.03180862e-02  2.00401703e+00  6.46255631e-02  2.36416802e+00  6.84964465e-02 -2.51253114e+05  8.31587856e+06 -2.06480303e+05  1.01220954e+07 -3.48855358e+04  3.24578623e+06 
 5.82103218e+01 -9.99999727e-01 -7.39592474e-06 -6.60379316e-01  1.02083449e-02  1.99088883e+00  6.38562952e-02  2.34965228e+00  6.76556689e-02 -2.48295221e+05  8.25452861e+06 -2.03738045e+05  1.00686827e+07 -3.42016706e+04  3.22956103e+06 
 5.82773775e+01 -9.99999730e-01 -7.33420387e-06 -6.62489692e-01  1.01004694e-02  1.97790440e+00  6.30999053e-02  2.33529652e+00  6.68290362e-02 -2.45389111e+05  8.19379676e+06 -2.01043599e+05  1.00158487e+07 -3.35307236e+04  3.21351457e+06 
 5.83445104e+01 -9.99999732e-01 -7.27308986e-06 -6.64580305e-01  9.99441898e-03  1.96506144e+00  6.23561128e-02  2.32109817e+00  6.60162390e-02 -2.42533633e+05  8.13367296e+06 -1.98395898e+05  9.96358401e+06 -3.28723961e+04  3.19764399e+06 
 5.84117207e+01 -9.99999735e-01 -7.21257288e-06 -6.66651486e-01  9.89015426e-03  1.95235767e+00  6.16246446e-02  2.30705471e+00  6.52169765e-02 -2.39727668e+05  8.07414737e+06 -1.95793909e+05  9.91187960e+06 -3.22263975e+04  3.18194649e+06 
 5.84790084e+01 -9.99999738e-01 -7.15264343e-06 -6.68703556e-01  9.78763681e-03  1.93979087e+00  6.09052348e-02  2.29316368e+00  6.44309558e-02 -2.36970125e+05  8.01521035e+06 -1.93236623e+05  9.86072655e+06 -3.15924455e+04  3.16641933e+06 
 5.85463736e+01 -9.99999741e-01 -7.09329191e-06 -6.70736830e-01  9.68682927e-03  1.92735889e+00  6.01976247e-02  2.27942267e+00  6.36578918e-02 -2.34259946e+05  7.95685248e+06 -1.90723062e+05  9.81011616e+06 -3.09702652e+04  3.15105983e+06 
 5.86138165e+01 -9.99999743e-01 -7.03450911e-06 -6.72751618e-01  9.58769524e-03  1.91505959e+00  5.95015625e-02  2.26582932e+00  6.28975071e-02 -2.31596099e+05  7.89906451e+06 -1.88252270e+05  9.76003987e+06 -3.03595897e+04  3.13586536e+06 
 5.86813370e+01 -9.99999746e-01 -6.97628610e-06 -6.74748222e-01  9.49019930e-03  1.90289090e+00  5.88168029e-02  2.25238132e+00  6.21495314e-02 -2.28977580e+05  7.84183740e+06 -1.85823320e+05  9.71048935e+06 -2.97601589e+04  3.12083335e+06 
 5.87489353e+01 -9.99999749e-01 -6.91861396e-06 -6.76726939e-01  9.39430693e-03  1.89085077e+00  5.81431071e-02  2.23907641e+00  6.14137019e-02 -2.26403411e+05  7.78516231e+06 -1.83435308e+05  9.66145642e+06 -2.91717201e+04  3.10596128e+06 
 5.88166114e+01 -9.99999751e-01 -6.86148394e-06 -6.78688058e-01  9.29998455e-03  1.87893722e+00  5.74802426e-02  2.22591236e+00  6.06897621e-02 -2.23872641e+05  7.72903056e+06 -1.81087354e+05  9.61293305e+06 -2.85940272e+04  3.09124668e+06 
 5.88843655e+01 -9.99999754e-01 -6.80488762e-06 -6.80631864e-01  9.20719943e-03  1.86714829e+00  5.68279828e-02  2.21288702e+00  5.99774627e-02 -2.21384344e+05  7.67343366e+06 -1.78778602e+05  9.56491140e+06 -2.80268409e+04  3.07668715e+06 
 5.89521977e+01 -9.99999756e-01 -6.74881676e-06 -6.82558635e-01  9.11591968e-03  1.85548206e+00  5.61861070e-02  2.19999825e+00  5.92765606e-02 -2.18937617e+05  7.61836328e+06 -1.76508217e+05  9.51738379e+06 -2.74699281e+04  3.06228031e+06 
 5.90201080e+01 -9.99999758e-01 -6.69326306e-06 -6.84468644e-01  9.02611424e-03  1.84393666e+00  5.55544002e-02  2.18724398e+00  5.85868188e-02 -2.16531582e+05  7.56381128e+06 -1.74275387e+05  9.47034269e+06 -2.69230621e+04  3.04802385e+06 
 5.90880966e+01 -9.99999761e-01 -6.63821862e-06 -6.86362160e-01  8.93775284e-03  1.83251025e+00  5.49326530e-02  2.17462215e+00  5.79080068e-02 -2.14165382e+05  7.50976967e+06 -1.72079320e+05  9.42378073e+06 -2.63860220e+04  3.03391550e+06 
 5.91561634e+01 -9.99999763e-01 -6.58367554e-06 -6.88239443e-01  8.85080599e-03  1.82120104e+00  5.43206610e-02  2.16213078e+00  5.72398996e-02 -2.11838184e+05  7.45623062e+06 -1.69919246e+05  9.37769066e+06 -2.58585929e+04  3.01995303e+06 
 5.92243087e+01 -9.99999765e-01 -6.52962626e-06 -6.90100751e-01  8.76524493e-03  1.81000726e+00  5.37182254e-02  2.14976791e+00  5.65822780e-02 -2.09549175e+05  7.40318647e+06 -1.67794412e+05  9.33206541e+06 -2.53405654e+04  3.00613426e+06 
 5.92925325e+01 -9.99999768e-01 -6.47606322e-06 -6.91946336e-01  8.68104164e-03  1.79892718e+00  5.31251520e-02  2.13753160e+00  5.59349285e-02 -2.07297563e+05  7.35062969e+06 -1.65704087e+05  9.28689804e+06 -2.48317356e+04  2.99245706e+06 
 5.93608348e+01 -9.99999770e-01 -6.42297897e-06 -6.93776445e-01  8.59816879e-03  1.78795911e+00  5.25412517e-02  2.12541999e+00  5.52976427e-02 -2.05082576e+05  7.29855293e+06 -1.63647556e+05  9.24218174e+06 -2.43319049e+04  2.97891933e+06 
 5.94292159e+01 -9.99999772e-01 -6.37036638e-06 -6.95591319e-01  8.51659975e-03  1.77710138e+00  5.19663402e-02  2.11343123e+00  5.46702175e-02 -2.02903463e+05  7.24694894e+06 -1.61624126e+05  9.19790985e+06 -2.38408800e+04  2.96551903e+06 
 5.94976757e+01 -9.99999774e-01 -6.31821831e-06 -6.97391196e-01  8.43630852e-03  1.76635237e+00  5.14002375e-02  2.10156351e+00  5.40524550e-02 -2.00759489e+05  7.19581067e+06 -1.59633117e+05  9.15407582e+06 -2.33584722e+04  2.95225413e+06 
 5.95662144e+01 -9.99999776e-01 -6.26652786e-06 -6.99176310e-01  8.35726977e-03  1.75571048e+00  5.08427683e-02  2.08981505e+00  5.34441621e-02 -1.98649941e+05  7.14513115e+06 -1.57673868e+05  9.11067325e+06 -2.28844980e+04  2.93912268e+06 
 5.96348320e+01 -9.99999778e-01 -6.21528815e-06 -7.00946888e-01  8.27945879e-03  1.74517415e+00  5.02937615e-02  2.07818411e+00  5.28451503e-02 -1.96574120e+05  7.09490358e+06 -1.55745735e+05  9.06769584e+06 -2.24187784e+04  2.92612272e+06 
 5.97035287e+01 -9.99999780e-01 -6.16449259e-06 -7.02703154e-01  8.20285147e-03  1.73474183e+00  4.97530501e-02  2.06666900e+00  5.22552359e-02 -1.94531347e+05  7.04512129e+06 -1.53848089e+05  9.02513744e+06 -2.19611390e+04  2.91325237e+06 
 5.97723045e+01 -9.99999782e-01 -6.11413461e-06 -7.04445328e-01  8.12742428e-03  1.72441203e+00  4.92204713e-02  2.05526804e+00  5.16742397e-02 -1.92520959e+05  6.99577773e+06 -1.51980317e+05  8.98299200e+06 -2.15114097e+04  2.90050977e+06 
 5.98411595e+01 -9.99999784e-01 -6.06420772e-06 -7.06173626e-01  8.05315427e-03  1.71418327e+00  4.86958662e-02  2.04397959e+00  5.11019868e-02 -1.90542309e+05  6.94686646e+06 -1.50141822e+05  8.94125359e+06 -2.10694249e+04  2.88789309e+06 
 5.99100939e+01 -9.99999786e-01 -6.01470566e-06 -7.07888259e-01  7.98001905e-03  1.70405410e+00  4.81790798e-02  2.03280205e+00  5.05383064e-02 -1.88594766e+05  6.89838120e+06 -1.48332019e+05  8.89991639e+06 -2.06350228e+04  2.87540054e+06 
 5.99791076e+01 -9.99999788e-01 -5.96562225e-06 -7.09589434e-01  7.90799674e-03  1.69402310e+00  4.76699607e-02  2.02173382e+00  4.99830320e-02 -1.86677714e+05  6.85031575e+06 -1.46550340e+05  8.85897470e+06 -2.02080461e+04  2.86303038e+06 
 6.00482009e+01 -9.99999790e-01 -5.91695147e-06 -7.11277356e-01  7.83706602e-03  1.68408887e+00  4.71683611e-02  2.01077337e+00  4.94360010e-02 -1.84790553e+05  6.80266406e+06 -1.44796228e+05  8.81842293e+06 -1.97883409e+04  2.85078087e+06 
 6.01173737e+01 -9.99999792e-01 -5.86868723e-06 -7.12952224e-01  7.76720606e-03  1.67425005e+00  4.66741369e-02  1.99991918e+00  4.88970547e-02 -1.82932697e+05  6.75542016e+06 -1.43069143e+05  8.77825557e+06 -1.93757575e+04  2.83865033e+06 
 6.01866263e+01 -9.99999794e-01 -5.82082382e-06 -7.14614234e-01  7.69839651e-03  1.66450529e+00  4.61871473e-02  1.98916975e+00  4.83660381e-02 -1.81103573e+05  6.70857823e+06 -1.41368555e+05  8.73846725e+06 -1.89701497e+04  2.82663709e+06 
 6.02559586e+01 -9.99999796e-01 -5.77335547e-06 -7.16263579e-01  7.63061752e-03  1.65485328e+00  4.57072548e-02  1.97852363e+00  4.78427999e-02 -1.79302623e+05  6.66213252e+06 -1.39693947e+05  8.69905267e+06 -1.85713749e+04  2.81473955e+06 
 6.03253708e+01 -9.99999797e-01 -5.72627653e-06 -7.17900448e-01  7.56384970e-03  1.64529272e+00  4.52343251e-02  1.96797937e+00  4.73271925e-02 -1.77529302e+05  6.61607742e+06 -1.38044816e+05  8.66000665e+06 -1.81792939e+04  2.80295608e+06 
 6.03948629e+01 -9.99999799e-01 -5.67958151e-06 -7.19525026e-01  7.49807411e-03  1.63582236e+00  4.47682271e-02  1.95753557e+00  4.68190714e-02 -1.75783077e+05  6.57040739e+06 -1.36420670e+05  8.62132408e+06 -1.77937712e+04  2.79128514e+06 
 6.04644351e+01 -9.99999801e-01 -5.63326492e-06 -7.21137497e-01  7.43327225e-03  1.62644093e+00  4.43088327e-02  1.94719085e+00  4.63182959e-02 -1.74063430e+05  6.52511702e+06 -1.34821027e+05  8.58299997e+06 -1.74146741e+04  2.77972519e+06 
 6.05340875e+01 -9.99999803e-01 -5.58732154e-06 -7.22738038e-01  7.36942607e-03  1.61714721e+00  4.38560169e-02  1.93694384e+00  4.58247282e-02 -1.72369851e+05  6.48020099e+06 -1.33245419e+05  8.54502942e+06 -1.70418734e+04  2.76827470e+06 
 6.06038201e+01 -9.99999804e-01 -5.54174602e-06 -7.24326826e-01  7.30651789e-03  1.60794002e+00  4.34096574e-02  1.92679322e+00  4.53382339e-02 -1.70701846e+05  6.43565406e+06 -1.31693388e+05  8.50740759e+06 -1.66752430e+04  2.75693221e+06 
 6.06736330e+01 -9.99999806e-01 -5.49653333e-06 -7.25904034e-01  7.24453048e-03  1.59881816e+00  4.29696347e-02  1.91673768e+00  4.48586815e-02 -1.69058931e+05  6.39147111e+06 -1.30164486e+05  8.47012977e+06 -1.63146598e+04  2.74569626e+06 
 6.07435263e+01 -9.99999808e-01 -5.45167839e-06 -7.27469830e-01  7.18344699e-03  1.58978049e+00  4.25358322e-02  1.90677593e+00  4.43859428e-02 -1.67440632e+05  6.34764710e+06 -1.28658275e+05  8.43319130e+06 -1.59600034e+04  2.73456541e+06 
 6.08135001e+01 -9.99999809e-01 -5.40717630e-06 -7.29024382e-01  7.12325094e-03  1.58082585e+00  4.21081359e-02  1.89690670e+00  4.39198922e-02 -1.65846488e+05  6.30417708e+06 -1.27174328e+05  8.39658762e+06 -1.56111565e+04  2.72353827e+06 
 6.08835546e+01 -9.99999811e-01 -5.36302204e-06 -7.30567853e-01  7.06392623e-03  1.57195315e+00  4.16864342e-02  1.88712877e+00  4.34604071e-02 -1.64276048e+05  6.26105618e+06 -1.25712229e+05  8.36031425e+06 -1.52680044e+04  2.71261345e+06 
 6.09536897e+01 -9.99999812e-01 -5.31921106e-06 -7.32100404e-01  7.00545714e-03  1.56316128e+00  4.12706183e-02  1.87744090e+00  4.30073677e-02 -1.62728869e+05  6.21827964e+06 -1.24271569e+05  8.32436680e+06 -1.49304354e+04  2.70178961e+06 
 6.10239057e+01 -9.99999814e-01 -5.27573846e-06 -7.33622193e-01  6.94782829e-03  1.55444916e+00  4.08605815e-02  1.86784192e+00  4.25606569e-02 -1.61204522e+05  6.17584276e+06 -1.22851949e+05  8.28874093e+06 -1.45983399e+04  2.69106542e+06 
 6.10942025e+01 -9.99999815e-01 -5.23259976e-06 -7.35133375e-01  6.89102463e-03  1.54581574e+00  4.04562199e-02  1.85833063e+00  4.21201601e-02 -1.59702585e+05  6.13374093e+06 -1.21452981e+05  8.25343240e+06 -1.42716114e+04  2.68043957e+06 
 6.11645803e+01 -9.99999817e-01 -5.18979036e-06 -7.36634103e-01  6.83503147e-03  1.53725997e+00  4.00574315e-02  1.84890589e+00  4.16857653e-02 -1.58222646e+05  6.09196963e+06 -1.20074284e+05  8.21843704e+06 -1.39501454e+04  2.66991077e+06 
 6.12350392e+01 -9.99999818e-01 -5.14730587e-06 -7.38124527e-01  6.77983443e-03  1.52878084e+00  3.96641168e-02  1.83956657e+00  4.12573630e-02 -1.56764303e+05  6.05052440e+06 -1.18715485e+05  8.18375075e+06 -1.36338401e+04  2.65947777e+06 
 6.13055792e+01 -9.99999820e-01 -5.10514190e-06 -7.39604794e-01  6.72541945e-03  1.52037735e+00  3.92761785e-02  1.83031155e+00  4.08348462e-02 -1.55327163e+05  6.00940089e+06 -1.17376221e+05  8.14936950e+06 -1.33225959e+04  2.64913933e+06 
 6.13762005e+01 -9.99999821e-01 -5.06329414e-06 -7.41075050e-01  6.67177279e-03  1.51204850e+00  3.88935212e-02  1.82113973e+00  4.04181102e-02 -1.53910840e+05  5.96859478e+06 -1.16056135e+05  8.11528935e+06 -1.30163157e+04  2.63889424e+06 
 6.14469032e+01 -9.99999822e-01 -5.02175834e-06 -7.42535436e-01  6.61888099e-03  1.50379333e+00  3.85160520e-02  1.81205004e+00  4.00070525e-02 -1.52514958e+05  5.92810187e+06 -1.14754881e+05  8.08150639e+06 -1.27149042e+04  2.62874130e+06 
 6.15176873e+01 -9.99999824e-01 -4.98053041e-06 -7.43986093e-01  6.56673090e-03  1.49561088e+00  3.81436795e-02  1.80304143e+00  3.96015729e-02 -1.51139151e+05  5.88791799e+06 -1.13472118e+05  8.04801681e+06 -1.24182687e+04  2.61867933e+06 
 6.15885529e+01 -9.99999825e-01 -4.93960619e-06 -7.45427158e-01  6.51530965e-03  1.48750023e+00  3.77763148e-02  1.79411285e+00  3.92015734e-02 -1.49783057e+05  5.84803907e+06 -1.12207514e+05  8.01481685e+06 -1.21263184e+04  2.60870718e+06 
 6.16595002e+01 -9.99999827e-01 -4.89898176e-06 -7.46858768e-01  6.46460465e-03  1.47946044e+00  3.74138706e-02  1.78526329e+00  3.88069582e-02 -1.48446326e+05  5.80846111e+06 -1.10960743e+05  7.98190282e+06 -1.18389645e+04  2.59882372e+06 
 6.17305292e+01 -9.99999828e-01 -4.85865311e-06 -7.48281054e-01  6.41460357e-03  1.47149062e+00  3.70562615e-02  1.77649173e+00  3.84176333e-02 -1.47128613e+05  5.76918015e+06 -1.09731487e+05  7.94927109e+06 -1.15561203e+04  2.58902783e+06 
 6.18016400e+01 -9.99999829e-01 -4.81861642e-06 -7.49694149e-01  6.36529437e-03  1.46358988e+00  3.67034041e-02  1.76779720e+00  3.80335071e-02 -1.45829581e+05  5.73019232e+06 -1.08519434e+05  7.91691810e+06 -1.12777009e+04  2.57931841e+06 
 6.18728328e+01 -9.99999830e-01 -4.77886780e-06 -7.51098181e-01  6.31666524e-03  1.45575734e+00  3.63552165e-02  1.75917872e+00  3.76544895e-02 -1.44548902e+05  5.69149381e+06 -1.07324280e+05  7.88484033e+06 -1.10036235e+04  2.56969439e+06 
 6.19441075e+01 -9.99999832e-01 -4.73940358e-06 -7.52493277e-01  6.26870463e-03  1.44799214e+00  3.60116188e-02  1.75063533e+00  3.72804928e-02 -1.43286252e+05  5.65308088e+06 -1.06145728e+05  7.85303435e+06 -1.07338069e+04  2.56015471e+06 
 6.20154644e+01 -9.99999833e-01 -4.70022002e-06 -7.53879560e-01  6.22140125e-03  1.44029344e+00  3.56725327e-02  1.74216611e+00  3.69114307e-02 -1.42041316e+05  5.61494984e+06 -1.04983485e+05  7.82149674e+06 -1.04681719e+04  2.55069833e+06 
 6.20869034e+01 -9.99999834e-01 -4.66131354e-06 -7.55257156e-01  6.17474401e-03  1.43266041e+00  3.53378815e-02  1.73377013e+00  3.65472191e-02 -1.40813786e+05  5.57709706e+06 -1.03837267e+05  7.79022420e+06 -1.02066409e+04  2.54132422e+06 
 6.21584248e+01 -9.99999835e-01 -4.62268048e-06 -7.56626182e-01  6.12872211e-03  1.42509222e+00  3.50075902e-02  1.72544647e+00  3.61877754e-02 -1.39603361e+05  5.53951897e+06 -1.02706793e+05  7.75921342e+06 -9.94913810e+03  2.53203137e+06 
 6.22300285e+01 -9.99999837e-01 -4.58431745e-06 -7.57986760e-01  6.08332491e-03  1.41758809e+00  3.46815852e-02  1.71719426e+00  3.58330188e-02 -1.38409743e+05  5.50221209e+06 -1.01591791e+05  7.72846120e+06 -9.69558928e+03  2.52281880e+06 
 6.23017147e+01 -9.99999838e-01 -4.54622091e-06 -7.59339005e-01  6.03854205e-03  1.41014720e+00  3.43597946e-02  1.70901261e+00  3.54828704e-02 -1.37232644e+05  5.46517294e+06 -1.00491993e+05  7.69796435e+06 -9.44592186e+03  2.51368552e+06 
 6.23734835e+01 -9.99999839e-01 -4.50838752e-06 -7.60683032e-01  5.99436335e-03  1.40276880e+00  3.40421480e-02  1.70090065e+00  3.51372526e-02 -1.36071781e+05  5.42839815e+06 -9.94071371e+04  7.66771977e+06 -9.20006485e+03  2.50463059e+06 
 6.24453350e+01 -9.99999840e-01 -4.47081396e-06 -7.62018955e-01  5.95077885e-03  1.39545211e+00  3.37285763e-02  1.69285755e+00  3.47960895e-02 -1.34926876e+05  5.39188436e+06 -9.83369669e+04  7.63772437e+06 -8.95794877e+03  2.49565306e+06 
 6.25172693e+01 -9.99999841e-01 -4.43349685e-06 -7.63346884e-01  5.90777880e-03  1.38819638e+00  3.34190119e-02  1.68488246e+00  3.44593070e-02 -1.33797659e+05  5.35562831e+06 -9.72812313e+04  7.60797514e+06 -8.71950566e+03  2.48675201e+06 
 6.25892864e+01 -9.99999842e-01 -4.39643304e-06 -7.64666931e-01  5.86535364e-03  1.38100087e+00  3.31133886e-02  1.67697457e+00  3.41268323e-02 -1.32683862e+05  5.31962675e+06 -9.62396845e+04  7.57846912e+06 -8.48466899e+03  2.47792651e+06 
 6.26613865e+01 -9.99999843e-01 -4.35961931e-06 -7.65979202e-01  5.82349401e-03  1.37386485e+00  3.28116416e-02  1.66913305e+00  3.37985940e-02 -1.31585226e+05  5.28387651e+06 -9.52120856e+04  7.54920337e+06 -8.25337366e+03  2.46917568e+06 
 6.27335696e+01 -9.99999845e-01 -4.32305254e-06 -7.67283804e-01  5.78219075e-03  1.36678760e+00  3.25137073e-02  1.66135713e+00  3.34745224e-02 -1.30501495e+05  5.24837446e+06 -9.41981991e+04  7.52017503e+06 -8.02555597e+03  2.46049863e+06 
 6.28058359e+01 -9.99999846e-01 -4.28672968e-06 -7.68580841e-01  5.74143487e-03  1.35976843e+00  3.22195234e-02  1.65364602e+00  3.31545490e-02 -1.29432420e+05  5.21311751e+06 -9.31977938e+04  7.49138126e+06 -7.80115354e+03  2.45189449e+06 
 6.28781854e+01 -9.99999847e-01 -4.25064766e-06 -7.69870417e-01  5.70121757e-03  1.35280663e+00  3.19290289e-02  1.64599894e+00  3.28386069e-02 -1.28377757e+05  5.17810263e+06 -9.22106437e+04  7.46281928e+06 -7.58010532e+03  2.44336241e+06 
 6.29506183e+01 -9.99999848e-01 -4.21480345e-06 -7.71152633e-01  5.66153023e-03  1.34590152e+00  3.16421641e-02  1.63841515e+00  3.25266304e-02 -1.27337266e+05  5.14332685e+06 -9.12365270e+04  7.43448636e+06 -7.36235157e+03  2.43490155e+06 
 6.30231346e+01 -9.99999849e-01 -4.17919424e-06 -7.72427589e-01  5.62236439e-03  1.33905243e+00  3.13588704e-02  1.63089388e+00  3.22185550e-02 -1.26310711e+05  5.10878722e+06 -9.02752269e+04  7.40637978e+06 -7.14783375e+03  2.42651107e+06 
 6.30957344e+01 -9.99999850e-01 -4.14381702e-06 -7.73695383e-01  5.58371178e-03  1.33225870e+00  3.10790903e-02  1.62343441e+00  3.19143177e-02 -1.25297864e+05  5.07448086e+06 -8.93265305e+04  7.37849691e+06 -6.93649459e+03  2.41819018e+06 
 6.31684179e+01 -9.99999851e-01 -4.10866897e-06 -7.74956113e-01  5.54556426e-03  1.32551968e+00  3.08027676e-02  1.61603603e+00  3.16138568e-02 -1.24298498e+05  5.04040491e+06 -8.83902296e+04  7.35083513e+06 -6.72827799e+03  2.40993805e+06 
 6.32411851e+01 -9.99999852e-01 -4.07374736e-06 -7.76209873e-01  5.50791390e-03  1.31883472e+00  3.05298470e-02  1.60869800e+00  3.13171115e-02 -1.23312394e+05  5.00655658e+06 -8.74661198e+04  7.32339186e+06 -6.52312901e+03  2.40175391e+06 
 6.33140362e+01 -9.99999853e-01 -4.03904932e-06 -7.77456758e-01  5.47075288e-03  1.31220319e+00  3.02602746e-02  1.60141964e+00  3.10240225e-02 -1.22339334e+05  4.97293310e+06 -8.65540012e+04  7.29616458e+06 -6.32099386e+03  2.39363698e+06 
 6.33869711e+01 -9.99999854e-01 -4.00457216e-06 -7.78696860e-01  5.43407356e-03  1.30562448e+00  2.99939972e-02  1.59420025e+00  3.07345316e-02 -1.21379107e+05  4.93953176e+06 -8.56536776e+04  7.26915079e+06 -6.12181983e+03  2.38558649e+06 
 6.34599901e+01 -9.99999855e-01 -3.97031326e-06 -7.79930271e-01  5.39786844e-03  1.29909797e+00  2.97309629e-02  1.58703917e+00  3.04485817e-02 -1.20431504e+05  4.90634988e+06 -8.47649567e+04  7.24234804e+06 -5.92555533e+03  2.37760169e+06 
 6.35330932e+01 -9.99999856e-01 -3.93626993e-06 -7.81157080e-01  5.36213018e-03  1.29262306e+00  2.94711208e-02  1.57993571e+00  3.01661167e-02 -1.19496322e+05  4.87338483e+06 -8.38876503e+04  7.21575391e+06 -5.73214979e+03  2.36968184e+06 
 6.36062805e+01 -9.99999856e-01 -3.90243960e-06 -7.82377377e-01  5.32685156e-03  1.28619915e+00  2.92144208e-02  1.57288921e+00  2.98870818e-02 -1.18573362e+05  4.84063401e+06 -8.30215736e+04  7.18936603e+06 -5.54155369e+03  2.36182621e+06 
 6.36795521e+01 -9.99999857e-01 -3.86881968e-06 -7.83591248e-01  5.29202552e-03  1.27982567e+00  2.89608139e-02  1.56589905e+00  2.96114231e-02 -1.17662428e+05  4.80809487e+06 -8.21665455e+04  7.16318204e+06 -5.35371850e+03  2.35403408e+06 
 6.37529081e+01 -9.99999858e-01 -3.83540771e-06 -7.84798779e-01  5.25764512e-03  1.27350203e+00  2.87102520e-02  1.55896456e+00  2.93390879e-02 -1.16763327e+05  4.77576489e+06 -8.13223886e+04  7.13719966e+06 -5.16859668e+03  2.34630474e+06 
 6.38263486e+01 -9.99999859e-01 -3.80220118e-06 -7.86000056e-01  5.22370357e-03  1.26722766e+00  2.84626880e-02  1.55208513e+00  2.90700244e-02 -1.15875872e+05  4.74364159e+06 -8.04889288e+04  7.11141659e+06 -4.98614165e+03  2.33863750e+06 
 6.38998737e+01 -9.99999860e-01 -3.76919758e-06 -7.87195161e-01  5.19019420e-03  1.26100202e+00  2.82180757e-02  1.54526014e+00  2.88041818e-02 -1.14999878e+05  4.71172252e+06 -7.96659955e+04  7.08583061e+06 -4.80630776e+03  2.33103167e+06 
 6.39734835e+01 -9.99999861e-01 -3.73639463e-06 -7.88384178e-01  5.15711046e-03  1.25482455e+00  2.79763695e-02  1.53848897e+00  2.85415102e-02 -1.14135164e+05  4.68000529e+06 -7.88534212e+04  7.06043951e+06 -4.62905027e+03  2.32348657e+06 
 6.40471782e+01 -9.99999862e-01 -3.70378984e-06 -7.89567187e-01  5.12444595e-03  1.24869470e+00  2.77375251e-02  1.53177103e+00  2.82819609e-02 -1.13281552e+05  4.64848751e+06 -7.80510420e+04  7.03524112e+06 -4.45432535e+03  2.31600155e+06 
 6.41209577e+01 -9.99999863e-01 -3.67138097e-06 -7.90744269e-01  5.09219437e-03  1.24261196e+00  2.75014988e-02  1.52510572e+00  2.80254858e-02 -1.12438870e+05  4.61716686e+06 -7.72586968e+04  7.01023331e+06 -4.28209002e+03  2.30857594e+06 
 6.41948222e+01 -9.99999863e-01 -3.63916561e-06 -7.91915502e-01  5.06034954e-03  1.23657578e+00  2.72682476e-02  1.51849246e+00  2.77720379e-02 -1.11606945e+05  4.58604103e+06 -7.64762278e+04  6.98541395e+06 -4.11230216e+03  2.30120910e+06 
 6.42687717e+01 -9.99999864e-01 -3.60714156e-06 -7.93080964e-01  5.02890541e-03  1.23058565e+00  2.70377297e-02  1.51193069e+00  2.75215710e-02 -1.10785612e+05  4.55510775e+06 -7.57034801e+04  6.96078099e+06 -3.94492048e+03  2.29390039e+06 
 6.43428065e+01 -9.99999865e-01 -3.57530664e-06 -7.94240732e-01  4.99785603e-03  1.22464107e+00  2.68099036e-02  1.50541982e+00  2.72740399e-02 -1.09974705e+05  4.52436479e+06 -7.49403018e+04  6.93633237e+06 -3.77990450e+03  2.28664918e+06 
 6.44169266e+01 -9.99999866e-01 -3.54365847e-06 -7.95394882e-01  4.96719555e-03  1.21874152e+00  2.65847289e-02  1.49895931e+00  2.70294000e-02 -1.09174063e+05  4.49380995e+06 -7.41865439e+04  6.91206608e+06 -3.61721455e+03  2.27945486e+06 
 6.44911320e+01 -9.99999867e-01 -3.51219504e-06 -7.96543488e-01  4.93691827e-03  1.21288652e+00  2.63621658e-02  1.49254860e+00  2.67876079e-02 -1.08383528e+05  4.46344105e+06 -7.34420602e+04  6.88798014e+06 -3.45681170e+03  2.27231683e+06 
 6.45654229e+01 -9.99999867e-01 -3.48091416e-06 -7.97686624e-01  4.90701856e-03  1.20707558e+00  2.61421754e-02  1.48618716e+00  2.65486206e-02 -1.07602946e+05  4.43325595e+06 -7.27067071e+04  6.86407259e+06 -3.29865782e+03  2.26523447e+06 
 6.46397994e+01 -9.99999868e-01 -3.44981373e-06 -7.98824362e-01  4.87749090e-03  1.20130821e+00  2.59247194e-02  1.47987445e+00  2.63123962e-02 -1.06832164e+05  4.40325255e+06 -7.19803441e+04  6.84034150e+06 -3.14271548e+03  2.25820721e+06 
 6.47142616e+01 -9.99999869e-01 -3.41889159e-06 -7.99956774e-01  4.84832989e-03  1.19558394e+00  2.57097601e-02  1.47360995e+00  2.60788933e-02 -1.06071033e+05  4.37342877e+06 -7.12628328e+04  6.81678497e+06 -2.98894801e+03  2.25123445e+06 
 6.47888095e+01 -9.99999870e-01 -3.38814581e-06 -8.01083931e-01  4.81953020e-03  1.18990230e+00  2.54972607e-02  1.46739313e+00  2.58480715e-02 -1.05319406e+05  4.34378255e+06 -7.05540379e+04  6.79340113e+06 -2.83731941e+03  2.24431563e+06 
 6.48634434e+01 -9.99999870e-01 -3.35757429e-06 -8.02205902e-01  4.79108662e-03  1.18426284e+00  2.52871850e-02  1.46122349e+00  2.56198911e-02 -1.04577140e+05  4.31431188e+06 -6.98538261e+04  6.77018813e+06 -2.68779442e+03  2.23745018e+06 
 6.49381632e+01 -9.99999871e-01 -3.32717505e-06 -8.03322756e-01  4.76299403e-03  1.17866509e+00  2.50794973e-02  1.45510052e+00  2.53943129e-02 -1.03844093e+05  4.28501477e+06 -6.91620671e+04  6.74714416e+06 -2.54033840e+03  2.23063755e+06 
 6.50129690e+01 -9.99999872e-01 -3.29694615e-06 -8.04434561e-01  4.73524740e-03  1.17310862e+00  2.48741628e-02  1.44902374e+00  2.51712988e-02 -1.03120128e+05  4.25588924e+06 -6.84786325e+04  6.72426743e+06 -2.39491740e+03  2.22387717e+06 
 6.50878611e+01 -9.99999873e-01 -3.26688559e-06 -8.05541383e-01  4.70784179e-03  1.16759298e+00  2.46711471e-02  1.44299264e+00  2.49508109e-02 -1.02405107e+05  4.22693337e+06 -6.78033966e+04  6.70155616e+06 -2.25149813e+03  2.21716853e+06 
 6.51628394e+01 -9.99999873e-01 -3.23699155e-06 -8.06643289e-01  4.68077236e-03  1.16211773e+00  2.44704166e-02  1.43700675e+00  2.47328125e-02 -1.01698898e+05  4.19814524e+06 -6.71362360e+04  6.67900861e+06 -2.11004791e+03  2.21051107e+06 
 6.52379041e+01 -9.99999874e-01 -3.20726207e-06 -8.07740343e-01  4.65403434e-03  1.15668245e+00  2.42719382e-02  1.43106559e+00  2.45172671e-02 -1.01001369e+05  4.16952297e+06 -6.64770292e+04  6.65662308e+06 -1.97053467e+03  2.20390428e+06 
 6.53130553e+01 -9.99999875e-01 -3.17769533e-06 -8.08832611e-01  4.62762307e-03  1.15128671e+00  2.40756794e-02  1.42516870e+00  2.43041392e-02 -1.00312393e+05  4.14106471e+06 -6.58256574e+04  6.63439785e+06 -1.83292696e+03  2.19734764e+06 
 6.53882930e+01 -9.99999875e-01 -3.14828948e-06 -8.09920155e-01  4.60153394e-03  1.14593010e+00  2.38816083e-02  1.41931561e+00  2.40933937e-02 -9.96318416e+04  4.11276862e+06 -6.51820036e+04  6.61233127e+06 -1.69719392e+03  2.19084063e+06 
 6.54636174e+01 -9.99999876e-01 -3.11904272e-06 -8.11003038e-01  4.57576245e-03  1.14061221e+00  2.36896935e-02  1.41350586e+00  2.38849963e-02 -9.89595922e+04  4.08463290e+06 -6.45459530e+04  6.59042169e+06 -1.56330527e+03  2.18438275e+06 
 6.55390286e+01 -9.99999877e-01 -3.08995327e-06 -8.12081322e-01  4.55030417e-03  1.13533263e+00  2.34999044e-02  1.40773902e+00  2.36789132e-02 -9.82955226e+04  4.05665577e+06 -6.39173931e+04  6.56866749e+06 -1.43123127e+03  2.17797352e+06 
 6.56145266e+01 -9.99999877e-01 -3.06101936e-06 -8.13155068e-01  4.52515475e-03  1.13009095e+00  2.33122105e-02  1.40201463e+00  2.34751112e-02 -9.76395133e+04  4.02883546e+06 -6.32962129e+04  6.54706706e+06 -1.30094278e+03  2.17161242e+06 
 6.56901116e+01 -9.99999878e-01 -3.03223926e-06 -8.14224336e-01  4.50030991e-03  1.12488680e+00  2.31265823e-02  1.39633226e+00  2.32735577e-02 -9.69914469e+04  4.00117024e+06 -6.26823040e+04  6.52561883e+06 -1.17241114e+03  2.16529900e+06 
 6.57657837e+01 -9.99999879e-01 -3.00361127e-06 -8.15289186e-01  4.47576546e-03  1.11971978e+00  2.29429905e-02  1.39069147e+00  2.30742206e-02 -9.63512080e+04  3.97365841e+06 -6.20755595e+04  6.50432125e+06 -1.04560828e+03  2.15903276e+06 
 6.58415430e+01 -9.99999879e-01 -2.97513368e-06 -8.16349675e-01  4.45151727e-03  1.11458950e+00  2.27614064e-02  1.38509185e+00  2.28770686e-02 -9.57186833e+04  3.94629828e+06 -6.14758746e+04  6.48317276e+06 -9.20506605e+02  2.15281325e+06 
 6.59173895e+01 -9.99999880e-01 -2.94680483e-06 -8.17405863e-01  4.42756128e-03  1.10949558e+00  2.25818018e-02  1.37953298e+00  2.26820707e-02 -9.50937616e+04  3.91908818e+06 -6.08831462e+04  6.46217188e+06 -7.97079041e+02  2.14663999e+06 
 6.59933234e+01 -9.99999881e-01 -2.91862311e-06 -8.18457807e-01  4.40389352e-03  1.10443767e+00  2.24041491e-02  1.37401444e+00  2.24891964e-02 -9.44763337e+04  3.89202647e+06 -6.02972733e+04  6.44131709e+06 -6.75299009e+02  2.14051253e+06 
 6.60693448e+01 -9.99999881e-01 -2.89058686e-06 -8.19505562e-01  4.38051008e-03  1.09941537e+00  2.22284210e-02  1.36853582e+00  2.22984161e-02 -9.38662921e+04  3.86511154e+06 -5.97181563e+04  6.42060693e+06 -5.55140417e+02  2.13443042e+06 
 6.61454537e+01 -9.99999882e-01 -2.86269449e-06 -8.20549185e-01  4.35740710e-03  1.09442834e+00  2.20545907e-02  1.36309673e+00  2.21097002e-02 -9.32635313e+04  3.83834177e+06 -5.91456977e+04  6.40003994e+06 -4.36577643e+02  2.12839322e+06 
 6.62216504e+01 -9.99999882e-01 -2.83494441e-06 -8.21588731e-01  4.33458080e-03  1.08947622e+00  2.18826320e-02  1.35769676e+00  2.19230200e-02 -9.26679478e+04  3.81171560e+06 -5.85798015e+04  6.37961470e+06 -3.19585532e+02  2.12240048e+06 
 6.62979348e+01 -9.99999883e-01 -2.80733509e-06 -8.22624254e-01  4.31202749e-03  1.08455865e+00  2.17125190e-02  1.35233553e+00  2.17383471e-02 -9.20794398e+04  3.78523147e+06 -5.80203734e+04  6.35932978e+06 -2.04139385e+02  2.11645179e+06 
 6.63743070e+01 -9.99999884e-01 -2.77986496e-06 -8.23655808e-01  4.28974349e-03  1.07967528e+00  2.15442264e-02  1.34701265e+00  2.15556537e-02 -9.14979071e+04  3.75888784e+06 -5.74673208e+04  6.33918380e+06 -9.02149446e+01  2.11054671e+06 
 6.64507673e+01 -9.99999884e-01 -2.75253254e-06 -8.24683446e-01  4.26772523e-03  1.07482578e+00  2.13777290e-02  1.34172774e+00  2.13749123e-02 -9.09232515e+04  3.73268320e+06 -5.69205526e+04  6.31917538e+06  2.22116078e+01  2.10468482e+06 
 6.65273156e+01 -9.99999885e-01 -2.72533627e-06 -8.25707221e-01  4.24596918e-03  1.07000979e+00  2.12130024e-02  1.33648042e+00  2.11960961e-02 -9.03553765e+04  3.70661604e+06 -5.63799795e+04  6.29930315e+06  1.33163666e+02  2.09886570e+06 
 6.66039521e+01 -9.99999885e-01 -2.69827474e-06 -8.26727184e-01  4.22447188e-03  1.06522699e+00  2.10500225e-02  1.33127032e+00  2.10191785e-02 -8.97941870e+04  3.68068489e+06 -5.58455134e+04  6.27956579e+06  2.42664206e+02  2.09308896e+06 
 6.66806769e+01 -9.99999886e-01 -2.67134645e-06 -8.27743387e-01  4.20322991e-03  1.06047704e+00  2.08887655e-02  1.32609709e+00  2.08441336e-02 -8.92395899e+04  3.65488830e+06 -5.53170680e+04  6.25996197e+06  3.50735793e+02  2.08735418e+06 
 6.67574901e+01 -9.99999886e-01 -2.64454998e-06 -8.28755880e-01  4.18223992e-03  1.05575963e+00  2.07292080e-02  1.32096035e+00  2.06709358e-02 -8.86914933e+04  3.62922482e+06 -5.47945584e+04  6.24049038e+06  4.57400595e+02  2.08166096e+06 
 6.68343918e+01 -9.99999887e-01 -2.61788388e-06 -8.29764714e-01  4.16149863e-03  1.05107442e+00  2.05713272e-02  1.31585975e+00  2.04995599e-02 -8.81498072e+04  3.60369303e+06 -5.42779011e+04  6.22114974e+06  5.62680386e+02  2.07600892e+06 
 6.69113820e+01 -9.99999887e-01 -2.59134679e-06 -8.30769937e-01  4.14100280e-03  1.04642110e+00  2.04151004e-02  1.31079494e+00  2.03299811e-02 -8.76144429e+04  3.57829153e+06 -5.37670139e+04  6.20193878e+06  6.66596557e+02  2.07039767e+06 
 6.69884609e+01 -9.99999888e-01 -2.56493728e-06 -8.31771598e-01  4.12074923e-03  1.04179936e+00  2.02605054e-02  1.30576557e+00  2.01621752e-02 -8.70853135e+04  3.55301894e+06 -5.32618163e+04  6.18285625e+06  7.69170120e+02  2.06482683e+06 
 6.70656287e+01 -9.99999888e-01 -2.53865399e-06 -8.32769747e-01  4.10073480e-03  1.03720889e+00  2.01075205e-02  1.30077131e+00  1.99961182e-02 -8.65623333e+04  3.52787389e+06 -5.27622289e+04  6.16390090e+06  8.70421723e+02  2.05929601e+06 
 6.71428853e+01 -9.99999889e-01 -2.51249560e-06 -8.33764429e-01  4.08095644e-03  1.03264938e+00  1.99561242e-02  1.29581180e+00  1.98317865e-02 -8.60454182e+04  3.50285502e+06 -5.22681738e+04  6.14507152e+06  9.70371650e+02  2.05380485e+06 
 6.72202309e+01 -9.99999889e-01 -2.48646073e-06 -8.34755693e-01  4.06141111e-03  1.02812054e+00  1.98062954e-02  1.29088673e+00  1.96691571e-02 -8.55344853e+04  3.47796101e+06 -5.17795742e+04  6.12636691e+06  1.06903983e+03  2.04835297e+06 
 6.72976656e+01 -9.99999890e-01 -2.46054807e-06 -8.35743585e-01  4.04209583e-03  1.02362205e+00  1.96580132e-02  1.28599576e+00  1.95082072e-02 -8.50294534e+04  3.45319053e+06 -5.12963549e+04  6.10778587e+06  1.16644586e+03  2.04294003e+06 
 6.73751895e+01 -9.99999890e-01 -2.43475637e-06 -8.36728152e-01  4.02300769e-03  1.01915364e+00  1.95112574e-02  1.28113857e+00  1.93489144e-02 -8.45302425e+04  3.42854229e+06 -5.08184416e+04  6.08932723e+06  1.26260897e+03  2.03756565e+06 
 6.74528028e+01 -9.99999891e-01 -2.40908429e-06 -8.37709438e-01  4.00414379e-03  1.01471501e+00  1.93660077e-02  1.27631483e+00  1.91912566e-02 -8.40367740e+04  3.40401501e+06 -5.03457616e+04  6.07098983e+06  1.35754808e+03  2.03222948e+06 
 6.75305054e+01 -9.99999891e-01 -2.38353057e-06 -8.38687488e-01  3.98550131e-03  1.01030587e+00  1.92222444e-02  1.27152423e+00  1.90352122e-02 -8.35489704e+04  3.37960742e+06 -4.98782431e+04  6.05277253e+06  1.45128178e+03  2.02693119e+06 
 6.76082975e+01 -9.99999892e-01 -2.35809398e-06 -8.39662348e-01  3.96707746e-03  1.00592594e+00  1.90799481e-02  1.26676646e+00  1.88807599e-02 -8.30667558e+04  3.35531825e+06 -4.94158156e+04  6.03467419e+06  1.54382835e+03  2.02167042e+06 
 6.76861793e+01 -9.99999892e-01 -2.33277326e-06 -8.40634061e-01  3.94886950e-03  1.00157495e+00  1.89390996e-02  1.26204121e+00  1.87278786e-02 -8.25900553e+04  3.33114629e+06 -4.89584097e+04  6.01669371e+06  1.63520572e+03  2.01644683e+06 
 6.77641508e+01 -9.99999893e-01 -2.30756719e-06 -8.41602671e-01  3.93087473e-03  9.97252610e-01  1.87996802e-02  1.25734817e+00  1.85765479e-02 -8.21187953e+04  3.30709030e+06 -4.85059574e+04  5.99882998e+06  1.72543156e+03  2.01126009e+06 
 6.78422120e+01 -9.99999893e-01 -2.28247457e-06 -8.42568220e-01  3.91309051e-03  9.92958659e-01  1.86616712e-02  1.25268704e+00  1.84267473e-02 -8.16529037e+04  3.28314908e+06 -4.80583915e+04  5.98108192e+06  1.81452322e+03  2.00610987e+06 
 6.79203633e+01 -9.99999894e-01 -2.25749417e-06 -8.43530752e-01  3.89551422e-03  9.88692825e-01  1.85250545e-02  1.24805754e+00  1.82784569e-02 -8.11923090e+04  3.25932144e+06 -4.76156460e+04  5.96344845e+06  1.90249775e+03  2.00099584e+06 
 6.79986045e+01 -9.99999894e-01 -2.23262489e-06 -8.44490308e-01  3.87814329e-03  9.84454843e-01  1.83898121e-02  1.24345935e+00  1.81316570e-02 -8.07369415e+04  3.23560620e+06 -4.71776560e+04  5.94592852e+06  1.98937191e+03  1.99591768e+06 
 6.80769359e+01 -9.99999895e-01 -2.20786549e-06 -8.45446930e-01  3.86097520e-03  9.80244451e-01  1.82559263e-02  1.23889220e+00  1.79863283e-02 -8.02867322e+04  3.21200219e+06 -4.67443578e+04  5.92852107e+06  2.07516220e+03  1.99087508e+06 
 6.81553575e+01 -9.99999895e-01 -2.18321485e-06 -8.46400660e-01  3.84400746e-03  9.76061390e-01  1.81233799e-02  1.23435580e+00  1.78424517e-02 -7.98416133e+04  3.18850827e+06 -4.63156883e+04  5.91122507e+06  2.15988482e+03  1.98586771e+06 
 6.82338694e+01 -9.99999896e-01 -2.15867182e-06 -8.47351537e-01  3.82723763e-03  9.71905405e-01  1.79921556e-02  1.22984987e+00  1.77000085e-02 -7.94015183e+04  3.16512330e+06 -4.58915860e+04  5.89403951e+06  2.24355569e+03  1.98089527e+06 
 6.83124718e+01 -9.99999896e-01 -2.13423529e-06 -8.48299602e-01  3.81066331e-03  9.67776244e-01  1.78622367e-02  1.22537413e+00  1.75589803e-02 -7.89663816e+04  3.14184616e+06 -4.54719899e+04  5.87696338e+06  2.32619051e+03  1.97595745e+06 
 6.83911647e+01 -9.99999896e-01 -2.10990416e-06 -8.49244895e-01  3.79428211e-03  9.63673658e-01  1.77336066e-02  1.22092829e+00  1.74193489e-02 -7.85361387e+04  3.11867574e+06 -4.50568401e+04  5.85999568e+06  2.40780466e+03  1.97105395e+06 
 6.84699483e+01 -9.99999897e-01 -2.08567729e-06 -8.50187456e-01  3.77809173e-03  9.59597399e-01  1.76062490e-02  1.21651210e+00  1.72810964e-02 -7.81107261e+04  3.09561094e+06 -4.46460780e+04  5.84313542e+06  2.48841331e+03  1.96618447e+06 
 6.85488226e+01 -9.99999897e-01 -2.06155364e-06 -8.51127323e-01  3.76208985e-03  9.55547227e-01  1.74801479e-02  1.21212528e+00  1.71442053e-02 -7.76900814e+04  3.07265069e+06 -4.42396454e+04  5.82638165e+06  2.56803134e+03  1.96134871e+06 
 6.86277878e+01 -9.99999898e-01 -2.03753213e-06 -8.52064536e-01  3.74627422e-03  9.51522899e-01  1.73552873e-02  1.20776757e+00  1.70086582e-02 -7.72741432e+04  3.04979391e+06 -4.38374854e+04  5.80973339e+06  2.64667343e+03  1.95654640e+06 
 6.87068440e+01 -9.99999898e-01 -2.01361168e-06 -8.52999131e-01  3.73064263e-03  9.47524180e-01  1.72316518e-02  1.20343871e+00  1.68744380e-02 -7.68628509e+04  3.02703954e+06 -4.34395418e+04  5.79318971e+06  2.72435397e+03  1.95177722e+06 
 6.87859912e+01 -9.99999899e-01 -1.98979124e-06 -8.53931148e-01  3.71519288e-03  9.43550834e-01  1.71092261e-02  1.19913843e+00  1.67415281e-02 -7.64561451e+04  3.00438655e+06 -4.30457595e+04  5.77674966e+06  2.80108715e+03  1.94704092e+06 
 6.88652296e+01 -9.99999899e-01 -1.96606982e-06 -8.54860623e-01  3.69992282e-03  9.39602631e-01  1.69879951e-02  1.19486649e+00  1.66099118e-02 -7.60539672e+04  2.98183389e+06 -4.26560841e+04  5.76041233e+06  2.87688691e+03  1.94233719e+06 
 6.89445593e+01 -9.99999899e-01 -1.94244636e-06 -8.55787594e-01  3.68483034e-03  9.35679342e-01  1.68679439e-02  1.19062262e+00  1.64795729e-02 -7.56562596e+04  2.95938054e+06 -4.22704621e+04  5.74417680e+06  2.95176697e+03  1.93766578e+06 
 6.90239804e+01 -9.99999900e-01 -1.91891986e-06 -8.56712096e-01  3.66991334e-03  9.31780740e-01  1.67490579e-02  1.18640659e+00  1.63504954e-02 -7.52629656e+04  2.93702551e+06 -4.18888408e+04  5.72804218e+06  3.02574081e+03  1.93302640e+06 
 6.91034929e+01 -9.99999900e-01 -1.89548935e-06 -8.57634168e-01  3.65516978e-03  9.27906603e-01  1.66313227e-02  1.18221813e+00  1.62226635e-02 -7.48740293e+04  2.91476778e+06 -4.15111684e+04  5.71200756e+06  3.09882171e+03  1.92841878e+06 
 6.91830971e+01 -9.99999901e-01 -1.87215376e-06 -8.58553843e-01  3.64059764e-03  9.24056709e-01  1.65147242e-02  1.17805702e+00  1.60960617e-02 -7.44893959e+04  2.89260638e+06 -4.11373939e+04  5.69607206e+06  3.17102274e+03  1.92384266e+06 
 6.92627929e+01 -9.99999901e-01 -1.84891221e-06 -8.59471159e-01  3.62619491e-03  9.20230842e-01  1.63992483e-02  1.17392301e+00  1.59706746e-02 -7.41090111e+04  2.87054033e+06 -4.07674670e+04  5.68023483e+06  3.24235673e+03  1.91929777e+06 
 6.93425806e+01 -9.99999901e-01 -1.82576366e-06 -8.60386149e-01  3.61195965e-03  9.16428786e-01  1.62848813e-02  1.16981586e+00  1.58464872e-02 -7.37328217e+04  2.84856866e+06 -4.04013383e+04  5.66449500e+06  3.31283632e+03  1.91478386e+06 
 6.94224602e+01 -9.99999902e-01 -1.80270719e-06 -8.61298850e-01  3.59788993e-03  9.12650327e-01  1.61716097e-02  1.16573534e+00  1.57234847e-02 -7.33607754e+04  2.82669042e+06 -4.00389591e+04  5.64885173e+06  3.38247396e+03  1.91030066e+06 
 6.95024318e+01 -9.99999902e-01 -1.77974186e-06 -8.62209295e-01  3.58398384e-03  9.08895256e-01  1.60594201e-02  1.16168121e+00  1.56016524e-02 -7.29928206e+04  2.80490468e+06 -3.96802814e+04  5.63330416e+06  3.45128189e+03  1.90584793e+06 
 6.95824955e+01 -9.99999902e-01 -1.75686674e-06 -8.63117519e-01  3.57023952e-03  9.05163365e-01  1.59482994e-02  1.15765325e+00  1.54809760e-02 -7.26289063e+04  2.78321049e+06 -3.93252581e+04  5.61785149e+06  3.51927213e+03  1.90142541e+06 
 6.96626514e+01 -9.99999903e-01 -1.73408088e-06 -8.64023555e-01  3.55665512e-03  9.01454448e-01  1.58382346e-02  1.15365124e+00  1.53614412e-02 -7.22689827e+04  2.76160694e+06 -3.89738426e+04  5.60249287e+06  3.58645656e+03  1.89703286e+06 
 6.97428997e+01 -9.99999903e-01 -1.71138340e-06 -8.64927437e-01  3.54322884e-03  8.97768302e-01  1.57292131e-02  1.14967493e+00  1.52430341e-02 -7.19130004e+04  2.74009312e+06 -3.86259891e+04  5.58722752e+06  3.65284682e+03  1.89267002e+06 
 6.98232404e+01 -9.99999903e-01 -1.68877338e-06 -8.65829199e-01  3.52995887e-03  8.94104728e-01  1.56212221e-02  1.14572413e+00  1.51257410e-02 -7.15609111e+04  2.71866812e+06 -3.82816527e+04  5.57205463e+06  3.71845440e+03  1.88833667e+06 
 6.99036737e+01 -9.99999904e-01 -1.66624991e-06 -8.66728872e-01  3.51684348e-03  8.90463526e-01  1.55142495e-02  1.14179860e+00  1.50095482e-02 -7.12126668e+04  2.69733106e+06 -3.79407890e+04  5.55697340e+06  3.78329060e+03  1.88403255e+06 
 6.99841996e+01 -9.99999904e-01 -1.64381217e-06 -8.67626490e-01  3.50388092e-03  8.86844501e-01  1.54082829e-02  1.13789813e+00  1.48944424e-02 -7.08682207e+04  2.67608105e+06 -3.76033541e+04  5.54198306e+06  3.84736653e+03  1.87975744e+06 
 7.00648183e+01 -9.99999904e-01 -1.62145921e-06 -8.68522085e-01  3.49106949e-03  8.83247458e-01  1.53033103e-02  1.13402252e+00  1.47804106e-02 -7.05275263e+04  2.65491723e+06 -3.72693051e+04  5.52708283e+06  3.91069313e+03  1.87551110e+06 
 7.01455298e+01 -9.99999905e-01 -1.59919021e-06 -8.69415689e-01  3.47840750e-03  8.79672208e-01  1.51993200e-02  1.13017153e+00  1.46674396e-02 -7.01905382e+04  2.63383873e+06 -3.69385995e+04  5.51227196e+06  3.97328119e+03  1.87129330e+06 
 7.02263344e+01 -9.99999905e-01 -1.57700432e-06 -8.70307333e-01  3.46589331e-03  8.76118559e-01  1.50963002e-02  1.12634498e+00  1.45555167e-02 -6.98572114e+04  2.61284470e+06 -3.66111956e+04  5.49754969e+06  4.03514130e+03  1.86710382e+06 
 7.03072320e+01 -9.99999905e-01 -1.55490067e-06 -8.71197049e-01  3.45352528e-03  8.72586325e-01  1.49942395e-02  1.12254265e+00  1.44446294e-02 -6.95275017e+04  2.59193430e+06 -3.62870522e+04  5.48291527e+06  4.09628390e+03  1.86294242e+06 
 7.03882228e+01 -9.99999906e-01 -1.53287844e-06 -8.72084867e-01  3.44130182e-03  8.69075322e-01  1.48931266e-02  1.11876434e+00  1.43347652e-02 -6.92013655e+04  2.57110669e+06 -3.59661289e+04  5.46836797e+06  4.15671928e+03  1.85880890e+06 
 7.04693069e+01 -9.99999906e-01 -1.51093681e-06 -8.72970820e-01  3.42922132e-03  8.65585366e-01  1.47929502e-02  1.11500985e+00  1.42259119e-02 -6.88787600e+04  2.55036105e+06 -3.56483856e+04  5.45390706e+06  4.21645755e+03  1.85470302e+06 
 7.05504844e+01 -9.99999906e-01 -1.48907496e-06 -8.73854936e-01  3.41728225e-03  8.62116276e-01  1.46936995e-02  1.11127897e+00  1.41180575e-02 -6.85596428e+04  2.52969657e+06 -3.53337831e+04  5.43953181e+06  4.27550867e+03  1.85062457e+06 
 7.06317554e+01 -9.99999907e-01 -1.46729207e-06 -8.74737248e-01  3.40548306e-03  8.58667874e-01  1.45953635e-02  1.10757152e+00  1.40111900e-02 -6.82439724e+04  2.50911242e+06 -3.50222826e+04  5.42524153e+06  4.33388246e+03  1.84657333e+06 
 7.07131201e+01 -9.99999907e-01 -1.44558734e-06 -8.75617783e-01  3.39382225e-03  8.55239984e-01  1.44979316e-02  1.10388730e+00  1.39052979e-02 -6.79317078e+04  2.48860783e+06 -3.47138459e+04  5.41103550e+06  4.39158856e+03  1.84254910e+06 
 7.07945784e+01 -9.99999907e-01 -1.42395999e-06 -8.76496572e-01  3.38229832e-03  8.51832429e-01  1.44013932e-02  1.10022611e+00  1.38003695e-02 -6.76228085e+04  2.46818199e+06 -3.44084355e+04  5.39691303e+06  4.44863649e+03  1.83855167e+06 
 7.08761306e+01 -9.99999908e-01 -1.40240923e-06 -8.77373645e-01  3.37090980e-03  8.48445039e-01  1.43057381e-02  1.09658776e+00  1.36963935e-02 -6.73172349e+04  2.44783412e+06 -3.41060143e+04  5.38287343e+06  4.50503562e+03  1.83458083e+06 
 7.09577768e+01 -9.99999908e-01 -1.38093428e-06 -8.78249031e-01  3.35965526e-03  8.45077641e-01  1.42109559e-02  1.09297208e+00  1.35933587e-02 -6.70149476e+04  2.42756346e+06 -3.38065457e+04  5.36891603e+06  4.56079517e+03  1.83063637e+06 
 7.10395170e+01 -9.99999908e-01 -1.35953438e-06 -8.79122758e-01  3.34853326e-03  8.41730067e-01  1.41170365e-02  1.08937887e+00  1.34912541e-02 -6.67159081e+04  2.40736923e+06 -3.35099938e+04  5.35504015e+06  4.61592421e+03  1.82671809e+06 
 7.11213514e+01 -9.99999909e-01 -1.33820876e-06 -8.79994856e-01  3.33754240e-03  8.38402149e-01  1.40239701e-02  1.08580794e+00  1.33900687e-02 -6.64200783e+04  2.38725068e+06 -3.32163231e+04  5.34124512e+06  4.67043170e+03  1.82282580e+06 
 7.12032800e+01 -9.99999909e-01 -1.31695671e-06 -8.80865352e-01  3.32668130e-03  8.35093724e-01  1.39317469e-02  1.08225913e+00  1.32897919e-02 -6.61274208e+04  2.36720706e+06 -3.29254987e+04  5.32753030e+06  4.72432645e+03  1.81895929e+06 
 7.12853030e+01 -9.99999909e-01 -1.29577742e-06 -8.81734275e-01  3.31594860e-03  8.31804627e-01  1.38403571e-02  1.07873224e+00  1.31904130e-02 -6.58378986e+04  2.34723763e+06 -3.26374861e+04  5.31389502e+06  4.77761712e+03  1.81511838e+06 
 7.13674205e+01 -9.99999909e-01 -1.27467020e-06 -8.82601653e-01  3.30534296e-03  8.28534696e-01  1.37497913e-02  1.07522710e+00  1.30919216e-02 -6.55514753e+04  2.32734165e+06 -3.23522515e+04  5.30033866e+06  4.83031228e+03  1.81130286e+06 
 7.14496326e+01 -9.99999910e-01 -1.25363432e-06 -8.83467513e-01  3.29486305e-03  8.25283773e-01  1.36600401e-02  1.07174353e+00  1.29943075e-02 -6.52681151e+04  2.30751839e+06 -3.20697614e+04  5.28686056e+06  4.88242033e+03  1.80751255e+06 
 7.15319394e+01 -9.99999910e-01 -1.23266904e-06 -8.84331884e-01  3.28450756e-03  8.22051698e-01  1.35710943e-02  1.06828137e+00  1.28975604e-02 -6.49877826e+04  2.28776714e+06 -3.17899828e+04  5.27346012e+06  4.93394957e+03  1.80374726e+06 
 7.16143410e+01 -9.99999910e-01 -1.21177366e-06 -8.85194792e-01  3.27427522e-03  8.18838317e-01  1.34829446e-02  1.06484043e+00  1.28016705e-02 -6.47104430e+04  2.26808719e+06 -3.15128832e+04  5.26013670e+06  4.98490818e+03  1.80000681e+06 
 7.16968376e+01 -9.99999911e-01 -1.19094747e-06 -8.86056264e-01  3.26416476e-03  8.15643473e-01  1.33955821e-02  1.06142056e+00  1.27066278e-02 -6.44360621e+04  2.24847783e+06 -3.12384306e+04  5.24688969e+06  5.03530419e+03  1.79629101e+06 
 7.17794291e+01 -9.99999911e-01 -1.17018978e-06 -8.86916327e-01  3.25417493e-03  8.12467015e-01  1.33089980e-02  1.05802158e+00  1.26124226e-02 -6.41646059e+04  2.22893836e+06 -3.09665935e+04  5.23371848e+06  5.08514553e+03  1.79259967e+06 
 7.18621158e+01 -9.99999911e-01 -1.14949988e-06 -8.87775008e-01  3.24430450e-03  8.09308790e-01  1.32231834e-02  1.05464332e+00  1.25190454e-02 -6.38960411e+04  2.20946809e+06 -3.06973407e+04  5.22062248e+06  5.13444003e+03  1.78893262e+06 
 7.19448978e+01 -9.99999911e-01 -1.12887709e-06 -8.88632333e-01  3.23455225e-03  8.06168650e-01  1.31381298e-02  1.05128563e+00  1.24264867e-02 -6.36303350e+04  2.19006634e+06 -3.04306416e+04  5.20760109e+06  5.18319537e+03  1.78528969e+06 
 7.20277751e+01 -9.99999912e-01 -1.10832075e-06 -8.89488328e-01  3.22491700e-03  8.03046447e-01  1.30538287e-02  1.04794834e+00  1.23347371e-02 -6.33674550e+04  2.17073244e+06 -3.01664659e+04  5.19465372e+06  5.23141915e+03  1.78167069e+06 
 7.21107479e+01 -9.99999912e-01 -1.08783017e-06 -8.90343019e-01  3.21539757e-03  7.99942034e-01  1.29702716e-02  1.04463128e+00  1.22437875e-02 -6.31073695e+04  2.15146571e+06 -2.99047838e+04  5.18177979e+06  5.27911883e+03  1.77807545e+06 
 7.21938163e+01 -9.99999912e-01 -1.06740468e-06 -8.91196433e-01  3.20599279e-03  7.96855265e-01  1.28874503e-02  1.04133431e+00  1.21536288e-02 -6.28500467e+04  2.13226548e+06 -2.96455660e+04  5.16897873e+06  5.32630177e+03  1.77450380e+06 
 7.22769804e+01 -9.99999912e-01 -1.04704364e-06 -8.92048594e-01  3.19670153e-03  7.93785999e-01  1.28053567e-02  1.03805726e+00  1.20642520e-02 -6.25954559e+04  2.11313111e+06 -2.93887834e+04  5.15624997e+06  5.37297524e+03  1.77095558e+06 
 7.23602402e+01 -9.99999913e-01 -1.02674640e-06 -8.92899528e-01  3.18752265e-03  7.90734093e-01  1.27239826e-02  1.03479997e+00  1.19756484e-02 -6.23435664e+04  2.09406195e+06 -2.91344075e+04  5.14359294e+06  5.41914638e+03  1.76743061e+06 
 7.24435960e+01 -9.99999913e-01 -1.00651229e-06 -8.93749260e-01  3.17845504e-03  7.87699407e-01  1.26433201e-02  1.03156231e+00  1.18878092e-02 -6.20943480e+04  2.07505734e+06 -2.88824101e+04  5.13100710e+06  5.46482224e+03  1.76392872e+06 
 7.25270478e+01 -9.99999913e-01 -9.86340680e-07 -8.94597815e-01  3.16949762e-03  7.84681803e-01  1.25633615e-02  1.02834410e+00  1.18007259e-02 -6.18477712e+04  2.05611665e+06 -2.86327634e+04  5.11849188e+06  5.51000978e+03  1.76044976e+06 
 7.26105957e+01 -9.99999913e-01 -9.66230949e-07 -8.95445218e-01  3.16064929e-03  7.81681142e-01  1.24840989e-02  1.02514521e+00  1.17143900e-02 -6.16038066e+04  2.03723926e+06 -2.83854401e+04  5.10604675e+06  5.55471582e+03  1.75699356e+06 
 7.26942399e+01 -9.99999914e-01 -9.46182467e-07 -8.96291493e-01  3.15190900e-03  7.78697290e-01  1.24055248e-02  1.02196548e+00  1.16287931e-02 -6.13624253e+04  2.01842452e+06 -2.81404131e+04  5.09367117e+06  5.59894713e+03  1.75355997e+06 
 7.27779805e+01 -9.99999914e-01 -9.26194602e-07 -8.97136665e-01  3.14327569e-03  7.75730112e-01  1.23276317e-02  1.01880477e+00  1.15439270e-02 -6.11235990e+04  1.99967184e+06 -2.78976558e+04  5.08136461e+06  5.64271035e+03  1.75014881e+06 
 7.28618175e+01 -9.99999914e-01 -9.06266749e-07 -8.97980758e-01  3.13474834e-03  7.72779474e-01  1.22504121e-02  1.01566292e+00  1.14597836e-02 -6.08872995e+04  1.98098058e+06 -2.76571419e+04  5.06912653e+06  5.68601204e+03  1.74675995e+06 
 7.29457510e+01 -9.99999914e-01 -8.86398297e-07 -8.98823797e-01  3.12632592e-03  7.69845246e-01  1.21738587e-02  1.01253981e+00  1.13763548e-02 -6.06534993e+04  1.96235015e+06 -2.74188456e+04  5.05695642e+06  5.72885866e+03  1.74339322e+06 
 7.30297813e+01 -9.99999915e-01 -8.66588643e-07 -8.99665804e-01  3.11800742e-03  7.66927296e-01  1.20979643e-02  1.00943528e+00  1.12936328e-02 -6.04221709e+04  1.94377995e+06 -2.71827413e+04  5.04485376e+06  5.77125658e+03  1.74004846e+06 
 7.31139083e+01 -9.99999915e-01 -8.46837182e-07 -9.00506805e-01  3.10979186e-03  7.64025497e-01  1.20227217e-02  1.00634920e+00  1.12116097e-02 -6.01932877e+04  1.92526937e+06 -2.69488037e+04  5.03281805e+06  5.81321209e+03  1.73672554e+06 
 7.31981323e+01 -9.99999915e-01 -8.27143332e-07 -9.01346821e-01  3.10167826e-03  7.61139721e-01  1.19481240e-02  1.00328141e+00  1.11302778e-02 -5.99668230e+04  1.90681782e+06 -2.67170081e+04  5.02084877e+06  5.85473137e+03  1.73342429e+06 
 7.32824533e+01 -9.99999915e-01 -8.07506510e-07 -9.02185878e-01  3.09366566e-03  7.58269841e-01  1.18741643e-02  1.00023180e+00  1.10496295e-02 -5.97427506e+04  1.88842473e+06 -2.64873299e+04  5.00894543e+06  5.89582053e+03  1.73014457e+06 
 7.33668714e+01 -9.99999915e-01 -7.87926119e-07 -9.03023997e-01  3.08575310e-03  7.55415733e-01  1.18008356e-02  9.97200217e-01  1.09696574e-02 -5.95210450e+04  1.87008951e+06 -2.62597449e+04  4.99710754e+06  5.93648559e+03  1.72688624e+06 
 7.34513868e+01 -9.99999916e-01 -7.68401595e-07 -9.03861203e-01  3.07793965e-03  7.52577273e-01  1.17281312e-02  9.94186529e-01  1.08903540e-02 -5.93016805e+04  1.85181159e+06 -2.60342294e+04  4.98533460e+06  5.97673249e+03  1.72364914e+06 
 7.35359995e+01 -9.99999916e-01 -7.48932369e-07 -9.04697517e-01  3.07022438e-03  7.49754339e-01  1.16560445e-02  9.91190602e-01  1.08117121e-02 -5.90846322e+04  1.83359040e+06 -2.58107596e+04  4.97362613e+06  6.01656707e+03  1.72043315e+06 
 7.36207097e+01 -9.99999916e-01 -7.29517861e-07 -9.05532963e-01  3.06260639e-03  7.46946810e-01  1.15845689e-02  9.88212305e-01  1.07337243e-02 -5.88698753e+04  1.81542538e+06 -2.55893126e+04  4.96198165e+06  6.05599511e+03  1.71723811e+06 
 7.37055175e+01 -9.99999916e-01 -7.10157526e-07 -9.06367563e-01  3.05508478e-03  7.44154565e-01  1.15136978e-02  9.85251507e-01  1.06563837e-02 -5.86573854e+04  1.79731596e+06 -2.53698653e+04  4.95040070e+06  6.09502230e+03  1.71406388e+06 
 7.37904230e+01 -9.99999917e-01 -6.90850811e-07 -9.07201340e-01  3.04765866e-03  7.41377486e-01  1.14434250e-02  9.82308078e-01  1.05796831e-02 -5.84471386e+04  1.77926160e+06 -2.51523951e+04  4.93888279e+06  6.13365425e+03  1.71091033e+06 
 7.38754263e+01 -9.99999917e-01 -6.71597164e-07 -9.08034316e-01  3.04032717e-03  7.38615457e-01  1.13737441e-02  9.79381891e-01  1.05036157e-02 -5.82391110e+04  1.76126175e+06 -2.49368798e+04  4.92742747e+06  6.17189649e+03  1.70777732e+06 
 7.39605275e+01 -9.99999917e-01 -6.52396029e-07 -9.08866514e-01  3.03308943e-03  7.35868360e-01  1.13046488e-02  9.76472819e-01  1.04281746e-02 -5.80332794e+04  1.74331586e+06 -2.47232974e+04  4.91603428e+06  6.20975449e+03  1.70466472e+06 
 7.40457267e+01 -9.99999917e-01 -6.33246874e-07 -9.09697954e-01  3.02594461e-03  7.33136081e-01  1.12361330e-02  9.73580736e-01  1.03533531e-02 -5.78296206e+04  1.72542340e+06 -2.45116262e+04  4.90470277e+06  6.24723362e+03  1.70157239e+06 
 7.41310241e+01 -9.99999917e-01 -6.14149169e-07 -9.10528660e-01  3.01889186e-03  7.30418505e-01  1.11681906e-02  9.70705518e-01  1.02791445e-02 -5.76281120e+04  1.70758383e+06 -2.43018448e+04  4.89343248e+06  6.28433921e+03  1.69850019e+06 
 7.42164198e+01 -9.99999918e-01 -5.95102374e-07 -9.11358652e-01  3.01193036e-03  7.27715520e-01  1.11008157e-02  9.67847044e-01  1.02055422e-02 -5.74287310e+04  1.68979663e+06 -2.40939320e+04  4.88222296e+06  6.32107648e+03  1.69544801e+06 
 7.43019138e+01 -9.99999918e-01 -5.76105975e-07 -9.12187953e-01  3.00505930e-03  7.25027015e-01  1.10340022e-02  9.65005190e-01  1.01325397e-02 -5.72314555e+04  1.67206127e+06 -2.38878671e+04  4.87107379e+06  6.35745060e+03  1.69241570e+06 
 7.43875063e+01 -9.99999918e-01 -5.57159442e-07 -9.13016584e-01  2.99827787e-03  7.22352879e-01  1.09677445e-02  9.62179837e-01  1.00601306e-02 -5.70362637e+04  1.65437722e+06 -2.36836294e+04  4.85998452e+06  6.39346667e+03  1.68940315e+06 
 7.44731974e+01 -9.99999918e-01 -5.38262260e-07 -9.13844566e-01  2.99158528e-03  7.19693003e-01  1.09020366e-02  9.59370866e-01  9.98830869e-03 -5.68431341e+04  1.63674399e+06 -2.34811987e+04  4.84895472e+06  6.42912971e+03  1.68641022e+06 
 7.45589872e+01 -9.99999918e-01 -5.19413920e-07 -9.14671921e-01  2.98498076e-03  7.17047277e-01  1.08368729e-02  9.56578160e-01  9.91706759e-03 -5.66520454e+04  1.61916105e+06 -2.32805549e+04  4.83798397e+06  6.46444470e+03  1.68343680e+06 
 7.46448758e+01 -9.99999919e-01 -5.00613908e-07 -9.15498669e-01  2.97846354e-03  7.14415596e-01  1.07722478e-02  9.53801600e-01  9.84640116e-03 -5.64629767e+04  1.60162790e+06 -2.30816783e+04  4.82707184e+06  6.49941651e+03  1.68048274e+06 
 7.47308634e+01 -9.99999919e-01 -4.81861736e-07 -9.16324831e-01  2.97203285e-03  7.11797853e-01  1.07081558e-02  9.51041073e-01  9.77630334e-03 -5.62759073e+04  1.58414404e+06 -2.28845494e+04  4.81621792e+06  6.53404998e+03  1.67754795e+06 
 7.48169501e+01 -9.99999919e-01 -4.63156887e-07 -9.17150429e-01  2.96568794e-03  7.09193942e-01  1.06445913e-02  9.48296465e-01  9.70676809e-03 -5.60908168e+04  1.56670898e+06 -2.26891488e+04  4.80542179e+06  6.56834988e+03  1.67463228e+06 
 7.49031359e+01 -9.99999919e-01 -4.44498884e-07 -9.17975483e-01  2.95942809e-03  7.06603761e-01  1.05815490e-02  9.45567661e-01  9.63778949e-03 -5.59076851e+04  1.54932222e+06 -2.24954577e+04  4.79468303e+06  6.60232089e+03  1.67173563e+06 
 7.49894209e+01 -9.99999919e-01 -4.25887222e-07 -9.18800013e-01  2.95325256e-03  7.04027205e-01  1.05190234e-02  9.42854550e-01  9.56936167e-03 -5.57264924e+04  1.53198326e+06 -2.23034572e+04  4.78400126e+06  6.63596767e+03  1.66885787e+06 
 7.50758054e+01 -9.99999919e-01 -4.07321426e-07 -9.19624041e-01  2.94716064e-03  7.01464173e-01  1.04570095e-02  9.40157022e-01  9.50147885e-03 -5.55472190e+04  1.51469164e+06 -2.21131289e+04  4.77337605e+06  6.66929478e+03  1.66599890e+06 
 7.51622894e+01 -9.99999920e-01 -3.88801007e-07 -9.20447586e-01  2.94115161e-03  6.98914563e-01  1.03955018e-02  9.37474966e-01  9.43413531e-03 -5.53698456e+04  1.49744686e+06 -2.19244545e+04  4.76280703e+06  6.70230675e+03  1.66315858e+06 
 7.52488730e+01 -9.99999920e-01 -3.70325493e-07 -9.21270668e-01  2.93522478e-03  6.96378277e-01  1.03344954e-02  9.34808275e-01  9.36732541e-03 -5.51943532e+04  1.48024846e+06 -2.17374159e+04  4.75229379e+06  6.73500802e+03  1.66033681e+06 
 7.53355564e+01 -9.99999920e-01 -3.51894405e-07 -9.22093308e-01  2.92937946e-03  6.93855214e-01  1.02739851e-02  9.32156841e-01  9.30104358e-03 -5.50207230e+04  1.46309595e+06 -2.15519953e+04  4.74183594e+06  6.76740301e+03  1.65753348e+06 
 7.54223396e+01 -9.99999920e-01 -3.33507277e-07 -9.22915527e-01  2.92361498e-03  6.91345276e-01  1.02139659e-02  9.29520558e-01  9.23528431e-03 -5.48489364e+04  1.44598888e+06 -2.13681752e+04  4.73143310e+06  6.79949604e+03  1.65474847e+06 
 7.55092228e+01 -9.99999920e-01 -3.15163643e-07 -9.23737343e-01  2.91793066e-03  6.88848367e-01  1.01544329e-02  9.26899320e-01  9.17004216e-03 -5.46789751e+04  1.42892677e+06 -2.11859382e+04  4.72108488e+06  6.83129141e+03  1.65198168e+06 
 7.55962060e+01 -9.99999920e-01 -2.96863037e-07 -9.24558776e-01  2.91232584e-03  6.86364390e-01  1.00953811e-02  9.24293023e-01  9.10531178e-03 -5.45108211e+04  1.41190917e+06 -2.10052673e+04  4.71079092e+06  6.86279334e+03  1.64923298e+06 
 7.56832895e+01 -9.99999921e-01 -2.78605006e-07 -9.25379847e-01  2.90679987e-03  6.83893250e-01  1.00368058e-02  9.21701565e-01  9.04108785e-03 -5.43444565e+04  1.39493563e+06 -2.08261454e+04  4.70055083e+06  6.89400600e+03  1.64650228e+06 
 7.57704733e+01 -9.99999921e-01 -2.60389095e-07 -9.26200575e-01  2.90135212e-03  6.81434852e-01  9.97870224e-03  9.19124843e-01  8.97736514e-03 -5.41798637e+04  1.37800568e+06 -2.06485559e+04  4.69036424e+06  6.92493353e+03  1.64378947e+06 
 7.58577575e+01 -9.99999921e-01 -2.42214849e-07 -9.27020979e-01  2.89598194e-03  6.78989104e-01  9.92106562e-03  9.16562755e-01  8.91413848e-03 -5.40170254e+04  1.36111888e+06 -2.04724823e+04  4.68023079e+06  6.95557998e+03  1.64109444e+06 
 7.59451423e+01 -9.99999921e-01 -2.24081822e-07 -9.27841079e-01  2.89068872e-03  6.76555911e-01  9.86389133e-03  9.14015203e-01  8.85140275e-03 -5.38559245e+04  1.34427478e+06 -2.02979083e+04  4.67015012e+06  6.98594937e+03  1.63841709e+06 
 7.60326277e+01 -9.99999921e-01 -2.05989574e-07 -9.28660894e-01  2.88547183e-03  6.74135184e-01  9.80717479e-03  9.11482086e-01  8.78915292e-03 -5.36965440e+04  1.32747294e+06 -2.01248179e+04  4.66012186e+06  7.01604567e+03  1.63575731e+06 
 7.61202139e+01 -9.99999921e-01 -1.87937663e-07 -9.29480443e-01  2.88033067e-03  6.71726830e-01  9.75091145e-03  9.08963307e-01  8.72738400e-03 -5.35388672e+04  1.31071293e+06 -1.99531953e+04  4.65014565e+06  7.04587279e+03  1.63311500e+06 
 7.62079010e+01 -9.99999922e-01 -1.69925652e-07 -9.30299746e-01  2.87526464e-03  6.69330761e-01  9.69509685e-03  9.06458769e-01  8.66609106e-03 -5.33828778e+04  1.29399430e+06 -1.97830246e+04  4.64022116e+06  7.07543459e+03  1.63049006e+06 
 7.62956891e+01 -9.99999922e-01 -1.51953108e-07 -9.31118822e-01  2.87027315e-03  6.66946886e-01  9.63972655e-03  9.03968376e-01  8.60526923e-03 -5.32285594e+04  1.27731664e+06 -1.96142906e+04  4.63034802e+06  7.10473488e+03  1.62788239e+06 
 7.63835784e+01 -9.99999922e-01 -1.34019603e-07 -9.31937688e-01  2.86535562e-03  6.64575118e-01  9.58479618e-03  9.01492032e-01  8.54491372e-03 -5.30758961e+04  1.26067950e+06 -1.94469778e+04  4.62052590e+06  7.13377745e+03  1.62529189e+06 
 7.64715688e+01 -9.99999922e-01 -1.16124708e-07 -9.32756365e-01  2.86051147e-03  6.62215369e-01  9.53030144e-03  8.99029643e-01  8.48501977e-03 -5.29248720e+04  1.24408247e+06 -1.92810713e+04  4.61075444e+06  7.16256600e+03  1.62271846e+06 
 7.65596607e+01 -9.99999922e-01 -9.82680022e-08 -9.33574872e-01  2.85574013e-03  6.59867553e-01  9.47623805e-03  8.96581116e-01  8.42558269e-03 -5.27754715e+04  1.22752512e+06 -1.91165561e+04  4.60103332e+06  7.19110421e+03  1.62016201e+06 
 7.66478540e+01 -9.99999922e-01 -8.04490647e-08 -9.34393225e-01  2.85104105e-03  6.57531584e-01  9.42260181e-03  8.94146359e-01  8.36659785e-03 -5.26276792e+04  1.21100704e+06 -1.89534175e+04  4.59136219e+06  7.21939571e+03  1.61762244e+06 
 7.67361489e+01 -9.99999923e-01 -6.26674810e-08 -9.35211446e-01  2.84641368e-03  6.55207376e-01  9.36938855e-03  8.91725280e-01  8.30806067e-03 -5.24814799e+04  1.19452780e+06 -1.87916410e+04  4.58174072e+06  7.24744408e+03  1.61509965e+06 
 7.68245456e+01 -9.99999923e-01 -4.49228359e-08 -9.36029551e-01  2.84185747e-03  6.52894846e-01  9.31659416e-03  8.89317788e-01  8.24996663e-03 -5.23368586e+04  1.17808701e+06 -1.86312123e+04  4.57216859e+06  7.27525286e+03  1.61259355e+06 
 7.69130440e+01 -9.99999923e-01 -2.72147207e-08 -9.36847559e-01  2.83737189e-03  6.50593910e-01  9.26421459e-03  8.86923794e-01  8.19231125e-03 -5.21938004e+04  1.16168425e+06 -1.84721171e+04  4.56264546e+06  7.30282554e+03  1.61010405e+06 
 7.70016444e+01 -9.99999923e-01 -9.54272761e-09 -9.37665490e-01  2.83295640e-03  6.48304486e-01  9.21224581e-03  8.84543208e-01  8.13509011e-03 -5.20522908e+04  1.14531912e+06 -1.83143415e+04  4.55317102e+06  7.33016558e+03  1.60763105e+06 
 7.70903469e+01 -9.99999923e-01  8.09354689e-09 -9.38483360e-01  2.82861049e-03  6.46026491e-01  9.16068387e-03  8.82175944e-01  8.07829886e-03 -5.19123153e+04  1.12899121e+06 -1.81578716e+04  4.54374495e+06  7.35727638e+03  1.60517448e+06 
 7.71791516e+01 -9.99999923e-01  2.56945036e-08 -9.39301188e-01  2.82433365e-03  6.43759845e-01  9.10952485e-03  8.79821914e-01  8.02193318e-03 -5.17738597e+04  1.11270012e+06 -1.80026939e+04  4.53436693e+06  7.38416132e+03  1.60273422e+06 
 7.72680585e+01 -9.99999923e-01  4.32605407e-08 -9.40118993e-01  2.82012535e-03  6.41504467e-01  9.05876488e-03  8.77481031e-01  7.96598880e-03 -5.16369098e+04  1.09644546e+06 -1.78487947e+04  4.52503664e+06  7.41082372e+03  1.60031021e+06 
 7.73570679e+01 -9.99999923e-01  6.07920532e-08 -9.40936792e-01  2.81598512e-03  6.39260277e-01  9.00840014e-03  8.75153211e-01  7.91046151e-03 -5.15014519e+04  1.08022684e+06 -1.76961609e+04  4.51575378e+06  7.43726686e+03  1.59790234e+06 
 7.74461798e+01 -9.99999924e-01  7.82894323e-08 -9.41754603e-01  2.81191244e-03  6.37027197e-01  8.95842684e-03  8.72838368e-01  7.85534716e-03 -5.13674723e+04  1.06404386e+06 -1.75447791e+04  4.50651803e+06  7.46349400e+03  1.59551054e+06 
 7.75353943e+01 -9.99999924e-01  9.57530673e-08 -9.42572445e-01  2.80790684e-03  6.34805148e-01  8.90884126e-03  8.70536419e-01  7.80064162e-03 -5.12349573e+04  1.04789615e+06 -1.73946365e+04  4.49732910e+06  7.48950833e+03  1.59313471e+06 
 7.76247117e+01 -9.99999924e-01  1.13183345e-07 -9.43390335e-01  2.80396784e-03  6.32594053e-01  8.85963971e-03  8.68247282e-01  7.74634083e-03 -5.11038937e+04  1.03178330e+06 -1.72457202e+04  4.48818669e+06  7.51531304e+03  1.59077477e+06 
 7.77141319e+01 -9.99999924e-01  1.30580649e-07 -9.44208291e-01  2.80009496e-03  6.30393836e-01  8.81081855e-03  8.65970873e-01  7.69244077e-03 -5.09742683e+04  1.01570495e+06 -1.70980175e+04  4.47909048e+06  7.54091126e+03  1.58843065e+06 
 7.78036551e+01 -9.99999924e-01  1.47945360e-07 -9.45026330e-01  2.79628774e-03  6.28204419e-01  8.76237416e-03  8.63707112e-01  7.63893747e-03 -5.08460681e+04  9.99660706e+05 -1.69515159e+04  4.47004019e+06  7.56630607e+03  1.58610224e+06 
 7.78932815e+01 -9.99999924e-01  1.65277856e-07 -9.45844471e-01  2.79254572e-03  6.26025728e-01  8.71430300e-03  8.61455918e-01  7.58582700e-03 -5.07192802e+04  9.83650201e+05 -1.68062030e+04  4.46103553e+06  7.59150054e+03  1.58378948e+06 
 7.79830111e+01 -9.99999924e-01  1.82578511e-07 -9.46662731e-01  2.78886845e-03  6.23857688e-01  8.66660154e-03  8.59217211e-01  7.53310549e-03 -5.05938920e+04  9.67673060e+05 -1.66620665e+04  4.45207620e+06  7.61649768e+03  1.58149228e+06 
 7.80728440e+01 -9.99999925e-01  1.99847699e-07 -9.47481128e-01  2.78525547e-03  6.21700225e-01  8.61926631e-03  8.56990913e-01  7.48076909e-03 -5.04698909e+04  9.51728909e+05 -1.65190944e+04  4.44316192e+06  7.64130049e+03  1.57921057e+06 
 7.81627805e+01 -9.99999925e-01  2.17085791e-07 -9.48299678e-01  2.78170635e-03  6.19553265e-01  8.57229388e-03  8.54776944e-01  7.42881401e-03 -5.03472647e+04  9.35817383e+05 -1.63772747e+04  4.43429240e+06  7.66591192e+03  1.57694425e+06 
 7.82528205e+01 -9.99999925e-01  2.34293156e-07 -9.49118400e-01  2.77822065e-03  6.17416736e-01  8.52568084e-03  8.52575229e-01  7.37723650e-03 -5.02260011e+04  9.19938113e+05 -1.62365956e+04  4.42546736e+06  7.69033488e+03  1.57469326e+06 
 7.83429643e+01 -9.99999925e-01  2.51470151e-07 -9.49937310e-01  2.77479794e-03  6.15290567e-01  8.47942385e-03  8.50385689e-01  7.32603287e-03 -5.01060880e+04  9.04090739e+05 -1.60970455e+04  4.41668652e+06  7.71457225e+03  1.57245751e+06 
 7.84332119e+01 -9.99999925e-01  2.68617148e-07 -9.50756427e-01  2.77143781e-03  6.13174684e-01  8.43351958e-03  8.48208248e-01  7.27519944e-03 -4.99875137e+04  8.88274898e+05 -1.59586128e+04  4.40794961e+06  7.73862690e+03  1.57023693e+06 
 7.85235635e+01 -9.99999925e-01  2.85734499e-07 -9.51575767e-01  2.76813984e-03  6.11069018e-01  8.38796476e-03  8.46042832e-01  7.22473260e-03 -4.98702663e+04  8.72490233e+05 -1.58212863e+04  4.39925634e+06  7.76250162e+03  1.56803145e+06 
 7.86140191e+01 -9.99999925e-01  3.02822569e-07 -9.52395347e-01  2.76490361e-03  6.08973498e-01  8.34275616e-03  8.43889367e-01  7.17462876e-03 -4.97543344e+04  8.56736388e+05 -1.56850545e+04  4.39060646e+06  7.78619922e+03  1.56584098e+06 
 7.87045790e+01 -9.99999925e-01  3.19881707e-07 -9.53215185e-01  2.76172872e-03  6.06888056e-01  8.29789056e-03  8.41747777e-01  7.12488438e-03 -4.96397064e+04  8.41013009e+05 -1.55499064e+04  4.38199968e+06  7.80972244e+03  1.56366546e+06 
 7.87952431e+01 -9.99999925e-01  3.36912271e-07 -9.54035298e-01  2.75861477e-03  6.04812621e-01  8.25336480e-03  8.39617990e-01  7.07549597e-03 -4.95263710e+04  8.25319746e+05 -1.54158310e+04  4.37343574e+06  7.83307400e+03  1.56150480e+06 
 7.88860118e+01 -9.99999926e-01  3.53914603e-07 -9.54855703e-01  2.75556137e-03  6.02747126e-01  8.20917575e-03  8.37499933e-01  7.02646006e-03 -4.94143172e+04  8.09656250e+05 -1.52828175e+04  4.36491438e+06  7.85625660e+03  1.55935895e+06 
 7.89768849e+01 -9.99999926e-01  3.70889062e-07 -9.55676416e-01  2.75256814e-03  6.00691502e-01  8.16532032e-03  8.35393536e-01  6.97777323e-03 -4.93035340e+04  7.94022175e+05 -1.51508552e+04  4.35643534e+06  7.87927289e+03  1.55722782e+06 
 7.90678628e+01 -9.99999926e-01  3.87835986e-07 -9.56497456e-01  2.74963468e-03  5.98645684e-01  8.12179546e-03  8.33298726e-01  6.92943210e-03 -4.91940104e+04  7.78417176e+05 -1.50199333e+04  4.34799835e+06  7.90212551e+03  1.55511134e+06 
 7.91589455e+01 -9.99999926e-01  4.04755720e-07 -9.57318838e-01  2.74676062e-03  5.96609604e-01  8.07859814e-03  8.31215433e-01  6.88143332e-03 -4.90857357e+04  7.62840912e+05 -1.48900415e+04  4.33960317e+06  7.92481706e+03  1.55300945e+06 
 7.92501330e+01 -9.99999926e-01  4.21648611e-07 -9.58140579e-01  2.74394560e-03  5.94583196e-01  8.03572536e-03  8.29143587e-01  6.83377359e-03 -4.89786995e+04  7.47293044e+05 -1.47611694e+04  4.33124953e+06  7.94735011e+03  1.55092208e+06 
 7.93414257e+01 -9.99999926e-01  4.38514984e-07 -9.58962697e-01  2.74118924e-03  5.92566395e-01  7.99317419e-03  8.27083120e-01  6.78644962e-03 -4.88728911e+04  7.31773233e+05 -1.46333067e+04  4.32293719e+06  7.96972721e+03  1.54884915e+06 
 7.94328235e+01 -9.99999926e-01  4.55355195e-07 -9.59785208e-01  2.73849118e-03  5.90559136e-01  7.95094170e-03  8.25033963e-01  6.73945820e-03 -4.87683004e+04  7.16281146e+05 -1.45064434e+04  4.31466589e+06  7.99195086e+03  1.54679060e+06 
 7.95243266e+01 -9.99999926e-01  4.72169564e-07 -9.60608129e-01  2.73585108e-03  5.88561355e-01  7.90902500e-03  8.22996048e-01  6.69279612e-03 -4.86649170e+04  7.00816448e+05 -1.43805694e+04  4.30643539e+06  8.01402357e+03  1.54474637e+06 
 7.96159350e+01 -9.99999926e-01  4.88958431e-07 -9.61431477e-01  2.73326857e-03  5.86572988e-01  7.86742124e-03  8.20969308e-01  6.64646020e-03 -4.85627310e+04  6.85378810e+05 -1.42556748e+04  4.29824544e+06  8.03594780e+03  1.54271638e+06 
 7.97076491e+01 -9.99999927e-01  5.05722124e-07 -9.62255268e-01  2.73074332e-03  5.84593973e-01  7.82612760e-03  8.18953677e-01  6.60044734e-03 -4.84617325e+04  6.69967902e+05 -1.41317500e+04  4.29009580e+06  8.05772597e+03  1.54070057e+06 
 7.97994687e+01 -9.99999927e-01  5.22460972e-07 -9.63079519e-01  2.72827498e-03  5.82624245e-01  7.78514128e-03  8.16949088e-01  6.55475442e-03 -4.83619115e+04  6.54583397e+05 -1.40087851e+04  4.28198623e+06  8.07936049e+03  1.53869887e+06 
 7.98913942e+01 -9.99999927e-01  5.39175300e-07 -9.63904246e-01  2.72586321e-03  5.80663744e-01  7.74445954e-03  8.14955477e-01  6.50937839e-03 -4.82632586e+04  6.39224971e+05 -1.38867708e+04  4.27391649e+06  8.10085376e+03  1.53671123e+06 
 7.99834255e+01 -9.99999927e-01  5.55865434e-07 -9.64729466e-01  2.72350770e-03  5.78712408e-01  7.70407963e-03  8.12972778e-01  6.46431623e-03 -4.81657640e+04  6.23892300e+05 -1.37656974e+04  4.26588635e+06  8.12220812e+03  1.53473758e+06 
 8.00755629e+01 -9.99999927e-01  5.72531697e-07 -9.65555196e-01  2.72120811e-03  5.76770175e-01  7.66399887e-03  8.11000928e-01  6.41956493e-03 -4.80694183e+04  6.08585065e+05 -1.36455558e+04  4.25789556e+06  8.14342592e+03  1.53277785e+06 
 8.01678063e+01 -9.99999927e-01  5.89174409e-07 -9.66381452e-01  2.71896412e-03  5.74836986e-01  7.62421460e-03  8.09039864e-01  6.37512154e-03 -4.79742123e+04  5.93302946e+05 -1.35263366e+04  4.24994391e+06  8.16450945e+03  1.53083199e+06 
 8.02601561e+01 -9.99999927e-01  6.05793893e-07 -9.67208250e-01  2.71677542e-03  5.72912780e-01  7.58472416e-03  8.07089521e-01  6.33098312e-03 -4.78801368e+04  5.78045627e+05 -1.34080308e+04  4.24203115e+06  8.18546099e+03  1.52889993e+06 
 8.03526122e+01 -9.99999927e-01  6.22390459e-07 -9.68035607e-01  2.71464170e-03  5.70997498e-01  7.54552496e-03  8.05149839e-01  6.28714678e-03 -4.77871826e+04  5.62812791e+05 -1.32906293e+04  4.23415706e+06  8.20628282e+03  1.52698161e+06 
 8.04451749e+01 -9.99999927e-01  6.38964423e-07 -9.68863540e-01  2.71256264e-03  5.69091081e-01  7.50661442e-03  8.03220756e-01  6.24360965e-03 -4.76953408e+04  5.47604127e+05 -1.31741233e+04  4.22632142e+06  8.22697717e+03  1.52507697e+06 
 8.05378441e+01 -9.99999927e-01  6.55516100e-07 -9.69692064e-01  2.71053795e-03  5.67193470e-01  7.46798999e-03  8.01302210e-01  6.20036890e-03 -4.76046026e+04  5.32419323e+05 -1.30585038e+04  4.21852401e+06  8.24754624e+03  1.52318596e+06 
 8.06306201e+01 -9.99999927e-01  6.72045807e-07 -9.70521197e-01  2.70856734e-03  5.65304607e-01  7.42964915e-03  7.99394140e-01  6.15742171e-03 -4.75149592e+04  5.17258068e+05 -1.29437623e+04  4.21076459e+06  8.26799223e+03  1.52130852e+06 
 8.07235030e+01 -9.99999928e-01  6.88553847e-07 -9.71350953e-01  2.70665050e-03  5.63424435e-01  7.39158940e-03  7.97496488e-01  6.11476531e-03 -4.74264019e+04  5.02120056e+05 -1.28298900e+04  4.20304295e+06  8.28831731e+03  1.51944458e+06 
 8.08164929e+01 -9.99999928e-01  7.05040520e-07 -9.72181351e-01  2.70478714e-03  5.61552898e-01  7.35380829e-03  7.95609193e-01  6.07239697e-03 -4.73389224e+04  4.87004981e+05 -1.27168785e+04  4.19535888e+06  8.30852362e+03  1.51759410e+06 
 8.09095899e+01 -9.99999928e-01  7.21506147e-07 -9.73012405e-01  2.70297700e-03  5.59689937e-01  7.31630337e-03  7.93732197e-01  6.03031395e-03 -4.72525121e+04  4.71912538e+05 -1.26047194e+04  4.18771216e+06  8.32861328e+03  1.51575701e+06 
 8.10027942e+01 -9.99999928e-01  7.37951027e-07 -9.73844132e-01  2.70121978e-03  5.57835498e-01  7.27907223e-03  7.91865441e-01  5.98851357e-03 -4.71671627e+04  4.56842424e+05 -1.24934043e+04  4.18010257e+06  8.34858840e+03  1.51393326e+06 
 8.10961058e+01 -9.99999928e-01  7.54375460e-07 -9.74676549e-01  2.69951521e-03  5.55989524e-01  7.24211249e-03  7.90008868e-01  5.94699318e-03 -4.70828661e+04  4.41794339e+05 -1.23829249e+04  4.17252991e+06  8.36845106e+03  1.51212279e+06 
 8.11895249e+01 -9.99999928e-01  7.70779753e-07 -9.75509671e-01  2.69786302e-03  5.54151961e-01  7.20542179e-03  7.88162421e-01  5.90575014e-03 -4.69996142e+04  4.26767984e+05 -1.22732732e+04  4.16499396e+06  8.38820332e+03  1.51032555e+06 
 8.12830516e+01 -9.99999928e-01  7.87164193e-07 -9.76343515e-01  2.69626294e-03  5.52322754e-01  7.16899780e-03  7.86326042e-01  5.86478184e-03 -4.69173990e+04  4.11763061e+05 -1.21644410e+04  4.15749451e+06  8.40784722e+03  1.50854150e+06 
 8.13766861e+01 -9.99999928e-01  8.03529090e-07 -9.77178097e-01  2.69471472e-03  5.50501848e-01  7.13283821e-03  7.84499676e-01  5.82408571e-03 -4.68362125e+04  3.96779273e+05 -1.20564204e+04  4.15003137e+06  8.42738478e+03  1.50677056e+06 
 8.14704284e+01 -9.99999928e-01  8.19874735e-07 -9.78013433e-01  2.69321809e-03  5.48689190e-01  7.09694074e-03  7.82683267e-01  5.78365921e-03 -4.67560471e+04  3.81816328e+05 -1.19492036e+04  4.14260432e+06  8.44681801e+03  1.50501270e+06 
 8.15642787e+01 -9.99999928e-01  8.36201430e-07 -9.78849539e-01  2.69177279e-03  5.46884727e-01  7.06130313e-03  7.80876760e-01  5.74349980e-03 -4.66768949e+04  3.66873931e+05 -1.18427827e+04  4.13521317e+06  8.46614887e+03  1.50326786e+06 
 8.16582371e+01 -9.99999928e-01  8.52509459e-07 -9.79686432e-01  2.69037859e-03  5.45088405e-01  7.02592315e-03  7.79080100e-01  5.70360500e-03 -4.65987485e+04  3.51951792e+05 -1.17371500e+04  4.12785771e+06  8.48537934e+03  1.50153598e+06 
 8.17523038e+01 -9.99999928e-01  8.68799120e-07 -9.80524127e-01  2.68903522e-03  5.43300172e-01  6.99079860e-03  7.77293233e-01  5.66397232e-03 -4.65216003e+04  3.37049621e+05 -1.16322980e+04  4.12053774e+06  8.50451136e+03  1.49981703e+06 
 8.18464788e+01 -9.99999929e-01  8.85070691e-07 -9.81362640e-01  2.68774246e-03  5.41519976e-01  6.95592728e-03  7.75516106e-01  5.62459933e-03 -4.64454429e+04  3.22167130e+05 -1.15282190e+04  4.11325308e+06  8.52354684e+03  1.49811094e+06 
 8.19407623e+01 -9.99999929e-01  9.01324469e-07 -9.82201988e-01  2.68650005e-03  5.39747765e-01  6.92130705e-03  7.73748666e-01  5.58548361e-03 -4.63702691e+04  3.07304032e+05 -1.14249057e+04  4.10600351e+06  8.54248771e+03  1.49641768e+06 
 8.20351544e+01 -9.99999929e-01  9.17560740e-07 -9.83042186e-01  2.68530778e-03  5.37983488e-01  6.88693576e-03  7.71990859e-01  5.54662275e-03 -4.62960716e+04  2.92460041e+05 -1.13223506e+04  4.09878886e+06  8.56133585e+03  1.49473718e+06 
 8.21296553e+01 -9.99999929e-01  9.33779802e-07 -9.83883251e-01  2.68416540e-03  5.36227095e-01  6.85281130e-03  7.70242635e-01  5.50801440e-03 -4.62228433e+04  2.77634875e+05 -1.12205465e+04  4.09160892e+06  8.58009312e+03  1.49306941e+06 
 8.22242650e+01 -9.99999929e-01  9.49981924e-07 -9.84725199e-01  2.68307269e-03  5.34478535e-01  6.81893158e-03  7.68503941e-01  5.46965620e-03 -4.61505771e+04  2.62828249e+05 -1.11194861e+04  4.08446351e+06  8.59876139e+03  1.49141432e+06 
 8.23189837e+01 -9.99999929e-01  9.66167399e-07 -9.85568045e-01  2.68202943e-03  5.32737757e-01  6.78529454e-03  7.66774726e-01  5.43154584e-03 -4.60792662e+04  2.48039885e+05 -1.10191623e+04  4.07735245e+06  8.61734249e+03  1.48977186e+06 
 8.24138115e+01 -9.99999929e-01  9.82336488e-07 -9.86411806e-01  2.68103539e-03  5.31004713e-01  6.75189811e-03  7.65054939e-01  5.39368100e-03 -4.60089037e+04  2.33269501e+05 -1.09195681e+04  4.07027554e+06  8.63583823e+03  1.48814197e+06 
 8.25087485e+01 -9.99999929e-01  9.98489497e-07 -9.87256498e-01  2.68009037e-03  5.29279353e-01  6.71874029e-03  7.63344531e-01  5.35605943e-03 -4.59394828e+04  2.18516819e+05 -1.08206964e+04  4.06323259e+06  8.65425043e+03  1.48652463e+06 
 8.26037950e+01 -9.99999929e-01  1.01462669e-06 -9.88102137e-01  2.67919415e-03  5.27561628e-01  6.68581907e-03  7.61643451e-01  5.31867886e-03 -4.58709969e+04  2.03781563e+05 -1.07225404e+04  4.05622344e+06  8.67258087e+03  1.48491978e+06 
 8.26989509e+01 -9.99999929e-01  1.03074834e-06 -9.88948738e-01  2.67834652e-03  5.25851490e-01  6.65313247e-03  7.59951651e-01  5.28153708e-03 -4.58034394e+04  1.89063456e+05 -1.06250932e+04  4.04924788e+06  8.69083132e+03  1.48332738e+06 
 8.27942164e+01 -9.99999929e-01  1.04685475e-06 -9.89796318e-01  2.67754728e-03  5.24148891e-01  6.62067853e-03  7.58269081e-01  5.24463186e-03 -4.57368037e+04  1.74362225e+05 -1.05283481e+04  4.04230576e+06  8.70900354e+03  1.48174738e+06 
 8.28895916e+01 -9.99999929e-01  1.06294616e-06 -9.90644893e-01  2.67679623e-03  5.22453784e-01  6.58845531e-03  7.56595693e-01  5.20796102e-03 -4.56710834e+04  1.59677597e+05 -1.04322984e+04  4.03539688e+06  8.72709927e+03  1.48017975e+06 
 8.29850768e+01 -9.99999929e-01  1.07902287e-06 -9.91494478e-01  2.67609317e-03  5.20766120e-01  6.55646090e-03  7.54931440e-01  5.17152241e-03 -4.56062723e+04  1.45009298e+05 -1.03369374e+04  4.02852106e+06  8.74512023e+03  1.47862443e+06 
 8.30806719e+01 -9.99999929e-01  1.09508514e-06 -9.92345090e-01  2.67543790e-03  5.19085853e-01  6.52469339e-03  7.53276273e-01  5.13531388e-03 -4.55423641e+04  1.30357059e+05 -1.02422587e+04  4.02167815e+06  8.76306813e+03  1.47708139e+06 
 8.31763771e+01 -9.99999930e-01  1.11113324e-06 -9.93196745e-01  2.67483024e-03  5.17412937e-01  6.49315090e-03  7.51630146e-01  5.09933332e-03 -4.54793526e+04  1.15720611e+05 -1.01482557e+04  4.01486795e+06  8.78094467e+03  1.47555059e+06 
 8.32721926e+01 -9.99999930e-01  1.12716745e-06 -9.94049459e-01  2.67427000e-03  5.15747325e-01  6.46183159e-03  7.49993013e-01  5.06357861e-03 -4.54172317e+04  1.01099685e+05 -1.00549220e+04  4.00809031e+06  8.79875153e+03  1.47403198e+06 
 8.33681185e+01 -9.99999930e-01  1.14318803e-06 -9.94903247e-01  2.67375700e-03  5.14088972e-01  6.43073361e-03  7.48364826e-01  5.02804770e-03 -4.53559953e+04  8.64940136e+04 -9.96225132e+03  4.00134504e+06  8.81649038e+03  1.47252552e+06 
 8.34641548e+01 -9.99999930e-01  1.15919525e-06 -9.95758126e-01  2.67329105e-03  5.12437832e-01  6.39985515e-03  7.46745541e-01  4.99273850e-03 -4.52956377e+04  7.19033315e+04 -9.87023738e+03  3.99463198e+06  8.83416287e+03  1.47103118e+06 
 8.35603018e+01 -9.99999930e-01  1.17518938e-06 -9.96614112e-01  2.67287198e-03  5.10793860e-01  6.36919440e-03  7.45135112e-01  4.95764900e-03 -4.52361528e+04  5.73273737e+04 -9.77887396e+03  3.98795097e+06  8.85177064e+03  1.46954892e+06 
 8.36565596e+01 -9.99999930e-01  1.19117068e-06 -9.97471221e-01  2.67249962e-03  5.09157011e-01  6.33874959e-03  7.43533494e-01  4.92277717e-03 -4.51775350e+04  4.27658765e+04 -9.68815491e+03  3.98130183e+06  8.86931531e+03  1.46807869e+06 
 8.37529282e+01 -9.99999930e-01  1.20713942e-06 -9.98329468e-01  2.67217379e-03  5.07527241e-01  6.30851895e-03  7.41940644e-01  4.88812101e-03 -4.51197785e+04  2.82185774e+04 -9.59807416e+03  3.97468440e+06  8.88679851e+03  1.46662046e+06 
 8.38494079e+01 -9.99999930e-01  1.22309586e-06 -9.99188870e-01  2.67189433e-03  5.05904506e-01  6.27850074e-03  7.40356515e-01  4.85367855e-03 -4.50628777e+04  1.36852150e+04 -9.50862570e+03  3.96809852e+06  8.90422182e+03  1.46517419e+06 
 8.39459987e+01 -9.99999930e-01  1.23904026e-06 -1.00004944e+00  2.67166108e-03  5.04288762e-01  6.24869324e-03  7.38781066e-01  4.81944783e-03 -4.50068271e+04 -8.34471306e+02 -9.41980358e+03  3.96154403e+06  8.92158683e+03  1.46373985e+06 
 8.40427007e+01 -9.99999930e-01  1.25497289e-06 -1.00091120e+00  2.67147387e-03  5.02679965e-01  6.21909474e-03  7.37214253e-01  4.78542691e-03 -4.49516212e+04 -1.53407408e+04 -9.33160190e+03  3.95502076e+06  8.93889513e+03  1.46231739e+06 
 8.41395142e+01 -9.99999930e-01  1.27089400e-06 -1.00177416e+00  2.67133255e-03  5.01078074e-01  6.18970355e-03  7.35656033e-01  4.75161386e-03 -4.48972545e+04 -2.98338519e+04 -9.24401484e+03  3.94852857e+06  8.95614827e+03  1.46090678e+06 
 8.42364391e+01 -9.99999930e-01  1.28680386e-06 -1.00263834e+00  2.67123697e-03  4.99483044e-01  6.16051800e-03  7.34106364e-01  4.71800678e-03 -4.48437217e+04 -4.43140619e+04 -9.15703664e+03  3.94206728e+06  8.97334780e+03  1.45950799e+06 
 8.43334758e+01 -9.99999930e-01  1.30270272e-06 -1.00350376e+00  2.67118697e-03  4.97894834e-01  6.13153644e-03  7.32565204e-01  4.68460380e-03 -4.47910176e+04 -5.87816272e+04 -9.07066158e+03  3.93563675e+06  8.99049526e+03  1.45812098e+06 
 8.44306242e+01 -9.99999930e-01  1.31859083e-06 -1.00437043e+00  2.67118241e-03  4.96313401e-01  6.10275723e-03  7.31032510e-01  4.65140303e-03 -4.47391370e+04 -7.32368032e+04 -8.98488401e+03  3.92923682e+06  9.00759218e+03  1.45674572e+06 
 8.45278845e+01 -9.99999930e-01  1.33446846e-06 -1.00523836e+00  2.67122313e-03  4.94738704e-01  6.07417875e-03  7.29508243e-01  4.61840264e-03 -4.46880748e+04 -8.76798444e+04 -8.89969835e+03  3.92286733e+06  9.02464007e+03  1.45538216e+06 
 8.46252569e+01 -9.99999930e-01  1.35033586e-06 -1.00610758e+00  2.67130901e-03  4.93170701e-01  6.04579940e-03  7.27992360e-01  4.58560079e-03 -4.46378258e+04 -1.02111004e+05 -8.81509907e+03  3.91652814e+06  9.04164044e+03  1.45403029e+06 
 8.47227414e+01 -9.99999930e-01  1.36619330e-06 -1.00697810e+00  2.67143990e-03  4.91609351e-01  6.01761759e-03  7.26484822e-01  4.55299567e-03 -4.45883852e+04 -1.16530535e+05 -8.73108068e+03  3.91021910e+06  9.05859477e+03  1.45269006e+06 
 8.48203382e+01 -9.99999930e-01  1.38204101e-06 -1.00784993e+00  2.67161567e-03  4.90054614e-01  5.98963176e-03  7.24985589e-01  4.52058548e-03 -4.45397479e+04 -1.30938689e+05 -8.64763777e+03  3.90394005e+06  9.07550456e+03  1.45136145e+06 
 8.49180475e+01 -9.99999931e-01  1.39787925e-06 -1.00872309e+00  2.67183618e-03  4.88506448e-01  5.96184035e-03  7.23494621e-01  4.48836844e-03 -4.44919092e+04 -1.45335717e+05 -8.56476497e+03  3.89769084e+06  9.09237127e+03  1.45004441e+06 
 8.50158693e+01 -9.99999931e-01  1.41370827e-06 -1.00959760e+00  2.67210131e-03  4.86964814e-01  5.93424182e-03  7.22011878e-01  4.45634280e-03 -4.44448643e+04 -1.59721868e+05 -8.48245697e+03  3.89147134e+06  9.10919636e+03  1.44873893e+06 
 8.51138038e+01 -9.99999931e-01  1.42952834e-06 -1.01047348e+00  2.67241093e-03  4.85429672e-01  5.90683466e-03  7.20537321e-01  4.42450679e-03 -4.43986083e+04 -1.74097392e+05 -8.40070852e+03  3.88528140e+06  9.12598129e+03  1.44744496e+06 
 8.52118511e+01 -9.99999931e-01  1.44533968e-06 -1.01135073e+00  2.67276491e-03  4.83900982e-01  5.87961735e-03  7.19070913e-01  4.39285870e-03 -4.43531368e+04 -1.88462538e+05 -8.31951441e+03  3.87912086e+06  9.14272749e+03  1.44616249e+06 
 8.53100114e+01 -9.99999931e-01  1.46114256e-06 -1.01222938e+00  2.67316314e-03  4.82378704e-01  5.85258841e-03  7.17612614e-01  4.36139680e-03 -4.43084450e+04 -2.02817551e+05 -8.23886948e+03  3.87298960e+06  9.15943639e+03  1.44489147e+06 
 8.54082847e+01 -9.99999931e-01  1.47693723e-06 -1.01310945e+00  2.67360550e-03  4.80862801e-01  5.82574636e-03  7.16162387e-01  4.33011941e-03 -4.42645285e+04 -2.17162680e+05 -8.15876865e+03  3.86688746e+06  9.17610943e+03  1.44363188e+06 
 8.55066713e+01 -9.99999931e-01  1.49272391e-06 -1.01399094e+00  2.67409187e-03  4.79353232e-01  5.79908975e-03  7.14720195e-01  4.29902483e-03 -4.42213828e+04 -2.31498169e+05 -8.07920687e+03  3.86081430e+06  9.19274800e+03  1.44238370e+06 
 8.56051712e+01 -9.99999931e-01  1.50850290e-06 -1.01487388e+00  2.67462214e-03  4.77849960e-01  5.77261712e-03  7.13286000e-01  4.26811140e-03 -4.41790035e+04 -2.45824264e+05 -8.00017913e+03  3.85477000e+06  9.20935351e+03  1.44114688e+06 
 8.57037845e+01 -9.99999931e-01  1.52427439e-06 -1.01575828e+00  2.67519621e-03  4.76352946e-01  5.74632706e-03  7.11859765e-01  4.23737747e-03 -4.41373862e+04 -2.60141210e+05 -7.92168049e+03  3.84875441e+06  9.22592735e+03  1.43992141e+06 
 8.58025115e+01 -9.99999931e-01  1.54003865e-06 -1.01664415e+00  2.67581396e-03  4.74862152e-01  5.72021813e-03  7.10441455e-01  4.20682140e-03 -4.40965267e+04 -2.74449249e+05 -7.84370606e+03  3.84276739e+06  9.24247092e+03  1.43870725e+06 
 8.59013522e+01 -9.99999931e-01  1.55579593e-06 -1.01753153e+00  2.67647530e-03  4.73377541e-01  5.69428896e-03  7.09031032e-01  4.17644157e-03 -4.40564207e+04 -2.88748625e+05 -7.76625098e+03  3.83680881e+06  9.25898557e+03  1.43750439e+06 
 8.60003067e+01 -9.99999931e-01  1.57154646e-06 -1.01842041e+00  2.67718012e-03  4.71899076e-01  5.66853814e-03  7.07628462e-01  4.14623638e-03 -4.40170642e+04 -3.03039579e+05 -7.68931046e+03  3.83087853e+06  9.27547269e+03  1.43631278e+06 
 8.60993752e+01 -9.99999931e-01  1.58729051e-06 -1.01931082e+00  2.67792833e-03  4.70426719e-01  5.64296431e-03  7.06233708e-01  4.11620422e-03 -4.39784529e+04 -3.17322354e+05 -7.61287974e+03  3.82497642e+06  9.29193363e+03  1.43513241e+06 
 8.61985579e+01 -9.99999931e-01  1.60302829e-06 -1.02020277e+00  2.67871983e-03  4.68960434e-01  5.61756610e-03  7.04846737e-01  4.08634352e-03 -4.39405828e+04 -3.31597190e+05 -7.53695412e+03  3.81910236e+06  9.30836974e+03  1.43396326e+06 
 8.62978548e+01 -9.99999931e-01  1.61876005e-06 -1.02109628e+00  2.67955453e-03  4.67500184e-01  5.59234218e-03  7.03467512e-01  4.05665272e-03 -4.39034500e+04 -3.45864327e+05 -7.46152893e+03  3.81325620e+06  9.32478235e+03  1.43280529e+06 
 8.63972661e+01 -9.99999931e-01  1.63448604e-06 -1.02199137e+00  2.68043233e-03  4.66045933e-01  5.56729121e-03  7.02096000e-01  4.02713027e-03 -4.38670505e+04 -3.60124004e+05 -7.38659957e+03  3.80743782e+06  9.34117282e+03  1.43165848e+06 
 8.64967919e+01 -9.99999931e-01  1.65020651e-06 -1.02288805e+00  2.68135317e-03  4.64597644e-01  5.54241188e-03  7.00732167e-01  3.99777463e-03 -4.38313805e+04 -3.74376461e+05 -7.31216146e+03  3.80164709e+06  9.35754246e+03  1.43052281e+06 
 8.65964323e+01 -9.99999931e-01  1.66592169e-06 -1.02378634e+00  2.68231694e-03  4.63155282e-01  5.51770288e-03  6.99375978e-01  3.96858427e-03 -4.37964361e+04 -3.88621935e+05 -7.23821009e+03  3.79588389e+06  9.37389260e+03  1.42939825e+06 
 8.66961876e+01 -9.99999931e-01  1.68163182e-06 -1.02468625e+00  2.68332357e-03  4.61718812e-01  5.49316293e-03  6.98027402e-01  3.93955769e-03 -4.37622136e+04 -4.02860665e+05 -7.16474097e+03  3.79014808e+06  9.39022454e+03  1.42828478e+06 
 8.67960577e+01 -9.99999931e-01  1.69733711e-06 -1.02558781e+00  2.68437297e-03  4.60288198e-01  5.46879074e-03  6.96686403e-01  3.91069340e-03 -4.37287093e+04 -4.17092886e+05 -7.09174967e+03  3.78443955e+06  9.40653958e+03  1.42718238e+06 
 8.68960429e+01 -9.99999931e-01  1.71303785e-06 -1.02649103e+00  2.68546509e-03  4.58863405e-01  5.44458505e-03  6.95352951e-01  3.88198990e-03 -4.36959195e+04 -4.31318836e+05 -7.01923180e+03  3.77875817e+06  9.42283904e+03  1.42609103e+06 
 8.69961433e+01 -9.99999931e-01  1.72873425e-06 -1.02739592e+00  2.68659983e-03  4.57444399e-01  5.42054461e-03  6.94027011e-01  3.85344573e-03 -4.36638407e+04 -4.45538751e+05 -6.94718301e+03  3.77310381e+06  9.43912420e+03  1.42501069e+06 
 8.70963590e+01 -9.99999931e-01  1.74442656e-06 -1.02830251e+00  2.68777714e-03  4.56031145e-01  5.39666818e-03  6.92708553e-01  3.82505943e-03 -4.36324692e+04 -4.59752865e+05 -6.87559898e+03  3.76747636e+06  9.45539634e+03  1.42394136e+06 
 8.71966901e+01 -9.99999931e-01  1.76011500e-06 -1.02921080e+00  2.68899694e-03  4.54623608e-01  5.37295453e-03  6.91397544e-01  3.79682956e-03 -4.36018017e+04 -4.73961415e+05 -6.80447546e+03  3.76187569e+06  9.47165673e+03  1.42288301e+06 
 8.72971368e+01 -9.99999931e-01  1.77579979e-06 -1.03012082e+00  2.69025916e-03  4.53221755e-01  5.34940246e-03  6.90093953e-01  3.76875469e-03 -4.35718346e+04 -4.88164633e+05 -6.73380822e+03  3.75630168e+06  9.48790667e+03  1.42183562e+06 
 8.73976993e+01 -9.99999931e-01  1.79148121e-06 -1.03103259e+00  2.69156375e-03  4.51825552e-01  5.32601075e-03  6.88797749e-01  3.74083339e-03 -4.35425647e+04 -5.02362754e+05 -6.66359307e+03  3.75075423e+06  9.50414739e+03  1.42079917e+06 
 8.74983775e+01 -9.99999931e-01  1.80715948e-06 -1.03194611e+00  2.69291065e-03  4.50434965e-01  5.30277822e-03  6.87508901e-01  3.71306426e-03 -4.35139885e+04 -5.16556010e+05 -6.59382587e+03  3.74523320e+06  9.52038018e+03  1.41977364e+06 
 8.75991718e+01 -9.99999932e-01  1.82283483e-06 -1.03286141e+00  2.69429979e-03  4.49049961e-01  5.27970370e-03  6.86227378e-01  3.68544590e-03 -4.34861028e+04 -5.30744636e+05 -6.52450252e+03  3.73973848e+06  9.53660627e+03  1.41875902e+06 
 8.77000821e+01 -9.99999932e-01  1.83850747e-06 -1.03377851e+00  2.69573112e-03  4.47670507e-01  5.25678601e-03  6.84953150e-01  3.65797692e-03 -4.34589044e+04 -5.44928863e+05 -6.45561895e+03  3.73426996e+06  9.55282692e+03  1.41775527e+06 
 8.78011087e+01 -9.99999932e-01  1.85417768e-06 -1.03469741e+00  2.69720460e-03  4.46296571e-01  5.23402400e-03  6.83686187e-01  3.63065597e-03 -4.34323900e+04 -5.59108924e+05 -6.38717114e+03  3.72882753e+06  9.56904336e+03  1.41676239e+06 
 8.79022517e+01 -9.99999932e-01  1.86984568e-06 -1.03561814e+00  2.69872016e-03  4.44928118e-01  5.21141653e-03  6.82426459e-01  3.60348166e-03 -4.34065567e+04 -5.73285049e+05 -6.31915509e+03  3.72341106e+06  9.58525684e+03  1.41578036e+06 
 8.80035112e+01 -9.99999932e-01  1.88551167e-06 -1.03654072e+00  2.70027777e-03  4.43565118e-01  5.18896247e-03  6.81173938e-01  3.57645267e-03 -4.33814012e+04 -5.87457470e+05 -6.25156686e+03  3.71802045e+06  9.60146858e+03  1.41480915e+06 
 8.81048873e+01 -9.99999932e-01  1.90117592e-06 -1.03746516e+00  2.70187738e-03  4.42207537e-01  5.16666070e-03  6.79928594e-01  3.54956764e-03 -4.33569206e+04 -6.01626417e+05 -6.18440253e+03  3.71265559e+06  9.61767982e+03  1.41384876e+06 
 8.82063802e+01 -9.99999932e-01  1.91683864e-06 -1.03839148e+00  2.70351894e-03  4.40855344e-01  5.14451011e-03  6.78690398e-01  3.52282525e-03 -4.33331119e+04 -6.15792122e+05 -6.11765823e+03  3.70731636e+06  9.63389176e+03  1.41289916e+06 
 8.83079900e+01 -9.99999932e-01  1.93250010e-06 -1.03931970e+00  2.70520242e-03  4.39508507e-01  5.12250960e-03  6.77459322e-01  3.49622419e-03 -4.33099722e+04 -6.29954813e+05 -6.05133011e+03  3.70200266e+06  9.65010563e+03  1.41196034e+06 
 8.84097169e+01 -9.99999932e-01  1.94816046e-06 -1.04024982e+00  2.70692777e-03  4.38166995e-01  5.10065809e-03  6.76235338e-01  3.46976315e-03 -4.32874985e+04 -6.44114720e+05 -5.98541438e+03  3.69671438e+06  9.66632264e+03  1.41103228e+06 
 8.85115610e+01 -9.99999932e-01  1.96382001e-06 -1.04118188e+00  2.70869497e-03  4.36830775e-01  5.07895450e-03  6.75018417e-01  3.44344083e-03 -4.32656881e+04 -6.58272074e+05 -5.91990726e+03  3.69145141e+06  9.68254400e+03  1.41011498e+06 
 8.86135224e+01 -9.99999932e-01  1.97947898e-06 -1.04211589e+00  2.71050399e-03  4.35499818e-01  5.05739777e-03  6.73808533e-01  3.41725596e-03 -4.32445382e+04 -6.72427101e+05 -5.85480502e+03  3.68621364e+06  9.69877089e+03  1.40920841e+06 
 8.87156012e+01 -9.99999932e-01  1.99513758e-06 -1.04305187e+00  2.71235479e-03  4.34174092e-01  5.03598684e-03  6.72605657e-01  3.39120726e-03 -4.32240460e+04 -6.86580032e+05 -5.79010395e+03  3.68100098e+06  9.71500454e+03  1.40831255e+06 
 8.88177976e+01 -9.99999932e-01  2.01079604e-06 -1.04398982e+00  2.71424734e-03  4.32853567e-01  5.01472067e-03  6.71409764e-01  3.36529346e-03 -4.32042088e+04 -7.00731094e+05 -5.72580041e+03  3.67581331e+06  9.73124612e+03  1.40742741e+06 
 8.89201118e+01 -9.99999932e-01  2.02645461e-06 -1.04492978e+00  2.71618162e-03  4.31538211e-01  4.99359823e-03  6.70220825e-01  3.33951331e-03 -4.31850240e+04 -7.14880516e+05 -5.66189075e+03  3.67065053e+06  9.74749683e+03  1.40655295e+06 
 8.90225438e+01 -9.99999932e-01  2.04211349e-06 -1.04587176e+00  2.71815761e-03  4.30227995e-01  4.97261849e-03  6.69038815e-01  3.31386558e-03 -4.31664891e+04 -7.29028525e+05 -5.59837138e+03  3.66551254e+06  9.76375785e+03  1.40568918e+06 
 8.91250938e+01 -9.99999932e-01  2.05777293e-06 -1.04681577e+00  2.72017529e-03  4.28922889e-01  4.95178044e-03  6.67863708e-01  3.28834902e-03 -4.31486014e+04 -7.43175348e+05 -5.53523874e+03  3.66039924e+06  9.78003036e+03  1.40483607e+06 
 8.92277620e+01 -9.99999932e-01  2.07343315e-06 -1.04776184e+00  2.72223464e-03  4.27622863e-01  4.93108308e-03  6.66695477e-01  3.26296241e-03 -4.31313584e+04 -7.57321213e+05 -5.47248929e+03  3.65531052e+06  9.79631555e+03  1.40399361e+06 
 8.93305484e+01 -9.99999932e-01  2.08909438e-06 -1.04870997e+00  2.72433565e-03  4.26327886e-01  4.91052542e-03  6.65534097e-01  3.23770454e-03 -4.31147577e+04 -7.71466346e+05 -5.41011953e+03  3.65024630e+06  9.81261458e+03  1.40316180e+06 
 8.94334532e+01 -9.99999932e-01  2.10475685e-06 -1.04966020e+00  2.72647830e-03  4.25037930e-01  4.89010647e-03  6.64379542e-01  3.21257421e-03 -4.30987969e+04 -7.85610975e+05 -5.34812600e+03  3.64520646e+06  9.82892864e+03  1.40234062e+06 
 8.95364766e+01 -9.99999932e-01  2.12042080e-06 -1.05061253e+00  2.72866258e-03  4.23752965e-01  4.86982527e-03  6.63231788e-01  3.18757022e-03 -4.30834736e+04 -7.99755326e+05 -5.28650526e+03  3.64019091e+06  9.84525888e+03  1.40153006e+06 
 8.96396186e+01 -9.99999932e-01  2.13608645e-06 -1.05156699e+00  2.73088849e-03  4.22472962e-01  4.84968084e-03  6.62090810e-01  3.16269139e-03 -4.30687854e+04 -8.13899625e+05 -5.22525390e+03  3.63519956e+06  9.86160647e+03  1.40073011e+06 
 8.97428795e+01 -9.99999932e-01  2.15175403e-06 -1.05252359e+00  2.73315602e-03  4.21197892e-01  4.82967224e-03  6.60956582e-01  3.13793653e-03 -4.30547302e+04 -8.28044099e+05 -5.16436856e+03  3.63023230e+06  9.87797258e+03  1.39994076e+06 
 8.98462593e+01 -9.99999932e-01  2.16742376e-06 -1.05348235e+00  2.73546517e-03  4.19927726e-01  4.80979852e-03  6.59829081e-01  3.11330449e-03 -4.30413055e+04 -8.42188973e+05 -5.10384589e+03  3.62528904e+06  9.89435836e+03  1.39916200e+06 
 8.99497582e+01 -9.99999932e-01  2.18309587e-06 -1.05444329e+00  2.73781593e-03  4.18662437e-01  4.79005874e-03  6.58708283e-01  3.08879410e-03 -4.30285094e+04 -8.56334473e+05 -5.04368257e+03  3.62036970e+06  9.91076497e+03  1.39839382e+06 
 9.00533763e+01 -9.99999932e-01  2.19877059e-06 -1.05540643e+00  2.74020831e-03  4.17401994e-01  4.77045199e-03  6.57594164e-01  3.06440422e-03 -4.30163395e+04 -8.70480824e+05 -4.98387532e+03  3.61547416e+06  9.92719357e+03  1.39763622e+06 
 9.01571138e+01 -9.99999932e-01  2.21444814e-06 -1.05637179e+00  2.74264232e-03  4.16146371e-01  4.75097735e-03  6.56486700e-01  3.04013369e-03 -4.30047937e+04 -8.84628254e+05 -4.92442089e+03  3.61060235e+06  9.94364531e+03  1.39688917e+06 
 9.02609707e+01 -9.99999932e-01  2.23012877e-06 -1.05733937e+00  2.74511796e-03  4.14895540e-01  4.73163390e-03  6.55385868e-01  3.01598140e-03 -4.29938701e+04 -8.98776985e+05 -4.86531606e+03  3.60575417e+06  9.96012133e+03  1.39615269e+06 
 9.03649474e+01 -9.99999932e-01  2.24581269e-06 -1.05830921e+00  2.74763523e-03  4.13649471e-01  4.71242076e-03  6.54291646e-01  2.99194622e-03 -4.29835666e+04 -9.12927245e+05 -4.80655762e+03  3.60092953e+06  9.97662279e+03  1.39542675e+06 
 9.04690438e+01 -9.99999932e-01  2.26150014e-06 -1.05928132e+00  2.75019416e-03  4.12408138e-01  4.69333703e-03  6.53204010e-01  2.96802702e-03 -4.29738812e+04 -9.27079259e+05 -4.74814240e+03  3.59612833e+06  9.99315083e+03  1.39471136e+06 
 9.05732601e+01 -9.99999932e-01  2.27719133e-06 -1.06025572e+00  2.75279475e-03  4.11171514e-01  4.67438183e-03  6.52122937e-01  2.94422271e-03 -4.29648120e+04 -9.41233250e+05 -4.69006727e+03  3.59135050e+06  1.00097066e+04  1.39400650e+06 
 9.06775965e+01 -9.99999932e-01  2.29288648e-06 -1.06123243e+00  2.75543702e-03  4.09939570e-01  4.65555430e-03  6.51048407e-01  2.92053219e-03 -4.29563569e+04 -9.55389445e+05 -4.63232912e+03  3.58659593e+06  1.00262912e+04  1.39331217e+06 
 9.07820530e+01 -9.99999932e-01  2.30858582e-06 -1.06221146e+00  2.75812100e-03  4.08712281e-01  4.63685356e-03  6.49980397e-01  2.89695435e-03 -4.29485143e+04 -9.69548068e+05 -4.57492485e+03  3.58186455e+06  1.00429058e+04  1.39262836e+06 
 9.08866299e+01 -9.99999932e-01  2.32428962e-06 -1.06319283e+00  2.76084669e-03  4.07489618e-01  4.61827877e-03  6.48918884e-01  2.87348813e-03 -4.29412823e+04 -9.83709345e+05 -4.51785141e+03  3.57715627e+06  1.00595516e+04  1.39195507e+06 
 9.09913273e+01 -9.99999932e-01  2.33999808e-06 -1.06417658e+00  2.76361413e-03  4.06271555e-01  4.59982908e-03  6.47863848e-01  2.85013244e-03 -4.29346590e+04 -9.97873500e+05 -4.46110577e+03  3.57247099e+06  1.00762297e+04  1.39129229e+06 
 9.10961452e+01 -9.99999932e-01  2.35571139e-06 -1.06516270e+00  2.76642334e-03  4.05058065e-01  4.58150365e-03  6.46815268e-01  2.82688622e-03 -4.29286428e+04 -1.01204076e+06 -4.40468492e+03  3.56780865e+06  1.00929412e+04  1.39064002e+06 
 9.12010839e+01 -9.99999932e-01  2.37142983e-06 -1.06615122e+00  2.76927435e-03  4.03849122e-01  4.56330166e-03  6.45773122e-01  2.80374840e-03 -4.29232320e+04 -1.02621135e+06 -4.34858588e+03  3.56316914e+06  1.01096872e+04  1.38999826e+06 
 9.13061435e+01 -9.99999932e-01  2.38715360e-06 -1.06714217e+00  2.77216719e-03  4.02644700e-01  4.54522229e-03  6.44737390e-01  2.78071794e-03 -4.29184249e+04 -1.04038549e+06 -4.29280570e+03  3.55855239e+06  1.01264689e+04  1.38936699e+06 
 9.14113241e+01 -9.99999932e-01  2.40288294e-06 -1.06813555e+00  2.77510190e-03  4.01444772e-01  4.52726471e-03  6.43708050e-01  2.75779378e-03 -4.29142198e+04 -1.05456340e+06 -4.23734145e+03  3.55395832e+06  1.01432874e+04  1.38874622e+06 
 9.15166259e+01 -9.99999932e-01  2.41861805e-06 -1.06913139e+00  2.77807850e-03  4.00249313e-01  4.50942814e-03  6.42685085e-01  2.73497490e-03 -4.29106153e+04 -1.06874532e+06 -4.18219023e+03  3.54938684e+06  1.01601439e+04  1.38813595e+06 
 9.16220490e+01 -9.99999932e-01  2.43435919e-06 -1.07012971e+00  2.78109704e-03  3.99058296e-01  4.49171177e-03  6.41668472e-01  2.71226025e-03 -4.29076097e+04 -1.08293147e+06 -4.12734915e+03  3.54483787e+06  1.01770395e+04  1.38753617e+06 
 9.17275935e+01 -9.99999932e-01  2.45010659e-06 -1.07113053e+00  2.78415755e-03  3.97871696e-01  4.47411481e-03  6.40658192e-01  2.68964882e-03 -4.29052015e+04 -1.09712207e+06 -4.07281537e+03  3.54031134e+06  1.01939753e+04  1.38694688e+06 
 9.18332596e+01 -9.99999932e-01  2.46586046e-06 -1.07213386e+00  2.78726008e-03  3.96689487e-01  4.45663649e-03  6.39654226e-01  2.66713958e-03 -4.29033894e+04 -1.11131736e+06 -4.01858606e+03  3.53580715e+06  1.02109524e+04  1.38636808e+06 
 9.19390475e+01 -9.99999932e-01  2.48162100e-06 -1.07313973e+00  2.79040468e-03  3.95511644e-01  4.43927603e-03  6.38656555e-01  2.64473153e-03 -4.29021718e+04 -1.12551754e+06 -3.96465840e+03  3.53132524e+06  1.02279721e+04  1.38579977e+06 
 9.20449572e+01 -9.99999932e-01  2.49738848e-06 -1.07414816e+00  2.79359139e-03  3.94338143e-01  4.42203267e-03  6.37665159e-01  2.62242367e-03 -4.29015474e+04 -1.13972285e+06 -3.91102962e+03  3.52686553e+06  1.02450353e+04  1.38524194e+06 
 9.21509889e+01 -9.99999932e-01  2.51316314e-06 -1.07515916e+00  2.79682026e-03  3.93168956e-01  4.40490565e-03  6.36680020e-01  2.60021499e-03 -4.29015149e+04 -1.15393352e+06 -3.85769696e+03  3.52242793e+06  1.02621432e+04  1.38469460e+06 
 9.22571427e+01 -9.99999932e-01  2.52894513e-06 -1.07617275e+00  2.80009135e-03  3.92004061e-01  4.38789423e-03  6.35701120e-01  2.57810451e-03 -4.29020729e+04 -1.16814977e+06 -3.80465768e+03  3.51801238e+06  1.02792971e+04  1.38415775e+06 
 9.23634188e+01 -9.99999932e-01  2.54473477e-06 -1.07718896e+00  2.80340470e-03  3.90843431e-01  4.37099766e-03  6.34728439e-01  2.55609124e-03 -4.29032201e+04 -1.18237182e+06 -3.75190907e+03  3.51361879e+06  1.02964979e+04  1.38363139e+06 
 9.24698174e+01 -9.99999932e-01  2.56053224e-06 -1.07820780e+00  2.80676038e-03  3.89687043e-01  4.35421520e-03  6.33761960e-01  2.53417421e-03 -4.29049554e+04 -1.19659991e+06 -3.69944845e+03  3.50924709e+06  1.03137469e+04  1.38311551e+06 
 9.25763385e+01 -9.99999932e-01  2.57633778e-06 -1.07922930e+00  2.81015845e-03  3.88534872e-01  4.33754613e-03  6.32801665e-01  2.51235245e-03 -4.29072775e+04 -1.21083425e+06 -3.64727313e+03  3.50489721e+06  1.03310451e+04  1.38261012e+06 
 9.26829823e+01 -9.99999932e-01  2.59215159e-06 -1.08025347e+00  2.81359896e-03  3.87386893e-01  4.32098974e-03  6.31847537e-01  2.49062498e-03 -4.29101854e+04 -1.22507508e+06 -3.59538048e+03  3.50056907e+06  1.03483938e+04  1.38211523e+06 
 9.27897490e+01 -9.99999932e-01  2.60797394e-06 -1.08128034e+00  2.81708198e-03  3.86243083e-01  4.30454530e-03  6.30899558e-01  2.46899086e-03 -4.29136777e+04 -1.23932261e+06 -3.54376788e+03  3.49626260e+06  1.03657939e+04  1.38163083e+06 
 9.28966387e+01 -9.99999932e-01  2.62380505e-06 -1.08230992e+00  2.82060758e-03  3.85103417e-01  4.28821212e-03  6.29957710e-01  2.44744913e-03 -4.29177536e+04 -1.25357709e+06 -3.49243271e+03  3.49197772e+06  1.03832468e+04  1.38115692e+06 
 9.30036515e+01 -9.99999932e-01  2.63964512e-06 -1.08334224e+00  2.82417583e-03  3.83967871e-01  4.27198949e-03  6.29021978e-01  2.42599883e-03 -4.29224119e+04 -1.26783873e+06 -3.44137240e+03  3.48771438e+06  1.04007534e+04  1.38069352e+06 
 9.31107875e+01 -9.99999932e-01  2.65549443e-06 -1.08437731e+00  2.82778680e-03  3.82836421e-01  4.25587673e-03  6.28092344e-01  2.40463904e-03 -4.29276516e+04 -1.28210775e+06 -3.39058440e+03  3.48347249e+06  1.04183150e+04  1.38024062e+06 
 9.32180470e+01 -9.99999932e-01  2.67135314e-06 -1.08541516e+00  2.83144056e-03  3.81709045e-01  4.23987315e-03  6.27168792e-01  2.38336882e-03 -4.29334718e+04 -1.29638440e+06 -3.34006615e+03  3.47925199e+06  1.04359326e+04  1.37979823e+06 
 9.33254301e+01 -9.99999932e-01  2.68722155e-06 -1.08645580e+00  2.83513719e-03  3.80585717e-01  4.22397807e-03  6.26251305e-01  2.36218723e-03 -4.29398715e+04 -1.31066889e+06 -3.28981514e+03  3.47505280e+06  1.04536075e+04  1.37936635e+06 
 9.34329368e+01 -9.99999932e-01  2.70309984e-06 -1.08749927e+00  2.83887677e-03  3.79466416e-01  4.20819083e-03  6.25339869e-01  2.34109336e-03 -4.29468498e+04 -1.32496146e+06 -3.23982887e+03  3.47087487e+06  1.04713407e+04  1.37894499e+06 
 9.35405674e+01 -9.99999932e-01  2.71898826e-06 -1.08854557e+00  2.84265937e-03  3.78351117e-01  4.19251076e-03  6.24434466e-01  2.32008629e-03 -4.29544059e+04 -1.33926233e+06 -3.19010487e+03  3.46671811e+06  1.04891335e+04  1.37853415e+06 
 9.36483220e+01 -9.99999932e-01  2.73488703e-06 -1.08959473e+00  2.84648510e-03  3.77239798e-01  4.17693721e-03  6.23535081e-01  2.29916509e-03 -4.29625390e+04 -1.35357173e+06 -3.14064067e+03  3.46258247e+06  1.05069868e+04  1.37813384e+06 
 9.37562007e+01 -9.99999932e-01  2.75079640e-06 -1.09064677e+00  2.85035402e-03  3.76132435e-01  4.16146952e-03  6.22641700e-01  2.27832887e-03 -4.29712482e+04 -1.36788989e+06 -3.09143383e+03  3.45846787e+06  1.05249020e+04  1.37774406e+06 
 9.38642037e+01 -9.99999932e-01  2.76671659e-06 -1.09170171e+00  2.85426623e-03  3.75029006e-01  4.14610706e-03  6.21754307e-01  2.25757672e-03 -4.29805328e+04 -1.38221703e+06 -3.04248194e+03  3.45437426e+06  1.05428801e+04  1.37736483e+06 
 9.39723311e+01 -9.99999932e-01  2.78264783e-06 -1.09275957e+00  2.85822182e-03  3.73929488e-01  4.13084918e-03  6.20872887e-01  2.23690775e-03 -4.29903921e+04 -1.39655340e+06 -2.99378260e+03  3.45030156e+06  1.05609223e+04  1.37699614e+06 
 9.40805830e+01 -9.99999932e-01  2.79859039e-06 -1.09382038e+00  2.86222088e-03  3.72833858e-01  4.11569526e-03  6.19997425e-01  2.21632106e-03 -4.30008254e+04 -1.41089921e+06 -2.94533341e+03  3.44624972e+06  1.05790297e+04  1.37663801e+06 
 9.41889597e+01 -9.99999932e-01  2.81454443e-06 -1.09488415e+00  2.86626351e-03  3.71742094e-01  4.10064468e-03  6.19127908e-01  2.19581576e-03 -4.30118320e+04 -1.42525470e+06 -2.89713203e+03  3.44221866e+06  1.05972035e+04  1.37629044e+06 
 9.42974611e+01 -9.99999932e-01  2.83051021e-06 -1.09595091e+00  2.87034982e-03  3.70654173e-01  4.08569681e-03  6.18264320e-01  2.17539098e-03 -4.30234115e+04 -1.43962009e+06 -2.84917610e+03  3.43820833e+06  1.06154449e+04  1.37595344e+06 
 9.44060876e+01 -9.99999932e-01  2.84648799e-06 -1.09702068e+00  2.87447989e-03  3.69570073e-01  4.07085105e-03  6.17406649e-01  2.15504584e-03 -4.30355631e+04 -1.45399563e+06 -2.80146329e+03  3.43421866e+06  1.06337550e+04  1.37562703e+06 
 9.45148392e+01 -9.99999932e-01  2.86247800e-06 -1.09809347e+00  2.87865383e-03  3.68489772e-01  4.05610679e-03  6.16554880e-01  2.13477946e-03 -4.30482863e+04 -1.46838153e+06 -2.75399130e+03  3.43024960e+06  1.06521350e+04  1.37531121e+06 
 9.46237161e+01 -9.99999932e-01  2.87848043e-06 -1.09916932e+00  2.88287176e-03  3.67413248e-01  4.04146343e-03  6.15708999e-01  2.11459097e-03 -4.30615807e+04 -1.48277804e+06 -2.70675784e+03  3.42630107e+06  1.06705860e+04  1.37500598e+06 
 9.47327185e+01 -9.99999932e-01  2.89449555e-06 -1.10024825e+00  2.88713378e-03  3.66340479e-01  4.02692039e-03  6.14868994e-01  2.09447952e-03 -4.30754458e+04 -1.49718537e+06 -2.65976064e+03  3.42237303e+06  1.06891093e+04  1.37471137e+06 
 9.48418463e+01 -9.99999932e-01  2.91052361e-06 -1.10133027e+00  2.89143999e-03  3.65271444e-01  4.01247708e-03  6.14034851e-01  2.07444423e-03 -4.30898811e+04 -1.51160378e+06 -2.61299742e+03  3.41846540e+06  1.07077059e+04  1.37442738e+06 
 9.49510999e+01 -9.99999932e-01  2.92656480e-06 -1.10241540e+00  2.89579052e-03  3.64206119e-01  3.99813291e-03  6.13206558e-01  2.05448427e-03 -4.31048863e+04 -1.52603349e+06 -2.56646597e+03  3.41457814e+06  1.07263771e+04  1.37415402e+06 
 9.50604794e+01 -9.99999932e-01  2.94261937e-06 -1.10350368e+00  2.90018548e-03  3.63144485e-01  3.98388732e-03  6.12384101e-01  2.03459878e-03 -4.31204610e+04 -1.54047472e+06 -2.52016405e+03  3.41071119e+06  1.07451240e+04  1.37389131e+06 
 9.51699848e+01 -9.99999932e-01  2.95868760e-06 -1.10459512e+00  2.90462499e-03  3.62086519e-01  3.96973974e-03  6.11567469e-01  2.01478691e-03 -4.31366049e+04 -1.55492773e+06 -2.47408946e+03  3.40686448e+06  1.07639478e+04  1.37363925e+06 
 9.52796164e+01 -9.99999932e-01  2.97476966e-06 -1.10568975e+00  2.90910918e-03  3.61032200e-01  3.95568961e-03  6.10756649e-01  1.99504782e-03 -4.31533176e+04 -1.56939273e+06 -2.42824002e+03  3.40303795e+06  1.07828498e+04  1.37339786e+06 
 9.53893743e+01 -9.99999932e-01  2.99086584e-06 -1.10678758e+00  2.91363816e-03  3.59981507e-01  3.94173636e-03  6.09951629e-01  1.97538067e-03 -4.31705990e+04 -1.58386997e+06 -2.38261353e+03  3.39923157e+06  1.08018311e+04  1.37316715e+06 
 9.54992586e+01 -9.99999932e-01  3.00697634e-06 -1.10788865e+00  2.91821206e-03  3.58934418e-01  3.92787947e-03  6.09152398e-01  1.95578463e-03 -4.31884488e+04 -1.59835969e+06 -2.33720786e+03  3.39544525e+06  1.08208928e+04  1.37294713e+06 
 9.56092695e+01 -9.99999932e-01  3.02310141e-06 -1.10899297e+00  2.92283101e-03  3.57890913e-01  3.91411836e-03  6.08358943e-01  1.93625888e-03 -4.32068668e+04 -1.61286211e+06 -2.29202087e+03  3.39167897e+06  1.08400363e+04  1.37273783e+06 
 9.57194071e+01 -9.99999932e-01  3.03924132e-06 -1.11010056e+00  2.92749515e-03  3.56850971e-01  3.90045253e-03  6.07571255e-01  1.91680257e-03 -4.32258530e+04 -1.62737747e+06 -2.24705041e+03  3.38793264e+06  1.08592626e+04  1.37253924e+06 
 9.58296716e+01 -9.99999932e-01  3.05539628e-06 -1.11121146e+00  2.93220461e-03  3.55814571e-01  3.88688142e-03  6.06789320e-01  1.89741490e-03 -4.32454071e+04 -1.64190601e+06 -2.20229439e+03  3.38420624e+06  1.08785731e+04  1.37235140e+06 
 9.59400632e+01 -9.99999932e-01  3.07156652e-06 -1.11232568e+00  2.93695953e-03  3.54781692e-01  3.87340451e-03  6.06013129e-01  1.87809505e-03 -4.32655291e+04 -1.65644798e+06 -2.15775071e+03  3.38049969e+06  1.08979689e+04  1.37217431e+06 
 9.60505818e+01 -9.99999932e-01  3.08775230e-06 -1.11344324e+00  2.94176004e-03  3.53752314e-01  3.86002129e-03  6.05242671e-01  1.85884219e-03 -4.32862189e+04 -1.67100360e+06 -2.11341730e+03  3.37681295e+06  1.09174512e+04  1.37200798e+06 
 9.61612278e+01 -9.99999932e-01  3.10395384e-06 -1.11456418e+00  2.94660630e-03  3.52726415e-01  3.84673124e-03  6.04477935e-01  1.83965553e-03 -4.33074766e+04 -1.68557312e+06 -2.06929208e+03  3.37314597e+06  1.09370213e+04  1.37185245e+06 
 9.62720013e+01 -9.99999932e-01  3.12017141e-06 -1.11568851e+00  2.95149844e-03  3.51703976e-01  3.83353384e-03  6.03718911e-01  1.82053424e-03 -4.33293022e+04 -1.70015677e+06 -2.02537301e+03  3.36949869e+06  1.09566803e+04  1.37170771e+06 
 9.63829024e+01 -9.99999932e-01  3.13640523e-06 -1.11681626e+00  2.95643662e-03  3.50684977e-01  3.82042860e-03  6.02965590e-01  1.80147754e-03 -4.33516957e+04 -1.71475480e+06 -1.98165805e+03  3.36587107e+06  1.09764295e+04  1.37157379e+06 
 9.64939312e+01 -9.99999932e-01  3.15265555e-06 -1.11794744e+00  2.96142098e-03  3.49669396e-01  3.80741502e-03  6.02217960e-01  1.78248461e-03 -4.33746573e+04 -1.72936745e+06 -1.93814518e+03  3.36226306e+06  1.09962702e+04  1.37145071e+06 
 9.66050879e+01 -9.99999932e-01  3.16892263e-06 -1.11908210e+00  2.96645168e-03  3.48657215e-01  3.79449260e-03  6.01476013e-01  1.76355465e-03 -4.33981871e+04 -1.74399495e+06 -1.89483240e+03  3.35867459e+06  1.10162036e+04  1.37133849e+06 
 9.67163727e+01 -9.99999932e-01  3.18520668e-06 -1.12022024e+00  2.97152888e-03  3.47648412e-01  3.78166086e-03  6.00739740e-01  1.74468689e-03 -4.34222851e+04 -1.75863756e+06 -1.85171771e+03  3.35510564e+06  1.10362310e+04  1.37123714e+06 
 9.68277856e+01 -9.99999932e-01  3.20150798e-06 -1.12136190e+00  2.97665273e-03  3.46642968e-01  3.76891932e-03  6.00009130e-01  1.72588052e-03 -4.34469518e+04 -1.77329551e+06 -1.80879914e+03  3.35155614e+06  1.10563535e+04  1.37114668e+06 
 9.69393269e+01 -9.99999932e-01  3.21782673e-06 -1.12250710e+00  2.98182340e-03  3.45640863e-01  3.75626749e-03  5.99284176e-01  1.70713476e-03 -4.34721872e+04 -1.78796904e+06 -1.76607472e+03  3.34802605e+06  1.10765725e+04  1.37106713e+06 
 9.70509967e+01 -9.99999931e-01  3.23416324e-06 -1.12365586e+00  2.98704105e-03  3.44642077e-01  3.74370492e-03  5.98564868e-01  1.68844881e-03 -4.34979917e+04 -1.80265841e+06 -1.72354249e+03  3.34451533e+06  1.10968891e+04  1.37099851e+06 
 9.71627952e+01 -9.99999931e-01  3.25051772e-06 -1.12480821e+00  2.99230586e-03  3.43646591e-01  3.73123112e-03  5.97851198e-01  1.66982191e-03 -4.35243655e+04 -1.81736385e+06 -1.68120053e+03  3.34102392e+06  1.11173048e+04  1.37094085e+06 
 9.72747224e+01 -9.99999931e-01  3.26689039e-06 -1.12596417e+00  2.99761798e-03  3.42654385e-01  3.71884565e-03  5.97143157e-01  1.65125327e-03 -4.35513091e+04 -1.83208561e+06 -1.63904690e+03  3.33755179e+06  1.11378207e+04  1.37089416e+06 
 9.73867785e+01 -9.99999931e-01  3.28328156e-06 -1.12712377e+00  3.00297760e-03  3.41665439e-01  3.70654804e-03  5.96440737e-01  1.63274211e-03 -4.35788227e+04 -1.84682395e+06 -1.59707970e+03  3.33409888e+06  1.11584382e+04  1.37085847e+06 
 9.74989638e+01 -9.99999931e-01  3.29969146e-06 -1.12828703e+00  3.00838489e-03  3.40679735e-01  3.69433785e-03  5.95743931e-01  1.61428766e-03 -4.36069069e+04 -1.86157910e+06 -1.55529702e+03  3.33066515e+06  1.11791585e+04  1.37083379e+06 
 9.76112782e+01 -9.99999931e-01  3.31612031e-06 -1.12945399e+00  3.01384003e-03  3.39697252e-01  3.68221463e-03  5.95052731e-01  1.59588916e-03 -4.36355620e+04 -1.87635131e+06 -1.51369697e+03  3.32725057e+06  1.11999830e+04  1.37082016e+06 
 9.77237221e+01 -9.99999931e-01  3.33256838e-06 -1.13062465e+00  3.01934320e-03  3.38717971e-01  3.67017795e-03  5.94367129e-01  1.57754582e-03 -4.36647886e+04 -1.89114083e+06 -1.47227770e+03  3.32385507e+06  1.12209129e+04  1.37081759e+06 
 9.78362955e+01 -9.99999931e-01  3.34903595e-06 -1.13179906e+00  3.02489459e-03  3.37741874e-01  3.65822736e-03  5.93687118e-01  1.55925689e-03 -4.36945872e+04 -1.90594792e+06 -1.43103732e+03  3.32047863e+06  1.12419495e+04  1.37082610e+06 
 9.79489985e+01 -9.99999931e-01  3.36552324e-06 -1.13297723e+00  3.03049439e-03  3.36768941e-01  3.64636244e-03  5.93012692e-01  1.54102160e-03 -4.37249582e+04 -1.92077283e+06 -1.38997399e+03  3.31712120e+06  1.12630942e+04  1.37084573e+06 
 9.80618314e+01 -9.99999931e-01  3.38203046e-06 -1.13415919e+00  3.03614279e-03  3.35799154e-01  3.63458276e-03  5.92343842e-01  1.52283919e-03 -4.37559024e+04 -1.93561579e+06 -1.34908588e+03  3.31378274e+06  1.12843483e+04  1.37087649e+06 
 9.81747943e+01 -9.99999931e-01  3.39855794e-06 -1.13534498e+00  3.04183997e-03  3.34832492e-01  3.62288791e-03  5.91680563e-01  1.50470890e-03 -4.37874204e+04 -1.95047708e+06 -1.30837116e+03  3.31046320e+06  1.13057131e+04  1.37091841e+06 
 9.82878873e+01 -9.99999931e-01  3.41510594e-06 -1.13653460e+00  3.04758615e-03  3.33868938e-01  3.61127746e-03  5.91022849e-01  1.48662998e-03 -4.38195127e+04 -1.96535693e+06 -1.26782801e+03  3.30716255e+06  1.13271900e+04  1.37097152e+06 
 9.84011106e+01 -9.99999931e-01  3.43167468e-06 -1.13772810e+00  3.05338151e-03  3.32908473e-01  3.59975101e-03  5.90370692e-01  1.46860167e-03 -4.38521802e+04 -1.98025561e+06 -1.22745464e+03  3.30388075e+06  1.13487802e+04  1.37103584e+06 
 9.85144643e+01 -9.99999931e-01  3.44826441e-06 -1.13892549e+00  3.05922627e-03  3.31951078e-01  3.58830816e-03  5.89724088e-01  1.45062321e-03 -4.38854235e+04 -1.99517337e+06 -1.18724924e+03  3.30061775e+06  1.13704853e+04  1.37111141e+06 
 9.86279486e+01 -9.99999931e-01  3.46487539e-06 -1.14012680e+00  3.06512062e-03  3.30996734e-01  3.57694851e-03  5.89083030e-01  1.43269387e-03 -4.39192435e+04 -2.01011047e+06 -1.14721005e+03  3.29737352e+06  1.13923065e+04  1.37119824e+06 
 9.87415636e+01 -9.99999931e-01  3.48150792e-06 -1.14133207e+00  3.07106479e-03  3.30045423e-01  3.56567165e-03  5.88447512e-01  1.41481288e-03 -4.39536408e+04 -2.02506716e+06 -1.10733529e+03  3.29414803e+06  1.14142451e+04  1.37129636e+06 
 9.88553095e+01 -9.99999931e-01  3.49816222e-06 -1.14254132e+00  3.07705897e-03  3.29097126e-01  3.55447720e-03  5.87817531e-01  1.39697950e-03 -4.39886165e+04 -2.04004370e+06 -1.06762320e+03  3.29094123e+06  1.14363027e+04  1.37140581e+06 
 9.89691864e+01 -9.99999931e-01  3.51483854e-06 -1.14375457e+00  3.08310339e-03  3.28151825e-01  3.54336478e-03  5.87193079e-01  1.37919299e-03 -4.40241713e+04 -2.05504035e+06 -1.02807204e+03  3.28775308e+06  1.14584806e+04  1.37152660e+06 
 9.90831945e+01 -9.99999931e-01  3.53153717e-06 -1.14497185e+00  3.08919826e-03  3.27209501e-01  3.53233400e-03  5.86574154e-01  1.36145261e-03 -4.40603062e+04 -2.07005737e+06 -9.88680070e+02  3.28458355e+06  1.14807801e+04  1.37165878e+06 
 9.91973339e+01 -9.99999931e-01  3.54825838e-06 -1.14619319e+00  3.09534382e-03  3.26270137e-01  3.52138449e-03  5.85960749e-01  1.34375761e-03 -4.40970221e+04 -2.08509502e+06 -9.49445561e+02  3.28143261e+06  1.15032027e+04  1.37180237e+06 
 9.93116048e+01 -9.99999931e-01  3.56500243e-06 -1.14741862e+00  3.10154027e-03  3.25333714e-01  3.51051588e-03  5.85352861e-01  1.32610725e-03 -4.41343200e+04 -2.10015356e+06 -9.10366800e+02  3.27830022e+06  1.15257497e+04  1.37195741e+06 
 9.94260074e+01 -9.99999931e-01  3.58176956e-06 -1.14864817e+00  3.10778786e-03  3.24400214e-01  3.49972780e-03  5.84750484e-01  1.30850079e-03 -4.41722010e+04 -2.11523326e+06 -8.71442081e+02  3.27518634e+06  1.15484228e+04  1.37212392e+06 
 9.95405417e+01 -9.99999931e-01  3.59856006e-06 -1.14988186e+00  3.11408681e-03  3.23469619e-01  3.48901989e-03  5.84153617e-01  1.29093751e-03 -4.42106661e+04 -2.13033438e+06 -8.32669707e+02  3.27209095e+06  1.15712231e+04  1.37230193e+06 
 9.96552080e+01 -9.99999931e-01  3.61537420e-06 -1.15111973e+00  3.12043736e-03  3.22541911e-01  3.47839180e-03  5.83562253e-01  1.27341665e-03 -4.42497165e+04 -2.14545718e+06 -7.94047993e+02  3.26901400e+06  1.15941523e+04  1.37249148e+06 
 9.97700064e+01 -9.99999931e-01  3.63221221e-06 -1.15236179e+00  3.12683975e-03  3.21617072e-01  3.46784316e-03  5.82976391e-01  1.25593749e-03 -4.42893531e+04 -2.16060194e+06 -7.55575263e+02  3.26595546e+06  1.16172117e+04  1.37269259e+06 
 9.98849370e+01 -9.99999931e-01  3.64907444e-06 -1.15360809e+00  3.13329421e-03  3.20695084e-01  3.45737364e-03  5.82396026e-01  1.23849930e-03 -4.43295773e+04 -2.17576891e+06 -7.17249849e+02  3.26291531e+06  1.16404028e+04  1.37290532e+06 
 1.00000000e+02 -9.99999931e-01  3.66596109e-06 -1.15485864e+00  3.13980100e-03  3.19775929e-01  3.44698289e-03  5.81821155e-01  1.22110133e-03 -4.43703903e+04 -2.19095837e+06 -6.79070096e+02  3.25989350e+06  1.16637272e+04  1.37312968e+06 
 1.00115196e+02 -9.99999931e-01  3.68287246e-06 -1.15611348e+00  3.14636037e-03  3.18859590e-01  3.43667057e-03  5.81251776e-01  1.20374287e-03 -4.44117932e+04 -2.20617059e+06 -6.41034354e+02  3.25689002e+06  1.16871862e+04  1.37336571e+06 
 1.00230524e+02 -9.99999931e-01  3.69980879e-06 -1.15737264e+00  3.15297256e-03  3.17946049e-01  3.42643635e-03  5.80687886e-01  1.18642318e-03 -4.44537874e+04 -2.22140584e+06 -6.03140986e+02  3.25390482e+06  1.17107814e+04  1.37361345e+06 
 1.00345985e+02 -9.99999930e-01  3.71677038e-06 -1.15863614e+00  3.15963783e-03  3.17035288e-01  3.41627991e-03  5.80129482e-01  1.16914154e-03 -4.44963743e+04 -2.23666439e+06 -5.65388361e+02  3.25093788e+06  1.17345142e+04  1.37387293e+06 
 1.00461579e+02 -9.99999930e-01  3.73375752e-06 -1.15990402e+00  3.16635644e-03  3.16127290e-01  3.40620090e-03  5.79576563e-01  1.15189720e-03 -4.45395551e+04 -2.25194651e+06 -5.27774858e+02  3.24798917e+06  1.17583863e+04  1.37414419e+06 
 1.00577306e+02 -9.99999930e-01  3.75077047e-06 -1.16117631e+00  3.17312865e-03  3.15222036e-01  3.39619902e-03  5.79029125e-01  1.13468946e-03 -4.45833313e+04 -2.26725249e+06 -4.90298867e+02  3.24505866e+06  1.17823991e+04  1.37442727e+06 
 1.00693167e+02 -9.99999930e-01  3.76780952e-06 -1.16245303e+00  3.17995474e-03  3.14319511e-01  3.38627395e-03  5.78487168e-01  1.11751758e-03 -4.46277043e+04 -2.28258258e+06 -4.52958783e+02  3.24214632e+06  1.18065542e+04  1.37472220e+06 
 1.00809161e+02 -9.99999930e-01  3.78487493e-06 -1.16373422e+00  3.18683496e-03  3.13419696e-01  3.37642538e-03  5.77950690e-01  1.10038083e-03 -4.46726757e+04 -2.29793708e+06 -4.15753011e+02  3.23925212e+06  1.18308531e+04  1.37502902e+06 
 1.00925289e+02 -9.99999930e-01  3.80196701e-06 -1.16501991e+00  3.19376959e-03  3.12522574e-01  3.36665300e-03  5.77419688e-01  1.08327849e-03 -4.47182468e+04 -2.31331626e+06 -3.78679965e+02  3.23637604e+06  1.18552973e+04  1.37534778e+06 
 1.01041550e+02 -9.99999930e-01  3.81908600e-06 -1.16631012e+00  3.20075892e-03  3.11628127e-01  3.35695652e-03  5.76894164e-01  1.06620984e-03 -4.47644194e+04 -2.32872039e+06 -3.41738067e+02  3.23351805e+06  1.18798886e+04  1.37567850e+06 
 1.01157945e+02 -9.99999930e-01  3.83623220e-06 -1.16760489e+00  3.20780321e-03  3.10736339e-01  3.34733562e-03  5.76374115e-01  1.04917415e-03 -4.48111949e+04 -2.34414977e+06 -3.04925747e+02  3.23067812e+06  1.19046283e+04  1.37602123e+06 
 1.01274475e+02 -9.99999930e-01  3.85340593e-06 -1.16890425e+00  3.21490276e-03  3.09847192e-01  3.33779002e-03  5.75859540e-01  1.03217069e-03 -4.48585751e+04 -2.35960467e+06 -2.68241441e+02  3.22785623e+06  1.19295182e+04  1.37637602e+06 
 1.01391139e+02 -9.99999930e-01  3.87060740e-06 -1.17020823e+00  3.22205785e-03  3.08960669e-01  3.32831944e-03  5.75350440e-01  1.01519875e-03 -4.49065615e+04 -2.37508538e+06 -2.31683596e+02  3.22505235e+06  1.19545599e+04  1.37674290e+06 
 1.01507937e+02 -9.99999930e-01  3.88783698e-06 -1.17151686e+00  3.22926878e-03  3.08076753e-01  3.31892357e-03  5.74846814e-01  9.98257602e-04 -4.49551560e+04 -2.39059218e+06 -1.95250666e+02  3.22226646e+06  1.19797550e+04  1.37712191e+06 
 1.01624869e+02 -9.99999930e-01  3.90509493e-06 -1.17283018e+00  3.23653584e-03  3.07195427e-01  3.30960216e-03  5.74348662e-01  9.81346519e-04 -4.50043602e+04 -2.40612536e+06 -1.58941110e+02  3.21949853e+06  1.20051051e+04  1.37751310e+06 
 1.01741937e+02 -9.99999930e-01  3.92238152e-06 -1.17414821e+00  3.24385933e-03  3.06316674e-01  3.30035491e-03  5.73855984e-01  9.64464780e-04 -4.50541760e+04 -2.42168520e+06 -1.22753397e+02  3.21674855e+06  1.20306118e+04  1.37791651e+06 
 1.01859139e+02 -9.99999930e-01  3.93969705e-06 -1.17547099e+00  3.25123955e-03  3.05440477e-01  3.29118157e-03  5.73368782e-01  9.47611661e-04 -4.51046053e+04 -2.43727200e+06 -8.66860036e+01  3.21401648e+06  1.20562769e+04  1.37833218e+06 
 1.01976476e+02 -9.99999930e-01  3.95704186e-06 -1.17679855e+00  3.25867682e-03  3.04566819e-01  3.28208185e-03  5.72887055e-01  9.30786441e-04 -4.51556498e+04 -2.45288605e+06 -5.07374117e+01  3.21130230e+06  1.20821020e+04  1.37876017e+06 
 1.02093948e+02 -9.99999930e-01  3.97441616e-06 -1.17813093e+00  3.26617144e-03  3.03695683e-01  3.27305551e-03  5.72410804e-01  9.13988394e-04 -4.52073115e+04 -2.46852764e+06 -1.49061113e+01  3.20860600e+06  1.21080888e+04  1.37920050e+06 
 1.02211556e+02 -9.99999930e-01  3.99182028e-06 -1.17946815e+00  3.27372373e-03  3.02827052e-01  3.26410227e-03  5.71940032e-01  8.97216799e-04 -4.52595924e+04 -2.48419706e+06  2.08094007e+01  3.20592755e+06  1.21342390e+04  1.37965324e+06 
 1.02329299e+02 -9.99999930e-01  4.00925452e-06 -1.18081025e+00  3.28133400e-03  3.01960910e-01  3.25522190e-03  5.71474738e-01  8.80470931e-04 -4.53124945e+04 -2.49989460e+06  5.64106206e+01  3.20326694e+06  1.21605544e+04  1.38011842e+06 
 1.02447178e+02 -9.99999930e-01  4.02671921e-06 -1.18215726e+00  3.28900259e-03  3.01097240e-01  3.24641413e-03  5.71014926e-01  8.63750065e-04 -4.53660198e+04 -2.51562058e+06  9.18990378e+01  3.20062413e+06  1.21870366e+04  1.38059610e+06 
 1.02565193e+02 -9.99999930e-01  4.04421462e-06 -1.18350921e+00  3.29672982e-03  3.00236025e-01  3.23767873e-03  5.70560596e-01  8.47053478e-04 -4.54201704e+04 -2.53137527e+06  1.27276136e+02  3.19799912e+06  1.22136875e+04  1.38108632e+06 
 1.02683343e+02 -9.99999930e-01  4.06174109e-06 -1.18486615e+00  3.30451603e-03  2.99377248e-01  3.22901544e-03  5.70111751e-01  8.30380444e-04 -4.54749484e+04 -2.54715899e+06  1.62543391e+02  3.19539188e+06  1.22405087e+04  1.38158913e+06 
 1.02801630e+02 -9.99999929e-01  4.07929886e-06 -1.18622810e+00  3.31236154e-03  2.98520893e-01  3.22042404e-03  5.69668393e-01  8.13730237e-04 -4.55303561e+04 -2.56297204e+06  1.97702273e+02  3.19280240e+06  1.22675021e+04  1.38210458e+06 
 1.02920053e+02 -9.99999929e-01  4.09688826e-06 -1.18759510e+00  3.32026670e-03  2.97666943e-01  3.21190430e-03  5.69230525e-01  7.97102132e-04 -4.55863956e+04 -2.57881471e+06  2.32754247e+02  3.19023065e+06  1.22946695e+04  1.38263272e+06 
 1.03038612e+02 -9.99999929e-01  4.11450964e-06 -1.18896718e+00  3.32823185e-03  2.96815382e-01  3.20345598e-03  5.68798150e-01  7.80495400e-04 -4.56430691e+04 -2.59468732e+06  2.67700770e+02  3.18767663e+06  1.23220126e+04  1.38317360e+06 
 1.03157308e+02 -9.99999929e-01  4.13216324e-06 -1.19034437e+00  3.33625735e-03  2.95966193e-01  3.19507886e-03  5.68371271e-01  7.63909313e-04 -4.57003791e+04 -2.61059017e+06  3.02543295e+02  3.18514030e+06  1.23495334e+04  1.38372728e+06 
 1.03276141e+02 -9.99999929e-01  4.14984945e-06 -1.19172672e+00  3.34434354e-03  2.95119359e-01  3.18677272e-03  5.67949891e-01  7.47343144e-04 -4.57583278e+04 -2.62652357e+06  3.37283267e+02  3.18262166e+06  1.23772336e+04  1.38429379e+06 
 1.03395110e+02 -9.99999929e-01  4.16756851e-06 -1.19311426e+00  3.35249079e-03  2.94274864e-01  3.17853735e-03  5.67534014e-01  7.30796162e-04 -4.58169176e+04 -2.64248783e+06  3.71922127e+02  3.18012070e+06  1.24051151e+04  1.38487321e+06 
 1.03514217e+02 -9.99999929e-01  4.18532073e-06 -1.19450702e+00  3.36069945e-03  2.93432692e-01  3.17037254e-03  5.67123644e-01  7.14267635e-04 -4.58761510e+04 -2.65848325e+06  4.06461310e+02  3.17763739e+06  1.24331798e+04  1.38546558e+06 
 1.03633460e+02 -9.99999929e-01  4.20310650e-06 -1.19590504e+00  3.36896990e-03  2.92592827e-01  3.16227807e-03  5.66718784e-01  6.97756833e-04 -4.59360304e+04 -2.67451017e+06  4.40902245e+02  3.17517172e+06  1.24614295e+04  1.38607095e+06 
 1.03752842e+02 -9.99999929e-01  4.22092609e-06 -1.19730835e+00  3.37730250e-03  2.91755251e-01  3.15425375e-03  5.66319440e-01  6.81263021e-04 -4.59965584e+04 -2.69056888e+06  4.75246356e+02  3.17272368e+06  1.24898663e+04  1.38668939e+06 
 1.03872360e+02 -9.99999929e-01  4.23877984e-06 -1.19871699e+00  3.38569763e-03  2.90919948e-01  3.14629938e-03  5.65925615e-01  6.64785466e-04 -4.60577376e+04 -2.70665971e+06  5.09495061e+02  3.17029325e+06  1.25184920e+04  1.38732095e+06 
 1.03992017e+02 -9.99999929e-01  4.25666803e-06 -1.20013101e+00  3.39415568e-03  2.90086903e-01  3.13841477e-03  5.65537314e-01  6.48323430e-04 -4.61195704e+04 -2.72278297e+06  5.43649775e+02  3.16788043e+06  1.25473086e+04  1.38796568e+06 
 1.04111811e+02 -9.99999929e-01  4.27459102e-06 -1.20155042e+00  3.40267702e-03  2.89256099e-01  3.13059971e-03  5.65154544e-01  6.31876177e-04 -4.61820597e+04 -2.73893900e+06  5.77711906e+02  3.16548519e+06  1.25763180e+04  1.38862364e+06 
 1.04231743e+02 -9.99999929e-01  4.29254911e-06 -1.20297528e+00  3.41126205e-03  2.88427519e-01  3.12285404e-03  5.64777308e-01  6.15442967e-04 -4.62452082e+04 -2.75512810e+06  6.11682856e+02  3.16310753e+06  1.26055222e+04  1.38929489e+06 
 1.04351813e+02 -9.99999929e-01  4.31054266e-06 -1.20440562e+00  3.41991116e-03  2.87601148e-01  3.11517757e-03  5.64405613e-01  5.99023060e-04 -4.63090185e+04 -2.77135061e+06  6.45564026e+02  3.16074744e+06  1.26349232e+04  1.38997949e+06 
 1.04472022e+02 -9.99999929e-01  4.32857195e-06 -1.20584147e+00  3.42862475e-03  2.86776969e-01  3.10757012e-03  5.64039464e-01  5.82615713e-04 -4.63734935e+04 -2.78760684e+06  6.79356809e+02  3.15840490e+06  1.26645232e+04  1.39067750e+06 
 1.04592369e+02 -9.99999929e-01  4.34663738e-06 -1.20728288e+00  3.43740323e-03  2.85954965e-01  3.10003152e-03  5.63678869e-01  5.66220182e-04 -4.64386361e+04 -2.80389714e+06  7.13062595e+02  3.15607991e+06  1.26943239e+04  1.39138899e+06 
 1.04712855e+02 -9.99999928e-01  4.36473925e-06 -1.20872988e+00  3.44624700e-03  2.85135121e-01  3.09256161e-03  5.63323832e-01  5.49835721e-04 -4.65044490e+04 -2.82022183e+06  7.46682769e+02  3.15377245e+06  1.27243277e+04  1.39211400e+06 
 1.04833479e+02 -9.99999928e-01  4.38287788e-06 -1.21018252e+00  3.45515649e-03  2.84317421e-01  3.08516020e-03  5.62974361e-01  5.33461582e-04 -4.65709354e+04 -2.83658124e+06  7.80218711e+02  3.15148252e+06  1.27545365e+04  1.39285262e+06 
 1.04954243e+02 -9.99999928e-01  4.40105364e-06 -1.21164082e+00  3.46413210e-03  2.83501848e-01  3.07782716e-03  5.62630462e-01  5.17097014e-04 -4.66380982e+04 -2.85297571e+06  8.13671799e+02  3.14921011e+06  1.27849524e+04  1.39360489e+06 
 1.05075145e+02 -9.99999928e-01  4.41926682e-06 -1.21310483e+00  3.47317427e-03  2.82688386e-01  3.07056232e-03  5.62292143e-01  5.00741266e-04 -4.67059404e+04 -2.86940558e+06  8.47043404e+02  3.14695521e+06  1.28155776e+04  1.39437088e+06 
 1.05196187e+02 -9.99999928e-01  4.43751779e-06 -1.21457459e+00  3.48228343e-03  2.81877020e-01  3.06336553e-03  5.61959412e-01  4.84393582e-04 -4.67744651e+04 -2.88587117e+06  8.80334896e+02  3.14471782e+06  1.28464142e+04  1.39515066e+06 
 1.05317369e+02 -9.99999928e-01  4.45580687e-06 -1.21605015e+00  3.49146001e-03  2.81067732e-01  3.05623665e-03  5.61632276e-01  4.68053206e-04 -4.68436755e+04 -2.90237284e+06  9.13547638e+02  3.14249792e+06  1.28774643e+04  1.39594429e+06 
 1.05438690e+02 -9.99999928e-01  4.47413444e-06 -1.21753153e+00  3.50070445e-03  2.80260507e-01  3.04917553e-03  5.61310743e-01  4.51719378e-04 -4.69135748e+04 -2.91891093e+06  9.46682992e+02  3.14029551e+06  1.29087303e+04  1.39675185e+06 
 1.05560150e+02 -9.99999928e-01  4.49250084e-06 -1.21901877e+00  3.51001720e-03  2.79455329e-01  3.04218203e-03  5.60994821e-01  4.35391337e-04 -4.69841663e+04 -2.93548579e+06  9.79742315e+02  3.13811059e+06  1.29402141e+04  1.39757339e+06 
 1.05681751e+02 -9.99999928e-01  4.51090639e-06 -1.22051193e+00  3.51939871e-03  2.78652181e-01  3.03525603e-03  5.60684519e-01  4.19068317e-04 -4.70554531e+04 -2.95209775e+06  1.01272696e+03  3.13594314e+06  1.29719182e+04  1.39840899e+06 
 1.05803492e+02 -9.99999928e-01  4.52935154e-06 -1.22201104e+00  3.52884943e-03  2.77851048e-01  3.02839738e-03  5.60379845e-01  4.02749552e-04 -4.71274387e+04 -2.96874717e+06  1.04563828e+03  3.13379318e+06  1.30038448e+04  1.39925872e+06 
 1.05925373e+02 -9.99999928e-01  4.54783651e-06 -1.22351615e+00  3.53836983e-03  2.77051914e-01  3.02160597e-03  5.60080810e-01  3.86434271e-04 -4.72001265e+04 -2.98543440e+06  1.07847762e+03  3.13166068e+06  1.30359960e+04  1.40012264e+06 
 1.06047394e+02 -9.99999928e-01  4.56636172e-06 -1.22502728e+00  3.54796038e-03  2.76254762e-01  3.01488168e-03  5.59787422e-01  3.70121702e-04 -4.72735200e+04 -3.00215980e+06  1.11124632e+03  3.12954566e+06  1.30683743e+04  1.40100083e+06 
 1.06169556e+02 -9.99999928e-01  4.58492752e-06 -1.22654449e+00  3.55762155e-03  2.75459576e-01  3.00822438e-03  5.59499691e-01  3.53811069e-04 -4.73476226e+04 -3.01892373e+06  1.14394573e+03  3.12744810e+06  1.31009819e+04  1.40189337e+06 
 1.06291858e+02 -9.99999928e-01  4.60353431e-06 -1.22806782e+00  3.56735382e-03  2.74666341e-01  3.00163397e-03  5.59217627e-01  3.37501592e-04 -4.74224379e+04 -3.03572653e+06  1.17657717e+03  3.12536800e+06  1.31338213e+04  1.40280031e+06 
 1.06414302e+02 -9.99999927e-01  4.62218239e-06 -1.22959731e+00  3.57715767e-03  2.73875040e-01  2.99511034e-03  5.58941240e-01  3.21192490e-04 -4.74979696e+04 -3.05256858e+06  1.20914200e+03  3.12330537e+06  1.31668947e+04  1.40372175e+06 
 1.06536886e+02 -9.99999927e-01  4.64087216e-06 -1.23113301e+00  3.58703360e-03  2.73085657e-01  2.98865339e-03  5.58670541e-01  3.04882976e-04 -4.75742213e+04 -3.06945023e+06  1.24164153e+03  3.12126020e+06  1.32002046e+04  1.40465774e+06 
 1.06659612e+02 -9.99999927e-01  4.65960403e-06 -1.23267495e+00  3.59698211e-03  2.72298176e-01  2.98226301e-03  5.58405540e-01  2.88572262e-04 -4.76511968e+04 -3.08637186e+06  1.27407710e+03  3.11923249e+06  1.32337533e+04  1.40560838e+06 
 1.06782479e+02 -9.99999927e-01  4.67837825e-06 -1.23422318e+00  3.60700369e-03  2.71512582e-01  2.97593911e-03  5.58146250e-01  2.72259556e-04 -4.77288998e+04 -3.10333383e+06  1.30645004e+03  3.11722224e+06  1.32675434e+04  1.40657373e+06 
 1.06905488e+02 -9.99999927e-01  4.69719532e-06 -1.23577774e+00  3.61709886e-03  2.70728858e-01  2.96968161e-03  5.57892680e-01  2.55944061e-04 -4.78073341e+04 -3.12033651e+06  1.33876167e+03  3.11522946e+06  1.33015774e+04  1.40755388e+06 
 1.07028638e+02 -9.99999927e-01  4.71605557e-06 -1.23733869e+00  3.62726813e-03  2.69946987e-01  2.96349041e-03  5.57644844e-01  2.39624977e-04 -4.78865038e+04 -3.13738027e+06  1.37101331e+03  3.11325413e+06  1.33358576e+04  1.40854890e+06 
 1.07151931e+02 -9.99999927e-01  4.73495939e-06 -1.23890605e+00  3.63751202e-03  2.69166955e-01  2.95736544e-03  5.57402752e-01  2.23301502e-04 -4.79664127e+04 -3.15446550e+06  1.40320628e+03  3.11129628e+06  1.33703867e+04  1.40955887e+06 
 1.07275365e+02 -9.99999927e-01  4.75390709e-06 -1.24047989e+00  3.64783106e-03  2.68388744e-01  2.95130662e-03  5.57166419e-01  2.06972827e-04 -4.80470649e+04 -3.17159257e+06  1.43534190e+03  3.10935589e+06  1.34051672e+04  1.41058388e+06 
 1.07398941e+02 -9.99999927e-01  4.77289916e-06 -1.24206024e+00  3.65822579e-03  2.67612340e-01  2.94531387e-03  5.56935855e-01  1.90638141e-04 -4.81284644e+04 -3.18876187e+06  1.46742149e+03  3.10743297e+06  1.34402016e+04  1.41162400e+06 
 1.07522660e+02 -9.99999927e-01  4.79193591e-06 -1.24364715e+00  3.66869674e-03  2.66837725e-01  2.93938714e-03  5.56711074e-01  1.74296628e-04 -4.82106154e+04 -3.20597377e+06  1.49944636e+03  3.10552753e+06  1.34754927e+04  1.41267933e+06 
 1.07646521e+02 -9.99999927e-01  4.81101773e-06 -1.24524067e+00  3.67924447e-03  2.66064884e-01  2.93352635e-03  5.56492090e-01  1.57947469e-04 -4.82935221e+04 -3.22322866e+06  1.53141782e+03  3.10363957e+06  1.35110430e+04  1.41374993e+06 
 1.07770525e+02 -9.99999927e-01  4.83014509e-06 -1.24684084e+00  3.68986952e-03  2.65293800e-01  2.92773145e-03  5.56278915e-01  1.41589839e-04 -4.83771887e+04 -3.24052694e+06  1.56333719e+03  3.10176909e+06  1.35468552e+04  1.41483591e+06 
 1.07894672e+02 -9.99999927e-01  4.84931832e-06 -1.24844771e+00  3.70057247e-03  2.64524458e-01  2.92200238e-03  5.56071565e-01  1.25222909e-04 -4.84616195e+04 -3.25786899e+06  1.59520577e+03  3.09991610e+06  1.35829320e+04  1.41593735e+06 
 1.08018962e+02 -9.99999926e-01  4.86853784e-06 -1.25006132e+00  3.71135386e-03  2.63756841e-01  2.91633910e-03  5.55870052e-01  1.08845847e-04 -4.85468190e+04 -3.27525521e+06  1.62702488e+03  3.09808061e+06  1.36192761e+04  1.41705433e+06 
 1.08143395e+02 -9.99999926e-01  4.88780398e-06 -1.25168173e+00  3.72221429e-03  2.62990933e-01  2.91074156e-03  5.55674393e-01  9.24578130e-05 -4.86327916e+04 -3.29268600e+06  1.65879581e+03  3.09626263e+06  1.36558902e+04  1.41818694e+06 
 1.08267972e+02 -9.99999926e-01  4.90711727e-06 -1.25330899e+00  3.73315432e-03  2.62226719e-01  2.90520972e-03  5.55484601e-01  7.60579652e-05 -4.87195417e+04 -3.31016176e+06  1.69051988e+03  3.09446215e+06  1.36927773e+04  1.41933527e+06 
 1.08392691e+02 -9.99999926e-01  4.92647800e-06 -1.25494313e+00  3.74417456e-03  2.61464181e-01  2.89974355e-03  5.55300692e-01  5.96454557e-05 -4.88070741e+04 -3.32768289e+06  1.72219838e+03  3.09267919e+06  1.37299401e+04  1.42049942e+06 
 1.08517555e+02 -9.99999926e-01  4.94588667e-06 -1.25658422e+00  3.75527559e-03  2.60703304e-01  2.89434301e-03  5.55122681e-01  4.32194315e-05 -4.88953932e+04 -3.34524980e+06  1.75383263e+03  3.09091376e+06  1.37673814e+04  1.42167947e+06 
 1.08642562e+02 -9.99999926e-01  4.96534361e-06 -1.25823229e+00  3.76645802e-03  2.59944071e-01  2.88900808e-03  5.54950585e-01  2.67790344e-05 -4.89845038e+04 -3.36286290e+06  1.78542393e+03  3.08916586e+06  1.38051041e+04  1.42287552e+06 
 1.08767714e+02 -9.99999926e-01  4.98484931e-06 -1.25988740e+00  3.77772245e-03  2.59186466e-01  2.88373873e-03  5.54784420e-01  1.03234011e-05 -4.90744108e+04 -3.38052261e+06  1.81697357e+03  3.08743551e+06  1.38431112e+04  1.42408766e+06 
 1.08893009e+02 -9.99999926e-01  5.00440416e-06 -1.26154960e+00  3.78906950e-03  2.58430474e-01  2.87853496e-03  5.54624202e-01 -6.14833738e-06 -4.91651188e+04 -3.39822932e+06  1.84848286e+03  3.08572272e+06  1.38814055e+04  1.42531600e+06 
 1.09018449e+02 -9.99999926e-01  5.02400852e-06 -1.26321895e+00  3.80049981e-03  2.57676077e-01  2.87339675e-03  5.54469948e-01 -2.26370555e-05 -4.92566328e+04 -3.41598348e+06  1.87995310e+03  3.08402749e+06  1.39199902e+04  1.42656061e+06 
 1.09144034e+02 -9.99999926e-01  5.04366290e-06 -1.26489548e+00  3.81201399e-03  2.56923259e-01  2.86832409e-03  5.54321675e-01 -3.91436333e-05 -4.93489579e+04 -3.43378549e+06  1.91138560e+03  3.08234984e+06  1.39588681e+04  1.42782162e+06 
 1.09269763e+02 -9.99999926e-01  5.06336769e-06 -1.26657925e+00  3.82361270e-03  2.56172004e-01  2.86331699e-03  5.54179402e-01 -5.56689569e-05 -4.94420989e+04 -3.45163579e+06  1.94278165e+03  3.08068979e+06  1.39980424e+04  1.42909910e+06 
 1.09395637e+02 -9.99999925e-01  5.08312337e-06 -1.26827032e+00  3.83529658e-03  2.55422296e-01  2.85837544e-03  5.54043146e-01 -7.22139183e-05 -4.95360611e+04 -3.46953479e+06  1.97414255e+03  3.07904734e+06  1.40375162e+04  1.43039317e+06 
 1.09521656e+02 -9.99999925e-01  5.10293029e-06 -1.26996874e+00  3.84706627e-03  2.54674118e-01  2.85349945e-03  5.53912925e-01 -8.87794155e-05 -4.96308497e+04 -3.48748294e+06  2.00546960e+03  3.07742251e+06  1.40772925e+04  1.43170392e+06 
 1.09647820e+02 -9.99999925e-01  5.12278896e-06 -1.27167455e+00  3.85892246e-03  2.53927454e-01  2.84868904e-03  5.53788758e-01 -1.05366353e-04 -4.97264698e+04 -3.50548067e+06  2.03676411e+03  3.07581531e+06  1.41173745e+04  1.43303147e+06 
 1.09774129e+02 -9.99999925e-01  5.14269973e-06 -1.27338782e+00  3.87086581e-03  2.53182287e-01  2.84394422e-03  5.53670665e-01 -1.21975641e-04 -4.98229269e+04 -3.52352841e+06  2.06802738e+03  3.07422575e+06  1.41577655e+04  1.43437590e+06 
 1.09900584e+02 -9.99999925e-01  5.16266317e-06 -1.27510860e+00  3.88289699e-03  2.52438601e-01  2.83926503e-03  5.53558665e-01 -1.38608197e-04 -4.99202262e+04 -3.54162660e+06  2.09926070e+03  3.07265386e+06  1.41984686e+04  1.43573734e+06 
 1.10027185e+02 -9.99999925e-01  5.18267964e-06 -1.27683693e+00  3.89501670e-03  2.51696380e-01  2.83465147e-03  5.53452777e-01 -1.55264945e-04 -5.00183734e+04 -3.55977570e+06  2.13046538e+03  3.07109965e+06  1.42394872e+04  1.43711588e+06 
 1.10153931e+02 -9.99999925e-01  5.20274961e-06 -1.27857288e+00  3.90722564e-03  2.50955606e-01  2.83010360e-03  5.53353022e-01 -1.71946816e-04 -5.01173739e+04 -3.57797615e+06  2.16164272e+03  3.06956314e+06  1.42808245e+04  1.43851163e+06 
 1.10280823e+02 -9.99999925e-01  5.22287348e-06 -1.28031650e+00  3.91952451e-03  2.50216263e-01  2.82562145e-03  5.53259421e-01 -1.88654748e-04 -5.02172334e+04 -3.59622841e+06  2.19279402e+03  3.06804434e+06  1.43224840e+04  1.43992471e+06 
 1.10407862e+02 -9.99999925e-01  5.24305185e-06 -1.28206784e+00  3.93191402e-03  2.49478334e-01  2.82120506e-03  5.53171994e-01 -2.05389684e-04 -5.03179576e+04 -3.61453291e+06  2.22392060e+03  3.06654327e+06  1.43644689e+04  1.44135523e+06 
 1.10535047e+02 -9.99999925e-01  5.26328503e-06 -1.28382697e+00  3.94439489e-03  2.48741803e-01  2.81685448e-03  5.53090763e-01 -2.22152578e-04 -5.04195522e+04 -3.63289014e+06  2.25502375e+03  3.06505995e+06  1.44067828e+04  1.44280329e+06 
 1.10662378e+02 -9.99999924e-01  5.28357361e-06 -1.28559393e+00  3.95696786e-03  2.48006653e-01  2.81256976e-03  5.53015749e-01 -2.38944388e-04 -5.05220232e+04 -3.65130054e+06  2.28610478e+03  3.06359440e+06  1.44494291e+04  1.44426901e+06 
 1.10789857e+02 -9.99999924e-01  5.30391793e-06 -1.28736879e+00  3.96963367e-03  2.47272867e-01  2.80835097e-03  5.52946976e-01 -2.55766083e-04 -5.06253764e+04 -3.66976459e+06  2.31716499e+03  3.06214664e+06  1.44924114e+04  1.44575251e+06 
 1.10917482e+02 -9.99999924e-01  5.32431858e-06 -1.28915160e+00  3.98239307e-03  2.46540428e-01  2.80419817e-03  5.52884465e-01 -2.72618636e-04 -5.07296180e+04 -3.68828276e+06  2.34820570e+03  3.06071669e+06  1.45357331e+04  1.44725391e+06 
 1.11045254e+02 -9.99999924e-01  5.34477599e-06 -1.29094242e+00  3.99524681e-03  2.45809320e-01  2.80011143e-03  5.52828239e-01 -2.89503030e-04 -5.08347539e+04 -3.70685551e+06  2.37922822e+03  3.05930458e+06  1.45793980e+04  1.44877332e+06 
 1.11173173e+02 -9.99999924e-01  5.36529060e-06 -1.29274131e+00  4.00819566e-03  2.45079525e-01  2.79609083e-03  5.52778322e-01 -3.06420257e-04 -5.09407904e+04 -3.72548333e+06  2.41023386e+03  3.05791032e+06  1.46234096e+04  1.45031086e+06 
 1.11301239e+02 -9.99999924e-01  5.38586298e-06 -1.29454833e+00  4.02124040e-03  2.44351027e-01  2.79213645e-03  5.52734737e-01 -3.23371315e-04 -5.10477338e+04 -3.74416670e+06  2.44122392e+03  3.05653393e+06  1.46677716e+04  1.45186665e+06 
 1.11429453e+02 -9.99999924e-01  5.40649350e-06 -1.29636354e+00  4.03438182e-03  2.43623808e-01  2.78824837e-03  5.52697509e-01 -3.40357211e-04 -5.11555904e+04 -3.76290610e+06  2.47219974e+03  3.05517545e+06  1.47124878e+04  1.45344082e+06 
 1.11557815e+02 -9.99999924e-01  5.42718274e-06 -1.29818700e+00  4.04762071e-03  2.42897851e-01  2.78442669e-03  5.52666663e-01 -3.57378962e-04 -5.12643666e+04 -3.78170202e+06  2.50316262e+03  3.05383489e+06  1.47575620e+04  1.45503350e+06 
 1.11686325e+02 -9.99999924e-01  5.44793124e-06 -1.30001876e+00  4.06095789e-03  2.42173139e-01  2.78067150e-03  5.52642224e-01 -3.74437593e-04 -5.13740691e+04 -3.80055496e+06  2.53411388e+03  3.05251228e+06  1.48029981e+04  1.45664480e+06 
 1.11814982e+02 -9.99999924e-01  5.46873937e-06 -1.30185890e+00  4.07439416e-03  2.41449656e-01  2.77698292e-03  5.52624216e-01 -3.91534137e-04 -5.14847043e+04 -3.81946541e+06  2.56505486e+03  3.05120765e+06  1.48487998e+04  1.45827485e+06 
 1.11943788e+02 -9.99999923e-01  5.48960773e-06 -1.30370746e+00  4.08793035e-03  2.40727382e-01  2.77336105e-03  5.52612667e-01 -4.08669636e-04 -5.15962791e+04 -3.83843388e+06  2.59598686e+03  3.04992102e+06  1.48949711e+04  1.45992379e+06 
 1.12072743e+02 -9.99999923e-01  5.51053679e-06 -1.30556452e+00  4.10156731e-03  2.40006302e-01  2.76980600e-03  5.52607602e-01 -4.25845144e-04 -5.17088002e+04 -3.85746087e+06  2.62691122e+03  3.04865242e+06  1.49415160e+04  1.46159174e+06 
 1.12201845e+02 -9.99999923e-01  5.53152711e-06 -1.30743014e+00  4.11530587e-03  2.39286398e-01  2.76631790e-03  5.52609049e-01 -4.43061722e-04 -5.18222745e+04 -3.87654689e+06  2.65782927e+03  3.04740188e+06  1.49884386e+04  1.46327885e+06 
 1.12331097e+02 -9.99999923e-01  5.55257915e-06 -1.30930437e+00  4.12914690e-03  2.38567651e-01  2.76289688e-03  5.52617034e-01 -4.60320440e-04 -5.19367089e+04 -3.89569246e+06  2.68874233e+03  3.04616942e+06  1.50357428e+04  1.46498523e+06 
 1.12460497e+02 -9.99999923e-01  5.57369344e-06 -1.31118730e+00  4.14309126e-03  2.37850046e-01  2.75954306e-03  5.52631586e-01 -4.77622381e-04 -5.20521107e+04 -3.91489808e+06  2.71965175e+03  3.04495507e+06  1.50834329e+04  1.46671103e+06 
 1.12590047e+02 -9.99999923e-01  5.59487049e-06 -1.31307897e+00  4.15713984e-03  2.37133563e-01  2.75625659e-03  5.52652733e-01 -4.94968635e-04 -5.21684869e+04 -3.93416430e+06  2.75055887e+03  3.04375888e+06  1.51315131e+04  1.46845638e+06 
 1.12719746e+02 -9.99999923e-01  5.61611091e-06 -1.31497945e+00  4.17129352e-03  2.36418186e-01  2.75303762e-03  5.52680503e-01 -5.12360304e-04 -5.22858447e+04 -3.95349163e+06  2.78146501e+03  3.04258085e+06  1.51799875e+04  1.47022143e+06 
 1.12849594e+02 -9.99999923e-01  5.63741514e-06 -1.31688882e+00  4.18555321e-03  2.35703896e-01  2.74988630e-03  5.52714926e-01 -5.29798499e-04 -5.24041917e+04 -3.97288060e+06  2.81237154e+03  3.04142104e+06  1.52288605e+04  1.47200632e+06 
 1.12979591e+02 -9.99999922e-01  5.65878375e-06 -1.31880713e+00  4.19991982e-03  2.34990676e-01  2.74680278e-03  5.52756031e-01 -5.47284345e-04 -5.25235352e+04 -3.99233176e+06  2.84327979e+03  3.04027946e+06  1.52781364e+04  1.47381118e+06 
 1.13109739e+02 -9.99999922e-01  5.68021730e-06 -1.32073445e+00  4.21439427e-03  2.34278507e-01  2.74378722e-03  5.52803849e-01 -5.64818973e-04 -5.26438828e+04 -4.01184564e+06  2.87419113e+03  3.03915616e+06  1.53278196e+04  1.47563617e+06 
 1.13240036e+02 -9.99999922e-01  5.70171636e-06 -1.32267086e+00  4.22897750e-03  2.33567372e-01  2.74083981e-03  5.52858410e-01 -5.82403529e-04 -5.27652422e+04 -4.03142279e+06  2.90510689e+03  3.03805116e+06  1.53779146e+04  1.47748143e+06 
 1.13370484e+02 -9.99999922e-01  5.72328145e-06 -1.32461642e+00  4.24367046e-03  2.32857252e-01  2.73796072e-03  5.52919746e-01 -6.00039169e-04 -5.28876211e+04 -4.05106375e+06  2.93602846e+03  3.03696450e+06  1.54284259e+04  1.47934710e+06 
 1.13501082e+02 -9.99999922e-01  5.74491307e-06 -1.32657119e+00  4.25847410e-03  2.32148130e-01  2.73515013e-03  5.52987887e-01 -6.17727061e-04 -5.30110274e+04 -4.07076910e+06  2.96695718e+03  3.03589622e+06  1.54793581e+04  1.48123334e+06 
 1.13631830e+02 -9.99999922e-01  5.76661188e-06 -1.32853526e+00  4.27338941e-03  2.31439987e-01  2.73240824e-03  5.53062867e-01 -6.35468383e-04 -5.31354692e+04 -4.09053938e+06  2.99789442e+03  3.03484635e+06  1.55307159e+04  1.48314031e+06 
 1.13762729e+02 -9.99999922e-01  5.78837847e-06 -1.33050868e+00  4.28841735e-03  2.30732804e-01  2.72973523e-03  5.53144718e-01 -6.53264327e-04 -5.32609544e+04 -4.11037515e+06  3.02884157e+03  3.03381493e+06  1.55825038e+04  1.48506815e+06 
 1.13893778e+02 -9.99999922e-01  5.81021328e-06 -1.33249153e+00  4.30355894e-03  2.30026563e-01  2.72713132e-03  5.53233473e-01 -6.71116096e-04 -5.33874913e+04 -4.13027700e+06  3.05979998e+03  3.03280199e+06  1.56347268e+04  1.48701702e+06 
 1.14024979e+02 -9.99999921e-01  5.83211698e-06 -1.33448388e+00  4.31881518e-03  2.29321246e-01  2.72459671e-03  5.53329166e-01 -6.89024907e-04 -5.35150882e+04 -4.15024549e+06  3.09077106e+03  3.03180758e+06  1.56873896e+04  1.48898707e+06 
 1.14156330e+02 -9.99999921e-01  5.85409012e-06 -1.33648580e+00  4.33418709e-03  2.28616833e-01  2.72213163e-03  5.53431831e-01 -7.06991989e-04 -5.36437536e+04 -4.17028121e+06  3.12175617e+03  3.03083173e+06  1.57404971e+04  1.49097848e+06 
 1.14287833e+02 -9.99999921e-01  5.87613332e-06 -1.33849737e+00  4.34967570e-03  2.27913306e-01  2.71973630e-03  5.53541503e-01 -7.25018583e-04 -5.37734959e+04 -4.19038474e+06  3.15275672e+03  3.02987449e+06  1.57940543e+04  1.49299140e+06 
 1.14419488e+02 -9.99999921e-01  5.89824717e-06 -1.34051867e+00  4.36528208e-03  2.27210647e-01  2.71741095e-03  5.53658218e-01 -7.43105943e-04 -5.39043238e+04 -4.21055667e+06  3.18377410e+03  3.02893589e+06  1.58480662e+04  1.49502599e+06 
 1.14551294e+02 -9.99999921e-01  5.92043224e-06 -1.34254975e+00  4.38100727e-03  2.26508835e-01  2.71515583e-03  5.53782012e-01 -7.61255340e-04 -5.40362461e+04 -4.23079760e+06  3.21480971e+03  3.02801597e+06  1.59025378e+04  1.49708243e+06 
 1.14683252e+02 -9.99999921e-01  5.94268914e-06 -1.34459070e+00  4.39685235e-03  2.25807852e-01  2.71297117e-03  5.53912920e-01 -7.79468054e-04 -5.41692716e+04 -4.25110812e+06  3.24586495e+03  3.02711479e+06  1.59574745e+04  1.49916088e+06 
 1.14815362e+02 -9.99999921e-01  5.96501849e-06 -1.34664160e+00  4.41281842e-03  2.25107679e-01  2.71085723e-03  5.54050981e-01 -7.97745382e-04 -5.43034094e+04 -4.27148885e+06  3.27694125e+03  3.02623237e+06  1.60128813e+04  1.50126150e+06 
 1.14947624e+02 -9.99999921e-01  5.98742093e-06 -1.34870252e+00  4.42890658e-03  2.24408297e-01  2.70881428e-03  5.54196232e-01 -8.16088634e-04 -5.44386685e+04 -4.29194040e+06  3.30804001e+03  3.02536878e+06  1.60687636e+04  1.50338449e+06 
 1.15080039e+02 -9.99999920e-01  6.00989702e-06 -1.35077354e+00  4.44511794e-03  2.23709685e-01  2.70684258e-03  5.54348710e-01 -8.34499136e-04 -5.45750583e+04 -4.31246339e+06  3.33916266e+03  3.02452404e+06  1.61251267e+04  1.50553000e+06 
 1.15212606e+02 -9.99999920e-01  6.03244743e-06 -1.35285474e+00  4.46145364e-03  2.23011825e-01  2.70494241e-03  5.54508456e-01 -8.52978226e-04 -5.47125881e+04 -4.33305843e+06  3.37031064e+03  3.02369821e+06  1.61819762e+04  1.50769821e+06 
 1.15345326e+02 -9.99999920e-01  6.05507279e-06 -1.35494619e+00  4.47791482e-03  2.22314696e-01  2.70311406e-03  5.54675508e-01 -8.71527261e-04 -5.48512675e+04 -4.35372616e+06  3.40148537e+03  3.02289133e+06  1.62393175e+04  1.50988932e+06 
 1.15478198e+02 -9.99999920e-01  6.07777375e-06 -1.35704798e+00  4.49450265e-03  2.21618279e-01  2.70135781e-03  5.54849907e-01 -8.90147611e-04 -5.49911059e+04 -4.37446721e+06  3.43268831e+03  3.02210346e+06  1.62971562e+04  1.51210349e+06 
 1.15611224e+02 -9.99999920e-01  6.10055085e-06 -1.35916018e+00  4.51121830e-03  2.20922554e-01  2.69967398e-03  5.55031693e-01 -9.08840661e-04 -5.51321133e+04 -4.39528223e+06  3.46392090e+03  3.02133463e+06  1.63554980e+04  1.51434091e+06 
 1.15744403e+02 -9.99999920e-01  6.12340492e-06 -1.36128288e+00  4.52806296e-03  2.20227501e-01  2.69806286e-03  5.55220908e-01 -9.27607814e-04 -5.52742994e+04 -4.41617187e+06  3.49518459e+03  3.02058491e+06  1.64143487e+04  1.51660178e+06 
 1.15877736e+02 -9.99999920e-01  6.14633646e-06 -1.36341615e+00  4.54503785e-03  2.19533099e-01  2.69652477e-03  5.55417593e-01 -9.46450488e-04 -5.54176744e+04 -4.43713676e+06  3.52648085e+03  3.01985433e+06  1.64737141e+04  1.51888627e+06 
 1.16011222e+02 -9.99999919e-01  6.16934619e-06 -1.36556009e+00  4.56214419e-03  2.18839329e-01  2.69506005e-03  5.55621791e-01 -9.65370118e-04 -5.55622483e+04 -4.45817758e+06  3.55781116e+03  3.01914295e+06  1.65336000e+04  1.52119458e+06 
 1.16144861e+02 -9.99999919e-01  6.19243480e-06 -1.36771477e+00  4.57938322e-03  2.18146169e-01  2.69366902e-03  5.55833546e-01 -9.84368156e-04 -5.57080316e+04 -4.47929499e+06  3.58917698e+03  3.01845082e+06  1.65940126e+04  1.52352691e+06 
 1.16278655e+02 -9.99999919e-01  6.21560289e-06 -1.36988028e+00  4.59675619e-03  2.17453599e-01  2.69235203e-03  5.56052902e-01 -1.00344607e-03 -5.58550345e+04 -4.50048966e+06  3.62057980e+03  3.01777800e+06  1.66549579e+04  1.52588344e+06 
 1.16412603e+02 -9.99999919e-01  6.23885126e-06 -1.37205671e+00  4.61426437e-03  2.16761598e-01  2.69110942e-03  5.56279902e-01 -1.02260535e-03 -5.60032678e+04 -4.52176227e+06  3.65202111e+03  3.01712454e+06  1.67164420e+04  1.52826439e+06 
 1.16546705e+02 -9.99999919e-01  6.26218051e-06 -1.37424413e+00  4.63190906e-03  2.16070146e-01  2.68994156e-03  5.56514593e-01 -1.04184750e-03 -5.61527421e+04 -4.54311351e+06  3.68350242e+03  3.01649049e+06  1.67784713e+04  1.53066995e+06 
 1.16680962e+02 -9.99999919e-01  6.28559135e-06 -1.37644264e+00  4.64969156e-03  2.15379220e-01  2.68884881e-03  5.56757020e-01 -1.06117404e-03 -5.63034684e+04 -4.56454406e+06  3.71502524e+03  3.01587591e+06  1.68410520e+04  1.53310033e+06 
 1.16815373e+02 -9.99999919e-01  6.30908448e-06 -1.37865233e+00  4.66761320e-03  2.14688801e-01  2.68783156e-03  5.57007230e-01 -1.08058651e-03 -5.64554576e+04 -4.58605462e+06  3.74659107e+03  3.01528085e+06  1.69041906e+04  1.53555573e+06 
 1.16949939e+02 -9.99999918e-01  6.33266063e-06 -1.38087328e+00  4.68567532e-03  2.13998866e-01  2.68689020e-03  5.57265271e-01 -1.10008648e-03 -5.66087209e+04 -4.60764590e+06  3.77820145e+03  3.01470538e+06  1.69678936e+04  1.53803636e+06 
 1.17084660e+02 -9.99999918e-01  6.35632045e-06 -1.38310559e+00  4.70387927e-03  2.13309395e-01  2.68602510e-03  5.57531190e-01 -1.11967553e-03 -5.67632697e+04 -4.62931861e+06  3.80985790e+03  3.01414955e+06  1.70321677e+04  1.54054244e+06 
 1.17219537e+02 -9.99999918e-01  6.38006475e-06 -1.38534934e+00  4.72222644e-03  2.12620364e-01  2.68523670e-03  5.57805037e-01 -1.13935524e-03 -5.69191155e+04 -4.65107347e+06  3.84156198e+03  3.01361343e+06  1.70970195e+04  1.54307418e+06 
 1.17354568e+02 -9.99999918e-01  6.40389419e-06 -1.38760462e+00  4.74071822e-03  2.11931753e-01  2.68452539e-03  5.58086860e-01 -1.15912726e-03 -5.70762698e+04 -4.67291120e+06  3.87331523e+03  3.01309706e+06  1.71624559e+04  1.54563180e+06 
 1.17489755e+02 -9.99999918e-01  6.42780958e-06 -1.38987153e+00  4.75935603e-03  2.11243539e-01  2.68389160e-03  5.58376711e-01 -1.17899320e-03 -5.72347445e+04 -4.69483253e+06  3.90511921e+03  3.01260052e+06  1.72284838e+04  1.54821552e+06 
 1.17625098e+02 -9.99999918e-01  6.45181154e-06 -1.39215016e+00  4.77814129e-03  2.10555700e-01  2.68333578e-03  5.58674640e-01 -1.19895475e-03 -5.73945516e+04 -4.71683821e+06  3.93697549e+03  3.01212386e+06  1.72951102e+04  1.55082557e+06 
 1.17760597e+02 -9.99999917e-01  6.47590093e-06 -1.39444060e+00  4.79707547e-03  2.09868214e-01  2.68285835e-03  5.58980700e-01 -1.21901357e-03 -5.75557032e+04 -4.73892898e+06  3.96888565e+03  3.01166716e+06  1.73623422e+04  1.55346217e+06 
 1.17896252e+02 -9.99999917e-01  6.50007843e-06 -1.39674296e+00  4.81616004e-03  2.09181057e-01  2.68245979e-03  5.59294942e-01 -1.23917138e-03 -5.77182116e+04 -4.76110560e+06  4.00085129e+03  3.01123046e+06  1.74301870e+04  1.55612556e+06 
 1.18032064e+02 -9.99999917e-01  6.52434488e-06 -1.39905732e+00  4.83539648e-03  2.08494208e-01  2.68214056e-03  5.59617421e-01 -1.25942990e-03 -5.78820893e+04 -4.78336883e+06  4.03287399e+03  3.01081385e+06  1.74986520e+04  1.55881596e+06 
 1.18168031e+02 -9.99999917e-01  6.54870104e-06 -1.40138379e+00  4.85478632e-03  2.07807643e-01  2.68190113e-03  5.59948190e-01 -1.27979087e-03 -5.80473489e+04 -4.80571943e+06  4.06495537e+03  3.01041739e+06  1.75677446e+04  1.56153361e+06 
 1.18304156e+02 -9.99999917e-01  6.57314763e-06 -1.40372246e+00  4.87433108e-03  2.07121338e-01  2.68174198e-03  5.60287306e-01 -1.30025608e-03 -5.82140033e+04 -4.82815819e+06  4.09709705e+03  3.01004113e+06  1.76374723e+04  1.56427876e+06 
 1.18440437e+02 -9.99999917e-01  6.59768546e-06 -1.40607343e+00  4.89403232e-03  2.06435271e-01  2.68166363e-03  5.60634823e-01 -1.32082732e-03 -5.83820654e+04 -4.85068588e+06  4.12930067e+03  3.00968517e+06  1.77078428e+04  1.56705164e+06 
 1.18576875e+02 -9.99999916e-01  6.62231531e-06 -1.40843680e+00  4.91389162e-03  2.05749419e-01  2.68166657e-03  5.60990798e-01 -1.34150640e-03 -5.85515485e+04 -4.87330331e+06  4.16156785e+03  3.00934955e+06  1.77788639e+04  1.56985250e+06 
 1.18713470e+02 -9.99999916e-01  6.64703805e-06 -1.41081267e+00  4.93391057e-03  2.05063756e-01  2.68175132e-03  5.61355289e-01 -1.36229517e-03 -5.87224659e+04 -4.89601127e+06  4.19390026e+03  3.00903436e+06  1.78505434e+04  1.57268159e+06 
 1.18850223e+02 -9.99999916e-01  6.67185452e-06 -1.41320115e+00  4.95409079e-03  2.04378259e-01  2.68191843e-03  5.61728355e-01 -1.38319551e-03 -5.88948311e+04 -4.91881058e+06  4.22629955e+03  3.00873966e+06  1.79228893e+04  1.57553917e+06 
 1.18987133e+02 -9.99999916e-01  6.69676541e-06 -1.41560233e+00  4.97443394e-03  2.03692904e-01  2.68216842e-03  5.62110054e-01 -1.40420929e-03 -5.90686580e+04 -4.94170204e+06  4.25876741e+03  3.00846553e+06  1.79959098e+04  1.57842548e+06 
 1.19124201e+02 -9.99999916e-01  6.72177163e-06 -1.41801633e+00  4.99494166e-03  2.03007666e-01  2.68250187e-03  5.62500448e-01 -1.42533846e-03 -5.92439604e+04 -4.96468649e+06  4.29130552e+03  3.00821205e+06  1.80696131e+04  1.58134080e+06 
 1.19261427e+02 -9.99999916e-01  6.74687396e-06 -1.42044325e+00  5.01561565e-03  2.02322521e-01  2.68291932e-03  5.62899597e-01 -1.44658494e-03 -5.94207525e+04 -4.98776476e+06  4.32391559e+03  3.00797928e+06  1.81440076e+04  1.58428538e+06 
 1.19398810e+02 -9.99999915e-01  6.77207328e-06 -1.42288319e+00  5.03645761e-03  2.01637444e-01  2.68342137e-03  5.63307563e-01 -1.46795071e-03 -5.95990486e+04 -5.01093770e+06  4.35659931e+03  3.00776730e+06  1.82191018e+04  1.58725948e+06 
 1.19536353e+02 -9.99999915e-01  6.79737047e-06 -1.42533627e+00  5.05746930e-03  2.00952409e-01  2.68400861e-03  5.63724409e-01 -1.48943778e-03 -5.97788633e+04 -5.03420614e+06  4.38935842e+03  3.00757620e+06  1.82949042e+04  1.59026339e+06 
 1.19674053e+02 -9.99999915e-01  6.82276635e-06 -1.42780259e+00  5.07865245e-03  2.00267391e-01  2.68468163e-03  5.64150200e-01 -1.51104818e-03 -5.99602113e+04 -5.05757096e+06  4.42219466e+03  3.00740606e+06  1.83714237e+04  1.59329737e+06 
 1.19811912e+02 -9.99999915e-01  6.84826193e-06 -1.43028226e+00  5.10000887e-03  1.99582365e-01  2.68544105e-03  5.64584999e-01 -1.53278395e-03 -6.01431076e+04 -5.08103303e+06  4.45510977e+03  3.00725694e+06  1.84486692e+04  1.59636170e+06 
 1.19949930e+02 -9.99999915e-01  6.87385784e-06 -1.43277539e+00  5.12154034e-03  1.98897305e-01  2.68628751e-03  5.65028874e-01 -1.55464719e-03 -6.03275674e+04 -5.10459322e+06  4.48810552e+03  3.00712893e+06  1.85266496e+04  1.59945667e+06 
 1.20088107e+02 -9.99999914e-01  6.89955516e-06 -1.43528211e+00  5.14324872e-03  1.98212184e-01  2.68722165e-03  5.65481891e-01 -1.57664001e-03 -6.05136059e+04 -5.12825242e+06  4.52118368e+03  3.00702212e+06  1.86053741e+04  1.60258255e+06 
 1.20226443e+02 -9.99999914e-01  6.92535474e-06 -1.43780251e+00  5.16513586e-03  1.97526976e-01  2.68824413e-03  5.65944117e-01 -1.59876456e-03 -6.07012390e+04 -5.15201152e+06  4.55434605e+03  3.00693659e+06  1.86848521e+04  1.60573964e+06 
 1.20364939e+02 -9.99999914e-01  6.95125743e-06 -1.44033672e+00  5.18720365e-03  1.96841655e-01  2.68935560e-03  5.66415623e-01 -1.62102302e-03 -6.08904822e+04 -5.17587144e+06  4.58759444e+03  3.00687242e+06  1.87650930e+04  1.60892824e+06 
 1.20503594e+02 -9.99999914e-01  6.97726426e-06 -1.44288485e+00  5.20945400e-03  1.96156193e-01  2.69055677e-03  5.66896476e-01 -1.64341758e-03 -6.10813519e+04 -5.19983310e+06  4.62093065e+03  3.00682970e+06  1.88461064e+04  1.61214863e+06 
 1.20642409e+02 -9.99999914e-01  7.00337608e-06 -1.44544702e+00  5.23188885e-03  1.95470563e-01  2.69184833e-03  5.67386750e-01 -1.66595050e-03 -6.12738641e+04 -5.22389740e+06  4.65435653e+03  3.00680852e+06  1.89279020e+04  1.61540113e+06 
 1.20781384e+02 -9.99999914e-01  7.02959392e-06 -1.44802335e+00  5.25451017e-03  1.94784738e-01  2.69323098e-03  5.67886515e-01 -1.68862405e-03 -6.14680355e+04 -5.24806530e+06  4.68787393e+03  3.00680896e+06  1.90104898e+04  1.61868603e+06 
 1.20920518e+02 -9.99999913e-01  7.05591856e-06 -1.45061396e+00  5.27731996e-03  1.94098689e-01  2.69470546e-03  5.68395846e-01 -1.71144053e-03 -6.16638828e+04 -5.27233774e+06  4.72148470e+03  3.00683111e+06  1.90938798e+04  1.62200366e+06 
 1.21059813e+02 -9.99999913e-01  7.08235109e-06 -1.45321897e+00  5.30032024e-03  1.93412390e-01  2.69627252e-03  5.68914815e-01 -1.73440228e-03 -6.18614231e+04 -5.29671567e+06  4.75519074e+03  3.00687508e+06  1.91780822e+04  1.62535431e+06 
 1.21199269e+02 -9.99999913e-01  7.10889248e-06 -1.45583851e+00  5.32351307e-03  1.92725811e-01  2.69793290e-03  5.69443499e-01 -1.75751168e-03 -6.20606735e+04 -5.32120007e+06  4.78899393e+03  3.00694094e+06  1.92631074e+04  1.62873832e+06 
 1.21338885e+02 -9.99999913e-01  7.13554368e-06 -1.45847269e+00  5.34690053e-03  1.92038924e-01  2.69968738e-03  5.69981974e-01 -1.78077114e-03 -6.22616516e+04 -5.34579190e+06  4.82289619e+03  3.00702880e+06  1.93489660e+04  1.63215600e+06 
 1.21478662e+02 -9.99999913e-01  7.16230562e-06 -1.46112165e+00  5.37048473e-03  1.91351700e-01  2.70153675e-03  5.70530319e-01 -1.80418310e-03 -6.24643751e+04 -5.37049216e+06  4.85689945e+03  3.00713874e+06  1.94356687e+04  1.63560768e+06 
 1.21618600e+02 -9.99999912e-01  7.18917943e-06 -1.46378550e+00  5.39426783e-03  1.90664109e-01  2.70348181e-03  5.71088610e-01 -1.82775005e-03 -6.26688621e+04 -5.39530184e+06  4.89100564e+03  3.00727087e+06  1.95232262e+04  1.63909370e+06 
 1.21758699e+02 -9.99999912e-01  7.21616601e-06 -1.46646439e+00  5.41825198e-03  1.89976122e-01  2.70552339e-03  5.71656930e-01 -1.85147451e-03 -6.28751309e+04 -5.42022195e+06  4.92521675e+03  3.00742528e+06  1.96116498e+04  1.64261440e+06 
 1.21898960e+02 -9.99999912e-01  7.24326640e-06 -1.46915844e+00  5.44243942e-03  1.89287708e-01  2.70766232e-03  5.72235359e-01 -1.87535904e-03 -6.30832000e+04 -5.44525352e+06  4.95953473e+03  3.00760207e+06  1.97009506e+04  1.64617010e+06 
 1.22039382e+02 -9.99999912e-01  7.27048172e-06 -1.47186777e+00  5.46683237e-03  1.88598839e-01  2.70989946e-03  5.72823979e-01 -1.89940624e-03 -6.32930882e+04 -5.47039758e+06  4.99396160e+03  3.00780134e+06  1.97911401e+04  1.64976118e+06 
 1.22179966e+02 -9.99999911e-01  7.29781289e-06 -1.47459253e+00  5.49143310e-03  1.87909482e-01  2.71223568e-03  5.73422875e-01 -1.92361873e-03 -6.35048147e+04 -5.49565517e+06  5.02849937e+03  3.00802320e+06  1.98822299e+04  1.65338796e+06 
 1.22320712e+02 -9.99999911e-01  7.32526104e-06 -1.47733285e+00  5.51624393e-03  1.87219607e-01  2.71467187e-03  5.74032131e-01 -1.94799922e-03 -6.37183989e+04 -5.52102734e+06  5.06315007e+03  3.00826775e+06  1.99742316e+04  1.65705082e+06 
 1.22461620e+02 -9.99999911e-01  7.35282731e-06 -1.48008886e+00  5.54126720e-03  1.86529182e-01  2.71720894e-03  5.74651834e-01 -1.97255040e-03 -6.39338604e+04 -5.54651516e+06  5.09791575e+03  3.00853509e+06  2.00671575e+04  1.66075011e+06 
 1.22602690e+02 -9.99999911e-01  7.38051261e-06 -1.48286071e+00  5.56650528e-03  1.85838177e-01  2.71984781e-03  5.75282071e-01 -1.99727505e-03 -6.41512192e+04 -5.57211972e+06  5.13279849e+03  3.00882533e+06  2.01610195e+04  1.66448621e+06 
 1.22743923e+02 -9.99999911e-01  7.40831820e-06 -1.48564852e+00  5.59196058e-03  1.85146558e-01  2.72258943e-03  5.75922932e-01 -2.02217598e-03 -6.43704956e+04 -5.59784209e+06  5.16780038e+03  3.00913858e+06  2.02558301e+04  1.66825948e+06 
 1.22885319e+02 -9.99999910e-01  7.43624508e-06 -1.48845245e+00  5.61763555e-03  1.84454293e-01  2.72543475e-03  5.76574507e-01 -2.04725603e-03 -6.45917101e+04 -5.62368339e+06  5.20292353e+03  3.00947495e+06  2.03516019e+04  1.67207030e+06 
 1.23026877e+02 -9.99999910e-01  7.46429441e-06 -1.49127263e+00  5.64353267e-03  1.83761349e-01  2.72838477e-03  5.77236888e-01 -2.07251810e-03 -6.48148838e+04 -5.64964473e+06  5.23817007e+03  3.00983455e+06  2.04483477e+04  1.67591906e+06 
 1.23168599e+02 -9.99999910e-01  7.49246732e-06 -1.49410920e+00  5.66965446e-03  1.83067694e-01  2.73144048e-03  5.77910167e-01 -2.09796513e-03 -6.50400376e+04 -5.67572724e+06  5.27354216e+03  3.01021748e+06  2.05460804e+04  1.67980614e+06 
 1.23310483e+02 -9.99999910e-01  7.52076488e-06 -1.49696232e+00  5.69600348e-03  1.82373293e-01  2.73460292e-03  5.78594440e-01 -2.12360011e-03 -6.52671932e+04 -5.70193206e+06  5.30904196e+03  3.01062387e+06  2.06448134e+04  1.68373195e+06 
 1.23452532e+02 -9.99999909e-01  7.54918841e-06 -1.49983214e+00  5.72258234e-03  1.81678113e-01  2.73787311e-03  5.79289802e-01 -2.14942607e-03 -6.54963725e+04 -5.72826034e+06  5.34467167e+03  3.01105384e+06  2.07445600e+04  1.68769687e+06 
 1.23594743e+02 -9.99999909e-01  7.57773904e-06 -1.50271879e+00  5.74939366e-03  1.80982118e-01  2.74125212e-03  5.79996351e-01 -2.17544611e-03 -6.57275975e+04 -5.75471326e+06  5.38043351e+03  3.01150749e+06  2.08453338e+04  1.69170132e+06 
 1.23737119e+02 -9.99999909e-01  7.60641780e-06 -1.50562243e+00  5.77644012e-03  1.80285274e-01  2.74474104e-03  5.80714187e-01 -2.20166335e-03 -6.59608909e+04 -5.78129199e+06  5.41632971e+03  3.01198495e+06  2.09471489e+04  1.69574572e+06 
 1.23879659e+02 -9.99999909e-01  7.63522598e-06 -1.50854322e+00  5.80372444e-03  1.79587546e-01  2.74834097e-03  5.81443409e-01 -2.22808099e-03 -6.61962755e+04 -5.80799772e+06  5.45236254e+03  3.01248634e+06  2.10500193e+04  1.69983047e+06 
 1.24022363e+02 -9.99999909e-01  7.66416480e-06 -1.51148130e+00  5.83124937e-03  1.78888898e-01  2.75205305e-03  5.82184120e-01 -2.25470225e-03 -6.64337745e+04 -5.83483168e+06  5.48853428e+03  3.01301178e+06  2.11539595e+04  1.70395601e+06 
 1.24165231e+02 -9.99999908e-01  7.69323549e-06 -1.51443684e+00  5.85901773e-03  1.78189293e-01  2.75587842e-03  5.82936423e-01 -2.28153044e-03 -6.66734114e+04 -5.86179507e+06  5.52484724e+03  3.01356139e+06  2.12589839e+04  1.70812276e+06 
 1.24308264e+02 -9.99999908e-01  7.72243931e-06 -1.51740999e+00  5.88703235e-03  1.77488695e-01  2.75981826e-03  5.83700424e-01 -2.30856890e-03 -6.69152102e+04 -5.88888915e+06  5.56130375e+03  3.01413531e+06  2.13651076e+04  1.71233116e+06 
 1.24451461e+02 -9.99999908e-01  7.75177745e-06 -1.52040091e+00  5.91529612e-03  1.76787067e-01  2.76387376e-03  5.84476230e-01 -2.33582103e-03 -6.71591953e+04 -5.91611515e+06  5.59790616e+03  3.01473365e+06  2.14723455e+04  1.71658167e+06 
 1.24594824e+02 -9.99999908e-01  7.78125121e-06 -1.52340977e+00  5.94381198e-03  1.76084370e-01  2.76804615e-03  5.85263950e-01 -2.36329029e-03 -6.74053912e+04 -5.94347435e+06  5.63465685e+03  3.01535655e+06  2.15807131e+04  1.72087471e+06 
 1.24738351e+02 -9.99999907e-01  7.81086197e-06 -1.52643672e+00  5.97258289e-03  1.75380568e-01  2.77233667e-03  5.86063694e-01 -2.39098020e-03 -6.76538231e+04 -5.97096803e+06  5.67155824e+03  3.01600414e+06  2.16902261e+04  1.72521077e+06 
 1.24882044e+02 -9.99999907e-01  7.84061092e-06 -1.52948194e+00  6.00161190e-03  1.74675620e-01  2.77674659e-03  5.86875573e-01 -2.41889433e-03 -6.79045164e+04 -5.99859748e+06  5.70861274e+03  3.01667655e+06  2.18009003e+04  1.72959029e+06 
 1.25025903e+02 -9.99999907e-01  7.87049936e-06 -1.53254559e+00  6.03090206e-03  1.73969489e-01  2.78127721e-03  5.87699702e-01 -2.44703631e-03 -6.81574969e+04 -6.02636402e+06  5.74582282e+03  3.01737392e+06  2.19127520e+04  1.73401376e+06 
 1.25169927e+02 -9.99999907e-01  7.90052871e-06 -1.53562784e+00  6.06045651e-03  1.73262134e-01  2.78592985e-03  5.88536197e-01 -2.47540984e-03 -6.84127910e+04 -6.05426898e+06  5.78319096e+03  3.01809638e+06  2.20257976e+04  1.73848164e+06 
 1.25314117e+02 -9.99999906e-01  7.93070024e-06 -1.53872887e+00  6.09027840e-03  1.72553514e-01  2.79070585e-03  5.89385175e-01 -2.50401869e-03 -6.86704252e+04 -6.08231370e+06  5.82071967e+03  3.01884407e+06  2.21400538e+04  1.74299443e+06 
 1.25458474e+02 -9.99999906e-01  7.96101529e-06 -1.54184884e+00  6.12037096e-03  1.71843591e-01  2.79560660e-03  5.90246754e-01 -2.53286668e-03 -6.89304267e+04 -6.11049953e+06  5.85841149e+03  3.01961713e+06  2.22555378e+04  1.74755262e+06 
 1.25602996e+02 -9.99999906e-01  7.99147534e-06 -1.54498793e+00  6.15073746e-03  1.71132321e-01  2.80063349e-03  5.91121057e-01 -2.56195770e-03 -6.91928231e+04 -6.13882786e+06  5.89626898e+03  3.02041570e+06  2.23722669e+04  1.75215670e+06 
 1.25747685e+02 -9.99999906e-01  8.02208177e-06 -1.54814633e+00  6.18138122e-03  1.70419663e-01  2.80578796e-03  5.92008207e-01 -2.59129570e-03 -6.94576422e+04 -6.16730009e+06  5.93429475e+03  3.02123993e+06  2.24902587e+04  1.75680720e+06 
 1.25892541e+02 -9.99999905e-01  8.05283588e-06 -1.55132421e+00  6.21230562e-03  1.69705574e-01  2.81107146e-03  5.92908328e-01 -2.62088471e-03 -6.97249124e+04 -6.19591761e+06  5.97249141e+03  3.02208997e+06  2.26095313e+04  1.76150462e+06 
 1.26037564e+02 -9.99999905e-01  8.08373926e-06 -1.55452176e+00  6.24351408e-03  1.68990013e-01  2.81648549e-03  5.93821547e-01 -2.65072884e-03 -6.99946627e+04 -6.22468187e+06  6.01086161e+03  3.02296596e+06  2.27301029e+04  1.76624948e+06 
 1.26182753e+02 -9.99999905e-01  8.11479322e-06 -1.55773916e+00  6.27501009e-03  1.68272934e-01  2.82203156e-03  5.94747995e-01 -2.68083224e-03 -7.02669224e+04 -6.25359430e+06  6.04940805e+03  3.02386804e+06  2.28519921e+04  1.77104233e+06 
 1.26328110e+02 -9.99999904e-01  8.14599929e-06 -1.56097659e+00  6.30679719e-03  1.67554293e-01  2.82771122e-03  5.95687801e-01 -2.71119916e-03 -7.05417212e+04 -6.28265637e+06  6.08813343e+03  3.02479639e+06  2.29752179e+04  1.77588370e+06 
 1.26473635e+02 -9.99999904e-01  8.17735895e-06 -1.56423425e+00  6.33887898e-03  1.66834046e-01  2.83352606e-03  5.96641099e-01 -2.74183391e-03 -7.08190894e+04 -6.31186955e+06  6.12704051e+03  3.02575114e+06  2.30997997e+04  1.78077413e+06 
 1.26619327e+02 -9.99999904e-01  8.20887374e-06 -1.56751234e+00  6.37125911e-03  1.66112147e-01  2.83947768e-03  5.97608024e-01 -2.77274090e-03 -7.10990578e+04 -6.34123536e+06  6.16613205e+03  3.02673246e+06  2.32257570e+04  1.78571420e+06 
 1.26765187e+02 -9.99999904e-01  8.24054513e-06 -1.57081103e+00  6.40394130e-03  1.65388550e-01  2.84556772e-03  5.98588715e-01 -2.80392458e-03 -7.13816576e+04 -6.37075531e+06  6.20541087e+03  3.02774050e+06  2.33531099e+04  1.79070445e+06 
 1.26911214e+02 -9.99999903e-01  8.27237466e-06 -1.57413054e+00  6.43692932e-03  1.64663209e-01  2.85179788e-03  5.99583310e-01 -2.83538951e-03 -7.16669207e+04 -6.40043093e+06  6.24487982e+03  3.02877542e+06  2.34818787e+04  1.79574548e+06 
 1.27057411e+02 -9.99999903e-01  8.30436392e-06 -1.57747106e+00  6.47022701e-03  1.63936074e-01  2.85816985e-03  6.00591953e-01 -2.86714033e-03 -7.19548792e+04 -6.43026378e+06  6.28454176e+03  3.02983739e+06  2.36120841e+04  1.80083786e+06 
 1.27203775e+02 -9.99999903e-01  8.33651450e-06 -1.58083279e+00  6.50383828e-03  1.63207099e-01  2.86468539e-03  6.01614786e-01 -2.89918174e-03 -7.22455662e+04 -6.46025545e+06  6.32439962e+03  3.03092657e+06  2.37437473e+04  1.80598218e+06 
 1.27350308e+02 -9.99999902e-01  8.36882788e-06 -1.58421594e+00  6.53776709e-03  1.62476234e-01  2.87134628e-03  6.02651957e-01 -2.93151856e-03 -7.25390148e+04 -6.49040752e+06  6.36445634e+03  3.03204314e+06  2.38768899e+04  1.81117906e+06 
 1.27497010e+02 -9.99999902e-01  8.40130582e-06 -1.58762071e+00  6.57201746e-03  1.61743429e-01  2.87815433e-03  6.03703616e-01 -2.96415567e-03 -7.28352590e+04 -6.52072161e+06  6.40471489e+03  3.03318725e+06  2.40115336e+04  1.81642909e+06 
 1.27643881e+02 -9.99999902e-01  8.43394992e-06 -1.59104732e+00  6.60659351e-03  1.61008635e-01  2.88511140e-03  6.04769913e-01 -2.99709805e-03 -7.31343333e+04 -6.55119936e+06  6.44517831e+03  3.03435908e+06  2.41477008e+04  1.82173291e+06 
 1.27790921e+02 -9.99999902e-01  8.46676181e-06 -1.59449597e+00  6.64149938e-03  1.60271800e-01  2.89221939e-03  6.05851002e-01 -3.03035077e-03 -7.34362728e+04 -6.58184244e+06  6.48584963e+03  3.03555881e+06  2.42854142e+04  1.82709114e+06 
 1.27938130e+02 -9.99999901e-01  8.49974327e-06 -1.59796689e+00  6.67673933e-03  1.59532872e-01  2.89948023e-03  6.06947040e-01 -3.06391899e-03 -7.37411131e+04 -6.61265251e+06  6.52673197e+03  3.03678661e+06  2.44246970e+04  1.83250444e+06 
 1.28085509e+02 -9.99999901e-01  8.53289589e-06 -1.60146029e+00  6.71231765e-03  1.58791797e-01  2.90689588e-03  6.08058187e-01 -3.09780798e-03 -7.40488903e+04 -6.64363128e+06  6.56782844e+03  3.03804267e+06  2.45655728e+04  1.83797344e+06 
 1.28233058e+02 -9.99999901e-01  8.56622148e-06 -1.60497639e+00  6.74823872e-03  1.58048524e-01  2.91446837e-03  6.09184604e-01 -3.13202310e-03 -7.43596415e+04 -6.67478048e+06  6.60914222e+03  3.03932716e+06  2.47080656e+04  1.84349881e+06 
 1.28380777e+02 -9.99999900e-01  8.59972164e-06 -1.60851541e+00  6.78450701e-03  1.57302997e-01  2.92219973e-03  6.10326454e-01 -3.16656979e-03 -7.46734039e+04 -6.70610185e+06  6.65067652e+03  3.04064026e+06  2.48521998e+04  1.84908124e+06 
 1.28528666e+02 -9.99999900e-01  8.63339835e-06 -1.61207759e+00  6.82112704e-03  1.56555161e-01  2.93009208e-03  6.11483907e-01 -3.20145362e-03 -7.49902158e+04 -6.73759717e+06  6.69243458e+03  3.04198217e+06  2.49980004e+04  1.85472139e+06 
 1.28676725e+02 -9.99999900e-01  8.66725327e-06 -1.61566315e+00  6.85810341e-03  1.55804961e-01  2.93814754e-03  6.12657131e-01 -3.23668026e-03 -7.53101158e+04 -6.76926821e+06  6.73441971e+03  3.04335307e+06  2.51454928e+04  1.86041997e+06 
 1.28824955e+02 -9.99999899e-01  8.70128827e-06 -1.61927232e+00  6.89544081e-03  1.55052338e-01  2.94636831e-03  6.13846298e-01 -3.27225547e-03 -7.56331434e+04 -6.80111680e+06  6.77663523e+03  3.04475316e+06  2.52947030e+04  1.86617769e+06 
 1.28973356e+02 -9.99999899e-01  8.73550511e-06 -1.62290535e+00  6.93314401e-03  1.54297236e-01  2.95475660e-03  6.15051586e-01 -3.30818515e-03 -7.59593386e+04 -6.83314478e+06  6.81908453e+03  3.04618263e+06  2.54456573e+04  1.87199526e+06 
 1.29121927e+02 -9.99999899e-01  8.76990583e-06 -1.62656246e+00  6.97121785e-03  1.53539595e-01  2.96331470e-03  6.16273172e-01 -3.34447528e-03 -7.62887422e+04 -6.86535401e+06  6.86177102e+03  3.04764168e+06  2.55983826e+04  1.87787342e+06 
 1.29270670e+02 -9.99999898e-01  8.80449210e-06 -1.63024391e+00  7.00966727e-03  1.52779356e-01  2.97204492e-03  6.17511238e-01 -3.38113197e-03 -7.66213957e+04 -6.89774638e+06  6.90469816e+03  3.04913050e+06  2.57529063e+04  1.88381291e+06 
 1.29419584e+02 -9.99999898e-01  8.83926606e-06 -1.63394994e+00  7.04849729e-03  1.52016459e-01  2.98094964e-03  6.18765969e-01 -3.41816145e-03 -7.69573413e+04 -6.93032381e+06  6.94786948e+03  3.05064931e+06  2.59092565e+04  1.88981448e+06 
 1.29568670e+02 -9.99999898e-01  8.87422948e-06 -1.63768079e+00  7.08771300e-03  1.51250841e-01  2.99003127e-03  6.20037553e-01 -3.45557007e-03 -7.72966219e+04 -6.96308824e+06  6.99128852e+03  3.05219830e+06  2.60674616e+04  1.89587890e+06 
 1.29717927e+02 -9.99999897e-01  8.90938441e-06 -1.64143673e+00  7.12731960e-03  1.50482440e-01  2.99929229e-03  6.21326179e-01 -3.49336430e-03 -7.76392811e+04 -6.99604162e+06  7.03495889e+03  3.05377768e+06  2.62275506e+04  1.90200696e+06 
 1.29867356e+02 -9.99999897e-01  8.94473283e-06 -1.64521799e+00  7.16732238e-03  1.49711193e-01  3.00873522e-03  6.22632044e-01 -3.53155073e-03 -7.79853633e+04 -7.02918596e+06  7.07888424e+03  3.05538767e+06  2.63895532e+04  1.90819944e+06 
 1.30016958e+02 -9.99999897e-01  8.98027679e-06 -1.64902486e+00  7.20772672e-03  1.48937034e-01  3.01836263e-03  6.23955344e-01 -3.57013610e-03 -7.83349139e+04 -7.06252328e+06  7.12306828e+03  3.05702848e+06  2.65534997e+04  1.91445715e+06 
 1.30166732e+02 -9.99999896e-01  9.01601828e-06 -1.65285758e+00  7.24853808e-03  1.48159898e-01  3.02817716e-03  6.25296279e-01 -3.60912726e-03 -7.86879787e+04 -7.09605561e+06  7.16751475e+03  3.05870032e+06  2.67194207e+04  1.92078092e+06 
 1.30316678e+02 -9.99999896e-01  9.05195947e-06 -1.65671642e+00  7.28976205e-03  1.47379719e-01  3.03818149e-03  6.26655056e-01 -3.64853121e-03 -7.90446047e+04 -7.12978505e+06  7.21222745e+03  3.06040342e+06  2.68873478e+04  1.92717158e+06 
 1.30466797e+02 -9.99999896e-01  9.08810233e-06 -1.66060166e+00  7.33140428e-03  1.46596427e-01  3.04837836e-03  6.28031881e-01 -3.68835507e-03 -7.94048394e+04 -7.16371368e+06  7.25721025e+03  3.06213800e+06  2.70573129e+04  1.93362998e+06 
 1.30617089e+02 -9.99999895e-01  9.12444915e-06 -1.66451356e+00  7.37347056e-03  1.45809955e-01  3.05877057e-03  6.29426966e-01 -3.72860613e-03 -7.97687313e+04 -7.19784365e+06  7.30246704e+03  3.06390429e+06  2.72293488e+04  1.94015697e+06 
 1.30767554e+02 -9.99999895e-01  9.16100197e-06 -1.66845241e+00  7.41596675e-03  1.45020233e-01  3.06936099e-03  6.30840526e-01 -3.76929181e-03 -8.01363299e+04 -7.23217712e+06  7.34800178e+03  3.06570251e+06  2.74034888e+04  1.94675345e+06 
 1.30918192e+02 -9.99999894e-01  9.19776301e-06 -1.67241848e+00  7.45889884e-03  1.44227187e-01  3.08015254e-03  6.32272780e-01 -3.81041968e-03 -8.05076853e+04 -7.26671628e+06  7.39381850e+03  3.06753290e+06  2.75797668e+04  1.95342030e+06 
 1.31069004e+02 -9.99999894e-01  9.23473453e-06 -1.67641207e+00  7.50227292e-03  1.43430747e-01  3.09114820e-03  6.33723951e-01 -3.85199745e-03 -8.08828488e+04 -7.30146334e+06  7.43992126e+03  3.06939570e+06  2.77582177e+04  1.96015843e+06 
 1.31219990e+02 -9.99999894e-01  9.27191883e-06 -1.68043346e+00  7.54609519e-03  1.42630838e-01  3.10235102e-03  6.35194266e-01 -3.89403302e-03 -8.12618724e+04 -7.33642058e+06  7.48631419e+03  3.07129114e+06  2.79388768e+04  1.96696877e+06 
 1.31371149e+02 -9.99999893e-01  9.30931816e-06 -1.68448294e+00  7.59037195e-03  1.41827384e-01  3.11376412e-03  6.36683954e-01 -3.93653443e-03 -8.16448091e+04 -7.37159027e+06  7.53300147e+03  3.07321947e+06  2.81217802e+04  1.97385225e+06 
 1.31522483e+02 -9.99999893e-01  9.34693475e-06 -1.68856081e+00  7.63510965e-03  1.41020311e-01  3.12539067e-03  6.38193251e-01 -3.97950987e-03 -8.20317130e+04 -7.40697473e+06  7.57998736e+03  3.07518093e+06  2.83069647e+04  1.98080984e+06 
 1.31673991e+02 -9.99999893e-01  9.38477109e-06 -1.69266738e+00  7.68031482e-03  1.40209539e-01  3.13723394e-03  6.39722396e-01 -4.02296772e-03 -8.24226390e+04 -7.44257631e+06  7.62727615e+03  3.07717577e+06  2.84944681e+04  1.98784250e+06 
 1.31825674e+02 -9.99999892e-01  9.42282952e-06 -1.69680295e+00  7.72599413e-03  1.39394990e-01  3.14929723e-03  6.41271631e-01 -4.06691654e-03 -8.28176432e+04 -7.47839741e+06  7.67487222e+03  3.07920425e+06  2.86843288e+04  1.99495124e+06 
 1.31977531e+02 -9.99999892e-01  9.46111237e-06 -1.70096783e+00  7.77215439e-03  1.38576583e-01  3.16158396e-03  6.42841205e-01 -4.11136504e-03 -8.32167824e+04 -7.51444043e+06  7.72277999e+03  3.08126662e+06  2.88765858e+04  2.00213704e+06 
 1.32129563e+02 -9.99999891e-01  9.49962231e-06 -1.70516233e+00  7.81880250e-03  1.37754237e-01  3.17409758e-03  6.44431368e-01 -4.15632213e-03 -8.36201150e+04 -7.55070783e+06  7.77100397e+03  3.08336314e+06  2.90712792e+04  2.00940095e+06 
 1.32281771e+02 -9.99999891e-01  9.53836167e-06 -1.70938678e+00  7.86594551e-03  1.36927868e-01  3.18684164e-03  6.46042377e-01 -4.20179690e-03 -8.40276999e+04 -7.58720210e+06  7.81954870e+03  3.08549408e+06  2.92684499e+04  2.01674401e+06 
 1.32434154e+02 -9.99999891e-01  9.57733295e-06 -1.71364150e+00  7.91359061e-03  1.36097390e-01  3.19981976e-03  6.47674494e-01 -4.24779865e-03 -8.44395975e+04 -7.62392577e+06  7.86841882e+03  3.08765971e+06  2.94681395e+04  2.02416728e+06 
 1.32586712e+02 -9.99999890e-01  9.61653882e-06 -1.71792682e+00  7.96174511e-03  1.35262719e-01  3.21303565e-03  6.49327983e-01 -4.29433684e-03 -8.48558692e+04 -7.66088139e+06  7.91761902e+03  3.08986029e+06  2.96703907e+04  2.03167184e+06 
 1.32739446e+02 -9.99999890e-01  9.65598178e-06 -1.72224307e+00  8.01041646e-03  1.34423766e-01  3.22649310e-03  6.51003115e-01 -4.34142115e-03 -8.52765776e+04 -7.69807157e+06  7.96715407e+03  3.09209610e+06  2.98752469e+04  2.03925879e+06 
 1.32892356e+02 -9.99999889e-01  9.69566469e-06 -1.72659059e+00  8.05961226e-03  1.33580440e-01  3.24019597e-03  6.52700166e-01 -4.38906149e-03 -8.57017864e+04 -7.73549895e+06  8.01702880e+03  3.09436742e+06  3.00827526e+04  2.04692925e+06 
 1.33045442e+02 -9.99999889e-01  9.73558991e-06 -1.73096973e+00  8.10934026e-03  1.32732653e-01  3.25414822e-03  6.54419415e-01 -4.43726793e-03 -8.61315605e+04 -7.77316620e+06  8.06724812e+03  3.09667454e+06  3.02929530e+04  2.05468437e+06 
 1.33198704e+02 -9.99999888e-01  9.77576030e-06 -1.73538083e+00  8.15960833e-03  1.31880309e-01  3.26835390e-03  6.56161149e-01 -4.48605080e-03 -8.65659661e+04 -7.81107604e+06  8.11781700e+03  3.09901774e+06  3.05058945e+04  2.06252531e+06 
 1.33352143e+02 -9.99999888e-01  9.81617870e-06 -1.73982425e+00  8.21042453e-03  1.31023316e-01  3.28281714e-03  6.57925658e-01 -4.53542064e-03 -8.70050708e+04 -7.84923122e+06  8.16874051e+03  3.10139731e+06  3.07216244e+04  2.07045326e+06 
 1.33505759e+02 -9.99999888e-01  9.85684790e-06 -1.74430035e+00  8.26179705e-03  1.30161577e-01  3.29754217e-03  6.59713238e-01 -4.58538821e-03 -8.74489432e+04 -7.88763454e+06  8.22002378e+03  3.10381355e+06  3.09401911e+04  2.07846941e+06 
 1.33659552e+02 -9.99999887e-01  9.89777067e-06 -1.74880948e+00  8.31373424e-03  1.29294993e-01  3.31253331e-03  6.61524191e-01 -4.63596451e-03 -8.78976535e+04 -7.92628884e+06  8.27167201e+03  3.10626676e+06  3.11616439e+04  2.08657499e+06 
 1.33813522e+02 -9.99999887e-01  9.93894986e-06 -1.75335203e+00  8.36624463e-03  1.28423465e-01  3.32779500e-03  6.63358824e-01 -4.68716078e-03 -8.83512731e+04 -7.96519700e+06  8.32369050e+03  3.10875725e+06  3.13860334e+04  2.09477126e+06 
 1.33967669e+02 -9.99999886e-01  9.98038848e-06 -1.75792836e+00  8.41933690e-03  1.27546891e-01  3.34333175e-03  6.65217450e-01 -4.73898852e-03 -8.88098748e+04 -8.00436196e+06  8.37608462e+03  3.11128532e+06  3.16134109e+04  2.10305949e+06 
 1.34121994e+02 -9.99999886e-01  1.00220896e-05 -1.76253887e+00  8.47301990e-03  1.26665168e-01  3.35914819e-03  6.67100387e-01 -4.79145945e-03 -8.92735330e+04 -8.04378667e+06  8.42885982e+03  3.11385128e+06  3.18438294e+04  2.11144097e+06 
 1.34276496e+02 -9.99999885e-01  1.00640559e-05 -1.76718393e+00  8.52730268e-03  1.25778190e-01  3.37524905e-03  6.69007961e-01 -4.84458559e-03 -8.97423232e+04 -8.08347416e+06  8.48202165e+03  3.11645546e+06  3.20773426e+04  2.11991703e+06 
 1.34431177e+02 -9.99999885e-01  1.01062908e-05 -1.77186394e+00  8.58219444e-03  1.24885849e-01  3.39163919e-03  6.70940502e-01 -4.89837920e-03 -9.02163229e+04 -8.12342748e+06  8.53557574e+03  3.11909818e+06  3.23140056e+04  2.12848901e+06 
 1.34586035e+02 -9.99999884e-01  1.01487972e-05 -1.77657929e+00  8.63770457e-03  1.23988036e-01  3.40832355e-03  6.72898347e-01 -4.95285283e-03 -9.06956106e+04 -8.16364975e+06  8.58952779e+03  3.12177976e+06  3.25538746e+04  2.13715829e+06 
 1.34741073e+02 -9.99999884e-01  1.01915784e-05 -1.78133040e+00  8.69384267e-03  1.23084639e-01  3.42530720e-03  6.74881840e-01 -5.00801930e-03 -9.11802668e+04 -8.20414412e+06  8.64388361e+03  3.12450054e+06  3.27970072e+04  2.14592626e+06 
 1.34896288e+02 -9.99999883e-01  1.02346375e-05 -1.78611768e+00  8.75061850e-03  1.22175544e-01  3.44259533e-03  6.76891331e-01 -5.06389172e-03 -9.16703733e+04 -8.24491379e+06  8.69864910e+03  3.12726086e+06  3.30434623e+04  2.15479434e+06 
 1.35051683e+02 -9.99999883e-01  1.02779778e-05 -1.79094153e+00  8.80804204e-03  1.21260635e-01  3.46019325e-03  6.78927177e-01 -5.12048350e-03 -9.21660137e+04 -8.28596203e+06  8.75383025e+03  3.13006105e+06  3.32932999e+04  2.16376400e+06 
 1.35207256e+02 -9.99999882e-01  1.03216026e-05 -1.79580240e+00  8.86612346e-03  1.20339794e-01  3.47810640e-03  6.80989741e-01 -5.17780837e-03 -9.26672734e+04 -8.32729214e+06  8.80943316e+03  3.13290146e+06  3.35465816e+04  2.17283669e+06 
 1.35363009e+02 -9.99999882e-01  1.03655154e-05 -1.80070070e+00  8.92487316e-03  1.19412899e-01  3.49634033e-03  6.83079393e-01 -5.23588035e-03 -9.31742392e+04 -8.36890747e+06  8.86546400e+03  3.13578245e+06  3.38033704e+04  2.18201394e+06 
 1.35518941e+02 -9.99999881e-01  1.04097193e-05 -1.80563688e+00  8.98430172e-03  1.18479828e-01  3.51490074e-03  6.85196512e-01 -5.29471379e-03 -9.36869999e+04 -8.41081144e+06  8.92192906e+03  3.13870438e+06  3.40637305e+04  2.19129728e+06 
 1.35675053e+02 -9.99999881e-01  1.04542181e-05 -1.81061138e+00  9.04441995e-03  1.17540455e-01  3.53379346e-03  6.87341483e-01 -5.35432339e-03 -9.42056461e+04 -8.45300752e+06  8.97883473e+03  3.14166760e+06  3.43277277e+04  2.20068828e+06 
 1.35831345e+02 -9.99999880e-01  1.04990150e-05 -1.81562466e+00  9.10523891e-03  1.16594652e-01  3.55302446e-03  6.89514699e-01 -5.41472416e-03 -9.47302703e+04 -8.49549922e+06  9.03618750e+03  3.14467248e+06  3.45954295e+04  2.21018852e+06 
 1.35987816e+02 -9.99999880e-01  1.05441139e-05 -1.82067717e+00  9.16676985e-03  1.15642289e-01  3.57259984e-03  6.91716558e-01 -5.47593148e-03 -9.52609667e+04 -8.53829013e+06  9.09399398e+03  3.14771941e+06  3.48669048e+04  2.21979965e+06 
 1.36144468e+02 -9.99999879e-01  1.05895182e-05 -1.82576938e+00  9.22902427e-03  1.14683233e-01  3.59252587e-03  6.93947471e-01 -5.53796109e-03 -9.57978318e+04 -8.58138387e+06  9.15226086e+03  3.15080875e+06  3.51422239e+04  2.22952332e+06 
 1.36301301e+02 -9.99999879e-01  1.06352318e-05 -1.83090176e+00  9.29201393e-03  1.13717346e-01  3.61280895e-03  6.96207853e-01 -5.60082909e-03 -9.63409637e+04 -8.62478414e+06  9.21099498e+03  3.15394089e+06  3.54214592e+04  2.23936122e+06 
 1.36458314e+02 -9.99999878e-01  1.06812583e-05 -1.83607479e+00  9.35575080e-03  1.12744492e-01  3.63345564e-03  6.98498129e-01 -5.66455197e-03 -9.68904629e+04 -8.66849469e+06  9.27020326e+03  3.15711623e+06  3.57046844e+04  2.24931508e+06 
 1.36615508e+02 -9.99999878e-01  1.07276015e-05 -1.84128898e+00  9.42024713e-03  1.11764528e-01  3.65447267e-03  7.00818731e-01 -5.72914660e-03 -9.74464319e+04 -8.71251934e+06  9.32989276e+03  3.16033516e+06  3.59919751e+04  2.25938666e+06 
 1.36772883e+02 -9.99999877e-01  1.07742655e-05 -1.84654480e+00  9.48551544e-03  1.10777311e-01  3.67586693e-03  7.03170102e-01 -5.79463027e-03 -9.80089752e+04 -8.75686197e+06  9.39007065e+03  3.16359809e+06  3.62834087e+04  2.26957776e+06 
 1.36930439e+02 -9.99999876e-01  1.08212540e-05 -1.85184278e+00  9.55156848e-03  1.09782691e-01  3.69764546e-03  7.05552691e-01 -5.86102066e-03 -9.85781998e+04 -8.80152651e+06  9.45074421e+03  3.16690542e+06  3.65790644e+04  2.27989020e+06 
 1.37088177e+02 -9.99999876e-01  1.08685711e-05 -1.85718341e+00  9.61841930e-03  1.08780521e-01  3.71981551e-03  7.07966959e-01 -5.92833590e-03 -9.91542148e+04 -8.84651697e+06  9.51192086e+03  3.17025757e+06  3.68790234e+04  2.29032586e+06 
 1.37246096e+02 -9.99999875e-01  1.09162208e-05 -1.86256723e+00  9.68608124e-03  1.07770645e-01  3.74238447e-03  7.10413374e-01 -5.99659455e-03 -9.97371317e+04 -8.89183742e+06  9.57360814e+03  3.17365496e+06  3.71833686e+04  2.30088664e+06 
 1.37404198e+02 -9.99999875e-01  1.09642074e-05 -1.86799477e+00  9.75456790e-03  1.06752907e-01  3.76535994e-03  7.12892414e-01 -6.06581561e-03 -1.00327064e+05 -8.93749200e+06  9.63581372e+03  3.17709802e+06  3.74921851e+04  2.31157449e+06 
 1.37562481e+02 -9.99999874e-01  1.10125350e-05 -1.87346657e+00  9.82389321e-03  1.05727147e-01  3.78874970e-03  7.15404568e-01 -6.13601856e-03 -1.00924129e+05 -8.98348493e+06  9.69854542e+03  3.18058719e+06  3.78055600e+04  2.32239139e+06 
 1.37720947e+02 -9.99999873e-01  1.10612079e-05 -1.87898317e+00  9.89407137e-03  1.04693202e-01  3.81256172e-03  7.17950334e-01 -6.20722335e-03 -1.01528445e+05 -9.02982048e+06  9.76181116e+03  3.18412290e+06  3.81235827e+04  2.33333937e+06 
 1.37879595e+02 -9.99999873e-01  1.11102306e-05 -1.88454514e+00  9.96511691e-03  1.03650904e-01  3.83680419e-03  7.20530221e-01 -6.27945043e-03 -1.02140134e+05 -9.07650300e+06  9.82561902e+03  3.18770561e+06  3.84463445e+04  2.34442050e+06 
 1.38038426e+02 -9.99999872e-01  1.11596072e-05 -1.89015304e+00  1.00370447e-02  1.02600084e-01  3.86148548e-03  7.23144747e-01 -6.35272074e-03 -1.02759319e+05 -9.12353692e+06  9.88997723e+03  3.19133577e+06  3.87739391e+04  2.35563688e+06 
 1.38197441e+02 -9.99999872e-01  1.12093425e-05 -1.89580745e+00  1.01098699e-02  1.01540567e-01  3.88661420e-03  7.25794442e-01 -6.42705576e-03 -1.03386127e+05 -9.17092674e+06  9.95489415e+03  3.19501384e+06  3.91064624e+04  2.36699068e+06 
 1.38356638e+02 -9.99999871e-01  1.12594410e-05 -1.90150896e+00  1.01836080e-02  1.00472176e-01  3.91219915e-03  7.28479846e-01 -6.50247749e-03 -1.04020689e+05 -9.21867705e+06  1.00203783e+04  3.19874030e+06  3.94440129e+04  2.37848408e+06 
 1.38516019e+02 -9.99999870e-01  1.13099073e-05 -1.90725816e+00  1.02582749e-02  9.93947290e-02  3.93824938e-03  7.31201513e-01 -6.57900851e-03 -1.04663137e+05 -9.26679250e+06  1.00864383e+04  3.20251562e+06  3.97866913e+04  2.39011934e+06 
 1.38675583e+02 -9.99999870e-01  1.13607462e-05 -1.91305567e+00  1.03338869e-02  9.83080400e-02  3.96477415e-03  7.33960006e-01 -6.65667193e-03 -1.05313606e+05 -9.31527783e+06  1.01530831e+04  3.20634029e+06  4.01346010e+04  2.40189875e+06 
 1.38835331e+02 -9.99999869e-01  1.14119625e-05 -1.91890210e+00  1.04104605e-02  9.72119196e-02  3.99178299e-03  7.36755900e-01 -6.73549148e-03 -1.05972236e+05 -9.36413786e+06  1.02203215e+04  3.21021479e+06  4.04878480e+04  2.41382464e+06 
 1.38995263e+02 -9.99999868e-01  1.14635611e-05 -1.92479808e+00  1.04880126e-02  9.61061740e-02  4.01928564e-03  7.39589783e-01 -6.81549149e-03 -1.06639167e+05 -9.41337750e+06  1.02881627e+04  3.21413964e+06  4.08465409e+04  2.42589942e+06 
 1.39155379e+02 -9.99999868e-01  1.15155472e-05 -1.93074426e+00  1.05665608e-02  9.49906051e-02  4.04729212e-03  7.42462256e-01 -6.89669691e-03 -1.07314546e+05 -9.46300173e+06  1.03566161e+04  3.21811533e+06  4.12107910e+04  2.43812551e+06 
 1.39315680e+02 -9.99999867e-01  1.15679254e-05 -1.93674127e+00  1.06461226e-02  9.38650103e-02  4.07581271e-03  7.45373932e-01 -6.97913332e-03 -1.07998519e+05 -9.51301565e+06  1.04256911e+04  3.22214239e+06  4.15807126e+04  2.45050543e+06 
 1.39476166e+02 -9.99999866e-01  1.16207014e-05 -1.94278980e+00  1.07267163e-02  9.27291828e-02  4.10485794e-03  7.48325438e-01 -7.06282699e-03 -1.08691240e+05 -9.56342442e+06  1.04953974e+04  3.22622133e+06  4.19564229e+04  2.46304170e+06 
 1.39636836e+02 -9.99999866e-01  1.16738801e-05 -1.94889051e+00  1.08083604e-02  9.15829108e-02  4.13443865e-03  7.51317413e-01 -7.14780484e-03 -1.09392863e+05 -9.61423330e+06  1.05657447e+04  3.23035271e+06  4.23380420e+04  2.47573695e+06 
 1.39797692e+02 -9.99999865e-01  1.17274671e-05 -1.95504408e+00  1.08910741e-02  9.04259778e-02  4.16456595e-03  7.54350512e-01 -7.23409454e-03 -1.10103546e+05 -9.66544765e+06  1.06367432e+04  3.23453704e+06  4.27256934e+04  2.48859382e+06 
 1.39958732e+02 -9.99999864e-01  1.17814677e-05 -1.96125123e+00  1.09748767e-02  8.92581627e-02  4.19525123e-03  7.57425404e-01 -7.32172444e-03 -1.10823454e+05 -9.71707293e+06  1.07084030e+04  3.23877490e+06  4.31195034e+04  2.50161505e+06 
 1.40119958e+02 -9.99999863e-01  1.18358876e-05 -1.96751265e+00  1.10597882e-02  8.80792390e-02  4.22650621e-03  7.60542770e-01 -7.41072366e-03 -1.11552751e+05 -9.76911468e+06  1.07807344e+04  3.24306683e+06  4.35196019e+04  2.51480339e+06 
 1.40281370e+02 -9.99999863e-01  1.18907323e-05 -1.97382908e+00  1.11458291e-02  8.68889752e-02  4.25834292e-03  7.63703308e-01 -7.50112211e-03 -1.12291609e+05 -9.82157857e+06  1.08537482e+04  3.24741340e+06  4.39261223e+04  2.52816170e+06 
 1.40442968e+02 -9.99999862e-01  1.19460076e-05 -1.98020126e+00  1.12330201e-02  8.56871345e-02  4.29077371e-03  7.66907734e-01 -7.59295047e-03 -1.13040202e+05 -9.87447035e+06  1.09274550e+04  3.25181521e+06  4.43392012e+04  2.54169288e+06 
 1.40604752e+02 -9.99999861e-01  1.20017195e-05 -1.98662993e+00  1.13213827e-02  8.44734745e-02  4.32381128e-03  7.70156774e-01 -7.68624026e-03 -1.13798707e+05 -9.92779588e+06  1.10018658e+04  3.25627282e+06  4.47589791e+04  2.55539990e+06 
 1.40766723e+02 -9.99999860e-01  1.20578738e-05 -1.99311586e+00  1.14109389e-02  8.32477474e-02  4.35746864e-03  7.73451176e-01 -7.78102385e-03 -1.14567309e+05 -9.98156113e+06  1.10769919e+04  3.26078684e+06  4.51856002e+04  2.56928578e+06 
 1.40928880e+02 -9.99999860e-01  1.21144767e-05 -1.99965983e+00  1.15017110e-02  8.20096994e-02  4.39175921e-03  7.76791702e-01 -7.87733447e-03 -1.15346194e+05 -1.00357722e+07  1.11528447e+04  3.26535788e+06  4.56192125e+04  2.58335364e+06 
 1.41091224e+02 -9.99999859e-01  1.21715344e-05 -2.00626263e+00  1.15937220e-02  8.07590707e-02  4.42669673e-03  7.80179131e-01 -7.97520629e-03 -1.16135554e+05 -1.00904353e+07  1.12294358e+04  3.26998656e+06  4.60599680e+04  2.59760664e+06 
 1.41253754e+02 -9.99999858e-01  1.22290531e-05 -2.01292508e+00  1.16869955e-02  7.94955956e-02  4.46229535e-03  7.83614261e-01 -8.07467439e-03 -1.16935586e+05 -1.01455566e+07  1.13067771e+04  3.27467350e+06  4.65080230e+04  2.61204803e+06 
 1.41416473e+02 -9.99999857e-01  1.22870393e-05 -2.01964800e+00  1.17815557e-02  7.82190021e-02  4.49856960e-03  7.87097907e-01 -8.17577482e-03 -1.17746490e+05 -1.02011428e+07  1.13848807e+04  3.27941934e+06  4.69635379e+04  2.62668113e+06 
 1.41579378e+02 -9.99999856e-01  1.23454997e-05 -2.02643223e+00  1.18774272e-02  7.69290114e-02  4.53553444e-03  7.90630903e-01 -8.27854463e-03 -1.18568473e+05 -1.02572002e+07  1.14637588e+04  3.28422474e+06  4.74266775e+04  2.64150933e+06 
 1.41742471e+02 -9.99999856e-01  1.24044407e-05 -2.03327862e+00  1.19746355e-02  7.56253384e-02  4.57320523e-03  7.94214102e-01 -8.38302192e-03 -1.19401747e+05 -1.03137356e+07  1.15434242e+04  3.28909035e+06  4.78976112e+04  2.65653611e+06 
 1.41905752e+02 -9.99999855e-01  1.24638692e-05 -2.04018804e+00  1.20732065e-02  7.43076909e-02  4.61159776e-03  7.97848379e-01 -8.48924582e-03 -1.20246527e+05 -1.03707559e+07  1.16238895e+04  3.29401684e+06  4.83765132e+04  2.67176502e+06 
 1.42069221e+02 -9.99999854e-01  1.25237924e-05 -2.04716139e+00  1.21731668e-02  7.29757697e-02  4.65072828e-03  8.01534625e-01 -8.59725660e-03 -1.21103037e+05 -1.04282678e+07  1.17051680e+04  3.29900490e+06  4.88635623e+04  2.68719970e+06 
 1.42232879e+02 -9.99999853e-01  1.25842170e-05 -2.05419957e+00  1.22745439e-02  7.16292684e-02  4.69061350e-03  8.05273756e-01 -8.70709564e-03 -1.21971503e+05 -1.04862786e+07  1.17872729e+04  3.30405522e+06  4.93589425e+04  2.70284387e+06 
 1.42396725e+02 -9.99999852e-01  1.26451505e-05 -2.06130351e+00  1.23773656e-02  7.02678729e-02  4.73127061e-03  8.09066708e-01 -8.81880552e-03 -1.22852159e+05 -1.05447953e+07  1.18702179e+04  3.30916851e+06  4.98628430e+04  2.71870135e+06 
 1.42560759e+02 -9.99999851e-01  1.27066002e-05 -2.06847414e+00  1.24816607e-02  6.88912617e-02  4.77271731e-03  8.12914438e-01 -8.93243002e-03 -1.23745245e+05 -1.06038255e+07  1.19540168e+04  3.31434549e+06  5.03754582e+04  2.73477603e+06 
 1.42724983e+02 -9.99999850e-01  1.27685735e-05 -2.07571244e+00  1.25874588e-02  6.74991050e-02  4.81497179e-03  8.16817927e-01 -9.04801419e-03 -1.24651006e+05 -1.06633765e+07  1.20386838e+04  3.31958689e+06  5.08969883e+04  2.75107191e+06 
 1.42889396e+02 -9.99999849e-01  1.28310782e-05 -2.08301936e+00  1.26947901e-02  6.60910650e-02  4.85805278e-03  8.20778179e-01 -9.16560438e-03 -1.25569695e+05 -1.07234560e+07  1.21242335e+04  3.32489346e+06  5.14276390e+04  2.76759308e+06 
 1.43053998e+02 -9.99999848e-01  1.28941219e-05 -2.09039593e+00  1.28036855e-02  6.46667954e-02  4.90197956e-03  8.24796222e-01 -9.28524828e-03 -1.26501568e+05 -1.07840719e+07  1.22106805e+04  3.33026595e+06  5.19676221e+04  2.78434372e+06 
 1.43218790e+02 -9.99999848e-01  1.29577127e-05 -2.09784314e+00  1.29141770e-02  6.32259413e-02  4.94677199e-03  8.28873110e-01 -9.40699500e-03 -1.27446893e+05 -1.08452320e+07  1.22980399e+04  3.33570513e+06  5.25171553e+04  2.80132813e+06 
 1.43383772e+02 -9.99999847e-01  1.30218589e-05 -2.10536206e+00  1.30262973e-02  6.17681387e-02  4.99245050e-03  8.33009921e-01 -9.53089507e-03 -1.28405940e+05 -1.09069446e+07  1.23863271e+04  3.34121179e+06  5.30764628e+04  2.81855070e+06 
 1.43548943e+02 -9.99999846e-01  1.30865683e-05 -2.11295372e+00  1.31400798e-02  6.02930145e-02  5.03903614e-03  8.37207760e-01 -9.65700053e-03 -1.29378990e+05 -1.09692178e+07  1.24755579e+04  3.34678672e+06  5.36457755e+04  2.83601593e+06 
 1.43714305e+02 -9.99999845e-01  1.31518497e-05 -2.12061922e+00  1.32555592e-02  5.88001859e-02  5.08655058e-03  8.41467758e-01 -9.78536495e-03 -1.30366329e+05 -1.10320601e+07  1.25657482e+04  3.35243075e+06  5.42253309e+04  2.85372843e+06 
 1.43879858e+02 -9.99999844e-01  1.32177117e-05 -2.12835966e+00  1.33727707e-02  5.72892604e-02  5.13501615e-03  8.45791076e-01 -9.91604351e-03 -1.31368251e+05 -1.10954802e+07  1.26569145e+04  3.35814469e+06  5.48153736e+04  2.87169293e+06 
 1.44045601e+02 -9.99999843e-01  1.32841631e-05 -2.13617616e+00  1.34917507e-02  5.57598354e-02  5.18445587e-03  8.50178902e-01 -1.00490931e-02 -1.32385060e+05 -1.11594869e+07  1.27490735e+04  3.36392938e+06  5.54161555e+04  2.88991427e+06 
 1.44211535e+02 -9.99999842e-01  1.33512127e-05 -2.14406988e+00  1.36125365e-02  5.42114978e-02  5.23489343e-03  8.54632454e-01 -1.01845722e-02 -1.33417066e+05 -1.12240891e+07  1.28422422e+04  3.36978569e+06  5.60279361e+04  2.90839743e+06 
 1.44377660e+02 -9.99999841e-01  1.34188700e-05 -2.15204198e+00  1.37351666e-02  5.26438236e-02  5.28635328e-03  8.59152981e-01 -1.03225412e-02 -1.34464588e+05 -1.12892960e+07  1.29364382e+04  3.37571449e+06  5.66509825e+04  2.92714748e+06 
 1.44543977e+02 -9.99999839e-01  1.34871443e-05 -2.16009368e+00  1.38596804e-02  5.10563778e-02  5.33886059e-03  8.63741764e-01 -1.04630623e-02 -1.35527954e+05 -1.13551170e+07  1.30316792e+04  3.38171667e+06  5.72855702e+04  2.94616965e+06 
 1.44710485e+02 -9.99999838e-01  1.35560449e-05 -2.16822618e+00  1.39861183e-02  4.94487140e-02  5.39244134e-03  8.68400114e-01 -1.06061997e-02 -1.36607501e+05 -1.14215617e+07  1.31279836e+04  3.38779313e+06  5.79319830e+04  2.96546929e+06 
 1.44877185e+02 -9.99999837e-01  1.36255817e-05 -2.17644075e+00  1.41145220e-02  4.78203737e-02  5.44712229e-03  8.73129379e-01 -1.07520193e-02 -1.37703575e+05 -1.14886398e+07  1.32253698e+04  3.39394478e+06  5.85905134e+04  2.98505189e+06 
 1.45044077e+02 -9.99999836e-01  1.36957649e-05 -2.18473865e+00  1.42449343e-02  4.61708865e-02  5.50293107e-03  8.77930937e-01 -1.09005894e-02 -1.38816532e+05 -1.15563612e+07  1.33238571e+04  3.40017258e+06  5.92614627e+04  3.00492308e+06 
 1.45211162e+02 -9.99999835e-01  1.37666045e-05 -2.19312119e+00  1.43773993e-02  4.44997691e-02  5.55989616e-03  8.82806207e-01 -1.10519803e-02 -1.39946740e+05 -1.16247363e+07  1.34234647e+04  3.40647748e+06  5.99451420e+04  3.02508862e+06 
 1.45378439e+02 -9.99999834e-01  1.38381109e-05 -2.20158970e+00  1.45119623e-02  4.28065253e-02  5.61804695e-03  8.87756639e-01 -1.12062644e-02 -1.41094573e+05 -1.16937754e+07  1.35242127e+04  3.41286045e+06  6.06418718e+04  3.04555446e+06 
 1.45545908e+02 -9.99999833e-01  1.39102948e-05 -2.21014554e+00  1.46486698e-02  4.10906454e-02  5.67741376e-03  8.92783726e-01 -1.13635166e-02 -1.42260419e+05 -1.17634892e+07  1.36261214e+04  3.41932248e+06  6.13519828e+04  3.06632667e+06 
 1.45713570e+02 -9.99999832e-01  1.39831672e-05 -2.21879010e+00  1.47875698e-02  3.93516056e-02  5.73802788e-03  8.97888997e-01 -1.15238141e-02 -1.43444677e+05 -1.18338884e+07  1.37292116e+04  3.42586459e+06  6.20758160e+04  3.08741149e+06 
 1.45881426e+02 -9.99999830e-01  1.40567389e-05 -2.22752480e+00  1.49287116e-02  3.75888680e-02  5.79992163e-03  9.03074021e-01 -1.16872365e-02 -1.44647756e+05 -1.19049843e+07  1.38335045e+04  3.43248780e+06  6.28137235e+04  3.10881532e+06 
 1.46049475e+02 -9.99999829e-01  1.41310217e-05 -2.23635110e+00  1.50721459e-02  3.58018798e-02  5.86312836e-03  9.08340411e-01 -1.18538661e-02 -1.45870078e+05 -1.19767883e+07  1.39390220e+04  3.43919317e+06  6.35660685e+04  3.13054475e+06 
 1.46217717e+02 -9.99999828e-01  1.42060268e-05 -2.24527047e+00  1.52179251e-02  3.39900726e-02  5.92768251e-03  9.13689822e-01 -1.20237879e-02 -1.47112078e+05 -1.20493118e+07  1.40457863e+04  3.44598176e+06  6.43332258e+04  3.15260652e+06 
 1.46386154e+02 -9.99999827e-01  1.42817662e-05 -2.25428444e+00  1.53661030e-02  3.21528623e-02  5.99361967e-03  9.19123953e-01 -1.21970894e-02 -1.48374202e+05 -1.21225669e+07  1.41538203e+04  3.45285467e+06  6.51155826e+04  3.17500758e+06 
 1.46554784e+02 -9.99999825e-01  1.43582523e-05 -2.26339456e+00  1.55167348e-02  3.02896485e-02  6.06097658e-03  9.24644548e-01 -1.23738614e-02 -1.49656911e+05 -1.21965656e+07  1.42631472e+04  3.45981300e+06  6.59135385e+04  3.19775504e+06 
 1.46723609e+02 -9.99999824e-01  1.44354972e-05 -2.27260240e+00  1.56698779e-02  2.83998136e-02  6.12979122e-03  9.30253400e-01 -1.25541974e-02 -1.50960678e+05 -1.22713203e+07  1.43737909e+04  3.46685789e+06  6.67275065e+04  3.22085622e+06 
 1.46892628e+02 -9.99999823e-01  1.45135137e-05 -2.28190961e+00  1.58255909e-02  2.64827224e-02  6.20010283e-03  9.35952351e-01 -1.27381941e-02 -1.52285992e+05 -1.23468439e+07  1.44857758e+04  3.47399049e+06  6.75579128e+04  3.24431864e+06 
 1.47061842e+02 -9.99999821e-01  1.45923150e-05 -2.29131783e+00  1.59839344e-02  2.45377218e-02  6.27195198e-03  9.41743293e-01 -1.29259515e-02 -1.53633356e+05 -1.24231492e+07  1.45991271e+04  3.48121198e+06  6.84051982e+04  3.26815003e+06 
 1.47231250e+02 -9.99999820e-01  1.46719142e-05 -2.30082877e+00  1.61449709e-02  2.25641397e-02  6.34538060e-03  9.47628171e-01 -1.31175729e-02 -1.55003288e+05 -1.25002497e+07  1.47138703e+04  3.48852357e+06  6.92698180e+04  3.29235833e+06 
 1.47400854e+02 -9.99999819e-01  1.47523250e-05 -2.31044416e+00  1.63087649e-02  2.05612844e-02  6.42043208e-03  9.53608982e-01 -1.33131651e-02 -1.56396323e+05 -1.25781588e+07  1.48300316e+04  3.49592648e+06  7.01522428e+04  3.31695169e+06 
 1.47570653e+02 -9.99999817e-01  1.48335613e-05 -2.32016579e+00  1.64753826e-02  1.85284444e-02  6.49715126e-03  9.59687782e-01 -1.35128387e-02 -1.57813012e+05 -1.26568906e+07  1.49476379e+04  3.50342195e+06  7.10529594e+04  3.34193852e+06 
 1.47740648e+02 -9.99999816e-01  1.49156375e-05 -2.32999546e+00  1.66448925e-02  1.64648869e-02  6.57558455e-03  9.65866683e-01 -1.37167079e-02 -1.59253923e+05 -1.27364593e+07  1.50667168e+04  3.51101126e+06  7.19724709e+04  3.36732745e+06 
 1.47910839e+02 -9.99999814e-01  1.49985681e-05 -2.33993506e+00  1.68173654e-02  1.43698580e-02  6.65577997e-03  9.72147857e-01 -1.39248909e-02 -1.60719641e+05 -1.28168796e+07  1.51872966e+04  3.51869572e+06  7.29112979e+04  3.39312734e+06 
 1.48081226e+02 -9.99999813e-01  1.50823680e-05 -2.34998649e+00  1.69928740e-02  1.22425809e-02  6.73778723e-03  9.78533539e-01 -1.41375102e-02 -1.62210772e+05 -1.28981664e+07  1.53094060e+04  3.52647664e+06  7.38699787e+04  3.41934732e+06 
 1.48251809e+02 -9.99999811e-01  1.51670528e-05 -2.36015169e+00  1.71714935e-02  1.00822560e-02  6.82165776e-03  9.85026028e-01 -1.43546925e-02 -1.63727939e+05 -1.29803350e+07  1.54330747e+04  3.53435538e+06  7.48490708e+04  3.44599681e+06 
 1.48422588e+02 -9.99999810e-01  1.52526378e-05 -2.37043268e+00  1.73533016e-02  7.88805930e-03  6.90744484e-03  9.91627689e-01 -1.45765689e-02 -1.65271786e+05 -1.30634011e+07  1.55583333e+04  3.54233333e+06  7.58491507e+04  3.47308545e+06 
 1.48593564e+02 -9.99999808e-01  1.53391394e-05 -2.38083151e+00  1.75383785e-02  5.65914217e-03  6.99520364e-03  9.98340956e-01 -1.48032752e-02 -1.66842977e+05 -1.31473808e+07  1.56852127e+04  3.55041189e+06  7.68708156e+04  3.50062320e+06 
 1.48764737e+02 -9.99999807e-01  1.54265741e-05 -2.39135027e+00  1.77268069e-02  3.39462999e-03  7.08499132e-03  1.00516833e+00 -1.50349521e-02 -1.68442199e+05 -1.32322906e+07  1.58137449e+04  3.55859250e+06  7.79146838e+04  3.52862030e+06 
 1.48936108e+02 -9.99999805e-01  1.55149586e-05 -2.40199112e+00  1.79186723e-02  1.09362139e-03  7.17686708e-03  1.01211240e+00 -1.52717454e-02 -1.70070160e+05 -1.33181474e+07  1.59439629e+04  3.56687663e+06  7.89813956e+04  3.55708730e+06 
 1.49107676e+02 -9.99999803e-01  1.56043103e-05 -2.41275627e+00  1.81140630e-02 -1.24481284e-03  7.27089232e-03  1.01917582e+00 -1.55138061e-02 -1.71727594e+05 -1.34049685e+07  1.60759000e+04  3.57526578e+06  8.00716145e+04  3.58603506e+06 
 1.49279441e+02 -9.99999802e-01  1.56946470e-05 -2.42364798e+00  1.83130704e-02 -3.62163071e-03  7.36713064e-03  1.02636131e+00 -1.57612908e-02 -1.73415256e+05 -1.34927717e+07  1.62095909e+04  3.58376148e+06  8.11860279e+04  3.61547476e+06 
 1.49451404e+02 -9.99999800e-01  1.57859870e-05 -2.43466858e+00  1.85157888e-02 -6.03782021e-03  7.46564802e-03  1.03367171e+00 -1.60143619e-02 -1.75133928e+05 -1.35815751e+07  1.63450711e+04  3.59236530e+06  8.23253483e+04  3.64541793e+06 
 1.49623566e+02 -9.99999798e-01  1.58783487e-05 -2.44582043e+00  1.87223158e-02 -8.49440036e-03  7.56651289e-03  1.04110991e+00 -1.62731877e-02 -1.76884419e+05 -1.36713975e+07  1.64823767e+04  3.60107883e+06  8.34903146e+04  3.67587644e+06 
 1.49795925e+02 -9.99999796e-01  1.59717515e-05 -2.45710599e+00  1.89327523e-02 -1.09924225e-02  7.66979621e-03  1.04867890e+00 -1.65379429e-02 -1.78667566e+05 -1.37622580e+07  1.66215452e+04  3.60990371e+06  8.46816929e+04  3.70686254e+06 
 1.49968484e+02 -9.99999794e-01  1.60662150e-05 -2.46852775e+00  1.91472028e-02 -1.35329714e-02  7.77557164e-03  1.05638176e+00 -1.68088087e-02 -1.80484232e+05 -1.38541763e+07  1.67626148e+04  3.61884160e+06  8.59002777e+04  3.73838883e+06 
 1.50141241e+02 -9.99999793e-01  1.61617594e-05 -2.48008828e+00  1.93657752e-02 -1.61171666e-02  7.88391564e-03  1.06422169e+00 -1.70859733e-02 -1.82335313e+05 -1.39471726e+07  1.69056250e+04  3.62789421e+06  8.71468936e+04  3.77046832e+06 
 1.50314197e+02 -9.99999791e-01  1.62584055e-05 -2.49179023e+00  1.95885814e-02 -1.87461641e-02  7.99490757e-03  1.07220194e+00 -1.73696318e-02 -1.84221735e+05 -1.40412675e+07  1.70506162e+04  3.63706327e+06  8.84223963e+04  3.80311443e+06 
 1.50487352e+02 -9.99999789e-01  1.63561742e-05 -2.50363629e+00  1.98157371e-02 -2.14211572e-02  8.10862986e-03  1.08032591e+00 -1.76599871e-02 -1.86144456e+05 -1.41364823e+07  1.71976299e+04  3.64635058e+06  8.97276741e+04  3.83634101e+06 
 1.50660707e+02 -9.99999787e-01  1.64550879e-05 -2.51562925e+00  2.00473623e-02 -2.41433783e-02  8.22516812e-03  1.08859708e+00 -1.79572497e-02 -1.88104469e+05 -1.42328389e+07  1.73467089e+04  3.65575793e+06  9.10636494e+04  3.87016231e+06 
 1.50834261e+02 -9.99999785e-01  1.65551686e-05 -2.52777196e+00  2.02835812e-02 -2.69141006e-02  8.34461132e-03  1.09701905e+00 -1.82616386e-02 -1.90102802e+05 -1.43303596e+07  1.74978970e+04  3.66528720e+06  9.24312802e+04  3.90459308e+06 
 1.51008015e+02 -9.99999783e-01  1.66564394e-05 -2.54006735e+00  2.05245223e-02 -2.97346394e-02  8.46705191e-03  1.10559553e+00 -1.85733813e-02 -1.92140520e+05 -1.44290676e+07  1.76512395e+04  3.67494029e+06  9.38315619e+04  3.93964853e+06 
 1.51181970e+02 -9.99999781e-01  1.67589241e-05 -2.55251843e+00  2.07703193e-02 -3.26063541e-02  8.59258603e-03  1.11433035e+00 -1.88927140e-02 -1.94218728e+05 -1.45289864e+07  1.78067827e+04  3.68471913e+06  9.52655290e+04  3.97534435e+06 
 1.51356125e+02 -9.99999779e-01  1.68626469e-05 -2.56512829e+00  2.10211102e-02 -3.55306500e-02  8.72131363e-03  1.12322748e+00 -1.92198828e-02 -1.96338569e+05 -1.46301405e+07  1.79645743e+04  3.69462573e+06  9.67342568e+04  4.01169675e+06 
 1.51530480e+02 -9.99999776e-01  1.69676329e-05 -2.57790012e+00  2.12770386e-02 -3.85089797e-02  8.85333870e-03  1.13229100e+00 -1.95551434e-02 -1.98501231e+05 -1.47325548e+07  1.81246637e+04  3.70466210e+06  9.82388636e+04  4.04872248e+06 
 1.51705037e+02 -9.99999774e-01  1.70739079e-05 -2.59083719e+00  2.15382534e-02 -4.15428459e-02  8.98876943e-03  1.14152514e+00 -1.98987619e-02 -2.00707944e+05 -1.48362550e+07  1.82871012e+04  3.71483034e+06  9.97805125e+04  4.08643884e+06 
 1.51879794e+02 -9.99999772e-01  1.71814982e-05 -2.60394285e+00  2.18049088e-02 -4.46338026e-02  9.12771844e-03  1.15093425e+00 -2.02510153e-02 -2.02959986e+05 -1.49412676e+07  1.84519391e+04  3.72513257e+06  1.01360414e+05  4.12486370e+06 
 1.52054753e+02 -9.99999770e-01  1.72904309e-05 -2.61722056e+00  2.20771652e-02 -4.77834578e-02  9.27030298e-03  1.16052285e+00 -2.06121921e-02 -2.05258682e+05 -1.50476198e+07  1.86192309e+04  3.73557098e+06  1.02979827e+05  4.16401555e+06 
 1.52229913e+02 -9.99999767e-01  1.74007342e-05 -2.63067388e+00  2.23551890e-02 -5.09934758e-02  9.41664515e-03  1.17029559e+00 -2.09825925e-02 -2.07605409e+05 -1.51553395e+07  1.87890319e+04  3.74614778e+06  1.04640063e+05  4.20391350e+06 
 1.52405275e+02 -9.99999765e-01  1.75124370e-05 -2.64430646e+00  2.26391532e-02 -5.42655792e-02  9.56687217e-03  1.18025731e+00 -2.13625296e-02 -2.10001596e+05 -1.52644556e+07  1.89613990e+04  3.75686528e+06  1.06342489e+05  4.24457729e+06 
 1.52580839e+02 -9.99999763e-01  1.76255685e-05 -2.65812208e+00  2.29292374e-02 -5.76015518e-02  9.72111663e-03  1.19041297e+00 -2.17523293e-02 -2.12448728e+05 -1.53749977e+07  1.91363908e+04  3.76772579e+06  1.08088526e+05  4.28602737e+06 
 1.52756606e+02 -9.99999760e-01  1.77401597e-05 -2.67212461e+00  2.32256283e-02 -6.10032412e-02  9.87951672e-03  1.20076774e+00 -2.21523316e-02 -2.14948350e+05 -1.54869963e+07  1.93140678e+04  3.77873173e+06  1.09879658e+05  4.32828488e+06 
 1.52932575e+02 -9.99999757e-01  1.78562419e-05 -2.68631804e+00  2.35285200e-02 -6.44725612e-02  1.00422166e-02  1.21132697e+00 -2.25628910e-02 -2.17502065e+05 -1.56004829e+07  1.94944924e+04  3.78988554e+06  1.11717430e+05  4.37137172e+06 
 1.53108746e+02 -9.99999755e-01  1.79738474e-05 -2.70070648e+00  2.38381147e-02 -6.80114951e-02  1.02093665e-02  1.22209616e+00 -2.29843773e-02 -2.20111543e+05 -1.57154899e+07  1.96777287e+04  3.80118974e+06  1.13603455e+05  4.41531053e+06 
 1.53285121e+02 -9.99999752e-01  1.80930097e-05 -2.71529417e+00  2.41546223e-02 -7.16220988e-02  1.03811234e-02  1.23308104e+00 -2.34171764e-02 -2.22778520e+05 -1.58320506e+07  1.98638432e+04  3.81264690e+06  1.15539413e+05  4.46012478e+06 
 1.53461698e+02 -9.99999749e-01  1.82137629e-05 -2.73008548e+00  2.44782615e-02 -7.53065038e-02  1.05576510e-02  1.24428754e+00 -2.38616912e-02 -2.25504802e+05 -1.59501994e+07  2.00529044e+04  3.82425965e+06  1.17527059e+05  4.50583876e+06 
 1.53638479e+02 -9.99999747e-01  1.83361429e-05 -2.74508490e+00  2.48092602e-02 -7.90669206e-02  1.07391204e-02  1.25572179e+00 -2.43183422e-02 -2.28292271e+05 -1.60699719e+07  2.02449829e+04  3.83603071e+06  1.19568225e+05  4.55247767e+06 
 1.53815464e+02 -9.99999744e-01  1.84601862e-05 -2.76029707e+00  2.51478555e-02 -8.29056426e-02  1.09257102e-02  1.26739014e+00 -2.47875689e-02 -2.31142886e+05 -1.61914045e+07  2.04401517e+04  3.84796285e+06  1.21664823e+05  4.60006760e+06 
 1.53992653e+02 -9.99999741e-01  1.85859302e-05 -2.77572678e+00  2.54942947e-02 -8.68250495e-02  1.11176070e-02  1.27929920e+00 -2.52698306e-02 -2.34058689e+05 -1.63145350e+07  2.06384863e+04  3.86005891e+06  1.23818852e+05  4.64863559e+06 
 1.54170045e+02 -9.99999738e-01  1.87134141e-05 -2.79137896e+00  2.58488353e-02 -9.08276116e-02  1.13150059e-02  1.29145580e+00 -2.57656072e-02 -2.37041807e+05 -1.64394024e+07  2.08400645e+04  3.87232180e+06  1.26032400e+05  4.69820970e+06 
 1.54347642e+02 -9.99999735e-01  1.88426779e-05 -2.80725871e+00  2.62117461e-02 -9.49158936e-02  1.15181111e-02  1.30386702e+00 -2.62754009e-02 -2.40094458e+05 -1.65660468e+07  2.10449669e+04  3.88475453e+06  1.28307651e+05  4.74881904e+06 
 1.54525444e+02 -9.99999732e-01  1.89737634e-05 -2.82337128e+00  2.65833074e-02 -9.90925597e-02  1.17271361e-02  1.31654022e+00 -2.67997369e-02 -2.43218956e+05 -1.66945097e+07  2.12532769e+04  3.89736015e+06  1.30646886e+05  4.80049380e+06 
 1.54703450e+02 -9.99999729e-01  1.91067132e-05 -2.83972211e+00  2.69638118e-02 -1.03360378e-01  1.19423042e-02  1.32948304e+00 -2.73391649e-02 -2.46417716e+05 -1.68248339e+07  2.14650806e+04  3.91014183e+06  1.33052495e+05  4.85326532e+06 
 1.54881662e+02 -9.99999725e-01  1.92415717e-05 -2.85631680e+00  2.73535647e-02 -1.07722224e-01  1.21638493e-02  1.34270339e+00 -2.78942606e-02 -2.49693259e+05 -1.69570637e+07  2.16804673e+04  3.92310279e+06  1.35526978e+05  4.90716614e+06 
 1.55060079e+02 -9.99999722e-01  1.93783845e-05 -2.87316114e+00  2.77528852e-02 -1.12181089e-01  1.23920166e-02  1.35620951e+00 -2.84656268e-02 -2.53048217e+05 -1.70912449e+07  2.18995292e+04  3.93624635e+06  1.38072953e+05  4.96223007e+06 
 1.55238701e+02 -9.99999718e-01  1.95171991e-05 -2.89026113e+00  2.81621068e-02 -1.16740082e-01  1.26270626e-02  1.37000994e+00 -2.90538953e-02 -2.56485342e+05 -1.72274248e+07  2.21223620e+04  3.94957593e+06  1.40693163e+05  5.01849222e+06 
 1.55417529e+02 -9.99999715e-01  1.96580642e-05 -2.90762295e+00  2.85815779e-02 -1.21402440e-01  1.28692566e-02  1.38411357e+00 -2.96597285e-02 -2.60007508e+05 -1.73656521e+07  2.23490647e+04  3.96309503e+06  1.43390481e+05  5.07598907e+06 
 1.55596563e+02 -9.99999711e-01  1.98010302e-05 -2.92525300e+00  2.90116631e-02 -1.26171528e-01  1.31188807e-02  1.39852963e+00 -3.02838210e-02 -2.63617722e+05 -1.75059776e+07  2.25797401e+04  3.97680725e+06  1.46167919e+05  5.13475859e+06 
 1.55775803e+02 -9.99999708e-01  1.99461500e-05 -2.94315792e+00  2.94527439e-02 -1.31050852e-01  1.33762310e-02  1.41326772e+00 -3.09269016e-02 -2.67319130e+05 -1.76484535e+07  2.28144947e+04  3.99071629e+06  1.49028640e+05  5.19484023e+06 
 1.55955250e+02 -9.99999704e-01  2.00934774e-05 -2.96134454e+00  2.99052196e-02 -1.36044062e-01  1.36416184e-02  1.42833783e+00 -3.15897354e-02 -2.71115025e+05 -1.77931340e+07  2.30534389e+04  4.00482594e+06  1.51975957e+05  5.25627504e+06 
 1.56134904e+02 -9.99999700e-01  2.02430684e-05 -2.97981998e+00  3.03695085e-02 -1.41154959e-01  1.39153692e-02  1.44375036e+00 -3.22731258e-02 -2.75008855e+05 -1.79400753e+07  2.32966875e+04  4.01914012e+06  1.55013354e+05  5.31910575e+06 
 1.56314764e+02 -9.99999696e-01  2.03949816e-05 -2.99859157e+00  3.08460489e-02 -1.46387506e-01  1.41978262e-02  1.45951613e+00 -3.29779171e-02 -2.79004232e+05 -1.80893354e+07  2.35443594e+04  4.03366286e+06  1.58144485e+05  5.38337686e+06 
 1.56494832e+02 -9.99999692e-01  2.05492767e-05 -3.01766693e+00  3.13353000e-02 -1.51745835e-01  1.44893498e-02  1.47564641e+00 -3.37049966e-02 -2.83104943e+05 -1.82409745e+07  2.37965783e+04  4.04839828e+06  1.61373194e+05  5.44913469e+06 
 1.56675107e+02 -9.99999688e-01  2.07060164e-05 -3.03705396e+00  3.18377440e-02 -1.57234252e-01  1.47903191e-02  1.49215293e+00 -3.44552975e-02 -2.87314960e+05 -1.83950551e+07  2.40534728e+04  4.06335064e+06  1.64703520e+05  5.51642753e+06 
 1.56855590e+02 -9.99999683e-01  2.08652651e-05 -3.05676082e+00  3.23538864e-02 -1.62857253e-01  1.51011326e-02  1.50904794e+00 -3.52298017e-02 -2.91638449e+05 -1.85516419e+07  2.43151765e+04  4.07852433e+06  1.68139710e+05  5.58530570e+06 
 1.57036280e+02 -9.99999679e-01  2.10270905e-05 -3.07679602e+00  3.28842583e-02 -1.68619529e-01  1.54222101e-02  1.52634419e+00 -3.60295431e-02 -2.96079784e+05 -1.87108020e+07  2.45818285e+04  4.09392386e+06  1.71686236e+05  5.65582167e+06 
 1.57217179e+02 -9.99999674e-01  2.11915619e-05 -3.09716835e+00  3.34294175e-02 -1.74525977e-01  1.57539935e-02  1.54405498e+00 -3.68556102e-02 -3.00643561e+05 -1.88726052e+07  2.48535736e+04  4.10955387e+06  1.75347804e+05  5.72803017e+06 
 1.57398286e+02 -9.99999670e-01  2.13587520e-05 -3.11788695e+00  3.39899502e-02 -1.80581715e-01  1.60969484e-02  1.56219420e+00 -3.77091504e-02 -3.05334608e+05 -1.90371239e+07  2.51305623e+04  4.12541916e+06  1.79129373e+05  5.80198834e+06 
 1.57579602e+02 -9.99999665e-01  2.15287356e-05 -3.13896131e+00  3.45664732e-02 -1.86792088e-01  1.64515660e-02  1.58077635e+00 -3.85913733e-02 -3.10158003e+05 -1.92044331e+07  2.54129520e+04  4.14152465e+06  1.83036169e+05  5.87775581e+06 
 1.57761127e+02 -9.99999660e-01  2.17015910e-05 -3.16040130e+00  3.51596351e-02 -1.93162686e-01  1.68183638e-02  1.59981656e+00 -3.95035552e-02 -3.15119088e+05 -1.93746110e+07  2.57009062e+04  4.15787544e+06  1.87073704e+05  5.95539488e+06 
 1.57942861e+02 -9.99999655e-01  2.18773994e-05 -3.18221716e+00  3.57701192e-02 -1.99699355e-01  1.71978886e-02  1.61933064e+00 -4.04470429e-02 -3.20223486e+05 -1.95477389e+07  2.59945959e+04  4.17447676e+06  1.91247792e+05  6.03497065e+06 
 1.58124804e+02 -9.99999649e-01  2.20562454e-05 -3.20441955e+00  3.63986452e-02 -2.06408212e-01  1.75907173e-02  1.63933513e+00 -4.14232590e-02 -3.25477121e+05 -1.97239011e+07  2.62941993e+04  4.19133403e+06  1.95564571e+05  6.11655115e+06 
 1.58306957e+02 -9.99999644e-01  2.22382166e-05 -3.22701956e+00  3.70459715e-02 -2.13295660e-01  1.79974598e-02  1.65984731e+00 -4.24337068e-02 -3.30886236e+05 -1.99031856e+07  2.65999029e+04  4.20845283e+06  2.00030527e+05  6.20020757e+06 
 1.58489319e+02 -9.99999638e-01  2.24234045e-05 -3.25002871e+00  3.77128985e-02 -2.20368406e-01  1.84187606e-02  1.68088528e+00 -4.34799758e-02 -3.36457416e+05 -2.00856839e+07  2.69119013e+04  4.22583893e+06  2.04652514e+05  6.28601437e+06 
 1.58671892e+02 -9.99999633e-01  2.26119049e-05 -3.27345904e+00  3.84002707e-02 -2.27633475e-01  1.88553016e-02  1.70246796e+00 -4.45637474e-02 -3.42197609e+05 -2.02714912e+07  2.72303980e+04  4.24349827e+06  2.09437780e+05  6.37404953e+06 
 1.58854675e+02 -9.99999627e-01  2.28038166e-05 -3.29732305e+00  3.91089800e-02 -2.35098234e-01  1.93078046e-02  1.72461517e+00 -4.56868020e-02 -3.48114151e+05 -2.04607069e+07  2.75556064e+04  4.26143701e+06  2.14393997e+05  6.46439469e+06 
 1.59037668e+02 -9.99999621e-01  2.29992434e-05 -3.32163379e+00  3.98399689e-02 -2.42770410e-01  1.97770340e-02  1.74734771e+00 -4.68510253e-02 -3.54214796e+05 -2.06534345e+07  2.78877494e+04  4.27966151e+06  2.19529286e+05  6.55713544e+06 
 1.59220873e+02 -9.99999614e-01  2.31982930e-05 -3.34640488e+00  4.05942344e-02 -2.50658108e-01  2.02637999e-02  1.77068733e+00 -4.80584163e-02 -3.60507739e+05 -2.08497820e+07  2.82270611e+04  4.29817833e+06  2.24852255e+05  6.65236149e+06 
 1.59404288e+02 -9.99999608e-01  2.34010785e-05 -3.37165049e+00  4.13728314e-02 -2.58769842e-01  2.07689615e-02  1.79465689e+00 -4.93110953e-02 -3.67001656e+05 -2.10498620e+07  2.85737868e+04  4.31699427e+06  2.30372028e+05  6.75016694e+06 
 1.59587915e+02 -9.99999601e-01  2.36077174e-05 -3.39738546e+00  4.21768768e-02 -2.67114551e-01  2.12934305e-02  1.81928036e+00 -5.06113125e-02 -3.73705728e+05 -2.12537924e+07  2.89281841e+04  4.33611636e+06  2.36098289e+05  6.85065058e+06 
 1.59771753e+02 -9.99999594e-01  2.38183326e-05 -3.42362527e+00  4.30075548e-02 -2.75701633e-01  2.18381752e-02  1.84458291e+00 -5.19614584e-02 -3.80629687e+05 -2.14616960e+07  2.92905234e+04  4.35555188e+06  2.42041317e+05  6.95391613e+06 
 1.59955803e+02 -9.99999587e-01  2.40330526e-05 -3.45038609e+00  4.38661208e-02 -2.84540970e-01  2.24042245e-02  1.87059097e+00 -5.33640735e-02 -3.87783852e+05 -2.16737014e+07  2.96610892e+04  4.37530837e+06  2.48212034e+05  7.06007258e+06 
 1.60140065e+02 -9.99999580e-01  2.42520122e-05 -3.47768485e+00  4.47539074e-02 -2.93642960e-01  2.29926725e-02  1.89733235e+00 -5.48218601e-02 -3.95179171e+05 -2.18899431e+07  3.00401806e+04  4.39539364e+06  2.54622052e+05  7.16923450e+06 
 1.60324539e+02 -9.99999572e-01  2.44753519e-05 -3.50553925e+00  4.56723302e-02 -3.03018550e-01  2.36046837e-02  1.92483629e+00 -5.63376948e-02 -4.02827273e+05 -2.21105618e+07  3.04281129e+04  4.41581578e+06  2.61283730e+05  7.28152242e+06 
 1.60509226e+02 -9.99999564e-01  2.47032191e-05 -3.53396782e+00  4.66228937e-02 -3.12679270e-01  2.42414984e-02  1.95313354e+00 -5.79146418e-02 -4.10740517e+05 -2.23357049e+07  3.08252182e+04  4.43658321e+06  2.68210224e+05  7.39706320e+06 
 1.60694125e+02 -9.99999556e-01  2.49357684e-05 -3.56298999e+00  4.76071987e-02 -3.22637277e-01  2.49044383e-02  1.98225652e+00 -5.95559679e-02 -4.18932049e+05 -2.25655269e+07  3.12318470e+04  4.45770462e+06  2.75415556e+05  7.51599046e+06 
 1.60879238e+02 -9.99999548e-01  2.51731615e-05 -3.59262611e+00  4.86269498e-02 -3.32905390e-01  2.55949136e-02  2.01223937e+00 -6.12651585e-02 -4.27415865e+05 -2.28001897e+07  3.16483692e+04  4.47918908e+06  2.82914683e+05  7.63844501e+06 
 1.61064564e+02 -9.99999539e-01  2.54155688e-05 -3.62289755e+00  4.96839633e-02 -3.43497140e-01  2.63144296e-02  2.04311808e+00 -6.30459356e-02 -4.36206876e+05 -2.30398632e+07  3.20751761e+04  4.50104597e+06  2.90723565e+05  7.76457534e+06 
 1.61250103e+02 -9.99999530e-01  2.56631679e-05 -3.65382671e+00  5.07801766e-02 -3.54426817e-01  2.70645946e-02  2.07493066e+00 -6.49022768e-02 -4.45320986e+05 -2.32847260e+07  3.25126814e+04  4.52328506e+06  2.98859258e+05  7.89453813e+06 
 1.61435856e+02 -9.99999520e-01  2.59161475e-05 -3.68543716e+00  5.19176582e-02 -3.65709521e-01  2.78471288e-02  2.10771721e+00 -6.68384368e-02 -4.54775169e+05 -2.35349655e+07  3.29613237e+04  4.54591652e+06  3.07339994e+05  8.02849888e+06 
 1.61621823e+02 -9.99999510e-01  2.61747036e-05 -3.71775365e+00  5.30986183e-02 -3.77361224e-01  2.86638731e-02  2.14152010e+00 -6.88589706e-02 -4.64587561e+05 -2.37907788e+07  3.34215677e+04  4.56895091e+06  3.16185287e+05  8.16663241e+06 
 1.61808004e+02 -9.99999500e-01  2.64390444e-05 -3.75080223e+00  5.43254209e-02 -3.89398826e-01  2.95167996e-02  2.17638415e+00 -7.09687595e-02 -4.74777555e+05 -2.40523735e+07  3.38939068e+04  4.59239925e+06  3.25416039e+05  8.30912363e+06 
 1.61994399e+02 -9.99999490e-01  2.67093883e-05 -3.78461031e+00  5.56005969e-02 -4.01840226e-01  3.04080232e-02  2.21235678e+00 -7.31730387e-02 -4.85365911e+05 -2.43199681e+07  3.43788654e+04  4.61627299e+06  3.35054658e+05  8.45616822e+06 
 1.62181010e+02 -9.99999479e-01  2.69859656e-05 -3.81920681e+00  5.69268590e-02 -4.14704395e-01  3.13398139e-02  2.24948818e+00 -7.54774291e-02 -4.96374875e+05 -2.45937927e+07  3.48770012e+04  4.64058410e+06  3.45125195e+05  8.60797339e+06 
 1.62367835e+02 -9.99999467e-01  2.72690188e-05 -3.85462217e+00  5.83071171e-02 -4.28011454e-01  3.23146102e-02  2.28783159e+00 -7.78879712e-02 -5.07828306e+05 -2.48740904e+07  3.53889087e+04  4.66534506e+06  3.55653485e+05  8.76475878e+06 
 1.62554876e+02 -9.99999455e-01  2.75588047e-05 -3.89088856e+00  5.97444964e-02 -4.41782764e-01  3.33350349e-02  2.32744342e+00 -8.04111633e-02 -5.19751824e+05 -2.51611175e+07  3.59152215e+04  4.69056888e+06  3.66667309e+05  8.92675735e+06 
 1.62742132e+02 -9.99999443e-01  2.78555940e-05 -3.92803994e+00  6.12423572e-02 -4.56041017e-01  3.44039116e-02  2.36838358e+00 -8.30540034e-02 -5.32172969e+05 -2.54551448e+07  3.64566166e+04  4.71626917e+06  3.78196573e+05  9.09421645e+06 
 1.62929603e+02 -9.99999430e-01  2.81596733e-05 -3.96611221e+00  6.28043158e-02 -4.70810340e-01  3.55242834e-02  2.41071573e+00 -8.58240359e-02 -5.45121377e+05 -2.57564589e+07  3.70138179e+04  4.74246017e+06  3.90273503e+05  9.26739884e+06 
 1.63117291e+02 -9.99999416e-01  2.84713456e-05 -4.00514339e+00  6.44342696e-02 -4.86116410e-01  3.66994337e-02  2.45450753e+00 -8.87294032e-02 -5.58628978e+05 -2.60653629e+07  3.75876004e+04  4.76915676e+06  4.02932869e+05  9.44658398e+06 
 1.63305195e+02 -9.99999402e-01  2.87909324e-05 -4.04517370e+00  6.61364229e-02 -5.01986577e-01  3.79329091e-02  2.49983101e+00 -9.17789031e-02 -5.72730213e+05 -2.63821781e+07  3.81787954e+04  4.79637456e+06  4.16212221e+05  9.63206931e+06 
 1.63493315e+02 -9.99999387e-01  2.91187744e-05 -4.08624581e+00  6.79153177e-02 -5.18449999e-01  3.92285448e-02  2.54676290e+00 -9.49820532e-02 -5.87462279e+05 -2.67072452e+07  3.87882956e+04  4.82412990e+06  4.30152165e+05  9.82417175e+06 
 1.63681652e+02 -9.99999372e-01  2.94552326e-05 -4.12840501e+00  6.97758660e-02 -5.35537794e-01  4.05904936e-02  2.59538502e+00 -9.83491620e-02 -6.02865396e+05 -2.70409256e+07  3.94170611e+04  4.85243994e+06  4.44796662e+05  1.00232292e+07 
 1.63870206e+02 -9.99999356e-01  2.98006917e-05 -4.17169939e+00  7.17233877e-02 -5.53283197e-01  4.20232576e-02  2.64578468e+00 -1.01891409e-01 -6.18983117e+05 -2.73836036e+07  4.00661261e+04  4.88132271e+06  4.60193368e+05  1.02296025e+07 
 1.64058977e+02 -9.99999339e-01  3.01555604e-05 -4.21618010e+00  7.37636519e-02 -5.71721751e-01  4.35317237e-02  2.69805520e+00 -1.05620932e-01 -6.35862659e+05 -2.77356880e+07  4.07366067e+04  4.91079713e+06  4.76394011e+05  1.04436769e+07 
 1.64247966e+02 -9.99999321e-01  3.05202741e-05 -4.26190162e+00  7.59029236e-02 -5.90891495e-01  4.51212037e-02  2.75229636e+00 -1.09550933e-01 -6.53555290e+05 -2.80976140e+07  4.14297090e+04  4.94088316e+06  4.93454810e+05  1.06658650e+07 
 1.64437172e+02 -9.99999303e-01  3.08952963e-05 -4.30892198e+00  7.81480159e-02 -6.10833193e-01  4.67974797e-02  2.80861502e+00 -1.13695783e-01 -6.72116752e+05 -2.84698456e+07  4.21467388e+04  4.97160179e+06  5.11436958e+05  1.08966081e+07 
 1.64626597e+02 -9.99999283e-01  3.12811228e-05 -4.35730312e+00  8.05063493e-02 -6.31590573e-01  4.85668537e-02  2.86712573e+00 -1.18071155e-01 -6.91607743e+05 -2.88528780e+07  4.28891122e+04  5.00297516e+06  5.30407148e+05  1.11363797e+07 
 1.64816239e+02 -9.99999263e-01  3.16782825e-05 -4.40711122e+00  8.29860183e-02 -6.53210598e-01  5.04362056e-02  2.92795141e+00 -1.22694163e-01 -7.12094458e+05 -2.92472407e+07  4.36583679e+04  5.03502665e+06  5.50438184e+05  1.13856878e+07 
 1.65006100e+02 -9.99999241e-01  3.20873419e-05 -4.45841708e+00  8.55958663e-02 -6.75743763e-01  5.24130569e-02  2.99122415e+00 -1.27583525e-01 -7.33649204e+05 -2.96534997e+07  4.44561812e+04  5.06778099e+06  5.71609659e+05  1.16450783e+07 
 1.65196180e+02 -9.99999219e-01  3.25089079e-05 -4.51129653e+00  8.83455711e-02 -6.99244435e-01  5.45056442e-02  3.05708606e+00 -1.32759747e-01 -7.56351090e+05 -3.00722621e+07  4.52843791e+04  5.10126435e+06  5.94008725e+05  1.19151386e+07 
 1.65386478e+02 -9.99999195e-01  3.29436314e-05 -4.56583090e+00  9.12457416e-02 -7.23771214e-01  5.67230016e-02  3.12569021e+00 -1.38245330e-01 -7.80286821e+05 -3.05041786e+07  4.61449585e+04  5.13550444e+06  6.17730973e+05  1.21965015e+07 
 1.65576996e+02 -9.99999169e-01  3.33922117e-05 -4.62210755e+00  9.43080282e-02 -7.49387359e-01  5.90750549e-02  3.19720174e+00 -1.44065006e-01 -8.05551587e+05 -3.09499488e+07  4.70401065e+04  5.17053071e+06  6.42881428e+05  1.24898497e+07 
 1.65767734e+02 -9.99999143e-01  3.38554012e-05 -4.68022047e+00  9.75452479e-02 -7.76161244e-01  6.15727292e-02  3.27179901e+00 -1.50246007e-01 -8.32250092e+05 -3.14103251e+07  4.79722237e+04  5.20637444e+06  6.69575684e+05  1.27959207e+07 
 1.65958691e+02 -9.99999114e-01  3.43340107e-05 -4.74027088e+00  1.00971529e-01 -8.04166880e-01  6.42280715e-02  3.34967498e+00 -1.56818375e-01 -8.60497722e+05 -3.18861182e+07  4.89439507e+04  5.24306892e+06  6.97941206e+05  1.31155123e+07 
 1.66149868e+02 -9.99999084e-01  3.48289159e-05 -4.80236802e+00  1.04602475e-01 -8.33484501e-01  6.70543916e-02  3.43103868e+00 -1.63815316e-01 -8.90421884e+05 -3.23782034e+07  4.99581993e+04  5.28064965e+06  7.28118816e+05  1.34494889e+07 
 1.66341265e+02 -9.99999053e-01  3.53410619e-05 -4.86662995e+00  1.08455355e-01 -8.64201219e-01  7.00664232e-02  3.51611696e+00 -1.71273605e-01 -9.22163548e+05 -3.28875265e+07  5.10181877e+04  5.31915455e+06  7.60264408e+05  1.37987885e+07 
 1.66532883e+02 -9.99999019e-01  3.58714735e-05 -4.93318448e+00  1.12549321e-01 -8.96411773e-01  7.32805109e-02  3.60515634e+00 -1.79234054e-01 -9.55879029e+05 -3.34151118e+07  5.21274818e+04  5.35862418e+06  7.94550919e+05  1.41644308e+07 
 1.66724721e+02 -9.99998983e-01  3.64212619e-05 -5.00217023e+00  1.16905663e-01 -9.30219361e-01  7.67148250e-02  3.69842522e+00 -1.87742058e-01 -9.91742034e+05 -3.39620707e+07  5.32900425e+04  5.39910199e+06  8.31170606e+05  1.45475258e+07 
 1.66916781e+02 -9.99998945e-01  3.69916345e-05 -5.07373780e+00  1.21548101e-01 -9.65736598e-01  8.03896117e-02  3.79621634e+00 -1.96848219e-01 -1.02994606e+06 -3.45296105e+07  5.45102819e+04  5.44063466e+06  8.70337695e+05  1.49492843e+07 
 1.67109061e+02 -9.99998904e-01  3.75839061e-05 -5.14805115e+00  1.26503125e-01 -1.00308660e+00  8.43274828e-02  3.89884953e+00 -2.06609080e-01 -1.07070715e+06 -3.51190461e+07  5.57931279e+04  5.48327241e+06  9.12291451e+05  1.53710293e+07 
 1.67301564e+02 -9.99998861e-01  3.81995117e-05 -5.22528911e+00  1.31800397e-01 -1.04240423e+00  8.85537546e-02  4.00667495e+00 -2.17087978e-01 -1.11426714e+06 -3.57318121e+07  5.71441003e+04  5.52706936e+06  9.57299768e+05  1.58142093e+07 
 1.67494288e+02 -9.99998814e-01  3.88400188e-05 -5.30564719e+00  1.37473215e-01 -1.08383748e+00  9.30968449e-02  4.12007670e+00 -2.28356042e-01 -1.16089747e+06 -3.63694768e+07  5.85694005e+04  5.57208402e+06  1.00566337e+06  1.62804133e+07 
 1.67687234e+02 -9.99998764e-01  3.95071463e-05 -5.38933955e+00  1.43559065e-01 -1.12754914e+00  9.79887388e-02  4.23947702e+00 -2.40493373e-01 -1.21090363e+06 -3.70337588e+07  6.00760177e+04  5.61837974e+06  1.05772075e+06  1.67713883e+07 
 1.67880402e+02 -9.99998710e-01  4.02027824e-05 -5.47660136e+00  1.50100266e-01 -1.17371864e+00  1.03265538e-01  4.36534108e+00 -2.53590428e-01 -1.26463041e+06 -3.77265455e+07  6.16718539e+04  5.66602532e+06  1.11385399e+06  1.72890587e+07 
 1.68073793e+02 -9.99998652e-01  4.09290037e-05 -5.56769144e+00  1.57144745e-01 -1.22254419e+00  1.08968115e-01  4.49818256e+00 -2.67749663e-01 -1.32246817e+06 -3.84499146e+07  6.33658738e+04  5.71509562e+06  1.17449566e+06  1.78355499e+07 
 1.68267406e+02 -9.99998590e-01  4.16881039e-05 -5.66289541e+00  1.64746946e-01 -1.27424531e+00  1.15142880e-01  4.63857006e+00 -2.83087493e-01 -1.38486028e+06 -3.92061592e+07  6.51682832e+04  5.76567235e+06  1.24013705e+06  1.84132148e+07 
 1.68461243e+02 -9.99998523e-01  4.24826205e-05 -5.76252927e+00  1.72968927e-01 -1.32906572e+00  1.21842716e-01  4.78713460e+00 -2.99736624e-01 -1.45231193e+06 -3.99978168e+07  6.70907441e+04  5.81784498e+06  1.31133792e+06  1.90246643e+07 
 1.68655303e+02 -9.99998449e-01  4.33153689e-05 -5.86694361e+00  1.81881673e-01 -1.38727673e+00  1.29128081e-01  4.94457835e+00 -3.17848860e-01 -1.52540088e+06 -4.08277029e+07  6.91466332e+04  5.87171167e+06  1.38873832e+06  1.96728041e+07 
 1.68849586e+02 -9.99998370e-01  4.41894827e-05 -5.97652853e+00  1.91566683e-01 -1.44918123e+00  1.37068348e-01  5.11168485e+00 -3.37598492e-01 -1.60479027e+06 -4.16989514e+07  7.13513568e+04  5.92738058e+06  1.47307275e+06  2.03608767e+07 
 1.69044093e+02 -9.99998284e-01  4.51084602e-05 -6.09171944e+00  2.02117894e-01 -1.51511832e+00  1.45743431e-01  5.28933108e+00 -3.59186394e-01 -1.69124421e+06 -4.26150601e+07  7.37227331e+04  5.98497120e+06  1.56518733e+06  2.10925113e+07 
 1.69238824e+02 -9.99998189e-01  4.60762192e-05 -6.21300393e+00  2.13644027e-01 -1.58546888e+00  1.55245754e-01  5.47850166e+00 -3.82845031e-01 -1.78564686e+06 -4.35799469e+07  7.62814617e+04  6.04461604e+06  1.66606084e+06  2.18717826e+07 
 1.69433780e+02 -9.99998086e-01  4.70971620e-05 -6.34092987e+00  2.26271464e-01 -1.66066214e+00  1.65682682e-01  5.68030577e+00 -4.08844595e-01 -1.88902574e+06 -4.45980145e+07  7.90517025e+04  6.10646257e+06  1.77683031e+06  2.27032811e+07 
 1.69628960e+02 -9.99997972e-01  4.81762547e-05 -6.47611509e+00  2.40147806e-01 -1.74118345e+00  1.77179501e-01  5.89599731e+00 -4.37500564e-01 -2.00258050e+06 -4.56742286e+07  8.20617935e+04  6.17067560e+06  1.89882276e+06  2.35921962e+07 
 1.69824365e+02 -9.99997847e-01  4.93191199e-05 -6.61925907e+00  2.55446278e-01 -1.82758373e+00  1.89883126e-01  6.12699911e+00 -4.69183103e-01 -2.12771872e+06 -4.68142118e+07  8.53451462e+04  6.23744008e+06  2.03359451e+06  2.45444164e+07 
 1.70019995e+02 -9.99997709e-01  5.05321491e-05 -6.77115691e+00  2.72371257e-01 -1.92049080e+00  2.03966733e-01  6.37493208e+00 -5.04328802e-01 -2.26610061e+06 -4.80243558e+07  8.89413726e+04  6.30696445e+06  2.18298024e+06  2.55666503e+07 
 1.70215851e+02 -9.99997555e-01  5.18226407e-05 -6.93271634e+00  2.91165220e-01 -2.02062308e+00  2.19635585e-01  6.64165065e+00 -5.43455461e-01 -2.41969533e+06 -4.93119590e+07  9.28977107e+04  6.37948478e+06  2.34915492e+06  2.66665729e+07 
 1.70411932e+02 -9.99997384e-01  5.31989663e-05 -7.10497850e+00  3.12117572e-01 -2.12880639e+00  2.37134421e-01  6.92928594e+00 -5.87180847e-01 -2.59085247e+06 -5.06853930e+07  9.72708447e+04  6.45526975e+06  2.53471214e+06  2.78530042e+07 
 1.70608239e+02 -9.99997192e-01  5.46707761e-05 -7.28914343e+00  3.35575947e-01 -2.24599457e+00  2.56756910e-01  7.24029892e+00 -6.36246698e-01 -2.78239356e+06 -5.21543079e+07  1.02129247e+05  6.53462679e+06  2.74276447e+06  2.91361294e+07 
 1.70804772e+02 -9.99996977e-01  5.62492532e-05 -7.48660163e+00  3.61960807e-01 -2.37329500e+00  2.78857842e-01  7.57754605e+00 -6.91549698e-01 -2.99773022e+06 -5.37298865e+07  1.07556217e+05  6.61790974e+06  2.97707286e+06  3.05277706e+07 
 1.71001532e+02 -9.99996734e-01  5.79474286e-05 -7.69897341e+00  3.91784469e-01 -2.51200033e+00  3.03869015e-01  7.94436126e+00 -7.54181855e-01 -3.24101820e+06 -5.54251604e+07  1.13653869e+05  6.70552823e+06  3.24221529e+06  3.20417254e+07 
 1.71198518e+02 -9.99996457e-01  5.97805811e-05 -7.92815827e+00  4.25676187e-01 -2.66362853e+00  3.32320135e-01  8.34465885e+00 -8.25483656e-01 -3.51736027e+06 -5.72554083e+07  1.20548408e+05  6.79795970e+06  3.54380869e+06  3.36941930e+07 
 1.71395731e+02 -9.99996142e-01  6.17667401e-05 -8.17639761e+00  4.64415546e-01 -2.82997339e+00  3.64866628e-01  8.78306395e+00 -9.07114831e-01 -3.83307642e+06 -5.92386591e+07  1.28397198e+05  6.89576444e+06  3.88880425e+06  3.55043138e+07 
 1.71593171e+02 -9.99995779e-01  6.39273298e-05 -8.44635479e+00  5.08977501e-01 -3.01316934e+00  4.02327100e-01  9.26507932e+00 -1.00114970e+00 -4.19606810e+06 -6.13963375e+07  1.37398343e+05  6.99960498e+06  4.28588526e+06  3.74948591e+07 
 1.71790839e+02 -9.99995359e-01  6.62880025e-05 -8.74121863e+00  5.60593878e-01 -3.21577498e+00  4.45734437e-01  9.79730081e+00 -1.11020733e+00 -4.61631555e+06 -6.37540952e+07  1.47803835e+05  7.11027104e+06  4.74600989e+06  3.96931221e+07 
 1.71988734e+02 -9.99994868e-01  6.88797222e-05 -9.06483837e+00  6.20838591e-01 -3.44088207e+00  4.96406515e-01  1.03876984e+01 -1.23763168e+00 -5.10656674e+06 -6.63428979e+07  1.59937885e+05  7.22871229e+06  5.28316241e+06  4.21320802e+07 
 1.72186857e+02 -9.99994292e-01  7.17402031e-05 -9.42190188e+00  6.91747530e-01 -3.69225936e+00  5.56045586e-01  1.10459869e+01 -1.38774505e+00 -5.68330637e+06 -6.92004574e+07  1.74222833e+05  7.35608144e+06  5.91540911e+06  4.48519274e+07 
 1.72385209e+02 -9.99993607e-01  7.49158144e-05 -9.81817346e+00  7.75990161e-01 -3.97454442e+00  6.26880342e-01  1.17841211e+01 -1.56621033e+00 -6.36814258e+06 -7.23731451e+07  1.91216447e+05  7.49379211e+06  6.66640797e+06  4.79021206e+07 
 1.72583789e+02 -9.99992785e-01  7.84641734e-05 -1.02608155e+01  8.77119749e-01 -4.29350290e+00  7.11872833e-01  1.26169646e+01 -1.78055917e+00 -7.18982849e+06 -7.59185775e+07  2.11666615e+05  7.64359712e+06  7.56760786e+06  5.13441437e+07 
 1.72782598e+02 -9.99991788e-01  8.24576850e-05 -1.07588288e+01  9.99945911e-01 -4.65638349e+00  8.15026163e-01  1.35632057e+01 -2.04097760e+00 -8.18727142e+06 -7.99091589e+07  2.36593221e+05  7.80769609e+06  8.66151929e+06  5.52552924e+07 
 1.72981636e+02 -9.99990561e-01  8.69884580e-05 -1.13236650e+01  1.15110221e+00 -5.07241025e+00  9.41852684e-01  1.46466292e+01 -2.36150220e+00 -9.41411635e+06 -8.44369998e+07  2.67413600e+05  7.98888555e+06  1.00066920e+07  5.97339257e+07 
 1.73180903e+02 -9.99989029e-01  9.21752321e-05 -1.19700871e+01  1.33993345e+00 -5.55347491e+00  1.10010495e+00  1.58979051e+01 -2.76188857e+00 -1.09459093e+07 -8.96208385e+07  3.06139796e+05  8.19077117e+06  1.16854877e+07  6.49068508e+07 
 1.73380400e+02 -9.99987083e-01  9.81732378e-05 -1.27173979e+01  1.57992325e+00 -6.11512231e+00  1.30095023e+00  1.73571362e+01 -3.27061538e+00 -1.28916200e+07 -9.56159071e+07  3.55697817e+05  8.41807227e+06  1.38165705e+07  7.09398362e+07 
 1.73580126e+02 -9.99984562e-01  1.05188403e-04 -1.35912081e+01  1.89106667e+00 -6.77796626e+00  1.56091976e+00  1.90775229e+01 -3.92987311e+00 -1.54127870e+07 -1.02628133e+08  4.20461507e+05  8.67706415e+06  1.65756422e+07  7.80527231e+07 
 1.73780083e+02 -9.99981218e-01  1.13497853e-04 -1.46259908e+01  2.30396049e+00 -7.56972841e+00  1.90526428e+00  2.11306471e+01 -4.80415711e+00 -1.87565140e+07 -1.10934642e+08  5.07178818e+05  8.97622493e+06  2.02311407e+07  8.65411935e+07 
 1.73980270e+02 -9.99976660e-01  1.23479114e-04 -1.58687235e+01  2.86715152e+00 -8.52813011e+00  2.37397299e+00  2.36139853e+01 -5.99569204e+00 -2.33147324e+07 -1.20912962e+08  6.26647285e+05  9.32717600e+06  2.52082895e+07  9.68076677e+07 
 1.74180687e+02 -9.99970239e-01  1.35649389e-04 -1.73837943e+01  3.66096365e+00 -9.70474900e+00  3.03307969e+00  2.66609713e+01 -7.67342689e+00 -2.97356761e+07 -1.33080299e+08  7.96890025e+05  9.74599603e+06  3.22094337e+07  1.09402563e+08 
 1.74381336e+02 -9.99960830e-01  1.50708165e-04 -1.92583529e+01  4.82486913e+00 -1.11691028e+01  3.99700047e+00  3.04517956e+01 -1.01303696e+01 -3.91444744e+07 -1.48136140e+08  1.04949517e+06  1.02548017e+07  4.24518501e+07  1.25068157e+08 
 1.74582215e+02 -9.99946372e-01  1.69538256e-04 -2.16025705e+01  6.61457090e+00 -1.30082918e+01  5.47501000e+00  3.52131235e+01 -1.39029997e+01 -5.36029927e+07 -1.66963305e+08  1.44296748e+06  1.08824940e+07  5.81626880e+07  1.44735563e+08 
 1.74783326e+02 -9.99922865e-01  1.92954531e-04 -2.45187274e+01  9.52617111e+00 -1.53005949e+01  7.87202567e+00  4.11516404e+01 -2.00305673e+01 -7.71095333e+07 -1.90376675e+08  2.09214940e+06  1.16590173e+07  8.36526811e+07  1.69245233e+08 
 1.74984669e+02 -9.99882226e-01  2.20269838e-04 -2.79237982e+01  1.45634147e+01 -1.79683646e+01  1.20044174e+01  4.80790651e+01 -3.06115737e+01 -1.17748435e+08 -2.17689118e+08  3.23287446e+06  1.25770614e+07  1.27616813e+08  1.97784030e+08 
 1.75186243e+02 -9.99808833e-01  2.42760905e-04 -3.07393077e+01  2.36679410e+01 -2.01141601e+01  1.94422277e+01  5.37112225e+01 -4.96921151e+01 -1.91141292e+08 -2.40177400e+08  5.33235470e+06  1.34076904e+07  2.06789813e+08  2.20821323e+08 
 1.75388050e+02 -9.99686006e-01  2.20625650e-04 -2.80291020e+01  3.89215954e+01 -1.76984028e+01  3.18312215e+01  4.76921285e+01 -8.15559257e+01 -3.13968925e+08 -2.18039489e+08  8.93692558e+06  1.30211313e+07  3.38765465e+08  1.95366532e+08 
 1.75590089e+02 -9.99573900e-01  7.27857755e-05 -9.71160820e+00  5.28796004e+01 -2.58725161e+00  4.30097867e+01  9.03966219e+00 -1.10484005e+02 -4.26075008e+08 -7.01969220e+07  1.24259030e+07  8.96942599e+06  4.58063951e+08  3.46976254e+07 
 1.75792361e+02 -9.99630525e-01 -1.19455237e-04  1.41649154e+01  4.59046293e+01  1.68429376e+01  3.70902337e+01 -4.09433199e+01 -9.55424845e+01 -3.69450372e+08  1.22047223e+08  1.10843833e+07  3.36769832e+06  3.95353849e+08 -1.72250254e+08 
 1.75994866e+02 -9.99764537e-01 -1.83076105e-04  2.20967572e+01  2.92870517e+01  2.31974028e+01  2.34788383e+01 -5.74367981e+01 -6.06596259e+01 -2.35438164e+08  1.85671427e+08  7.29560932e+06  1.38250432e+06  2.50512777e+08 -2.40079229e+08 
 1.76197605e+02 -9.99856006e-01 -1.71299882e-04  2.06570879e+01  1.79294270e+01  2.19762266e+01  1.42430711e+01 -5.44061896e+01 -3.69148664e+01 -1.43969021e+08  1.73898431e+08  4.62504812e+06  1.65504373e+06  1.52141722e+08 -2.27158344e+08 
 1.76400576e+02 -9.99907146e-01 -1.44628555e-04  1.73569571e+01  1.15738863e+01  1.92920579e+01  9.09816254e+00 -4.75601251e+01 -2.36603993e+01 -9.28288847e+07  1.47230229e+08  3.10256714e+06  2.42506069e+06  9.73105950e+07 -1.98587037e+08 
 1.76603782e+02 -9.99936241e-01 -1.19832466e-04  1.42832866e+01  7.95550127e+00  1.68214914e+01  6.17932007e+00 -4.12316949e+01 -1.61281535e+01 -6.37342067e+07  1.22437214e+08  2.22334199e+06  3.17720812e+06  6.61889799e+07 -1.72250846e+08 
 1.76807222e+02 -9.99953796e-01 -9.94985062e-05  1.17601452e+01  5.77092803e+00  1.48154741e+01  4.42218716e+00 -3.60802055e+01 -1.15870045e+01 -4.61797565e+07  1.02106299e+08  1.68634923e+06  3.82011972e+06  4.74465572e+07 -1.50839894e+08 
 1.77010896e+02 -9.99965027e-01 -8.31639741e-05  9.73155448e+00  4.37242554e+00  1.32220729e+01  3.29995282e+00 -3.19794238e+01 -8.68274823e+00 -3.49485512e+07  8.57747997e+07  1.33938446e+06  4.35922145e+06  3.54723553e+07 -1.33809860e+08 
 1.77214805e+02 -9.99972583e-01 -6.99549955e-05  8.08977324e+00  3.43094710e+00  1.19503920e+01  2.54578678e+00 -2.86994460e+01 -6.72859446e+00 -2.73918504e+07  7.25688486e+07  1.10418271e+06  4.81588287e+06  2.74233335e+07 -1.20197136e+08 
 1.77418948e+02 -9.99977884e-01 -5.91191460e-05  6.74179030e+00  2.77014028e+00  1.09230556e+01  2.01702772e+00 -2.60433989e+01 -5.35695617e+00 -2.20907024e+07  6.17360240e+07  9.38380328e+05  5.20986803e+06  2.17789775e+07 -1.09180002e+08 
 1.77623327e+02 -9.99981734e-01 -5.00869171e-05  5.61712767e+00  2.29008920e+00  1.00818014e+01  1.63302006e+00 -2.38626637e+01 -4.35981520e+00 -1.82414934e+07  5.27068193e+07  8.17767921e+05  5.55659477e+06  1.76794048e+07 -1.00139235e+08 
 1.77827941e+02 -9.99984610e-01 -4.24400084e-05  4.66398601e+00  1.93125827e+00  9.38398393e+00  1.34579703e+00 -2.20482942e+01 -3.61335251e+00 -1.53655600e+07  4.50629361e+07  7.27808546e+05  5.86760418e+06  1.46131050e+07 -9.26213614e+07 
 1.78032791e+02 -9.99986810e-01 -3.58713503e-05  3.84432216e+00  1.65657583e+00  8.79838915e+00  1.12554291e+00 -2.05204625e+01 -3.04054030e+00 -1.31649501e+07  3.84973050e+07  6.59387108e+05  6.15149785e+06  1.22620545e+07 -8.62943293e+07 
 1.78237877e+02 -9.99988528e-01 -3.01532632e-05  3.12991808e+00  1.44206203e+00  8.30194106e+00  9.53001794e-01 -1.92201017e+01 -2.59159308e+00 -1.14469956e+07  3.27822475e+07  6.06570595e+05  6.41474574e+06  1.04208203e+07 -8.09125645e+07 
 1.78443199e+02 -9.99989892e-01 -2.51145943e-05  2.49955400e+00  1.27168606e+00  7.87734986e+00  8.15318670e-01 -1.81029200e+01 -2.23325034e+00 -1.00829353e+07  2.77466105e+07  5.65371095e+05  6.66228666e+06  8.95223207e+06 -7.62919928e+07 
 1.78648757e+02 -9.99990991e-01 -2.06247593e-05  1.93703423e+00  1.13442042e+00  7.51147616e+00  7.03660651e-01 -1.71352306e+01 -1.94264262e+00 -8.98422098e+06  2.32598104e+07  5.33033053e+05  6.89795565e+06  7.76202281e+06 -7.22926591e+07 
 1.78854553e+02 -9.99991887e-01 -1.65826449e-05  1.42981337e+00  1.02248795e+00  7.19419580e+00  6.11803337e-01 -1.62910543e+01 -1.70364395e+00 -8.08842077e+06  1.92207336e+07  5.07606803e+05  7.12478540e+06  6.78375571e+06 -6.88066621e+07 
 1.79060585e+02 -9.99992624e-01 -1.29088318e-05  9.68033333e-01  9.30282714e-01  6.91760622e+00  5.35261735e-01 -1.55500918e+01 -1.50462820e+00 -7.35054382e+06  1.55499614e+07  4.87684737e+05  7.34521972e+06  5.96955608e+06 -6.57497156e+07 
 1.79266855e+02 -9.99993237e-01 -9.54008624e-06  5.43840962e-01  8.53685578e-01  6.67546510e+00  4.70739625e-01 -1.48962888e+01 -1.33704672e+00 -6.73753899e+06  1.21842598e+07  4.72233167e+05  7.56126619e+06  5.28423839e+06 -6.30551785e+07 
 1.79473363e+02 -9.99993750e-01 -6.42540272e-06  1.50897792e-01  7.89618279e-01  6.46278806e+00  4.15771213e-01 -1.43168073e+01 -1.19450216e+00 -6.22471140e+06  9.07262357e+06  4.60482339e+05  7.77460694e+06  4.70148348e+06 -6.06697754e+07 
 1.79680108e+02 -9.99994182e-01 -3.52312514e-06 -2.15976817e-01  7.35745898e-01  6.27555647e+00  3.68482228e-01 -1.38012769e+01 -1.07213082e+00 -5.79333207e+06  6.17339655e+06  4.51852795e+05  7.98668012e+06  4.20128986e+06 -5.85504875e+07 
 1.79887092e+02 -9.99994546e-01 -7.98821333e-07 -5.61069115e-01  6.90274051e-01  6.11050254e+00  3.27427182e-01 -1.33412452e+01 -9.66181582e-01 -5.42900878e+06  3.45214666e+06  4.45905041e+05  8.19874081e+06  3.76823736e+06 -5.66622648e+07 
 1.80094313e+02 -9.99994854e-01  1.77630568e-06 -8.87967998e-01  6.51807964e-01  5.96494915e+00  2.91476324e-01 -1.29297668e+01 -8.73723372e-01 -5.12055426e+06  8.80076942e+05  4.42304544e+05  8.41190740e+06  3.39028075e+06 -5.49763203e+07 
 1.80301774e+02 -9.99995116e-01  4.22662148e-06 -1.19971435e+00  6.19252848e-01  5.83668919e+00  2.59735687e-01 -1.25610941e+01 -7.92438206e-01 -4.85918621e+06 -1.56717818e+06  4.40796997e+05  8.62719749e+06  3.05789679e+06 -5.34688445e+07 
 1.80509474e+02 -9.99995337e-01  6.57298381e-06 -1.49891563e+00  5.91742367e-01  5.72389370e+00  2.31489631e-01 -1.22304411e+01 -7.20472392e-01 -4.63795290e+06 -3.91047637e+06  4.41190640e+05  8.84555633e+06  2.76347108e+06 -5.21200255e+07 
 1.80717413e+02 -9.99995524e-01  8.83345984e-06 -1.78783505e+00  5.68586567e-01  5.62504121e+00  2.06158913e-01 -1.19338019e+01 -6.56327965e-01 -4.45131514e+06 -6.16788490e+06  4.43343485e+05  9.06787976e+06  2.50085089e+06 -5.09132944e+07 
 1.80925591e+02 -9.99995680e-01  1.10238910e-05 -2.06846166e+00  5.49233505e-01  5.53886296e+00  1.83269659e-01 -1.16678094e+01 -5.98782356e-01 -4.29483812e+06 -8.35524504e+06  4.47154067e+05  9.29503331e+06  2.26501426e+06 -4.98347393e+07 
 1.81134009e+02 -9.99995810e-01  1.31583424e-05 -2.34256638e+00  5.33240673e-01  5.46430009e+00  1.62430103e-01 -1.14296247e+01 -5.46828210e-01 -4.16496201e+06 -1.04866221e+07  4.52554729e+05  9.52786847e+06  2.05182225e+06 -4.88726465e+07 
 1.81342668e+02 -9.99995916e-01  1.52494671e-05 -2.61174733e+00  5.20253549e-01  5.40047006e+00  1.43312921e-01 -1.12168497e+01 -4.99627717e-01 -4.05882956e+06 -1.25746687e+07  4.59506810e+05  9.76723701e+06  1.85783088e+06 -4.80171389e+07 
 1.81551566e+02 -9.99996001e-01  1.73088033e-05 -2.87746705e+00  5.09989373e-01  5.34664013e+00  1.25641647e-01 -1.10274584e+01 -4.56477579e-01 -3.97415572e+06 -1.46309236e+07  4.67997268e+05  1.00140041e+07  1.68014686e+06 -4.72598894e+07 
 1.81760706e+02 -9.99996066e-01  1.93470242e-05 -3.14108367e+00  5.02224861e-01  5.30220639e+00  1.09180102e-01 -1.08597412e+01 -4.16781810e-01 -3.90912871e+06 -1.66660596e+07  4.78036449e+05  1.02690605e+07  1.51631558e+06 -4.65938928e+07 
 1.81970086e+02 -9.99996113e-01  2.13741486e-05 -3.40387745e+00  4.96786886e-01  5.26667727e+00  9.37240512e-02 -1.07122613e+01 -3.80030376e-01 -3.86233492e+06 -1.86900955e+07  4.89656763e+05  1.05333347e+07  1.36423310e+06 -4.60132837e+07 
 1.82179707e+02 -9.99996142e-01  2.33997241e-05 -3.66707394e+00  4.93545482e-01  5.23966059e+00  7.90945313e-02 -1.05838192e+01 -3.45782236e-01 -3.83270226e+06 -2.07125790e+07  5.02912166e+05  1.08078052e+07  1.22207620e+06 -4.55131924e+07 
 1.82389570e+02 -9.99996155e-01  2.54329906e-05 -3.93186464e+00  4.92408658e-01  5.22085346e+00  6.51324299e-02 -1.04734255e+01 -3.13651683e-01 -3.81945803e+06 -2.27427501e+07  5.17878323e+05  1.10935128e+07  1.08824594e+06 -4.50896296e+07 
 1.82599675e+02 -9.99996153e-01  2.74830293e-05 -4.19942604e+00  4.93318712e-01  5.21003477e+00  5.16939947e-02 -1.03802779e+01 -2.83297198e-01 -3.82209861e+06 -2.47896897e+07  5.34653452e+05  1.13915741e+07  9.61321576e+05 -4.47393971e+07 
 1.82810022e+02 -9.99996135e-01  2.95589018e-05 -4.47093756e+00  4.96249778e-01  5.20705964e+00  3.86470334e-02 -1.03037453e+01 -2.54412199e-01 -3.84036895e+06 -2.68624598e+07  5.53359821e+05  1.17031964e+07  8.40022093e+05 -4.44600184e+07 
 1.83020611e+02 -9.99996101e-01  3.16697872e-05 -4.74759916e+00  5.01206458e-01  5.21185578e+00  2.58676121e-02 -1.02433542e+01 -2.26717208e-01 -3.87425060e+06 -2.89702390e+07  5.74145955e+05  1.20296938e+07  7.23173575e+05 -4.42496877e+07 
 1.83231442e+02 -9.99996051e-01  3.38251168e-05 -5.03064902e+00  5.08223458e-01  5.22442158e+00  1.32370948e-02 -1.01987800e+01 -1.99953062e-01 -3.92395750e+06 -3.11224589e+07  5.97189601e+05  1.23725055e+07  6.09680703e+05 -4.41072352e+07 
 1.83442517e+02 -9.99995985e-01  3.60347146e-05 -5.32138196e+00  5.17366169e-01  5.24482568e+00  6.39391720e-04 -1.01698418e+01 -1.73874844e-01 -3.98993913e+06 -3.33289438e+07  6.22701583e+05  1.27332171e+07  4.98501146e+05 -4.40321063e+07 
 1.83653834e+02 -9.99995902e-01  3.83089475e-05 -5.62116904e+00  5.28732227e-01  5.27320829e+00 -1.20417038e-02 -1.01564995e+01 -1.48246297e-01 -4.07289119e+06 -3.56000603e+07  6.50930692e+05  1.31135844e+07  3.88621708e+05 -4.40243550e+07 
 1.83865395e+02 -9.99995801e-01  4.06588870e-05 -5.93147915e+00  5.42454117e-01  5.30978397e+00 -2.49252035e-02 -1.01588550e+01 -1.22834450e-01 -4.17377420e+06 -3.79468792e+07  6.82169825e+05  1.35155622e+07  2.79035212e+05 -4.40846508e+07 
 1.84077200e+02 -9.99995681e-01  4.30964885e-05 -6.25390311e+00  5.58702951e-01  5.35484626e+00 -3.81357541e-02 -1.01771564e+01 -9.74042473e-02 -4.29384099e+06 -4.03813571e+07  7.16763665e+05  1.39413374e+07  1.68717133e+05 -4.42143004e+07 
 1.84289249e+02 -9.99995540e-01  4.56348014e-05 -6.59018125e+00  5.77693607e-01  5.40877424e+00 -5.18067375e-02 -1.02118051e+01 -7.17129387e-02 -4.43467448e+06 -4.29165427e+07  7.55118263e+05  1.43933685e+07  5.66009461e+04 -4.44152836e+07 
 1.84501542e+02 -9.99995377e-01  4.82882053e-05 -6.94223537e+00  5.99691532e-01  5.47204120e+00 -6.60837886e-02 -1.02633678e+01 -4.55039757e-02 -4.59823792e+06 -4.55668159e+07  7.97713046e+05  1.48744330e+07 -5.84489515e+04 -4.46903068e+07 
 1.84714079e+02 -9.99995188e-01  5.10726923e-05 -7.31220653e+00  6.25021578e-01  5.54522610e+00 -8.11289109e-02 -1.03325916e+01 -1.85001069e-02 -4.78694034e+06 -4.83481683e+07  8.45115887e+05  1.53876840e+07 -1.77668084e+05 -4.50428759e+07 
 1.84926862e+02 -9.99994971e-01  5.40062001e-05 -7.70249999e+00  6.54079421e-01  5.62902796e+00 -9.71254168e-02 -1.04204255e+01  9.60469034e-03 -5.00372137e+06 -5.12785388e+07  8.98002154e+05  1.59367195e+07 -3.02428174e+05 -4.54773917e+07 
 1.85139889e+02 -9.99994723e-01  5.71090200e-05 -8.11583953e+00  6.87346298e-01  5.72428426e+00 -1.14283989e-01 -1.05280473e+01  3.91549150e-02 -5.25216071e+06 -5.43782167e+07  9.57178906e+05  1.65256662e+07 -4.34280959e+05 -4.59992737e+07 
 1.85353162e+02 -9.99994438e-01  6.04042816e-05 -8.55533373e+00  7.25408059e-01  5.83199406e+00 -1.32850253e-01 -1.06568986e+01  7.05454986e-02 -5.53661984e+06 -5.76703339e+07  1.02361589e+06  1.71592831e+07 -5.75012357e+05 -4.66151185e+07 
 1.85566681e+02 -9.99994112e-01  6.39185673e-05 -9.02455762e+00  7.68979937e-01  5.95334717e+00 -1.53114397e-01 -1.08087292e+01  1.04236841e-01 -5.86242638e+06 -6.11814707e+07  1.09848557e+06  1.78430901e+07 -7.26710714e+05 -4.73329003e+07 
 1.85780446e+02 -9.99993739e-01  6.76826576e-05 -9.52765428e+00  8.18938962e-01  6.08976107e+00 -1.75423569e-01 -1.09856539e+01  1.40774065e-01 -6.23611525e+06 -6.49424094e+07  1.18321524e+06  1.85835278e+07 -8.91854313e+05 -4.81622278e+07 
 1.85994456e+02 -9.99993309e-01  7.17324856e-05 -1.00694626e+01  8.76366761e-01  6.24292794e+00 -2.00198076e-01 -1.11902251e+01  1.80812067e-01 -6.66574724e+06 -6.89890821e+07  1.27955569e+06  1.93881607e+07 -1.07342533e+06 -4.91146716e+07 
 1.86208714e+02 -9.99992813e-01  7.61103347e-05 -1.06556794e+01  9.42606615e-01  6.41487483e+00 -2.27952847e-01 -1.14255264e+01  2.25148626e-01 -7.16133366e+06 -7.33637724e+07  1.38967256e+06  2.02659340e+07 -1.27506045e+06 -5.02041847e+07 
 1.86423218e+02 -9.99992239e-01  8.08663849e-05 -1.12930681e+01  1.01934042e+00  6.60804137e+00 -2.59326262e-01 -1.16952931e+01  2.74768809e-01 -7.73540906e+06 -7.81166599e+07  1.51626933e+06  2.12275049e+07 -1.50125294e+06 -5.14476471e+07 
 1.86637969e+02 -9.99991571e-01  8.60607133e-05 -1.19897284e+01  1.10869381e+00  6.82538113e+00 -2.95119435e-01 -1.20040706e+01  3.30905437e-01 -8.40381343e+06 -8.33078232e+07  1.66275528e+06  2.22856730e+07 -1.75762770e+06 -5.28655770e+07 
 1.86852968e+02 -9.99990788e-01  9.17659327e-05 -1.27554524e+01  1.21338174e+00  7.07049514e+00 -3.36350557e-01 -1.23574227e+01  3.95122729e-01 -9.18677550e+06 -8.90098727e+07  1.83347793e+06  2.34559460e+07 -2.05132169e+06 -5.44830686e+07 
 1.87068214e+02 -9.99989864e-01  9.80706855e-05 -1.36021967e+01  1.33691344e+00  7.34781007e+00 -3.84331328e-01 -1.27622100e+01  4.69433966e-01 -1.01104369e+07 -9.53114542e+07  2.03405005e+06  2.47572937e+07 -2.39151879e+06 -5.63310445e+07 
 1.87283708e+02 -9.99988766e-01  1.05084387e-04 -1.45447215e+01  1.48388567e+00  7.66281907e+00 -4.40776364e-01 -1.32269664e+01  5.56469997e-01 -1.12090338e+07 -1.02321979e+08  2.27181772e+06  2.62131653e+07 -2.79021559e+06 -5.84479496e+07 
 1.87499451e+02 -9.99987447e-01  1.12943694e-04 -1.56014655e+01  1.66041092e+00  8.02241234e+00 -5.07962921e-01 -1.37624167e+01  6.59725394e-01 -1.25280804e+07 -1.10178109e+08  2.55654335e+06  2.78528853e+07 -3.26333933e+06 -6.08820767e+07 
 1.87715442e+02 -9.99985846e-01  1.21821558e-04 -1.67957664e+01  1.87475572e+00  8.43533837e+00 -5.88969167e-01 -1.43821986e+01  7.83925921e-01 -1.41291150e+07 -1.19052792e+08  2.90142409e+06  2.97135997e+07 -3.83241607e+06 -6.36948125e+07 
 1.87931682e+02 -9.99983878e-01  1.31940051e-04 -1.81575933e+01  2.13831577e+00  8.91285928e+00 -6.88038341e-01 -1.51038888e+01  9.35590598e-01 -1.60969478e+07 -1.29168100e+08  3.32464727e+06  3.18430398e+07 -4.52712082e+06 -6.69652513e+07 
 1.88148171e+02 -9.99981424e-01  1.43588961e-04 -1.97260584e+01  2.46714624e+00  9.46970116e+00 -8.11150657e-01 -1.59504923e+01  1.12391515e+00 -1.85510335e+07 -1.40813825e+08  3.85183154e+06  3.43035273e+07 -5.38928363e+06 -7.07968855e+07 
 1.88364909e+02 -9.99978311e-01  1.57153368e-04 -2.15531384e+01  2.88443855e+00  1.01254632e+01 -9.66949616e-01 -1.69526514e+01  1.36220416e+00 -2.16638741e+07 -1.54375045e+08  4.51997771e+06  3.71779128e+07 -6.47938019e+06 -7.53275293e+07 
 1.88581897e+02 -9.99974283e-01  1.73155502e-04 -2.37093291e+01  3.42467272e+00  1.09067596e+01 -1.16829618e+00 -1.81520042e+01  1.67027614e+00 -2.56918637e+07 -1.70373988e+08  5.38409243e+06  4.05785942e+07 -7.88742541e+06 -8.07444045e+07 
 1.88799135e+02 -9.99968945e-01  1.92320064e-04 -2.62924687e+01  4.14086765e+00  1.18505635e+01 -1.43498472e+00 -1.96064327e+01  2.07867033e+00 -3.10291352e+07 -1.89535362e+08  6.52875346e+06  4.46615938e+07 -9.75201642e+06 -8.73077009e+07 
 1.89016623e+02 -9.99961668e-01  2.15679131e-04 -2.94419073e+01  5.11785443e+00  1.30095818e+01 -1.79871943e+00 -2.13985023e+01  2.63636230e+00 -3.83061160e+07 -2.12891242e+08  8.08928284e+06  4.96491630e+07 -1.22952377e+07 -9.53884501e+07 
 1.89234362e+02 -9.99951394e-01  2.44745486e-04 -3.33619292e+01  6.49796949e+00  1.44611469e+01 -2.31275596e+00 -2.36494391e+01  3.42572772e+00 -4.85802565e+07 -2.41954414e+08  1.02927321e+07  5.58671491e+07 -1.58903130e+07 -1.05531213e+08 
 1.89452351e+02 -9.99936244e-01  2.81806060e-04 -3.83614189e+01  8.53419741e+00  1.63222971e+01 -3.07186291e+00 -2.65428719e+01  4.59355550e+00 -6.37304283e+07 -2.79011816e+08  1.35426553e+07  6.38082776e+07 -2.12017235e+07 -1.18560451e+08 
 1.89670592e+02 -9.99912634e-01  3.30420969e-04 -4.49213604e+01  1.17091773e+01  1.87755014e+01 -4.25706973e+00 -3.03654370e+01  6.42065080e+00 -8.73398859e+07 -3.27623572e+08  1.86089490e+07  7.42398419e+07 -2.94994454e+07 -1.35762162e+08 
 1.89889084e+02 -9.99873104e-01  3.96212574e-04 -5.38017286e+01  1.70282704e+01  2.21096261e+01 -6.24599358e+00 -3.55718314e+01  9.49366582e+00 -1.26869996e+08 -3.93412068e+08  2.70953620e+07  8.83742506e+07 -4.34340805e+07 -1.59173779e+08 
 1.90107828e+02 -9.99800344e-01  4.87562000e-04 -6.61366745e+01  2.68247329e+01  2.67576069e+01 -9.91638556e+00 -4.28466441e+01  1.51786105e+01 -1.99630091e+08 -4.84758471e+08  4.27239477e+07  1.08020947e+08 -6.91707417e+07 -1.91854091e+08 
 1.90326824e+02 -9.99649080e-01  6.11321870e-04 -8.28599203e+01  4.72043594e+01  3.30850291e+01 -1.75696403e+01 -5.27834809e+01  2.70647049e+01 -3.50893221e+08 -6.08515539e+08  7.52349639e+07  1.34669993e+08 -1.22886583e+08 -2.36411843e+08 
 1.90546072e+02 -9.99296315e-01  7.20200176e-04 -9.76172420e+01  9.47690568e+01  3.87310565e+01 -3.54828093e+01 -6.17591021e+01  5.49749385e+01 -7.03658197e+08 -7.17391609e+08  1.51113393e+08  1.58186248e+08 -2.48760300e+08 -2.76349595e+08 
 1.90765572e+02 -9.98646596e-01  3.88683196e-04 -5.30277258e+01  1.82482605e+02  2.20768693e+01 -6.86721755e+01 -3.60728653e+01  1.06955583e+02 -1.35337778e+09 -3.85873215e+08  2.91045207e+08  8.70333122e+07 -4.82423505e+08 -1.59728730e+08 
 1.90985326e+02 -9.98776863e-01 -5.69834436e-04  7.63029656e+01  1.65107553e+02 -2.67756892e+01 -6.24019476e+01  4.02723196e+01  9.76535640e+01 -1.22311399e+09  5.72648038e+08  2.63341036e+08 -1.19312994e+08 -4.39142970e+08  1.83959062e+08 
 1.91205332e+02 -9.99401345e-01 -7.39260526e-04  9.92892356e+01  8.09017105e+01 -3.56550852e+01 -3.06866329e+01  5.44655007e+01  4.82299715e+01 -5.98632327e+08  7.42079137e+08  1.29014295e+08 -1.56017607e+08 -2.16273691e+08  2.46978590e+08 
 1.91425593e+02 -9.99697833e-01 -6.10058156e-04  8.19237889e+01  4.08797317e+01 -2.92142715e+01 -1.55514474e+01  4.45759876e+01  2.45382572e+01 -3.02143330e+08  6.12880846e+08  6.51685602e+07 -1.28345846e+08 -1.09740809e+08  2.01992078e+08 
 1.91646106e+02 -9.99825952e-01 -4.90347873e-04  6.58040765e+01  2.35723146e+01 -2.31930839e+01 -8.98809764e+00  3.52559107e+01  1.42327220e+01 -1.74024244e+08  4.93174175e+08  3.75585569e+07 -1.02658556e+08 -6.34910993e+07  1.59813089e+08 
 1.91866874e+02 -9.99888748e-01 -4.03756641e-04  5.41385326e+01  1.50835463e+01 -1.88323666e+01 -5.76132381e+00  2.84945196e+01  9.15261217e+00 -1.11227859e+08  4.06586375e+08  2.40169689e+07 -8.40753531e+07 -4.07312348e+07  1.29253774e+08 
 1.92087896e+02 -9.99923357e-01 -3.41359744e-04  4.57308892e+01  1.04020950e+01 -1.56918178e+01 -3.97796432e+00  2.36232763e+01  6.33801484e+00 -7.66184851e+07  3.44192836e+08  1.65493019e+07 -7.06883680e+07 -2.81414038e+07  1.07249338e+08 
 1.92309173e+02 -9.99944229e-01 -2.95069442e-04  3.94931110e+01  7.57712923e+00 -1.33652644e+01 -2.89968015e+00  2.00154364e+01  4.63222345e+00 -5.57468202e+07  2.97905855e+08  1.20433704e+07 -6.07621053e+07 -2.05229626e+07  9.09558740e+07 
 1.92530705e+02 -9.99957707e-01 -2.59637231e-04  3.47184983e+01  5.75178369e+00 -1.15879972e+01 -2.20167020e+00  1.72609897e+01  3.52553881e+00 -4.22688704e+07  2.62476950e+08  9.13218644e+06 -5.31692968e+07 -1.55875670e+07  7.85173923e+07 
 1.92752491e+02 -9.99966883e-01 -2.31753491e-04  3.09612310e+01  4.50825209e+00 -1.01927624e+01 -1.72534117e+00  1.51004165e+01  2.76870857e+00 -3.30924568e+07  2.34596507e+08  7.14920028e+06 -4.71988031e+07 -1.22172420e+07  6.87604511e+07 
 1.92974534e+02 -9.99973398e-01 -2.09286754e-04  2.79341195e+01  3.62486016e+00 -9.07172016e+00 -1.38643859e+00  1.33662110e+01  2.22912631e+00 -2.65775427e+07  2.12133064e+08  5.74075875e+06 -4.23925230e+07 -9.81773855e+06  6.09281669e+07 
 1.93196832e+02 -9.99978183e-01 -1.90821107e-04  2.54463538e+01  2.97570784e+00 -8.15317924e+00 -1.13705007e+00  1.19469401e+01  1.83128105e+00 -2.17929805e+07  1.93670708e+08  4.70600244e+06 -3.84460959e+07 -8.05095960e+06  5.45172496e+07 
 1.93419386e+02 -9.99981796e-01 -1.75386278e-04  2.33671639e+01  2.48520735e+00 -7.38798795e+00 -9.48375126e-01  1.07661676e+01  1.52972274e+00 -1.81799117e+07  1.78239171e+08  3.92433872e+06 -3.51509347e+07 -6.71357362e+06  4.91825853e+07 
 1.93642196e+02 -9.99984588e-01 -1.62298142e-04  2.16043365e+01  2.10584435e+00 -6.74147804e+00 -8.02288403e-01  9.76996168e+00  1.29581094e+00 -1.53871515e+07  1.65154329e+08  3.31996289e+06 -3.23599576e+07 -5.67755498e+06  4.46807284e+07 
 1.93865264e+02 -9.99986790e-01 -1.51061889e-04  2.00911717e+01  1.80657827e+00 -6.18856944e+00 -6.86935117e-01  8.91929628e+00  1.11078989e+00 -1.31853477e+07  1.53921373e+08  2.84335251e+06 -2.99667804e+07 -4.85913047e+06  4.08355508e+07 
 1.94088588e+02 -9.99988556e-01 -1.41311488e-04  1.87783254e+01  1.56645600e+00 -5.71070693e+00 -5.94303941e-01  8.18529307e+00  9.61968966e-01 -1.14197309e+07  1.44174270e+08  2.46107881e+06 -2.78927046e+07 -4.20166147e+06  3.75167411e+07 
 1.94312169e+02 -9.99989992e-01 -1.32770719e-04  1.76285599e+01  1.37093034e+00 -5.29388769e+00 -5.18826636e-01  7.54615602e+00  8.40516827e-01 -9.98288201e+06  1.35636802e+08  2.14993316e+06 -2.60783428e+07 -3.66576402e+06  3.46259584e+07 
 1.94536008e+02 -9.99991177e-01 -1.25227431e-04  1.66132733e+01  1.20965204e+00 -4.92735710e+00 -4.56537492e-01  6.98514374e+00  7.40136195e-01 -8.79840425e+06  1.28096820e+08  1.89340449e+06 -2.44780834e+07 -3.22337655e+06  3.20876746e+07 
 1.94760105e+02 -9.99992165e-01 -1.18516106e-04  1.57101497e+01  1.07509933e+00 -4.60272519e+00 -4.04551174e-01  6.48919522e+00  6.56239913e-01 -7.81078994e+06  1.21388803e+08  1.67949281e+06 -2.30563415e+07 -2.85407357e+06  2.98429702e+07 
 1.94984460e+02 -9.99992996e-01 -1.12505780e-04  1.49015320e+01  9.61701342e-01 -4.31335463e+00 -3.60728471e-01  6.04797794e+00  5.85423034e-01 -6.97894088e+06  1.15381789e+08  1.49931068e+06 -2.17849631e+07 -2.54270505e+06  2.78452368e+07 
 1.95209073e+02 -9.99993703e-01 -1.07091520e-04  1.41732721e+01  8.65262318e-01 -4.05392847e+00 -3.23456564e-01  5.65321499e+00  5.25115491e-01 -6.27191310e+06  1.09970844e+08  1.34616459e+06 -2.06413916e+07 -2.27784426e+06  2.60571402e+07 
 1.95433946e+02 -9.99994309e-01 -1.02188289e-04  1.35139044e+01  7.82574423e-01 -3.82013902e+00 -2.91501152e-01  5.29820110e+00  4.73348147e-01 -5.66605583e+06  1.05070931e+08  1.21493724e+06 -1.96073491e+07 -2.05074270e+06  2.44484364e+07 
 1.95659077e+02 -9.99994832e-01 -9.77264599e-05  1.29140411e+01  7.11151794e-01 -3.60846046e+00 -2.63904798e-01  4.97744846e+00  4.28591834e-01 -5.14304684e+06  1.00612424e+08  1.10166315e+06 -1.86678715e+07 -1.85461158e+06  2.29943733e+07 
 1.95884467e+02 -9.99995287e-01 -9.36484912e-05  1.23659235e+01  6.49044379e-01 -3.41597992e+00 -2.39915720e-01  4.68642388e+00  3.89644514e-01 -4.68851754e+06  9.65377809e+07  1.00323175e+06 -1.78105932e+07 -1.68411828e+06  2.16745049e+07 
 1.96110118e+02 -9.99995684e-01 -8.99064171e-05  1.18630844e+01  5.94705375e-01 -3.24027044e+00 -2.18937048e-01  4.42135094e+00  3.55550794e-01 -4.29107404e+06  9.27990363e+07  9.17175799e+05 -1.70252080e+07 -1.53502744e+06  2.04717980e+07 
 1.96336028e+02 -9.99996034e-01 -8.64599433e-05  1.14000906e+01  5.46895353e-01 -3.07929412e+00 -2.00490091e-01  4.17905915e+00  3.25543617e-01 -3.94158939e+06  8.93558955e+07  8.41518441e+05 -1.63030593e+07 -1.40394106e+06  1.93719528e+07 
 1.96562198e+02 -9.99996343e-01 -8.32749738e-05  1.09723448e+01  5.04611911e-01 -2.93132751e+00 -1.84187370e-01  3.95686777e+00  2.99001422e-01 -3.63268429e+06  8.61742627e+07  7.74660991e+05 -1.56368232e+07 -1.28810763e+06  1.83628781e+07 
 1.96788629e+02 -9.99996617e-01 -8.03224657e-05  1.05759311e+01  4.67037397e-01 -2.79490346e+00 -1.69712556e-01  3.75249520e+00  2.75416254e-01 -3.35834134e+06  8.32250953e+07  7.15299504e+05 -1.50202624e+07 -1.18528013e+06  1.74342828e+07 
 1.97015321e+02 -9.99996862e-01 -7.75775288e-05  1.02074935e+01  4.33499585e-01 -2.66876536e+00 -1.56805374e-01  3.56398778e+00  2.54369736e-01 -3.11361487e+06  8.04835027e+07  6.62362038e+05 -1.44480322e+07 -1.09360911e+06  1.65773546e+07 
 1.97242274e+02 -9.99997081e-01 -7.50187087e-05  9.86413931e+00  4.03441763e-01 -2.55183084e+00 -1.45250109e-01  3.38966320e+00  2.35514766e-01 -2.89441030e+06  7.79280309e+07  6.14960936e+05 -1.39155271e+07 -1.01156124e+06  1.57845050e+07 
 1.97469488e+02 -9.99997278e-01 -7.26274156e-05  9.54336195e+00  3.76399752e-01 -2.44316271e+00 -1.34866770e-01  3.22806524e+00  2.18561437e-01 -2.69731466e+06  7.55400899e+07  5.72356156e+05 -1.34187569e+07 -9.37856750e+05  1.50491650e+07 
 1.97696964e+02 -9.99997456e-01 -7.03874612e-05  9.24297880e+00  3.51984080e-01 -2.34194553e+00 -1.25504228e-01  3.07792725e+00  2.03266091e-01 -2.51946514e+06  7.33034912e+07  5.33926829e+05 -1.29542479e+07 -8.71420766e+05  1.43656206e+07 
 1.97924702e+02 -9.99997617e-01 -6.82846839e-05  8.96108046e+00  3.29866032e-01 -2.24746650e+00 -1.17034847e-01  2.93814242e+00  1.89422749e-01 -2.35844625e+06  7.12040731e+07  4.99149007e+05 -1.25189619e+07 -8.11345237e+05  1.37288785e+07 
 1.98152703e+02 -9.99997763e-01 -6.63066394e-05  8.69598930e+00  3.09766641e-01 -2.15909993e+00 -1.09350238e-01  2.80773953e+00  1.76856329e-01 -2.21220868e+06  6.92293925e+07  4.67578092e+05 -1.21102302e+07 -7.56858856e+05  1.31345568e+07 
 1.98380966e+02 -9.99997896e-01 -6.44423521e-05  8.44622537e+00  2.91447938e-01 -2.07629434e+00 -1.02357889e-01  2.68586290e+00  1.65417257e-01 -2.07900482e+06  6.73684724e+07  4.38834881e+05 -1.17256992e+07 -7.07303109e+05  1.25787948e+07 
 1.98609492e+02 -9.99998018e-01 -6.26821006e-05  8.21047811e+00  2.74705938e-01 -1.99856185e+00 -9.59784557e-02  2.57175584e+00  1.54977133e-01 -1.95733709e+06  6.56115919e+07  4.12594376e+05 -1.13632852e+07 -6.62113088e+05  1.20581780e+07 
 1.98838281e+02 -9.99998129e-01 -6.10172451e-05  7.98758277e+00  2.59364992e-01 -1.92546929e+00 -9.01435807e-02  2.46474686e+00  1.45425237e-01 -1.84591632e+06  6.39501115e+07  3.88576771e+05 -1.10211367e+07 -6.20801995e+05  1.15696762e+07 
 1.99067334e+02 -9.99998232e-01 -5.94400822e-05  7.77650070e+00  2.45273200e-01 -1.85663082e+00 -8.47941212e-02  2.36423802e+00  1.36665695e-01 -1.74362796e+06  6.23763270e+07  3.66540131e+05 -1.06976034e+07 -5.82948563e+05  1.11105909e+07 
 1.99296651e+02 -9.99998326e-01 -5.79437183e-05  7.57630272e+00  2.32298663e-01 -1.79170161e+00 -7.98787006e-02  2.26969528e+00  1.28615148e-01 -1.64950455e+06  6.08833458e+07  3.46274420e+05 -1.03912091e+07 -5.48186767e+05  1.06785118e+07 
 1.99526231e+02 -9.99998412e-01 -5.65219689e-05  7.38615503e+00  2.20326411e-01 -1.73037263e+00 -7.53525193e-02  2.18064023e+00  1.21200851e-01 -1.56270303e+06  5.94649828e+07  3.27596597e+05 -1.01006298e+07 -5.16197381e+05  1.02712794e+07 
 1.99756077e+02 -9.99998493e-01 -5.51692679e-05  7.20530731e+00  2.09255869e-01 -1.67236607e+00 -7.11763721e-02  2.09664305e+00  1.14359091e-01 -1.48248608e+06  5.81156721e+07  3.10346566e+05 -9.82467437e+06 -4.86700994e+05  9.88695347e+06 
 1.99986187e+02 -9.99998567e-01 -5.38805916e-05  7.03308250e+00  1.98998742e-01 -1.61743160e+00 -6.73158325e-02  2.01731661e+00  1.08033876e-01 -1.40820667e+06  5.68303909e+07  2.94383820e+05 -9.56226820e+06 -4.59452214e+05  9.52378610e+06 
 2.00216562e+02 -9.99998636e-01 -5.26513982e-05  6.86886805e+00  1.89477272e-01 -1.56534300e+00 -6.37405725e-02  1.94231130e+00  1.02175843e-01 -1.33929510e+06  5.56045949e+07  2.79584641e+05 -9.31243955e+06 -4.34234831e+05  9.18019880e+06 
 2.00447203e+02 -9.99998700e-01 -5.14775638e-05  6.71210843e+00  1.80622759e-01 -1.51589539e+00 -6.04237921e-02  1.87131066e+00  9.67413383e-02 -1.27524821e+06  5.44341627e+07  2.65839753e+05 -9.07430739e+06 -4.10857764e+05  8.85476250e+06 
 2.00678109e+02 -9.99998760e-01 -5.03553424e-05  6.56229860e+00  1.72374329e-01 -1.46890276e+00 -5.73417403e-02  1.80402755e+00  9.16916473e-02 -1.21562027e+06  5.33153475e+07  2.53052352e+05 -8.84707109e+06 -3.89151648e+05  8.54618047e+06 
 2.00909281e+02 -9.99998815e-01 -4.92813203e-05  6.41897844e+00  1.64677890e-01 -1.42419588e+00 -5.44733087e-02  1.74020091e+00  8.69923378e-02 -1.16001534e+06  5.22447353e+07  2.41136444e+05 -8.63000147e+06 -3.68965951e+05  8.25327351e+06 
 2.01140720e+02 -9.99998867e-01 -4.82523799e-05  6.28172780e+00  1.57485243e-01 -1.38162046e+00 -5.17996880e-02  1.67959286e+00  8.26127072e-02 -1.10808073e+06  5.12192089e+07  2.30015425e+05 -8.42243299e+06 -3.50166521e+05  7.97496702e+06 
 2.01372425e+02 -9.99998916e-01 -4.72656693e-05  6.15016230e+00  1.50753335e-01 -1.34103553e+00 -4.93040750e-02  1.62198622e+00  7.85253089e-02 -1.05950147e+06  5.02359162e+07  2.19620889e+05 -8.22375699e+06 -3.32633509e+05  7.71027983e+06 
 2.01604397e+02 -9.99998961e-01 -4.63185741e-05  6.02392956e+00  1.44443609e-01 -1.30231206e+00 -4.69714222e-02  1.56718233e+00  7.47055482e-02 -1.01399559e+06  4.92922425e+07  2.09891592e+05 -8.03341568e+06 -3.16259580e+05  7.45831429e+06 
 2.01836636e+02 -9.99999004e-01 -4.54086919e-05  5.90270593e+00  1.38521456e-01 -1.26533173e+00 -4.47882229e-02  1.51499915e+00  7.11313353e-02 -9.71310050e+05  4.83857862e+07  2.00772579e+05 -7.85089701e+06 -3.00948386e+05  7.21824774e+06 
 2.02069143e+02 -9.99999044e-01 -4.45338139e-05  5.78619362e+00  1.32955738e-01 -1.22998584e+00 -4.27423265e-02  1.46526957e+00  6.77827859e-02 -9.31217269e+05  4.75143376e+07  1.92214426e+05 -7.67573003e+06 -2.86613252e+05  6.98932487e+06 
 2.02301918e+02 -9.99999082e-01 -4.36919024e-05  5.67411819e+00  1.27718382e-01 -1.19617438e+00 -4.08227793e-02  1.41783993e+00  6.46419638e-02 -8.93512115e+05  4.66758598e+07  1.84172585e+05 -7.50748086e+06 -2.73176037e+05  6.77085108e+06 
 2.02534961e+02 -9.99999117e-01 -4.28810779e-05  5.56622624e+00  1.22784023e-01 -1.16380515e+00 -3.90196861e-02  1.37256872e+00  6.16926571e-02 -8.58009304e+05  4.58684725e+07  1.76606821e+05 -7.34574912e+06 -2.60566153e+05  6.56218656e+06 
 2.02768272e+02 -9.99999151e-01 -4.20996005e-05  5.46228347e+00  1.18129697e-01 -1.13279307e+00 -3.73240905e-02  1.32932541e+00  5.89201837e-02 -8.24541144e+05  4.50904366e+07  1.69480724e+05 -7.19016476e+06 -2.48719710e+05  6.36274105e+06 
 2.03001852e+02 -9.99999182e-01 -4.13458602e-05  5.36207291e+00  1.13734576e-01 -1.10305945e+00 -3.57278705e-02  1.28798941e+00  5.63112226e-02 -7.92955572e+05  4.43401420e+07  1.62761277e+05 -7.04038522e+06 -2.37578772e+05  6.17196921e+06 
 2.03235701e+02 -9.99999212e-01 -4.06183640e-05  5.26539330e+00  1.09579730e-01 -1.07453146e+00 -3.42236476e-02  1.24844917e+00  5.38536656e-02 -7.63114441e+05  4.36160947e+07  1.56418490e+05 -6.89609294e+06 -2.27090705e+05  5.98936649e+06 
 2.03469820e+02 -9.99999240e-01 -3.99157234e-05  5.17205776e+00  1.05647929e-01 -1.04714157e+00 -3.28047066e-02  1.21060136e+00  5.15364879e-02 -7.34892022e+05  4.29169076e+07  1.50425072e+05 -6.75699314e+06 -2.17207616e+05  5.81446541e+06 
 2.03704208e+02 -9.99999267e-01 -3.92366489e-05  5.08189243e+00  1.01923456e-01 -1.02082708e+00 -3.14649261e-02  1.17435014e+00  4.93496349e-02 -7.08173693e+05  4.22412903e+07  1.44756145e+05 -6.62281177e+06 -2.07885845e+05  5.64683228e+06 
 2.03938866e+02 -9.99999292e-01 -3.85799383e-05  4.99473545e+00  9.83919586e-02 -9.95529737e-01 -3.01987169e-02  1.13960648e+00  4.72839216e-02 -6.82854781e+05  4.15880411e+07  1.39388993e+05 -6.49329376e+06 -1.99085533e+05  5.48606424e+06 
 2.04173794e+02 -9.99999316e-01 -3.79444716e-05  4.91043587e+00  9.50403026e-02 -9.71195290e-01 -2.90009677e-02  1.10628762e+00  4.53309450e-02 -6.58839547e+05  4.09560395e+07  1.34302843e+05 -6.36820138e+06 -1.90770233e+05  5.33178663e+06 
 2.04408994e+02 -9.99999339e-01 -3.73292019e-05  4.82885276e+00  9.18564539e-02 -9.47773206e-01 -2.78669970e-02  1.07431649e+00  4.34830055e-02 -6.36040286e+05  4.03442391e+07  1.29478670e+05 -6.24731278e+06 -1.82906565e+05  5.18365056e+06 
 2.04644464e+02 -9.99999361e-01 -3.67331515e-05  4.74985441e+00  8.88293684e-02 -9.25216338e-01 -2.67925110e-02  1.04362126e+00  4.17330383e-02 -6.14376537e+05  3.97516622e+07  1.24899019e+05 -6.13042074e+06 -1.75463920e+05  5.04133080e+06 
 2.04880205e+02 -9.99999381e-01 -3.61554057e-05  4.67331755e+00  8.59488963e-02 -9.03480656e-01 -2.57735659e-02  1.01413492e+00  4.00745520e-02 -5.93774374e+05  3.91773935e+07  1.20547859e+05 -6.01733142e+06 -1.68414185e+05  4.90452383e+06 
 2.05116218e+02 -9.99999401e-01 -3.55951065e-05  4.59912671e+00  8.32056966e-02 -8.82524991e-01 -2.48065343e-02  9.85794858e-01  3.85015738e-02 -5.74165779e+05  3.86205756e+07  1.16410442e+05 -5.90786332e+06 -1.61731508e+05  4.77294609e+06 
 2.05352503e+02 -9.99999420e-01 -3.50514504e-05  4.52717360e+00  8.05911611e-02 -8.62310814e-01 -2.38880757e-02  9.58542549e-01  3.70086012e-02 -5.55488091e+05  3.80804045e+07  1.12473185e+05 -5.80184634e+06 -1.55392086e+05  4.64633238e+06 
 2.05589060e+02 -9.99999437e-01 -3.45236817e-05  4.45735657e+00  7.80973463e-02 -8.42802028e-01 -2.30151095e-02  9.32323204e-01  3.55905588e-02 -5.37683503e+05  3.75561253e+07  1.08723559e+05 -5.69912086e+06 -1.49373970e+05  4.52443443e+06 
 2.05825889e+02 -9.99999454e-01 -3.40110917e-05  4.38958008e+00  7.57169128e-02 -8.23964779e-01 -2.21847918e-02  9.07085495e-01  3.42427590e-02 -5.20698621e+05  3.70470284e+07  1.05149995e+05 -5.59953697e+06 -1.43656904e+05  4.40701960e+06 
 2.06062991e+02 -9.99999471e-01 -3.35130123e-05  4.32375426e+00  7.34430714e-02 -8.05767290e-01 -2.13944935e-02  8.82781289e-01  3.29608674e-02 -5.04484066e+05  3.65524465e+07  1.01741795e+05 -5.50295372e+06 -1.38222163e+05  4.29386970e+06 
 2.06300367e+02 -9.99999486e-01 -3.30288160e-05  4.25979450e+00  7.12695339e-02 -7.88179705e-01 -2.06417817e-02  8.59365408e-01  3.17408720e-02 -4.88994115e+05  3.60717513e+07  9.84890581e+04 -5.40923849e+06 -1.33052426e+05  4.18477986e+06 
 2.06538016e+02 -9.99999501e-01 -3.25579097e-05  4.19762107e+00  6.91904694e-02 -7.71173948e-01 -1.99244024e-02  8.36795409e-01  3.05790547e-02 -4.74186387e+05  3.56043504e+07  9.53826070e+04 -5.31826634e+06 -1.28131647e+05  4.07955760e+06 
 2.06775938e+02 -9.99999515e-01 -3.20997349e-05  4.13715876e+00  6.72004654e-02 -7.54723590e-01 -1.92402650e-02  8.15031388e-01  2.94719661e-02 -4.60021548e+05  3.51496852e+07  9.24139280e+04 -5.22991952e+06 -1.23444949e+05  3.97802191e+06 
 2.07014135e+02 -9.99999529e-01 -3.16537646e-05  4.07833656e+00  6.52944919e-02 -7.38803739e-01 -1.85874287e-02  7.94035793e-01  2.84164032e-02 -4.46463057e+05  3.47072283e+07  8.95751136e+04 -5.14408691e+06 -1.18978521e+05  3.88000239e+06 
 2.07252606e+02 -9.99999542e-01 -3.12195002e-05  4.02108739e+00  6.34678695e-02 -7.23390924e-01 -1.79640893e-02  7.73773256e-01  2.74093882e-02 -4.33476929e+05  3.42764814e+07  8.68588117e+04 -5.06066358e+06 -1.14719532e+05  3.78533856e+06 
 2.07491352e+02 -9.99999554e-01 -3.07964706e-05  3.96534780e+00  6.17162405e-02 -7.08463001e-01 -1.73685687e-02  7.54210447e-01  2.64481503e-02 -4.21031525e+05  3.38569731e+07  8.42581798e+04 -4.97955038e+06 -1.10656048e+05  3.69387912e+06 
 2.07730373e+02 -9.99999566e-01 -3.03842291e-05  3.91105777e+00  6.00355428e-02 -6.93999058e-01 -1.67993039e-02  7.35315923e-01  2.55301088e-02 -4.09097361e+05  3.34482575e+07  8.17668432e+04 -4.90065349e+06 -1.06776958e+05  3.60548130e+06 
 2.07969669e+02 -9.99999577e-01 -2.99823544e-05  3.85816043e+00  5.84219862e-02 -6.79979337e-01 -1.62548382e-02  7.17060008e-01  2.46528580e-02 -3.97646931e+05  3.30499120e+07  7.93788574e+04 -4.82388415e+06 -1.03071910e+05  3.52001034e+06 
 2.08209241e+02 -9.99999588e-01 -2.95904447e-05  3.80660189e+00  5.68720304e-02 -6.66385152e-01 -1.57338125e-02  6.99414667e-01  2.38141529e-02 -3.86654555e+05  3.26615363e+07  7.70886736e+04 -4.74915826e+06 -9.95312471e+04  3.43733889e+06 
 2.08449088e+02 -9.99999599e-01 -2.92081213e-05  3.75633103e+00  5.53823661e-02 -6.53198817e-01 -1.52349576e-02  6.82353399e-01  2.30118969e-02 -3.76096232e+05  3.22827505e+07  7.48911081e+04 -4.67639609e+06 -9.61459566e+04  3.35734656e+06 
 2.08689212e+02 -9.99999609e-01 -2.88350227e-05  3.70729933e+00  5.39498968e-02 -6.40403588e-01 -1.47570874e-02  6.65851139e-01  2.22441305e-02 -3.65949510e+05  3.19131940e+07  7.27813133e+04 -4.60552202e+06 -9.29076170e+04  3.27991944e+06 
 2.08929613e+02 -9.99999619e-01 -2.84708071e-05  3.65946071e+00  5.25717226e-02 -6.27983595e-01 -1.42990925e-02  6.49884158e-01  2.15090205e-02 -3.56193372e+05  3.15525245e+07  7.07547529e+04 -4.53646426e+06 -8.98083539e+04  3.20494966e+06 
 2.09170291e+02 -9.99999628e-01 -2.81151492e-05  3.61277138e+00  5.12451253e-02 -6.15923788e-01 -1.38599341e-02  6.34429984e-01  2.08048505e-02 -3.46808122e+05  3.12004163e+07  6.88071773e+04 -4.46915463e+06 -8.68407984e+04  3.13233505e+06 
 2.09411246e+02 -9.99999637e-01 -2.77677386e-05  3.56718966e+00  4.99675554e-02 -6.04209889e-01 -1.34386392e-02  6.19467317e-01  2.01300125e-02 -3.37775288e+05  3.08565598e+07  6.69346030e+04 -4.40352830e+06 -8.39980491e+04  3.06197874e+06 
 2.09652478e+02 -9.99999646e-01 -2.74282809e-05  3.52267591e+00  4.87366191e-02 -5.92828340e-01 -1.30342953e-02  6.04975957e-01  1.94829985e-02 -3.29077537e+05  3.05206604e+07  6.51332925e+04 -4.33952362e+06 -8.12736373e+04  2.99378886e+06 
 2.09893988e+02 -9.99999654e-01 -2.70964956e-05  3.47919237e+00  4.75500671e-02 -5.81766261e-01 -1.26460463e-02  5.90936737e-01  1.88623935e-02 -3.20698583e+05  3.01924374e+07  6.33997366e+04 -4.27708191e+06 -7.86614957e+04  2.92767819e+06 
 2.10135777e+02 -9.99999662e-01 -2.67721150e-05  3.43670308e+00  4.64057846e-02 -5.71011407e-01 -1.22730880e-02  5.77331459e-01  1.82668687e-02 -3.12623119e+05  2.98716234e+07  6.17306377e+04 -4.21614731e+06 -7.61559288e+04  2.86356390e+06 
 2.10377844e+02 -9.99999670e-01 -2.64548844e-05  3.39517372e+00  4.53017817e-02 -5.60552132e-01 -1.19146651e-02  5.64142834e-01  1.76951755e-02 -3.04836746e+05  2.95579633e+07  6.01228952e+04 -4.15666656e+06 -7.37515870e+04  2.80136728e+06 
 2.10620190e+02 -9.99999678e-01 -2.61445607e-05  3.35457157e+00  4.42361840e-02 -5.50377352e-01 -1.15700669e-02  5.51354427e-01  1.71461394e-02 -2.97325906e+05  2.92512139e+07  5.85735909e+04 -4.09858890e+06 -7.14434414e+04  2.74101352e+06 
 2.10862815e+02 -9.99999685e-01 -2.58409109e-05  3.31486539e+00  4.32072257e-02 -5.40476512e-01 -1.12386248e-02  5.38950609e-01  1.66186556e-02 -2.90077829e+05  2.89511429e+07  5.70799769e+04 -4.04186590e+06 -6.92267618e+04  2.68243142e+06 
 2.11105720e+02 -9.99999692e-01 -2.55437135e-05  3.27602536e+00  4.22132412e-02 -5.30839557e-01 -1.09197093e-02  5.26916507e-01  1.61116834e-02 -2.83080471e+05  2.86575286e+07  5.56394638e+04 -3.98645135e+06 -6.70970960e+04  2.62555321e+06 
 2.11348904e+02 -9.99999699e-01 -2.52527569e-05  3.23802296e+00  4.12526589e-02 -5.21456900e-01 -1.06127270e-02  5.15237962e-01  1.56242425e-02 -2.76322475e+05  2.83701589e+07  5.42496095e+04 -3.93230110e+06 -6.50502503e+04  2.57031439e+06 
 2.11592369e+02 -9.99999705e-01 -2.49678380e-05  3.20083095e+00  4.03239946e-02 -5.12319399e-01 -1.03171186e-02  5.03901486e-01  1.51554084e-02 -2.69793117e+05  2.80888312e+07  5.29081098e+04 -3.87937298e+06 -6.30822727e+04  2.51665346e+06 
 2.11836114e+02 -9.99999712e-01 -2.46887632e-05  3.16442324e+00  3.94258459e-02 -5.03418330e-01 -1.00323562e-02  4.92894226e-01  1.47043089e-02 -2.63482264e+05  2.78133515e+07  5.16127889e+04 -3.82762665e+06 -6.11894361e+04  2.46451182e+06 
 2.12080139e+02 -9.99999718e-01 -2.44153467e-05  3.12877489e+00  3.85568867e-02 -4.94745363e-01 -9.75794149e-03  4.82203925e-01  1.42701209e-02 -2.57380342e+05  2.75435344e+07  5.03615910e+04 -3.77702357e+06 -5.93682234e+04  2.41383357e+06 
 2.12324446e+02 -9.99999724e-01 -2.41474107e-05  3.09386200e+00  3.77158625e-02 -4.86292544e-01 -9.49340385e-03  4.71818893e-01  1.38520668e-02 -2.51478293e+05  2.72792021e+07  4.91525726e+04 -3.72752681e+06 -5.76153141e+04  2.36456537e+06 
 2.12569035e+02 -9.99999729e-01 -2.38847854e-05  3.05966168e+00  3.69015856e-02 -4.78052270e-01 -9.23829835e-03  4.61727971e-01  1.34494115e-02 -2.45767544e+05  2.70201843e+07  4.79838952e+04 -3.67910105e+06 -5.59275713e+04  2.31665632e+06 
 2.12813905e+02 -9.99999735e-01 -2.36273070e-05  3.02615200e+00  3.61129308e-02 -4.70017273e-01 -8.99220423e-03  4.51920506e-01  1.30614601e-02 -2.40239977e+05  2.67663179e+07  4.68538183e+04 -3.63171244e+06 -5.43020296e+04  2.27005779e+06 
 2.13059057e+02 -9.99999740e-01 -2.33748194e-05  2.99331192e+00  3.53488318e-02 -4.62180600e-01 -8.75472334e-03  4.42386321e-01  1.26875553e-02 -2.34887901e+05  2.65174464e+07  4.57606938e+04 -3.58532855e+06 -5.27358846e+04  2.22472330e+06 
 2.13304491e+02 -9.99999745e-01 -2.31271727e-05  2.96112126e+00  3.46082772e-02 -4.54535598e-01 -8.52547870e-03  4.33115692e-01  1.23270743e-02 -2.29704021e+05  2.62734197e+07  4.47029598e+04 -3.53991828e+06 -5.12264825e+04  2.18060845e+06 
 2.13550209e+02 -9.99999750e-01 -2.28842223e-05  2.92956065e+00  3.38903074e-02 -4.47075899e-01 -8.30411322e-03  4.24099321e-01  1.19794279e-02 -2.24681419e+05  2.60340936e+07  4.36791351e+04 -3.49545181e+06 -4.97713106e+04  2.13767075e+06 
 2.13796209e+02 -9.99999755e-01 -2.26458299e-05  2.89861149e+00  3.31940113e-02 -4.39795403e-01 -8.09028842e-03  4.15328314e-01  1.16440571e-02 -2.19813528e+05  2.57993299e+07  4.26878149e+04 -3.45190052e+06 -4.83679889e+04  2.09586958e+06 
 2.14042493e+02 -9.99999760e-01 -2.24118629e-05  2.86825593e+00  3.25185233e-02 -4.32688266e-01 -7.88368336e-03  4.06794163e-01  1.13204325e-02 -2.15094113e+05  2.55689955e+07  4.17276655e+04 -3.40923694e+06 -4.70142614e+04  2.05516602e+06 
 2.14289060e+02 -9.99999765e-01 -2.21821934e-05  2.83847680e+00  3.18630210e-02 -4.25748885e-01 -7.68399350e-03  3.98488722e-01  1.10080514e-02 -2.10517247e+05  2.53429628e+07  4.07974205e+04 -3.36743468e+06 -4.57079893e+04  2.01552285e+06 
 2.14535912e+02 -9.99999769e-01 -2.19566984e-05  2.80925759e+00  3.12267219e-02 -4.18971888e-01 -7.49092978e-03  3.90404192e-01  1.07064371e-02 -2.06077298e+05  2.51211091e+07  3.98958765e+04 -3.32646839e+06 -4.44471432e+04  1.97690439e+06 
 2.14783047e+02 -9.99999773e-01 -2.17352602e-05  2.78058244e+00  3.06088820e-02 -4.12352122e-01 -7.30421768e-03  3.82533100e-01  1.04151368e-02 -2.01768907e+05  2.49033160e+07  3.90218895e+04 -3.28631372e+06 -4.32297970e+04  1.93927645e+06 
 2.15030468e+02 -9.99999777e-01 -2.15177648e-05  2.75243607e+00  3.00087928e-02 -4.05884642e-01 -7.12359635e-03  3.74868286e-01  1.01337203e-02 -1.97586977e+05  2.46894701e+07  3.81743715e+04 -3.24694723e+06 -4.20541218e+04  1.90260627e+06 
 2.15278173e+02 -9.99999782e-01 -2.13041029e-05  2.72480379e+00  2.94257797e-02 -3.99564699e-01 -6.94881784e-03  3.67402886e-01  9.86177886e-03 -1.93526653e+05  2.44794620e+07  3.73522871e+04 -3.20834639e+06 -4.09183799e+04  1.86686241e+06 
 2.15526164e+02 -9.99999785e-01 -2.10941694e-05  2.69767144e+00  2.88591999e-02 -3.93387735e-01 -6.77964633e-03  3.60130314e-01  9.59892390e-03 -1.89583311e+05  2.42731862e+07  3.65546506e+04 -3.17048951e+06 -3.98209199e+04  1.83201473e+06 
 2.15774441e+02 -9.99999789e-01 -2.08878624e-05  2.67102540e+00  2.83084405e-02 -3.87349367e-01 -6.61585744e-03  3.53044256e-01  9.34478568e-03 -1.85752545e+05  2.40705414e+07  3.57805232e+04 -3.13335574e+06 -3.87601713e+04  1.79803429e+06 
 2.16023003e+02 -9.99999793e-01 -2.06850845e-05  2.64485254e+00  2.77729173e-02 -3.81445387e-01 -6.45723759e-03  3.46138648e-01  9.09901239e-03 -1.82030153e+05  2.38714297e+07  3.50290103e+04 -3.09692496e+06 -3.77346403e+04  1.76489333e+06 
 2.16271852e+02 -9.99999797e-01 -2.04857412e-05  2.61914019e+00  2.72520728e-02 -3.75671746e-01 -6.30358340e-03  3.39407673e-01  8.86126909e-03 -1.78412129e+05  2.36757571e+07  3.42992590e+04 -3.06117781e+06 -3.67429051e+04  1.73256517e+06 
 2.16520988e+02 -9.99999800e-01 -2.02897419e-05  2.59387615e+00  2.67453746e-02 -3.70024551e-01 -6.15470109e-03  3.32845740e-01  8.63123679e-03 -1.74894648e+05  2.34834325e+07  3.35904560e+04 -3.02609565e+06 -3.57836122e+04  1.70102418e+06 
 2.16770410e+02 -9.99999804e-01 -2.00969987e-05  2.56904865e+00  2.62523146e-02 -3.64500056e-01 -6.01040598e-03  3.26447481e-01  8.40861154e-03 -1.71474061e+05  2.32943683e+07  3.29018250e+04 -2.99166048e+06 -3.48554722e+04  1.67024575e+06 
 2.17020120e+02 -9.99999807e-01 -1.99074271e-05  2.54464632e+00  2.57724072e-02 -3.59094659e-01 -5.87052197e-03  3.20207735e-01  8.19310363e-03 -1.68146879e+05  2.31084799e+07  3.22326254e+04 -2.95785497e+06 -3.39572567e+04  1.64020619e+06 
 2.17270118e+02 -9.99999810e-01 -1.97209454e-05  2.52065820e+00  2.53051884e-02 -3.53804887e-01 -5.73488109e-03  3.14121544e-01  7.98443677e-03 -1.64909773e+05  2.29256857e+07  3.15821496e+04 -2.92466238e+06 -3.30877945e+04  1.61088275e+06 
 2.17520403e+02 -9.99999813e-01 -1.95374747e-05  2.49707371e+00  2.48502144e-02 -3.48627401e-01 -5.60332305e-03  3.08184135e-01  7.78234744e-03 -1.61759556e+05  2.27459069e+07  3.09497218e+04 -2.89206657e+06 -3.22459689e+04  1.58225353e+06 
 2.17770977e+02 -9.99999816e-01 -1.93569391e-05  2.47388262e+00  2.44070610e-02 -3.43558980e-01 -5.47569484e-03  3.02390923e-01  7.58658413e-03 -1.58693185e+05  2.25690672e+07  3.03346961e+04 -2.86005197e+06 -3.14307147e+04  1.55429747e+06 
 2.18021840e+02 -9.99999819e-01 -1.91792651e-05  2.45107505e+00  2.39753218e-02 -3.38596523e-01 -5.35185032e-03  2.96737492e-01  7.39690677e-03 -1.55707746e+05  2.23950933e+07  2.97364547e+04 -2.82860353e+06 -3.06410150e+04  1.52699428e+06 
 2.18272991e+02 -9.99999822e-01 -1.90043811e-05  2.42864147e+00  2.35546081e-02 -3.33737040e-01 -5.23164988e-03  2.91219594e-01  7.21308605e-03 -1.52800450e+05  2.22239138e+07  2.91544072e+04 -2.79770673e+06 -2.98758993e+04  1.50032444e+06 
 2.18524432e+02 -9.99999825e-01 -1.88322186e-05  2.40657263e+00  2.31445476e-02 -3.28977647e-01 -5.11496012e-03  2.85833137e-01  7.03490294e-03 -1.49968629e+05  2.20554602e+07  2.85879882e+04 -2.76734753e+06 -2.91344407e+04  1.47426915e+06 
 2.18776162e+02 -9.99999828e-01 -1.86627113e-05  2.38485961e+00  2.27447837e-02 -3.24315564e-01 -5.00165348e-03  2.80574183e-01  6.86214810e-03 -1.47209727e+05  2.18896659e+07  2.80366569e+04 -2.73751237e+06 -2.84157534e+04  1.44881030e+06 
 2.19028183e+02 -9.99999831e-01 -1.84957948e-05  2.36349379e+00  2.23549743e-02 -3.19748109e-01 -4.89160796e-03  2.75438936e-01  6.69462140e-03 -1.44521294e+05  2.17264666e+07  2.74998950e+04 -2.70818812e+06 -2.77189913e+04  1.42393043e+06 
 2.19280494e+02 -9.99999833e-01 -1.83314067e-05  2.34246682e+00  2.19747919e-02 -3.15272692e-01 -4.78470685e-03  2.70423740e-01  6.53213145e-03 -1.41900983e+05  2.15658001e+07  2.69772065e+04 -2.67936213e+06 -2.70433452e+04  1.39961272e+06 
 2.19533095e+02 -9.99999836e-01 -1.81694870e-05  2.32177060e+00  2.16039221e-02 -3.10886815e-01 -4.68083845e-03  2.65525070e-01  6.37449516e-03 -1.39346542e+05  2.14076063e+07  2.64681159e+04 -2.65102212e+06 -2.63880412e+04  1.37584094e+06 
 2.19785987e+02 -9.99999838e-01 -1.80099773e-05  2.30139732e+00  2.12420634e-02 -3.06588065e-01 -4.57989582e-03  2.60739528e-01  6.22153731e-03 -1.36855814e+05  2.12518268e+07  2.59721674e+04 -2.62315622e+06 -2.57523391e+04  1.35259946e+06 
 2.20039171e+02 -9.99999841e-01 -1.78528211e-05  2.28133940e+00  2.08889263e-02 -3.02374112e-01 -4.48177654e-03  2.56063838e-01  6.07309016e-03 -1.34426727e+05  2.10984051e+07  2.54889239e+04 -2.59575297e+06 -2.51355304e+04  1.32987317e+06 
 2.20292646e+02 -9.99999843e-01 -1.76979639e-05  2.26158951e+00  2.05442330e-02 -2.98242703e-01 -4.38638251e-03  2.51494839e-01  5.92899311e-03 -1.32057293e+05  2.09472865e+07  2.50179663e+04 -2.56880123e+06 -2.45369370e+04  1.30764753e+06 
 2.20546414e+02 -9.99999845e-01 -1.75453524e-05  2.24214052e+00  2.02077166e-02 -2.94191663e-01 -4.29361970e-03  2.47029480e-01  5.78909230e-03 -1.29745603e+05  2.07984182e+07  2.45588923e+04 -2.54229026e+06 -2.39559095e+04  1.28590847e+06 
 2.20800473e+02 -9.99999848e-01 -1.73949354e-05  2.22298555e+00  1.98791209e-02 -2.90218890e-01 -4.20339796e-03  2.42664819e-01  5.65324030e-03 -1.27489825e+05  2.06517487e+07  2.41113158e+04 -2.51620963e+06 -2.33918257e+04  1.26464242e+06 
 2.21054826e+02 -9.99999850e-01 -1.72466632e-05  2.20411793e+00  1.95581994e-02 -2.86322350e-01 -4.11563088e-03  2.38398014e-01  5.52129583e-03 -1.25288197e+05  2.05072282e+07  2.36748661e+04 -2.49054925e+06 -2.28440897e+04  1.24383628e+06 
 2.21309471e+02 -9.99999852e-01 -1.71004876e-05  2.18553117e+00  1.92447153e-02 -2.82500076e-01 -4.03023555e-03  2.34226322e-01  5.39312340e-03 -1.23139027e+05  2.03648086e+07  2.32491872e+04 -2.46529932e+06 -2.23121302e+04  1.22347740e+06 
 2.21564410e+02 -9.99999854e-01 -1.69563615e-05  2.16721899e+00  1.89384409e-02 -2.78750167e-01 -3.94713241e-03  2.30147093e-01  5.26859311e-03 -1.21040688e+05  2.02244428e+07  2.28339370e+04 -2.44045036e+06 -2.17953994e+04  1.20355354e+06 
 2.21819642e+02 -9.99999856e-01 -1.68142398e-05  2.14917531e+00  1.86391571e-02 -2.75070783e-01 -3.86624511e-03  2.26157768e-01  5.14758030e-03 -1.18991615e+05  2.00860857e+07  2.24287867e+04 -2.41599319e+06 -2.12933721e+04  1.18405289e+06 
 2.22075168e+02 -9.99999858e-01 -1.66740780e-05  2.13139420e+00  1.83466532e-02 -2.71460142e-01 -3.78750035e-03  2.22255873e-01  5.02996538e-03 -1.16990304e+05  1.99496930e+07  2.20334204e+04 -2.39191888e+06 -2.08055443e+04  1.16496403e+06 
 2.22330989e+02 -9.99999860e-01 -1.65358337e-05  2.11386994e+00  1.80607263e-02 -2.67916520e-01 -3.71082773e-03  2.18439017e-01  4.91563354e-03 -1.15035305e+05  1.98152220e+07  2.16475340e+04 -2.36821880e+06 -2.03314325e+04  1.14627591e+06 
 2.22587104e+02 -9.99999862e-01 -1.63994652e-05  2.09659695e+00  1.77811810e-02 -2.64438249e-01 -3.63615964e-03  2.14704892e-01  4.80447457e-03 -1.13125226e+05  1.96826312e+07  2.12708353e+04 -2.34488454e+06 -1.98705725e+04  1.12797786e+06 
 2.22843515e+02 -9.99999864e-01 -1.62649321e-05  2.07956982e+00  1.75078293e-02 -2.61023711e-01 -3.56343108e-03  2.11051260e-01  4.69638260e-03 -1.11258723e+05  1.95518803e+07  2.09030430e+04 -2.32190797e+06 -1.94225189e+04  1.11005955e+06 
 2.23100221e+02 -9.99999866e-01 -1.61321955e-05  2.06278330e+00  1.72404899e-02 -2.57671341e-01 -3.49257960e-03  2.07475963e-01  4.59125595e-03 -1.09434506e+05  1.94229300e+07  2.05438864e+04 -2.29928119e+06 -1.89868435e+04  1.09251098e+06 
 2.23357222e+02 -9.99999867e-01 -1.60012171e-05  2.04623230e+00  1.69789883e-02 -2.54379620e-01 -3.42354515e-03  2.03976910e-01  4.48899688e-03 -1.07651328e+05  1.92957424e+07  2.01931048e+04 -2.27699652e+06 -1.85631353e+04  1.07532248e+06 
 2.23614520e+02 -9.99999869e-01 -1.58719600e-05  2.02991185e+00  1.67231561e-02 -2.51147080e-01 -3.35626999e-03  2.00552077e-01  4.38951149e-03 -1.05907991e+05  1.91702805e+07  1.98504473e+04 -2.25504653e+06 -1.81509994e+04  1.05848469e+06 
 2.23872114e+02 -9.99999871e-01 -1.57443884e-05  2.01381713e+00  1.64728311e-02 -2.47972295e-01 -3.29069856e-03  1.97199509e-01  4.29270947e-03 -1.04203338e+05  1.90465084e+07  1.95156721e+04 -2.23342396e+06 -1.77500559e+04  1.04198856e+06 
 2.24130005e+02 -9.99999873e-01 -1.56184672e-05  1.99794347e+00  1.62278568e-02 -2.44853882e-01 -3.22677742e-03  1.93917310e-01  4.19850399e-03 -1.02536254e+05  1.89243911e+07  1.91885462e+04 -2.21212180e+06 -1.73599400e+04  1.02582530e+06 
 2.24388192e+02 -9.99999874e-01 -1.54941625e-05  1.98228630e+00  1.59880823e-02 -2.41790502e-01 -3.16445513e-03  1.90703647e-01  4.10681153e-03 -1.00905663e+05  1.88038946e+07  1.88688452e+04 -2.19113322e+06 -1.69803006e+04  1.00998643e+06 
 2.24646678e+02 -9.99999876e-01 -1.53714412e-05  1.96684121e+00  1.57533618e-02 -2.38780856e-01 -3.10368216e-03  1.87556743e-01  4.01755173e-03 -9.93105303e+04  1.86849860e+07  1.85563526e+04 -2.17045157e+06 -1.66108001e+04  9.94463702e+05 
 2.24905461e+02 -9.99999877e-01 -1.52502714e-05  1.95160388e+00  1.55235549e-02 -2.35823682e-01 -3.04441084e-03  1.84474877e-01  3.93064725e-03 -9.77498536e+04  1.85676332e+07  1.82508598e+04 -2.15007041e+06 -1.62511137e+04  9.79249150e+05 
 2.25164542e+02 -9.99999879e-01 -1.51306215e-05  1.93657014e+00  1.52985258e-02 -2.32917758e-01 -2.98659522e-03  1.81456385e-01  3.84602365e-03 -9.62226678e+04  1.84518049e+07  1.79521654e+04 -2.12998347e+06 -1.59009290e+04  9.64335043e+05 
 2.25423921e+02 -9.99999880e-01 -1.50124614e-05  1.92173589e+00  1.50781435e-02 -2.30061895e-01 -2.93019107e-03  1.78499651e-01  3.76360926e-03 -9.47280405e+04  1.83374706e+07  1.76600754e+04 -2.11018465e+06 -1.55599449e+04  9.49713890e+05 
 2.25683600e+02 -9.99999882e-01 -1.48957614e-05  1.90709718e+00  1.48622814e-02 -2.27254942e-01 -2.87515575e-03  1.75603110e-01  3.68333506e-03 -9.32650716e+04  1.82246009e+07  1.73744022e+04 -2.09066801e+06 -1.52278719e+04  9.35378428e+05 
 2.25943577e+02 -9.99999883e-01 -1.47804926e-05  1.89265015e+00  1.46508172e-02 -2.24495779e-01 -2.82144815e-03  1.72765247e-01  3.60513455e-03 -9.18328918e+04  1.81131668e+07  1.70949651e+04 -2.07142778e+06 -1.49044310e+04  9.21321616e+05 
 2.26203854e+02 -9.99999885e-01 -1.46666272e-05  1.87839103e+00  1.44436327e-02 -2.21783320e-01 -2.76902867e-03  1.69984589e-01  3.52894368e-03 -9.04306612e+04  1.80031404e+07  1.68215894e+04 -2.05245835e+06 -1.45893536e+04  9.07536625e+05 
 2.26464431e+02 -9.99999886e-01 -1.45541376e-05  1.86431617e+00  1.42406138e-02 -2.19116510e-01 -2.71785910e-03  1.67259713e-01  3.45470071e-03 -8.90575682e+04  1.78944944e+07  1.65541065e+04 -2.03375426e+06 -1.42823808e+04  8.94016830e+05 
 2.26725308e+02 -9.99999887e-01 -1.44429973e-05  1.85042200e+00  1.40416500e-02 -2.16494324e-01 -2.66790258e-03  1.64589235e-01  3.38234614e-03 -8.77128285e+04  1.77872020e+07  1.62923535e+04 -2.01531018e+06 -1.39832631e+04  8.80755804e+05 
 2.26986485e+02 -9.99999889e-01 -1.43331804e-05  1.83670505e+00  1.38466346e-02 -2.13915765e-01 -2.61912356e-03  1.61971814e-01  3.31182260e-03 -8.63956838e+04  1.76812375e+07  1.60361730e+04 -1.99712093e+06 -1.36917602e+04  8.67747311e+05 
 2.27247964e+02 -9.99999890e-01 -1.42246616e-05  1.82316194e+00  1.36554641e-02 -2.11379865e-01 -2.57148775e-03  1.59406150e-01  3.24307477e-03 -8.51054008e+04  1.75765756e+07  1.57854131e+04 -1.97918149e+06 -1.34076401e+04  8.54985298e+05 
 2.27509743e+02 -9.99999891e-01 -1.41174165e-05  1.80978936e+00  1.34680389e-02 -2.08885685e-01 -2.52496203e-03  1.56890979e-01  3.17604928e-03 -8.38412705e+04  1.74731917e+07  1.55399266e+04 -1.96148692e+06 -1.31306796e+04  8.42463891e+05 
 2.27771824e+02 -9.99999892e-01 -1.40114208e-05  1.79658412e+00  1.32842620e-02 -2.06432308e-01 -2.47951443e-03  1.54425076e-01  3.11069466e-03 -8.26026068e+04  1.73710617e+07  1.52995716e+04 -1.94403246e+06 -1.28606629e+04  8.30177385e+05 
 2.28034207e+02 -9.99999894e-01 -1.39066514e-05  1.78354306e+00  1.31040401e-02 -2.04018847e-01 -2.43511410e-03  1.52007253e-01  3.04696123e-03 -8.13887459e+04  1.72701624e+07  1.50642106e+04 -1.92681344e+06 -1.25973820e+04  8.18120242e+05 
 2.28296892e+02 -9.99999895e-01 -1.38030853e-05  1.77066315e+00  1.29272824e-02 -2.01644436e-01 -2.39173124e-03  1.49636354e-01  2.98480106e-03 -8.01990455e+04  1.71704709e+07  1.48337107e+04 -1.90982533e+06 -1.23406365e+04  8.06287083e+05 
 2.28559880e+02 -9.99999896e-01 -1.37007003e-05  1.75794141e+00  1.27539013e-02 -1.99308234e-01 -2.34933704e-03  1.47311259e-01  2.92416787e-03 -7.90328837e+04  1.70719650e+07  1.46079434e+04 -1.89306369e+06 -1.20902326e+04  7.94672682e+05 
 2.28823171e+02 -9.99999897e-01 -1.35994749e-05  1.74537492e+00  1.25838117e-02 -1.97009424e-01 -2.30790370e-03  1.45030879e-01  2.86501698e-03 -7.78896584e+04  1.69746231e+07  1.43867842e+04 -1.87652421e+06 -1.18459834e+04  7.83271965e+05 
 2.29086765e+02 -9.99999898e-01 -1.34993876e-05  1.73296087e+00  1.24169315e-02 -1.94747208e-01 -2.26740432e-03  1.42794156e-01  2.80730524e-03 -7.67687866e+04  1.68784239e+07  1.41701129e+04 -1.86020269e+06 -1.16077085e+04  7.72079998e+05 
 2.29350663e+02 -9.99999899e-01 -1.34004181e-05  1.72069648e+00  1.22531808e-02 -1.92520813e-01 -2.22781292e-03  1.40600063e-01  2.75099098e-03 -7.56697035e+04  1.67833469e+07  1.39578127e+04 -1.84409504e+06 -1.13752336e+04  7.61091989e+05 
 2.29614865e+02 -9.99999900e-01 -1.33025461e-05  1.70857906e+00  1.20924824e-02 -1.90329484e-01 -2.18910440e-03  1.38447602e-01  2.69603393e-03 -7.45918620e+04  1.66893720e+07  1.37497710e+04 -1.82819725e+06 -1.11483904e+04  7.50303278e+05 
 2.29879371e+02 -9.99999902e-01 -1.32057520e-05  1.69660598e+00  1.19347614e-02 -1.88172488e-01 -2.15125444e-03  1.36335804e-01  2.64239519e-03 -7.35347320e+04  1.65964794e+07  1.35458785e+04 -1.81250542e+06 -1.09270163e+04  7.39709336e+05 
 2.30144182e+02 -9.99999903e-01 -1.31100167e-05  1.68477467e+00  1.17799452e-02 -1.86049110e-01 -2.11423957e-03  1.34263726e-01  2.59003717e-03 -7.24977995e+04  1.65046500e+07  1.33460292e+04 -1.79701575e+06 -1.07109542e+04  7.29305760e+05 
 2.30409298e+02 -9.99999904e-01 -1.30153213e-05  1.67308262e+00  1.16279633e-02 -1.83958655e-01 -2.07803706e-03  1.32230450e-01  2.53892352e-03 -7.14805666e+04  1.64138651e+07  1.31501208e+04 -1.78172453e+06 -1.05000524e+04  7.19088268e+05 
 2.30674719e+02 -9.99999905e-01 -1.29216478e-05  1.66152740e+00  1.14787476e-02 -1.81900445e-01 -2.04262493e-03  1.30235088e-01  2.48901912e-03 -7.04825502e+04  1.63241065e+07  1.29580538e+04 -1.76662814e+06 -1.02941642e+04  7.09052694e+05 
 2.30940446e+02 -9.99999906e-01 -1.28289780e-05  1.65010660e+00  1.13322316e-02 -1.79873819e-01 -2.00798190e-03  1.28276772e-01  2.44028997e-03 -6.95032822e+04  1.62353562e+07  1.27697320e+04 -1.75172305e+06 -1.00931476e+04  6.99194988e+05 
 2.31206479e+02 -9.99999907e-01 -1.27372947e-05  1.63881789e+00  1.11883513e-02 -1.77878136e-01 -1.97408738e-03  1.26354660e-01  2.39270325e-03 -6.85423083e+04  1.61475968e+07  1.25850621e+04 -1.73700580e+06 -9.89686556e+03  6.89511208e+05 
 2.31472819e+02 -9.99999907e-01 -1.26465807e-05  1.62765900e+00  1.10470442e-02 -1.75912769e-01 -1.94092144e-03  1.24467933e-01  2.34622715e-03 -6.75991878e+04  1.60608114e+07  1.24039536e+04 -1.72247303e+06 -9.70518543e+03  6.79997520e+05 
 2.31739465e+02 -9.99999908e-01 -1.25568196e-05  1.61662769e+00  1.09082498e-02 -1.73977107e-01 -1.90846479e-03  1.22615793e-01  2.30083093e-03 -6.66734932e+04  1.59749832e+07  1.22263188e+04 -1.70812145e+06 -9.51797893e+03  6.70650191e+05 
 2.32006419e+02 -9.99999909e-01 -1.24679948e-05  1.60572180e+00  1.07719093e-02 -1.72070556e-01 -1.87669873e-03  1.20797467e-01  2.25648484e-03 -6.57648096e+04  1.58900961e+07  1.20520725e+04 -1.69394785e+06 -9.33512195e+03  6.61465590e+05 
 2.32273680e+02 -9.99999910e-01 -1.23800907e-05  1.59493919e+00  1.06379657e-02 -1.70192536e-01 -1.84560516e-03  1.19012199e-01  2.21316009e-03 -6.48727343e+04  1.58061341e+07  1.18811324e+04 -1.67994910e+06 -9.15649442e+03  6.52440181e+05 
 2.32541249e+02 -9.99999911e-01 -1.22930917e-05  1.58427779e+00  1.05063637e-02 -1.68342481e-01 -1.81516655e-03  1.17259255e-01  2.17082881e-03 -6.39968764e+04  1.57230818e+07  1.17134182e+04 -1.66612212e+06 -8.98198013e+03  6.43570522e+05 
 2.32809126e+02 -9.99999912e-01 -1.22069826e-05  1.57373556e+00  1.03770493e-02 -1.66519841e-01 -1.78536592e-03  1.15537920e-01  2.12946400e-03 -6.31368562e+04  1.56409239e+07  1.15488523e+04 -1.65246394e+06 -8.81146662e+03  6.34853261e+05 
 2.33077312e+02 -9.99999913e-01 -1.21217485e-05  1.56331053e+00  1.02499704e-02 -1.64724077e-01 -1.75618680e-03  1.13847500e-01  2.08903956e-03 -6.22923052e+04  1.55596456e+07  1.13873594e+04 -1.63897163e+06 -8.64484501e+03  6.26285135e+05 
 2.33345806e+02 -9.99999914e-01 -1.20373750e-05  1.55300074e+00  1.01250761e-02 -1.62954667e-01 -1.72761323e-03  1.12187316e-01  2.04953016e-03 -6.14628652e+04  1.54792324e+07  1.12288661e+04 -1.62564233e+06 -8.48200987e+03  6.17862965e+05 
 2.33614610e+02 -9.99999914e-01 -1.19538479e-05  1.54280431e+00  1.00023172e-02 -1.61211098e-01 -1.69962975e-03  1.10556710e-01  2.01091131e-03 -6.06481885e+04  1.53996701e+07  1.10733015e+04 -1.61247325e+06 -8.32285913e+03  6.09583653e+05 
 2.33883724e+02 -9.99999915e-01 -1.18711533e-05  1.53271937e+00  9.88164556e-03 -1.59492872e-01 -1.67222137e-03  1.08955039e-01  1.97315927e-03 -5.98479371e+04  1.53209449e+07  1.09205966e+04 -1.59946166e+06 -8.16729390e+03  6.01444185e+05 
 2.34153148e+02 -9.99999916e-01 -1.17892776e-05  1.52274412e+00  9.76301470e-03 -1.57799503e-01 -1.64537354e-03  1.07381678e-01  1.93625103e-03 -5.90617825e+04  1.52430432e+07  1.07706842e+04 -1.58660490e+06 -8.01521843e+03  5.93441620e+05 
 2.34422882e+02 -9.99999917e-01 -1.17082075e-05  1.51287676e+00  9.64637925e-03 -1.56130515e-01 -1.61907217e-03  1.05836018e-01  1.90016431e-03 -5.82894057e+04  1.51659517e+07  1.06234995e+04 -1.57390035e+06 -7.86653993e+03  5.85573094e+05 
 2.34692926e+02 -9.99999918e-01 -1.16279301e-05  1.50311558e+00  9.53169514e-03 -1.54485445e-01 -1.59330357e-03  1.04317465e-01  1.86487749e-03 -5.75304962e+04  1.50896575e+07  1.04789790e+04 -1.56134547e+06 -7.72116847e+03  5.77835816e+05 
 2.34963282e+02 -9.99999918e-01 -1.15484327e-05  1.49345886e+00  9.41891952e-03 -1.52863841e-01 -1.56805447e-03  1.02825442e-01  1.83036964e-03 -5.67847525e+04  1.50141478e+07  1.03370615e+04 -1.54893777e+06 -7.57901694e+03  5.70227065e+05 
 2.35233949e+02 -9.99999919e-01 -1.14697027e-05  1.48390495e+00  9.30801069e-03 -1.51265262e-01 -1.54331200e-03  1.01359385e-01  1.79662047e-03 -5.60518811e+04  1.49394102e+07  1.01976871e+04 -1.53667479e+06 -7.44000087e+03  5.62744190e+05 
 2.35504928e+02 -9.99999920e-01 -1.13917280e-05  1.47445221e+00  9.19892809e-03 -1.49689275e-01 -1.51906366e-03  9.99187444e-02  1.76361027e-03 -5.53315969e+04  1.48654325e+07  1.00607978e+04 -1.52455417e+06 -7.30403840e+03  5.55384604e+05 
 2.35776220e+02 -9.99999920e-01 -1.13144969e-05  1.46509905e+00  9.09163227e-03 -1.48135462e-01 -1.49529733e-03  9.85029858e-02  1.73131997e-03 -5.46236223e+04  1.47922028e+07  9.92633727e+03 -1.51257356e+06 -7.17105015e+03  5.48145785e+05 
 2.36047823e+02 -9.99999921e-01 -1.12379974e-05  1.45584391e+00  8.98608482e-03 -1.46603409e-01 -1.47200124e-03  9.71115875e-02  1.69973104e-03 -5.39276874e+04  1.47197095e+07  9.79425063e+03 -1.50073069e+06 -7.04095913e+03  5.41025275e+05 
 2.36319740e+02 -9.99999922e-01 -1.11622182e-05  1.44668527e+00  8.88224837e-03 -1.45092717e-01 -1.44916394e-03  9.57440408e-02  1.66882554e-03 -5.32435294e+04  1.46479412e+07  9.66448455e+03 -1.48902331e+06 -6.91369070e+03  5.34020677e+05 
 2.36591970e+02 -9.99999922e-01 -1.10871483e-05  1.43762163e+00  8.78008653e-03 -1.43602992e-01 -1.42677435e-03  9.43998499e-02  1.63858602e-03 -5.25708929e+04  1.45768866e+07  9.53698715e+03 -1.47744924e+06 -6.78917245e+03  5.27129650e+05 
 2.36864513e+02 -9.99999923e-01 -1.10127764e-05  1.42865152e+00  8.67956389e-03 -1.42133853e-01 -1.40482169e-03  9.30785314e-02  1.60899559e-03 -5.19095291e+04  1.45065348e+07  9.41170800e+03 -1.46600635e+06 -6.66733413e+03  5.20349912e+05 
 2.37137371e+02 -9.99999924e-01 -1.09390921e-05  1.41977352e+00  8.58064596e-03 -1.40684924e-01 -1.38329548e-03  9.17796138e-02  1.58003784e-03 -5.12591957e+04  1.44368751e+07  9.28859802e+03 -1.45469253e+06 -6.54810757e+03  5.13679239e+05 
 2.37410542e+02 -9.99999924e-01 -1.08660847e-05  1.41098621e+00  8.48329916e-03 -1.39255841e-01 -1.36218556e-03  9.05026372e-02  1.55169684e-03 -5.06196571e+04  1.43678970e+07  9.16760946e+03 -1.44350574e+06 -6.43142665e+03  5.07115456e+05 
 2.37684029e+02 -9.99999925e-01 -1.07937440e-05  1.40228822e+00  8.38749076e-03 -1.37846245e-01 -1.34148204e-03  8.92471530e-02  1.52395713e-03 -4.99906837e+04  1.42995902e+07  9.04869586e+03 -1.43244396e+06 -6.31722717e+03  5.00656444e+05 
 2.37957830e+02 -9.99999926e-01 -1.07220598e-05  1.39367820e+00  8.29318891e-03 -1.36455788e-01 -1.32117532e-03  8.80127236e-02  1.49680371e-03 -4.93720520e+04  1.42319446e+07  8.93181200e+03 -1.42150524e+06 -6.20544683e+03  4.94300135e+05 
 2.38231947e+02 -9.99999926e-01 -1.06510223e-05  1.38515483e+00  8.20036257e-03 -1.35084129e-01 -1.30125608e-03  8.67989220e-02  1.47022200e-03 -4.87635443e+04  1.41649503e+07  8.81691386e+03 -1.41068764e+06 -6.09602513e+03  4.88044508e+05 
 2.38506380e+02 -9.99999927e-01 -1.05806218e-05  1.37671682e+00  8.10898147e-03 -1.33730933e-01 -1.28171524e-03  8.56053317e-02  1.44419785e-03 -4.81649486e+04  1.40985978e+07  8.70395860e+03 -1.39998928e+06 -5.98890337e+03  4.81887592e+05 
 2.38781128e+02 -9.99999927e-01 -1.05108489e-05  1.36836290e+00  8.01901615e-03 -1.32395874e-01 -1.26254399e-03  8.44315459e-02  1.41871751e-03 -4.75760582e+04  1.40328774e+07  8.59290450e+03 -1.38940831e+06 -5.88402451e+03  4.75827463e+05 
 2.39056194e+02 -9.99999928e-01 -1.04416941e-05  1.36009182e+00  7.93043788e-03 -1.31078634e-01 -1.24373374e-03  8.32771680e-02  1.39376764e-03 -4.69966718e+04  1.39677798e+07  8.48371093e+03 -1.37894293e+06 -5.78133316e+03  4.69862240e+05 
 2.39331576e+02 -9.99999929e-01 -1.03731485e-05  1.35190237e+00  7.84321864e-03 -1.29778901e-01 -1.22527618e-03  8.21418106e-02  1.36933527e-03 -4.64265933e+04  1.39032961e+07  8.37633834e+03 -1.36859136e+06 -5.68077556e+03  4.63990089e+05 
 2.39607275e+02 -9.99999929e-01 -1.03052030e-05  1.34379336e+00  7.75733114e-03 -1.28496369e-01 -1.20716319e-03  8.10250955e-02  1.34540779e-03 -4.58656316e+04  1.38394171e+07  8.27074819e+03 -1.35835187e+06 -5.58229942e+03  4.58209218e+05 
 2.39883292e+02 -9.99999930e-01 -1.02378488e-05  1.33576360e+00  7.67274875e-03 -1.27230740e-01 -1.18938688e-03  7.99266538e-02  1.32197295e-03 -4.53136003e+04  1.37761343e+07  8.16690295e+03 -1.34822274e+06 -5.48585401e+03  4.52517876e+05 
 2.40159627e+02 -9.99999930e-01 -1.01710775e-05  1.32781196e+00  7.58944551e-03 -1.25981723e-01 -1.17193960e-03  7.88461249e-02  1.29901887e-03 -4.47703176e+04  1.37134389e+07  8.06476603e+03 -1.33820232e+06 -5.39138998e+03  4.46914353e+05 
 2.40436280e+02 -9.99999931e-01 -1.01048805e-05  1.31993730e+00  7.50739611e-03 -1.24749031e-01 -1.15481387e-03  7.77831570e-02  1.27653397e-03 -4.42356066e+04  1.36513226e+07  7.96430180e+03 -1.32828897e+06 -5.29885941e+03  4.41396979e+05 
 2.40713252e+02 -9.99999931e-01 -1.00392497e-05  1.31213853e+00  7.42657584e-03 -1.23532386e-01 -1.13800243e-03  7.67374063e-02  1.25450701e-03 -4.37092946e+04  1.35897770e+07  7.86547555e+03 -1.31848108e+06 -5.20821570e+03  4.35964121e+05 
 2.40990543e+02 -9.99999932e-01 -9.97417675e-06  1.30441455e+00  7.34696063e-03 -1.22331514e-01 -1.12149823e-03  7.57085371e-02  1.23292706e-03 -4.31912130e+04  1.35287942e+07  7.76825341e+03 -1.30877709e+06 -5.11941358e+03  4.30614185e+05 
 2.41268153e+02 -9.99999932e-01 -9.90965390e-06  1.29676431e+00  7.26852695e-03 -1.21146148e-01 -1.10529439e-03  7.46962217e-02  1.21178348e-03 -4.26811976e+04  1.34683661e+07  7.67260240e+03 -1.29917546e+06 -5.03240902e+03  4.25345613e+05 
 2.41546083e+02 -9.99999933e-01 -9.84567328e-06  1.28918677e+00  7.19125189e-03 -1.19976026e-01 -1.08938421e-03  7.37001397e-02  1.19106595e-03 -4.21790883e+04  1.34084849e+07  7.57849035e+03 -1.28967467e+06 -4.94715922e+03  4.20156881e+05 
 2.41824334e+02 -9.99999933e-01 -9.78222721e-06  1.28168089e+00  7.11511305e-03 -1.18820892e-01 -1.07376119e-03  7.27199781e-02  1.17076442e-03 -4.16847286e+04  1.33491430e+07  7.48588590e+03 -1.28027324e+06 -4.86362257e+03  4.15046500e+05 
 2.42102905e+02 -9.99999934e-01 -9.71930820e-06  1.27424569e+00  7.04008859e-03 -1.17680494e-01 -1.05841897e-03  7.17554312e-02  1.15086910e-03 -4.11979662e+04  1.32903329e+07  7.39475848e+03 -1.27096973e+06 -4.78175860e+03  4.10013017e+05 
 2.42381796e+02 -9.99999934e-01 -9.65690884e-06  1.26688017e+00  6.96615719e-03 -1.16554588e-01 -1.04335138e-03  7.08062004e-02  1.13137048e-03 -4.07186520e+04  1.32320473e+07  7.30507825e+03 -1.26176270e+06 -4.70152793e+03  4.05055008e+05 
 2.42661010e+02 -9.99999935e-01 -9.59502199e-06  1.25958336e+00  6.89329804e-03 -1.15442933e-01 -1.02855241e-03  6.98719935e-02  1.11225932e-03 -4.02466409e+04  1.31742788e+07  7.21681614e+03 -1.25265076e+06 -4.62289230e+03  4.00171083e+05 
 2.42940544e+02 -9.99999935e-01 -9.53364042e-06  1.25235433e+00  6.82149081e-03 -1.14345293e-01 -1.01401619e-03  6.89525254e-02  1.09352661e-03 -3.97817911e+04  1.31170204e+07  7.12994377e+03 -1.24363254e+06 -4.54581444e+03  3.95359881e+05 
 2.43220401e+02 -9.99999936e-01 -9.47275731e-06  1.24519214e+00  6.75071565e-03 -1.13261439e-01 -9.99737032e-04  6.80475171e-02  1.07516359e-03 -3.93239643e+04  1.30602651e+07  7.04443346e+03 -1.23470670e+06 -4.47025813e+03  3.90620074e+05 
 2.43500580e+02 -9.99999936e-01 -9.41236561e-06  1.23809587e+00  6.68095318e-03 -1.12191144e-01 -9.85709368e-04  6.71566959e-02  1.05716173e-03 -3.88730253e+04  1.30040062e+07  6.96025819e+03 -1.22587191e+06 -4.39618810e+03  3.85950360e+05 
 2.43781082e+02 -9.99999937e-01 -9.35245879e-06  1.23106463e+00  6.61218449e-03 -1.11134187e-01 -9.71927783e-04  6.62797954e-02  1.03951275e-03 -3.84288422e+04  1.29482367e+07  6.87739163e+03 -1.21712688e+06 -4.32357003e+03  3.81349468e+05 
 2.44061907e+02 -9.99999937e-01 -9.29303019e-06  1.22409753e+00  6.54439107e-03 -1.10090352e-01 -9.58387002e-04  6.54165550e-02  1.02220855e-03 -3.79912863e+04  1.28929503e+07  6.79580804e+03 -1.20847034e+06 -4.25237055e+03  3.76816154e+05 
 2.44343055e+02 -9.99999937e-01 -9.23407327e-06  1.21719372e+00  6.47755488e-03 -1.09059426e-01 -9.45081882e-04  6.45667199e-02  1.00524129e-03 -3.75602316e+04  1.28381404e+07  6.71548232e+03 -1.19990104e+06 -4.18255713e+03  3.72349201e+05 
 2.44624528e+02 -9.99999938e-01 -9.17558185e-06  1.21035235e+00  6.41165825e-03 -1.08041202e-01 -9.32007413e-04  6.37300410e-02  9.88603293e-04 -3.71355555e+04  1.27838007e+07  6.63638998e+03 -1.19141776e+06 -4.11409813e+03  3.67947418e+05 
 2.44906324e+02 -9.99999938e-01 -9.11754950e-06  1.20357257e+00  6.34668396e-03 -1.07035476e-01 -9.19158709e-04  6.29062746e-02  9.72287116e-04 -3.67171378e+04  1.27299248e+07  6.55850708e+03 -1.18301930e+06 -4.04696276e+03  3.63609641e+05 
 2.45188445e+02 -9.99999939e-01 -9.05997013e-06  1.19685357e+00  6.28261515e-03 -1.06042049e-01 -9.06531010e-04  6.20951825e-02  9.56285499e-04 -3.63048613e+04  1.26765068e+07  6.48181028e+03 -1.17470449e+06 -3.98112102e+03  3.59334729e+05 
 2.45470892e+02 -9.99999939e-01 -9.00283777e-06  1.19019456e+00  6.21943535e-03 -1.05060724e-01 -8.94119672e-04  6.12965316e-02  9.40591371e-04 -3.58986116e+04  1.26235405e+07  6.40627676e+03 -1.16647215e+06 -3.91654369e+03  3.55121568e+05 
 2.45753663e+02 -9.99999940e-01 -8.94614641e-06  1.18359473e+00  6.15712847e-03 -1.04091311e-01 -8.81920170e-04  6.05100939e-02  9.25197845e-04 -3.54982766e+04  1.25710200e+07  6.33188427e+03 -1.15832116e+06 -3.85320235e+03  3.50969065e+05 
 2.46036760e+02 -9.99999940e-01 -8.88989030e-06  1.17705331e+00  6.09567878e-03 -1.03133621e-01 -8.69928090e-04  5.97356464e-02  9.10098213e-04 -3.51037471e+04  1.25189396e+07  6.25861104e+03 -1.15025039e+06 -3.79106928e+03  3.46876153e+05 
 2.46320184e+02 -9.99999940e-01 -8.83406381e-06  1.17056953e+00  6.03507089e-03 -1.02187470e-01 -8.58139128e-04  5.89729708e-02  8.95285940e-04 -3.47149161e+04  1.24672935e+07  6.18643583e+03 -1.14225876e+06 -3.73011750e+03  3.42841786e+05 
 2.46603934e+02 -9.99999941e-01 -8.77866103e-06  1.16414266e+00  5.97528977e-03 -1.01252679e-01 -8.46549086e-04  5.82218537e-02  8.80754660e-04 -3.43316791e+04  1.24160762e+07  6.11533790e+03 -1.13434519e+06 -3.67032072e+03  3.38864941e+05 
 2.46888010e+02 -9.99999941e-01 -8.72367679e-06  1.15777195e+00  5.91632072e-03 -1.00329069e-01 -8.35153868e-04  5.74820860e-02  8.66498167e-04 -3.39539342e+04  1.23652820e+07  6.04529696e+03 -1.12650861e+06 -3.61165334e+03  3.34944614e+05 
 2.47172415e+02 -9.99999941e-01 -8.66910540e-06  1.15145668e+00  5.85814934e-03 -9.94164669e-02 -8.23949481e-04  5.67534635e-02  8.52510415e-04 -3.35815813e+04  1.23149056e+07  5.97629320e+03 -1.11874800e+06 -3.55409040e+03  3.31079826e+05 
 2.47457146e+02 -9.99999942e-01 -8.61494169e-06  1.14519614e+00  5.80076159e-03 -9.85147033e-02 -8.12932026e-04  5.60357860e-02  8.38785512e-04 -3.32145229e+04  1.22649417e+07  5.90830728e+03 -1.11106233e+06 -3.49760758e+03  3.27269615e+05 
 2.47742206e+02 -9.99999942e-01 -8.56118038e-06  1.13898963e+00  5.74414369e-03 -9.76236110e-02 -8.02097702e-04  5.53288576e-02  8.25317715e-04 -3.28526637e+04  1.22153850e+07  5.84132026e+03 -1.10345060e+06 -3.44218119e+03  3.23513041e+05 
 2.48027594e+02 -9.99999943e-01 -8.50781635e-06  1.13283646e+00  5.68828220e-03 -9.67430265e-02 -7.91442796e-04  5.46324867e-02  8.12101424e-04 -3.24959101e+04  1.21662304e+07  5.77531366e+03 -1.09591182e+06 -3.38778813e+03  3.19809183e+05 
 2.48313311e+02 -9.99999943e-01 -8.45484442e-06  1.12673596e+00  5.63316394e-03 -9.58727891e-02 -7.80963687e-04  5.39464857e-02  7.99131182e-04 -3.21441710e+04  1.21174729e+07  5.71026942e+03 -1.08844503e+06 -3.33440589e+03  3.16157138e+05 
 2.48599356e+02 -9.99999943e-01 -8.40225971e-06  1.12068746e+00  5.57877605e-03 -9.50127416e-02 -7.70656842e-04  5.32706707e-02  7.86401667e-04 -3.17973572e+04  1.20691073e+07  5.64616986e+03 -1.08104928e+06 -3.28201252e+03  3.12556023e+05 
 2.48885732e+02 -9.99999944e-01 -8.35005733e-06  1.11469031e+00  5.52510591e-03 -9.41627294e-02 -7.60518809e-04  5.26048620e-02  7.73907691e-04 -3.14553812e+04  1.20211290e+07  5.58299772e+03 -1.07372363e+06 -3.23058663e+03  3.09004973e+05 
 2.49172437e+02 -9.99999944e-01 -8.29823244e-06  1.10874388e+00  5.47214120e-03 -9.33226012e-02 -7.50546220e-04  5.19488835e-02  7.61644193e-04 -3.11181576e+04  1.19735330e+07  5.52073610e+03 -1.06646716e+06 -3.18010736e+03  3.05503139e+05 
 2.49459473e+02 -9.99999944e-01 -8.24678028e-06  1.10284752e+00  5.41986983e-03 -9.24922083e-02 -7.40735788e-04  5.13025626e-02  7.49606239e-04 -3.07856029e+04  1.19263147e+07  5.45936850e+03 -1.05927898e+06 -3.13055436e+03  3.02049690e+05 
 2.49746839e+02 -9.99999945e-01 -8.19569635e-06  1.09700062e+00  5.36828001e-03 -9.16714049e-02 -7.31084300e-04  5.06657306e-02  7.37789016e-04 -3.04576352e+04  1.18794693e+07  5.39887877e+03 -1.05215820e+06 -3.08190781e+03  2.98643814e+05 
 2.50034536e+02 -9.99999945e-01 -8.14497582e-06  1.09120257e+00  5.31736015e-03 -9.08600479e-02 -7.21588624e-04  5.00382221e-02  7.26187831e-04 -3.01341746e+04  1.18329924e+07  5.33925113e+03 -1.04510394e+06 -3.03414835e+03  2.95284712e+05 
 2.50322565e+02 -9.99999945e-01 -8.09461437e-06  1.08545277e+00  5.26709895e-03 -9.00579969e-02 -7.12245695e-04  4.94198750e-02  7.14798103e-04 -2.98151428e+04  1.17868794e+07  5.28047011e+03 -1.03811535e+06 -2.98725711e+03  2.91971603e+05 
 2.50610925e+02 -9.99999946e-01 -8.04460757e-06  1.07975062e+00  5.21748531e-03 -8.92651142e-02 -7.03052525e-04  4.88105308e-02  7.03615364e-04 -2.95004630e+04  1.17411259e+07  5.22252062e+03 -1.03119158e+06 -2.94121570e+03  2.88703721e+05 
 2.50899618e+02 -9.99999946e-01 -7.99495098e-06  1.07409556e+00  5.16850839e-03 -8.84812644e-02 -6.94006192e-04  4.82100339e-02  6.92635257e-04 -2.91900603e+04  1.16957276e+07  5.16538787e+03 -1.02433181e+06 -2.89600615e+03  2.85480317e+05 
 2.51188643e+02 -9.99999946e-01 -7.94564039e-06  1.06848700e+00  5.12015756e-03 -8.77063148e-02 -6.85103844e-04  4.76182322e-02  6.81853527e-04 -2.88838612e+04  1.16506801e+07  5.10905740e+03 -1.01753523e+06 -2.85161094e+03  2.82300653e+05 
 2.51478001e+02 -9.99999946e-01 -7.89667155e-06  1.06292438e+00  5.07242241e-03 -8.69401351e-02 -6.76342692e-04  4.70349765e-02  6.71266023e-04 -2.85817939e+04  1.16059793e+07  5.05351507e+03 -1.01080103e+06 -2.80801299e+03  2.79164010e+05 
 2.51767693e+02 -9.99999947e-01 -7.84804030e-06  1.05740716e+00  5.02529275e-03 -8.61825974e-02 -6.67720014e-04  4.64601206e-02  6.60868696e-04 -2.82837879e+04  1.15616210e+07  4.99874703e+03 -1.00412842e+06 -2.76519561e+03  2.76069681e+05 
 2.52057718e+02 -9.99999947e-01 -7.79974260e-06  1.05193478e+00  4.97875859e-03 -8.54335761e-02 -6.59233149e-04  4.58935213e-02  6.50657592e-04 -2.79897744e+04  1.15176012e+07  4.94473973e+03 -9.97516628e+05 -2.72314253e+03  2.73016973e+05 
 2.52348077e+02 -9.99999947e-01 -7.75177438e-06  1.04650672e+00  4.93281016e-03 -8.46929480e-02 -6.50879496e-04  4.53350383e-02  6.40628851e-04 -2.76996857e+04  1.14739158e+07  4.89147991e+03 -9.90964897e+05 -2.68183787e+03  2.70005206e+05 
 2.52638771e+02 -9.99999948e-01 -7.70413175e-06  1.04112244e+00  4.88743788e-03 -8.39605918e-02 -6.42656515e-04  4.47845341e-02  6.30778707e-04 -2.74134559e+04  1.14305609e+07  4.83895459e+03 -9.84472476e+05 -2.64126611e+03  2.67033715e+05 
 2.52929800e+02 -9.99999948e-01 -7.65681079e-06  1.03578144e+00  4.84263236e-03 -8.32363888e-02 -6.34561721e-04  4.42418739e-02  6.21103483e-04 -2.71310202e+04  1.13875326e+07  4.78715106e+03 -9.78038626e+05 -2.60141213e+03  2.64101846e+05 
 2.53221164e+02 -9.99999948e-01 -7.60980765e-06  1.03048319e+00  4.79838440e-03 -8.25202222e-02 -6.26592687e-04  4.37069256e-02  6.11599587e-04 -2.68523152e+04  1.13448271e+07  4.73605689e+03 -9.71662623e+05 -2.56226115e+03  2.61208960e+05 
 2.53512863e+02 -9.99999948e-01 -7.56311863e-06  1.02522720e+00  4.75468500e-03 -8.18119773e-02 -6.18747040e-04  4.31795597e-02  6.02263513e-04 -2.65772788e+04  1.13024406e+07  4.68565989e+03 -9.65343754e+05 -2.52379874e+03  2.58354428e+05 
 2.53804899e+02 -9.99999949e-01 -7.51673991e-06  1.02001297e+00  4.71152532e-03 -8.11115415e-02 -6.11022460e-04  4.26596493e-02  5.93091840e-04 -2.63058501e+04  1.12603694e+07  4.63594816e+03 -9.59081316e+05 -2.48601082e+03  2.55537635e+05 
 2.54097271e+02 -9.99999949e-01 -7.47066792e-06  1.01484001e+00  4.66889671e-03 -8.04188042e-02 -6.03416679e-04  4.21470700e-02  5.84081222e-04 -2.60379696e+04  1.12186100e+07  4.58691000e+03 -9.52874619e+05 -2.44888365e+03  2.52757976e+05 
 2.54389979e+02 -9.99999949e-01 -7.42489908e-06  1.00970785e+00  4.62679069e-03 -7.97336567e-02 -5.95927479e-04  4.16416998e-02  5.75228395e-04 -2.57735788e+04  1.11771586e+07  4.53853399e+03 -9.46722984e+05 -2.41240379e+03  2.50014859e+05 
 2.54683025e+02 -9.99999950e-01 -7.37942980e-06  1.00461602e+00  4.58519894e-03 -7.90559923e-02 -5.88552692e-04  4.11434192e-02  5.66530171e-04 -2.55126205e+04  1.11360117e+07  4.49080894e+03 -9.40625742e+05 -2.37655813e+03  2.47307702e+05 
 2.54976409e+02 -9.99999950e-01 -7.33425662e-06  9.99564051e-01  4.54411331e-03 -7.83857061e-02 -5.81290196e-04  4.06521108e-02  5.57983433e-04 -2.52550387e+04  1.10951660e+07  4.44372386e+03 -9.34582234e+05 -2.34133386e+03  2.44635937e+05 
 2.55270130e+02 -9.99999950e-01 -7.28937613e-06  9.94551486e-01  4.50352582e-03 -7.77226951e-02 -5.74137917e-04  4.01676596e-02  5.49585139e-04 -2.50007782e+04  1.10546178e+07  4.39726803e+03 -9.28591814e+05 -2.30671847e+03  2.41999002e+05 
 2.55564190e+02 -9.99999950e-01 -7.24478485e-06  9.89577875e-01  4.46342862e-03 -7.70668580e-02 -5.67093827e-04  3.96899530e-02  5.41332316e-04 -2.47497854e+04  1.10143640e+07  4.35143092e+03 -9.22653843e+05 -2.27269974e+03  2.39396351e+05 
 2.55858589e+02 -9.99999951e-01 -7.20047962e-06  9.84642776e-01  4.42381404e-03 -7.64180954e-02 -5.60155941e-04  3.92188803e-02  5.33222059e-04 -2.45020074e+04  1.09744011e+07  4.30620221e+03 -9.16767695e+05 -2.23926572e+03  2.36827443e+05 
 2.56153326e+02 -9.99999951e-01 -7.15645700e-06  9.79745751e-01  4.38467455e-03 -7.57763094e-02 -5.53322318e-04  3.87543330e-02  5.25251529e-04 -2.42573924e+04  1.09347259e+07  4.26157182e+03 -9.10932751e+05 -2.20640476e+03  2.34291751e+05 
 2.56448404e+02 -9.99999951e-01 -7.11271389e-06  9.74886373e-01  4.34600275e-03 -7.51414041e-02 -5.46591058e-04  3.82962049e-02  5.17417955e-04 -2.40158897e+04  1.08953352e+07  4.21752983e+03 -9.05148404e+05 -2.17410547e+03  2.31788756e+05 
 2.56743821e+02 -9.99999951e-01 -7.06924703e-06  9.70064217e-01  4.30779141e-03 -7.45132849e-02 -5.39960303e-04  3.78443916e-02  5.09718625e-04 -2.37774495e+04  1.08562257e+07  4.17406656e+03 -8.99414055e+05 -2.14235669e+03  2.29317950e+05 
 2.57039578e+02 -9.99999951e-01 -7.02605337e-06  9.65278866e-01  4.27003341e-03 -7.38918592e-02 -5.33428235e-04  3.73987906e-02  5.02150890e-04 -2.35420231e+04  1.08173945e+07  4.13117250e+03 -8.93729114e+05 -2.11114756e+03  2.26878833e+05 
 2.57335676e+02 -9.99999952e-01 -6.98312959e-06  9.60529910e-01  4.23272180e-03 -7.32770356e-02 -5.26993075e-04  3.69593017e-02  4.94712162e-04 -2.33095627e+04  1.07788383e+07  4.08883833e+03 -8.88093001e+05 -2.08046743e+03  2.24470915e+05 
 2.57632116e+02 -9.99999952e-01 -6.94047299e-06  9.55816944e-01  4.19584972e-03 -7.26687245e-02 -5.20653081e-04  3.65258264e-02  4.87399910e-04 -2.30800212e+04  1.07405541e+07  4.04705493e+03 -8.82505146e+05 -2.05030591e+03  2.22093714e+05 
 2.57928896e+02 -9.99999952e-01 -6.89808041e-06  9.51139570e-01  4.15941048e-03 -7.20668377e-02 -5.14406550e-04  3.60982679e-02  4.80211661e-04 -2.28533528e+04  1.07025390e+07  4.00581335e+03 -8.76964984e+05 -2.02065285e+03  2.19746760e+05 
 2.58226019e+02 -9.99999952e-01 -6.85594887e-06  9.46497395e-01  4.12339750e-03 -7.14712887e-02 -5.08251813e-04  3.56765314e-02  4.73144996e-04 -2.26295124e+04  1.06647900e+07  3.96510481e+03 -8.71471963e+05 -1.99149831e+03  2.17429587e+05 
 2.58523484e+02 -9.99999953e-01 -6.81407545e-06  9.41890032e-01  4.08780432e-03 -7.08819920e-02 -5.02187237e-04  3.52605240e-02  4.66197551e-04 -2.24084556e+04  1.06273043e+07  3.92492072e+03 -8.66025536e+05 -1.96283259e+03  2.15141741e+05 
 2.58821292e+02 -9.99999953e-01 -6.77245743e-06  9.37317100e-01  4.05262460e-03 -7.02988641e-02 -4.96211224e-04  3.48501543e-02  4.59367014e-04 -2.21901392e+04  1.05900789e+07  3.88525264e+03 -8.60625167e+05 -1.93464619e+03  2.12882776e+05 
 2.59119442e+02 -9.99999953e-01 -6.73109184e-06  9.32778224e-01  4.01785213e-03 -6.97218224e-02 -4.90322209e-04  3.44453327e-02  4.52651126e-04 -2.19745204e+04  1.05531110e+07  3.84609232e+03 -8.55270324e+05 -1.90692983e+03  2.10652251e+05 
 2.59417936e+02 -9.99999953e-01 -6.68997592e-06  9.28273033e-01  3.98348080e-03 -6.91507860e-02 -4.84518661e-04  3.40459714e-02  4.46047674e-04 -2.17615576e+04  1.05163979e+07  3.80743164e+03 -8.49960488e+05 -1.87967445e+03  2.08449737e+05 
 2.59716774e+02 -9.99999953e-01 -6.64910698e-06  9.23801163e-01  3.94950463e-03 -6.85856753e-02 -4.78799079e-04  3.36519839e-02  4.39554499e-04 -2.15512097e+04  1.04799369e+07  3.76926265e+03 -8.44695145e+05 -1.85287117e+03  2.06274811e+05 
 2.60015956e+02 -9.99999954e-01 -6.60848235e-06  9.19362254e-01  3.91591774e-03 -6.80264118e-02 -4.73161994e-04  3.32632856e-02  4.33169486e-04 -2.13434366e+04  1.04437251e+07  3.73157756e+03 -8.39473787e+05 -1.82651131e+03  2.04127057e+05 
 2.60315483e+02 -9.99999954e-01 -6.56809925e-06  9.14955952e-01  3.88271437e-03 -6.74729185e-02 -4.67605968e-04  3.28797934e-02  4.26890568e-04 -2.11381988e+04  1.04077601e+07  3.69436873e+03 -8.34295918e+05 -1.80058639e+03  2.02006068e+05 
 2.60615355e+02 -9.99999954e-01 -6.52795512e-06  9.10581909e-01  3.84988884e-03 -6.69251196e-02 -4.62129592e-04  3.25014256e-02  4.20715721e-04 -2.09354576e+04  1.03720391e+07  3.65762865e+03 -8.29161046e+05 -1.77508812e+03  1.99911441e+05 
 2.60915572e+02 -9.99999954e-01 -6.48804735e-06  9.06239778e-01  3.81743560e-03 -6.63829405e-02 -4.56731487e-04  3.21281021e-02  4.14642967e-04 -2.07351750e+04  1.03365595e+07  3.62134997e+03 -8.24068686e+05 -1.75000837e+03  1.97842785e+05 
 2.61216135e+02 -9.99999954e-01 -6.44837348e-06  9.01929222e-01  3.78534919e-03 -6.58463079e-02 -4.51410300e-04  3.17597443e-02  4.08670371e-04 -2.05373137e+04  1.03013190e+07  3.58552548e+03 -8.19018363e+05 -1.72533920e+03  1.95799712e+05 
 2.61517045e+02 -9.99999955e-01 -6.40893086e-06  8.97649907e-01  3.75362425e-03 -6.53151497e-02 -4.46164708e-04  3.13962750e-02  4.02796040e-04 -2.03418370e+04  1.02663148e+07  3.55014809e+03 -8.14009606e+05 -1.70107285e+03  1.93781843e+05 
 2.61818301e+02 -9.99999955e-01 -6.36971711e-06  8.93401501e-01  3.72225552e-03 -6.47893949e-02 -4.40993414e-04  3.10376182e-02  3.97018120e-04 -2.01487092e+04  1.02315446e+07  3.51521086e+03 -8.09041952e+05 -1.67720171e+03  1.91788805e+05 
 2.62119904e+02 -9.99999955e-01 -6.33072975e-06  8.89183680e-01  3.69123783e-03 -6.42689735e-02 -4.35895148e-04  3.06836997e-02  3.91334799e-04 -1.99578948e+04  1.01970058e+07  3.48070698e+03 -8.04114945e+05 -1.65371837e+03  1.89820231e+05 
 2.62421854e+02 -9.99999955e-01 -6.29196637e-06  8.84996124e-01  3.66056611e-03 -6.37538170e-02 -4.30868665e-04  3.03344462e-02  3.85744304e-04 -1.97693593e+04  1.01626962e+07  3.44662976e+03 -7.99228136e+05 -1.63061553e+03  1.87875761e+05 
 2.62724153e+02 -9.99999955e-01 -6.25342457e-06  8.80838517e-01  3.63023537e-03 -6.32438576e-02 -4.25912744e-04  2.99897860e-02  3.80244897e-04 -1.95830687e+04  1.01286134e+07  3.41297264e+03 -7.94381080e+05 -1.60788608e+03  1.85955042e+05 
 2.63026799e+02 -9.99999956e-01 -6.21510208e-06  8.76710547e-01  3.60024071e-03 -6.27390290e-02 -4.21026191e-04  2.96496486e-02  3.74834881e-04 -1.93989895e+04  1.00947549e+07  3.37972918e+03 -7.89573342e+05 -1.58552306e+03  1.84057726e+05 
 2.63329794e+02 -9.99999956e-01 -6.17699649e-06  8.72611907e-01  3.57057734e-03 -6.22392654e-02 -4.16207834e-04  2.93139648e-02  3.69512593e-04 -1.92170892e+04  1.00611185e+07  3.34689306e+03 -7.84804490e+05 -1.56351966e+03  1.82183471e+05 
 2.63633139e+02 -9.99999956e-01 -6.13910555e-06  8.68542293e-01  3.54124052e-03 -6.17445026e-02 -4.11456527e-04  2.89826665e-02  3.64276405e-04 -1.90373354e+04  1.00277019e+07  3.31445808e+03 -7.80074100e+05 -1.54186919e+03  1.80331943e+05 
 2.63936832e+02 -9.99999956e-01 -6.10142709e-06  8.64501407e-01  3.51222561e-03 -6.12546772e-02 -4.06771142e-04  2.86556870e-02  3.59124724e-04 -1.88596965e+04  9.99450291e+06  3.28241815e+03 -7.75381754e+05 -1.52056513e+03  1.78502810e+05 
 2.64240876e+02 -9.99999956e-01 -6.06395878e-06  8.60488955e-01  3.48352806e-03 -6.07697266e-02 -4.02150579e-04  2.83329606e-02  3.54055992e-04 -1.86841415e+04  9.96151927e+06  3.25076730e+03 -7.70727039e+05 -1.49960109e+03  1.76695750e+05 
 2.64545269e+02 -9.99999957e-01 -6.02669849e-06  8.56504645e-01  3.45514339e-03 -6.02895895e-02 -3.97593756e-04  2.80144229e-02  3.49068681e-04 -1.85106400e+04  9.92874881e+06  3.21949965e+03 -7.66109549e+05 -1.47897082e+03  1.74910443e+05 
 2.64850014e+02 -9.99999957e-01 -5.98964408e-06  8.52548190e-01  3.42706720e-03 -5.98142053e-02 -3.93099613e-04  2.77000107e-02  3.44161297e-04 -1.83391621e+04  9.89618937e+06  3.18860946e+03 -7.61528882e+05 -1.45866818e+03  1.73146576e+05 
 2.65155109e+02 -9.99999957e-01 -5.95279340e-06  8.48619309e-01  3.39929516e-03 -5.93435146e-02 -3.88667113e-04  2.73896617e-02  3.39332377e-04 -1.81696782e+04  9.86383885e+06  3.15809105e+03 -7.56984643e+05 -1.43868719e+03  1.71403842e+05 
 2.65460556e+02 -9.99999957e-01 -5.91614432e-06  8.44717722e-01  3.37182303e-03 -5.88774588e-02 -3.84295235e-04  2.70833148e-02  3.34580489e-04 -1.80021595e+04  9.83169513e+06  3.12793890e+03 -7.52476442e+05 -1.41902197e+03  1.69681938e+05 
 2.65766355e+02 -9.99999957e-01 -5.87969484e-06  8.40843153e-01  3.34464663e-03 -5.84159800e-02 -3.79982983e-04  2.67809100e-02  3.29904228e-04 -1.78365776e+04  9.79975617e+06  3.09814753e+03 -7.48003895e+05 -1.39966677e+03  1.67980567e+05 
 2.66072506e+02 -9.99999957e-01 -5.84344281e-06  8.36995332e-01  3.31776186e-03 -5.79590216e-02 -3.75729376e-04  2.64823883e-02  3.25302222e-04 -1.76729047e+04  9.76801991e+06  3.06871160e+03 -7.43566623e+05 -1.38061598e+03  1.66299436e+05 
 2.66379010e+02 -9.99999958e-01 -5.80738634e-06  8.33173990e-01  3.29116468e-03 -5.75065276e-02 -3.71533456e-04  2.61876917e-02  3.20773125e-04 -1.75111134e+04  9.73648435e+06  3.03962585e+03 -7.39164252e+05 -1.36186407e+03  1.64638259e+05 
 2.66685866e+02 -9.99999958e-01 -5.77152332e-06  8.29378863e-01  3.26485113e-03 -5.70584428e-02 -3.67394280e-04  2.58967634e-02  3.16315619e-04 -1.73511767e+04  9.70514750e+06  3.01088512e+03 -7.34796412e+05 -1.34340565e+03  1.62996751e+05 
 2.66993077e+02 -9.99999958e-01 -5.73585189e-06  8.25609691e-01  3.23881731e-03 -5.66147132e-02 -3.63310925e-04  2.56095472e-02  3.11928415e-04 -1.71930683e+04  9.67400741e+06  2.98248434e+03 -7.30462742e+05 -1.32523543e+03  1.61374637e+05 
 2.67300641e+02 -9.99999958e-01 -5.70037005e-06  8.21866215e-01  3.21305939e-03 -5.61752852e-02 -3.59282486e-04  2.53259884e-02  3.07610247e-04 -1.70367620e+04  9.64306215e+06  2.95441852e+03 -7.26162881e+05 -1.30734824e+03  1.59771641e+05 
 2.67608559e+02 -9.99999958e-01 -5.66507589e-06  8.18148183e-01  3.18757361e-03 -5.57401064e-02 -3.55308074e-04  2.50460326e-02  3.03359877e-04 -1.68822325e+04  9.61230981e+06  2.92668278e+03 -7.21896476e+05 -1.28973900e+03  1.58187497e+05 
 2.67916832e+02 -9.99999958e-01 -5.62996757e-06  8.14455344e-01  3.16235627e-03 -5.53091248e-02 -3.51386818e-04  2.47696270e-02  2.99176094e-04 -1.67294545e+04  9.58174850e+06  2.89927230e+03 -7.17663178e+05 -1.27240276e+03  1.56621939e+05 
 2.68225461e+02 -9.99999958e-01 -5.59504315e-06  8.10787450e-01  3.13740372e-03 -5.48822894e-02 -3.47517864e-04  2.44967192e-02  2.95057708e-04 -1.65784034e+04  9.55137638e+06  2.87218237e+03 -7.13462643e+05 -1.25533464e+03  1.55074708e+05 
 2.68534445e+02 -9.99999959e-01 -5.56030088e-06  8.07144257e-01  3.11271239e-03 -5.44595502e-02 -3.43700373e-04  2.42272579e-02  2.91003555e-04 -1.64290550e+04  9.52119161e+06  2.84540835e+03 -7.09294531e+05 -1.23852988e+03  1.53545548e+05 
 2.68843784e+02 -9.99999959e-01 -5.52573886e-06  8.03525525e-01  3.08827875e-03 -5.40408574e-02 -3.39933522e-04  2.39611927e-02  2.87012495e-04 -1.62813855e+04  9.49119239e+06  2.81894568e+03 -7.05158508e+05 -1.22198380e+03  1.52034209e+05 
 2.69153480e+02 -9.99999959e-01 -5.49135541e-06  7.99931016e-01  3.06409935e-03 -5.36261624e-02 -3.36216506e-04  2.36984740e-02  2.83083411e-04 -1.61353713e+04  9.46137692e+06  2.79278988e+03 -7.01054241e+05 -1.20569184e+03  1.50540442e+05 
 2.69463533e+02 -9.99999959e-01 -5.45714860e-06  7.96360495e-01  3.04017078e-03 -5.32154172e-02 -3.32548531e-04  2.34390530e-02  2.79215206e-04 -1.59909896e+04  9.43174345e+06  2.76693656e+03 -6.96981407e+05 -1.18964951e+03  1.49064006e+05 
 2.69773943e+02 -9.99999959e-01 -5.42311685e-06  7.92813731e-01  3.01648970e-03 -5.28085745e-02 -3.28928821e-04  2.31828818e-02  2.75406809e-04 -1.58482175e+04  9.40229024e+06  2.74138138e+03 -6.92939682e+05 -1.17385242e+03  1.47604660e+05 
 2.70084711e+02 -9.99999959e-01 -5.38925835e-06  7.89290495e-01  2.99305281e-03 -5.24055876e-02 -3.25356614e-04  2.29299133e-02  2.71657167e-04 -1.57070330e+04  9.37301557e+06  2.71612011e+03 -6.88928749e+05 -1.15829627e+03  1.46162170e+05 
 2.70395836e+02 -9.99999959e-01 -5.35557143e-06  7.85790562e-01  2.96985688e-03 -5.20064107e-02 -3.21831161e-04  2.26801011e-02  2.67965250e-04 -1.55674141e+04  9.34391775e+06  2.69114856e+03 -6.84948295e+05 -1.14297683e+03  1.44736304e+05 
 2.70707320e+02 -9.99999960e-01 -5.32205436e-06  7.82313709e-01  2.94689873e-03 -5.16109984e-02 -3.18351728e-04  2.24333997e-02  2.64330048e-04 -1.54293392e+04  9.31499511e+06  2.66646263e+03 -6.80998010e+05 -1.12788998e+03  1.43326834e+05 
 2.71019163e+02 -9.99999960e-01 -5.28870555e-06  7.78859715e-01  2.92417521e-03 -5.12193063e-02 -3.14917595e-04  2.21897644e-02  2.60750571e-04 -1.52927872e+04  9.28624598e+06  2.64205828e+03 -6.77077591e+05 -1.11303165e+03  1.41933538e+05 
 2.71331365e+02 -9.99999960e-01 -5.25552335e-06  7.75428364e-01  2.90168326e-03 -5.08312904e-02 -3.11528053e-04  2.19491510e-02  2.57225849e-04 -1.51577374e+04  9.25766876e+06  2.61793156e+03 -6.73186734e+05 -1.09839789e+03  1.40556193e+05 
 2.71643927e+02 -9.99999960e-01 -5.22250610e-06  7.72019442e-01  2.87941983e-03 -5.04469074e-02 -3.08182409e-04  2.17115163e-02  2.53754929e-04 -1.50241692e+04  9.22926181e+06  2.59407856e+03 -6.69325144e+05 -1.08398480e+03  1.39194584e+05 
 2.71956849e+02 -9.99999960e-01 -5.18965226e-06  7.68632736e-01  2.85738194e-03 -5.00661146e-02 -3.04879981e-04  2.14768177e-02  2.50336881e-04 -1.48920625e+04  9.20102356e+06  2.57049546e+03 -6.65492526e+05 -1.06978856e+03  1.37848498e+05 
 2.72270131e+02 -9.99999960e-01 -5.15696021e-06  7.65268038e-01  2.83556667e-03 -4.96888701e-02 -3.01620101e-04  2.12450132e-02  2.46970789e-04 -1.47613975e+04  9.17295244e+06  2.54717848e+03 -6.61688592e+05 -1.05580543e+03  1.36517724e+05 
 2.72583774e+02 -9.99999960e-01 -5.12442841e-06  7.61925141e-01  2.81397111e-03 -4.93151324e-02 -2.98402110e-04  2.10160618e-02  2.43655758e-04 -1.46321548e+04  9.14504688e+06  2.52412392e+03 -6.57913056e+05 -1.04203176e+03  1.35202055e+05 
 2.72897778e+02 -9.99999961e-01 -5.09205535e-06  7.58603842e-01  2.79259244e-03 -4.89448608e-02 -2.95225365e-04  2.07899228e-02  2.40390909e-04 -1.45043152e+04  9.11730538e+06  2.50132814e+03 -6.54165635e+05 -1.02846393e+03  1.33901289e+05 
 2.73212144e+02 -9.99999961e-01 -5.05983945e-06  7.55303940e-01  2.77142786e-03 -4.85780148e-02 -2.92089232e-04  2.05665564e-02  2.37175380e-04 -1.43778599e+04  9.08972640e+06  2.47878757e+03 -6.50446052e+05 -1.01509844e+03  1.32615226e+05 
 2.73526873e+02 -9.99999961e-01 -5.02777928e-06  7.52025235e-01  2.75047461e-03 -4.82145550e-02 -2.88993089e-04  2.03459235e-02  2.34008327e-04 -1.42527703e+04  9.06230847e+06  2.45649867e+03 -6.46754030e+05 -1.00193181e+03  1.31343668e+05 
 2.73841963e+02 -9.99999961e-01 -4.99587333e-06  7.48767531e-01  2.72972998e-03 -4.78544421e-02 -2.85936326e-04  2.01279854e-02  2.30888921e-04 -1.41290282e+04  9.03505010e+06  2.43445800e+03 -6.43089300e+05 -9.88960674e+02  1.30086422e+05 
 2.74157417e+02 -9.99999961e-01 -4.96412008e-06  7.45530635e-01  2.70919132e-03 -4.74976377e-02 -2.82918344e-04  1.99127043e-02  2.27816350e-04 -1.40066156e+04  9.00794984e+06  2.41266214e+03 -6.39451592e+05 -9.76181699e+02  1.28843298e+05 
 2.74473234e+02 -9.99999961e-01 -4.93251818e-06  7.42314355e-01  2.68885600e-03 -4.71441038e-02 -2.79938553e-04  1.97000428e-02  2.24789817e-04 -1.38855150e+04  8.98100625e+06  2.39110775e+03 -6.35840643e+05 -9.63591627e+02  1.27614106e+05 
 2.74789415e+02 -9.99999961e-01 -4.90106618e-06  7.39118502e-01  2.66872144e-03 -4.67938029e-02 -2.76996376e-04  1.94899642e-02  2.21808541e-04 -1.37657089e+04  8.95421791e+06  2.36979153e+03 -6.32256191e+05 -9.51187265e+02  1.26398664e+05 
 2.75105960e+02 -9.99999961e-01 -4.86976262e-06  7.35942889e-01  2.64878509e-03 -4.64466981e-02 -2.74091244e-04  1.92824324e-02  2.18871756e-04 -1.36471803e+04  8.92758342e+06  2.34871025e+03 -6.28697978e+05 -9.38965478e+02  1.25196788e+05 
 2.75422870e+02 -9.99999961e-01 -4.83860615e-06  7.32787331e-01  2.62904446e-03 -4.61027530e-02 -2.71222600e-04  1.90774119e-02  2.15978710e-04 -1.35299124e+04  8.90110139e+06  2.32786072e+03 -6.25165750e+05 -9.26923192e+02  1.24008301e+05 
 2.75740145e+02 -9.99999962e-01 -4.80759545e-06  7.29651647e-01  2.60949708e-03 -4.57619317e-02 -2.68389895e-04  1.88748677e-02  2.13128666e-04 -1.34138885e+04  8.87477045e+06  2.30723981e+03 -6.21659256e+05 -9.15057393e+02  1.22833024e+05 
 2.76057786e+02 -9.99999962e-01 -4.77672901e-06  7.26535657e-01  2.59014053e-03 -4.54241989e-02 -2.65592593e-04  1.86747655e-02  2.10320900e-04 -1.32990925e+04  8.84858925e+06  2.28684443e+03 -6.18178246e+05 -9.03365123e+02  1.21670786e+05 
 2.76375792e+02 -9.99999962e-01 -4.74600563e-06  7.23439182e-01  2.57097242e-03 -4.50895196e-02 -2.62830163e-04  1.84770713e-02  2.07554704e-04 -1.31855084e+04  8.82255645e+06  2.26667155e+03 -6.14722477e+05 -8.91843483e+02  1.20521415e+05 
 2.76694165e+02 -9.99999962e-01 -4.71542390e-06  7.20362046e-01  2.55199041e-03 -4.47578595e-02 -2.60102087e-04  1.82817519e-02  2.04829382e-04 -1.30731202e+04  8.79667074e+06  2.24671820e+03 -6.11291705e+05 -8.80489626e+02  1.19384743e+05 
 2.77012904e+02 -9.99999962e-01 -4.68498254e-06  7.17304076e-01  2.53319217e-03 -4.44291845e-02 -2.57407855e-04  1.80887745e-02  2.02144249e-04 -1.29619126e+04  8.77093080e+06  2.22698143e+03 -6.07885692e+05 -8.69300762e+02  1.18260604e+05 
 2.77332010e+02 -9.99999962e-01 -4.65468025e-06  7.14265102e-01  2.51457543e-03 -4.41034613e-02 -2.54746964e-04  1.78981068e-02  1.99498638e-04 -1.28518702e+04  8.74533535e+06  2.20745836e+03 -6.04504201e+05 -8.58274150e+02  1.17148835e+05 
 2.77651485e+02 -9.99999962e-01 -4.62451578e-06  7.11244952e-01  2.49613795e-03 -4.37806569e-02 -2.52118922e-04  1.77097172e-02  1.96891890e-04 -1.27429781e+04  8.71988312e+06  2.18814614e+03 -6.01147000e+05 -8.47407104e+02  1.16049276e+05 
 2.77971327e+02 -9.99999962e-01 -4.59448779e-06  7.08243459e-01  2.47787752e-03 -4.34607387e-02 -2.49523246e-04  1.75235743e-02  1.94323361e-04 -1.26352213e+04  8.69457284e+06  2.16904199e+03 -5.97813857e+05 -8.36696989e+02  1.14961769e+05 
 2.78291537e+02 -9.99999962e-01 -4.56459514e-06  7.05260459e-01  2.45979195e-03 -4.31436746e-02 -2.46959460e-04  1.73396475e-02  1.91792418e-04 -1.25285854e+04  8.66940328e+06  2.15014315e+03 -5.94504545e+05 -8.26141215e+02  1.13886157e+05 
 2.78612117e+02 -9.99999963e-01 -4.53483653e-06  7.02295787e-01  2.44187912e-03 -4.28294330e-02 -2.44427096e-04  1.71579064e-02  1.89298439e-04 -1.24230559e+04  8.64437320e+06  2.13144691e+03 -5.91218840e+05 -8.15737247e+02  1.12822288e+05 
 2.78933066e+02 -9.99999963e-01 -4.50521068e-06  6.99349282e-01  2.42413691e-03 -4.25179826e-02 -2.41925694e-04  1.69783213e-02  1.86840817e-04 -1.23186188e+04  8.61948139e+06  2.11295061e+03 -5.87956519e+05 -8.05482591e+02  1.11770010e+05 
 2.79254384e+02 -9.99999963e-01 -4.47571651e-06  6.96420784e-01  2.40656323e-03 -4.22092927e-02 -2.39454804e-04  1.68008629e-02  1.84418951e-04 -1.22152601e+04  8.59472664e+06  2.09465162e+03 -5.84717362e+05 -7.95374804e+02  1.10729174e+05 
 2.79576073e+02 -9.99999963e-01 -4.44635273e-06  6.93510135e-01  2.38915605e-03 -4.19033328e-02 -2.37013982e-04  1.66255023e-02  1.82032256e-04 -1.21129662e+04  8.57010779e+06  2.07654737e+03 -5.81501154e+05 -7.85411486e+02  1.09699635e+05 
 2.79898132e+02 -9.99999963e-01 -4.41711816e-06  6.90617180e-01  2.37191335e-03 -4.16000731e-02 -2.34602792e-04  1.64522111e-02  1.79680156e-04 -1.20117236e+04  8.54562364e+06  2.05863532e+03 -5.78307680e+05 -7.75590283e+02  1.08681247e+05 
 2.80220562e+02 -9.99999963e-01 -4.38801175e-06  6.87741764e-01  2.35483313e-03 -4.12994839e-02 -2.32220805e-04  1.62809614e-02  1.77362085e-04 -1.19115189e+04  8.52127304e+06  2.04091297e+03 -5.75136728e+05 -7.65908884e+02  1.07673869e+05 
 2.80543364e+02 -9.99999963e-01 -4.35903220e-06  6.84883735e-01  2.33791345e-03 -4.10015362e-02 -2.29867599e-04  1.61117256e-02  1.75077488e-04 -1.18123392e+04  8.49705485e+06  2.02337785e+03 -5.71988090e+05 -7.56365020e+02  1.06677361e+05 
 2.80866537e+02 -9.99999963e-01 -4.33017846e-06  6.82042942e-01  2.32115237e-03 -4.07062010e-02 -2.27542761e-04  1.59444765e-02  1.72825821e-04 -1.17141715e+04  8.47296794e+06  2.00602754e+03 -5.68861559e+05 -7.46956465e+02  1.05691585e+05 
 2.81190083e+02 -9.99999963e-01 -4.30144942e-06  6.79219236e-01  2.30454800e-03 -4.04134500e-02 -2.25245883e-04  1.57791876e-02  1.70606548e-04 -1.16170032e+04  8.44901118e+06  1.98885966e+03 -5.65756931e+05 -7.37681033e+02  1.04716404e+05 
 2.81514002e+02 -9.99999963e-01 -4.27284391e-06  6.76412470e-01  2.28809846e-03 -4.01232553e-02 -2.22976565e-04  1.56158326e-02  1.68419145e-04 -1.15208217e+04  8.42518346e+06  1.97187187e+03 -5.62674004e+05 -7.28536579e+02  1.03751685e+05 
 2.81838293e+02 -9.99999964e-01 -4.24436081e-06  6.73622499e-01  2.27180191e-03 -3.98355892e-02 -2.20734413e-04  1.54543855e-02  1.66263096e-04 -1.14256149e+04  8.40148371e+06  1.95506184e+03 -5.59612579e+05 -7.19520995e+02  1.02797296e+05 
 2.82162958e+02 -9.99999964e-01 -4.21599916e-06  6.70849179e-01  2.25565654e-03 -3.95504243e-02 -2.18519041e-04  1.52948210e-02  1.64137896e-04 -1.13313705e+04  8.37791083e+06  1.93842730e+03 -5.56572459e+05 -7.10632215e+02  1.01853108e+05 
 2.82487997e+02 -9.99999964e-01 -4.18775772e-06  6.68092368e-01  2.23966055e-03 -3.92677339e-02 -2.16330068e-04  1.51371139e-02  1.62043047e-04 -1.12380766e+04  8.35446376e+06  1.92196602e+03 -5.53553450e+05 -7.01868208e+02  1.00918991e+05 
 2.82813411e+02 -9.99999964e-01 -4.15963552e-06  6.65351925e-01  2.22381218e-03 -3.89874914e-02 -2.14167119e-04  1.49812395e-02  1.59978062e-04 -1.11457215e+04  8.33114143e+06  1.90567579e+03 -5.50555360e+05 -6.93226980e+02  9.99948208e+04 
 2.83139200e+02 -9.99999964e-01 -4.13163153e-06  6.62627711e-01  2.20810969e-03 -3.87096705e-02 -2.12029827e-04  1.48271735e-02  1.57942462e-04 -1.10542936e+04  8.30794281e+06  1.88955442e+03 -5.47577998e+05 -6.84706575e+02  9.90804721e+04 
 2.83465363e+02 -9.99999964e-01 -4.10374466e-06  6.59919588e-01  2.19255137e-03 -3.84342454e-02 -2.09917831e-04  1.46748920e-02  1.55935777e-04 -1.09637814e+04  8.28486687e+06  1.87359980e+03 -5.44621176e+05 -6.76305070e+02  9.81758227e+04 
 2.83791903e+02 -9.99999964e-01 -4.07597389e-06  6.57227422e-01  2.17713553e-03 -3.81611906e-02 -2.07830773e-04  1.45243714e-02  1.53957544e-04 -1.08741739e+04  8.26191257e+06  1.85780980e+03 -5.41684710e+05 -6.68020577e+02  9.72807519e+04 
 2.84118818e+02 -9.99999964e-01 -4.04831823e-06  6.54551078e-01  2.16186050e-03 -3.78904810e-02 -2.05768305e-04  1.43755885e-02  1.52007311e-04 -1.07854598e+04  8.23907892e+06  1.84218235e+03 -5.38768415e+05 -6.59851245e+02  9.63951408e+04 
 2.84446111e+02 -9.99999964e-01 -4.02077663e-06  6.51890422e-01  2.14672465e-03 -3.76220916e-02 -2.03730083e-04  1.42285203e-02  1.50084632e-04 -1.06976282e+04  8.21636491e+06  1.82671541e+03 -5.35872110e+05 -6.51795252e+02  9.55188723e+04 
 2.84773780e+02 -9.99999964e-01 -3.99334814e-06  6.49245324e-01  2.13172636e-03 -3.73559979e-02 -2.01715767e-04  1.40831443e-02  1.48189070e-04 -1.06106685e+04  8.19376956e+06  1.81140697e+03 -5.32995617e+05 -6.43850811e+02  9.46518308e+04 
 2.85101827e+02 -9.99999964e-01 -3.96603178e-06  6.46615654e-01  2.11686403e-03 -3.70921757e-02 -1.99725025e-04  1.39394385e-02  1.46320195e-04 -1.05245701e+04  8.17129188e+06  1.79625505e+03 -5.30138757e+05 -6.36016167e+02  9.37939026e+04 
 2.85430251e+02 -9.99999965e-01 -3.93882652e-06  6.44001283e-01  2.10213610e-03 -3.68306011e-02 -1.97757529e-04  1.37973808e-02  1.44477584e-04 -1.04393224e+04  8.14893092e+06  1.78125769e+03 -5.27301356e+05 -6.28289595e+02  9.29449755e+04 
 2.85759054e+02 -9.99999965e-01 -3.91173151e-06  6.41402085e-01  2.08754101e-03 -3.65712505e-02 -1.95812957e-04  1.36569498e-02  1.42660825e-04 -1.03549153e+04  8.12668572e+06  1.76641296e+03 -5.24483241e+05 -6.20669402e+02  9.21049389e+04 
 2.86088236e+02 -9.99999965e-01 -3.88474567e-06  6.38817933e-01  2.07307724e-03 -3.63141007e-02 -1.93890993e-04  1.35181242e-02  1.40869509e-04 -1.02713385e+04  8.10455533e+06  1.75171899e+03 -5.21684240e+05 -6.13153925e+02  9.12736838e+04 
 2.86417797e+02 -9.99999965e-01 -3.85786814e-06  6.36248704e-01  2.05874329e-03 -3.60591286e-02 -1.91991324e-04  1.33808832e-02  1.39103238e-04 -1.01885821e+04  8.08253883e+06  1.73717389e+03 -5.18904185e+05 -6.05741528e+02  9.04511029e+04 
 2.86747738e+02 -9.99999965e-01 -3.83109798e-06  6.33694275e-01  2.04453767e-03 -3.58063115e-02 -1.90113644e-04  1.32452062e-02  1.37361617e-04 -1.01066363e+04  8.06063528e+06  1.72277583e+03 -5.16142907e+05 -5.98430608e+02  8.96370904e+04 
 2.87078058e+02 -9.99999965e-01 -3.80443421e-06  6.31154524e-01  2.03045892e-03 -3.55556271e-02 -1.88257652e-04  1.31110729e-02  1.35644261e-04 -1.00254914e+04  8.03884378e+06  1.70852300e+03 -5.13400243e+05 -5.91219588e+02  8.88315417e+04 
 2.87408759e+02 -9.99999965e-01 -3.77787600e-06  6.28629331e-01  2.01650560e-03 -3.53070532e-02 -1.86423049e-04  1.29784633e-02  1.33950792e-04 -9.94513779e+03  8.01716342e+06  1.69441361e+03 -5.10676027e+05 -5.84106917e+02  8.80343542e+04 
 2.87739841e+02 -9.99999965e-01 -3.75142244e-06  6.26118578e-01  2.00267628e-03 -3.50605680e-02 -1.84609544e-04  1.28473577e-02  1.32280836e-04 -9.86556604e+03  7.99559331e+06  1.68044592e+03 -5.07970099e+05 -5.77091075e+02  8.72454263e+04 
 2.88071305e+02 -9.99999965e-01 -3.72507256e-06  6.23622147e-01  1.98896956e-03 -3.48161499e-02 -1.82816850e-04  1.27177369e-02  1.30634029e-04 -9.78676689e+03  7.97413255e+06  1.66661817e+03 -5.05282299e+05 -5.70170565e+02  8.64646581e+04 
 2.88403150e+02 -9.99999965e-01 -3.69882559e-06  6.21139921e-01  1.97538406e-03 -3.45737776e-02 -1.81044684e-04  1.25895816e-02  1.29010009e-04 -9.70873119e+03  7.95278029e+06  1.65292868e+03 -5.02612469e+05 -5.63343919e+02  8.56919511e+04 
 2.88735378e+02 -9.99999965e-01 -3.67268058e-06  6.18671785e-01  1.96191842e-03 -3.43334302e-02 -1.79292767e-04  1.24628730e-02  1.27408425e-04 -9.63144991e+03  7.93153565e+06  1.63937575e+03 -4.99960452e+05 -5.56609693e+02  8.49272080e+04 
 2.89067988e+02 -9.99999965e-01 -3.64663669e-06  6.16217627e-01  1.94857129e-03 -3.40950867e-02 -1.77560826e-04  1.23375926e-02  1.25828929e-04 -9.55491415e+03  7.91039779e+06  1.62595772e+03 -4.97326094e+05 -5.49966469e+02  8.41703331e+04 
 2.89400982e+02 -9.99999966e-01 -3.62069306e-06  6.13777333e-01  1.93534134e-03 -3.38587269e-02 -1.75848590e-04  1.22137221e-02  1.24271179e-04 -9.47911515e+03  7.88936584e+06  1.61267298e+03 -4.94709242e+05 -5.43412852e+02  8.34212319e+04 
 2.89734359e+02 -9.99999966e-01 -3.59484892e-06  6.11350791e-01  1.92222727e-03 -3.36243303e-02 -1.74155795e-04  1.20912436e-02  1.22734842e-04 -9.40404427e+03  7.86843897e+06  1.59951989e+03 -4.92109745e+05 -5.36947473e+02  8.26798114e+04 
 2.90068120e+02 -9.99999966e-01 -3.56910331e-06  6.08937893e-01  1.90922779e-03 -3.33918770e-02 -1.72482180e-04  1.19701392e-02  1.21219587e-04 -9.32969298e+03  7.84761637e+06  1.58649689e+03 -4.89527453e+05 -5.30568986e+02  8.19459795e+04 
 2.90402265e+02 -9.99999966e-01 -3.54345551e-06  6.06538528e-01  1.89634163e-03 -3.31613474e-02 -1.70827487e-04  1.18503915e-02  1.19725090e-04 -9.25605288e+03  7.82689719e+06  1.57360240e+03 -4.86962219e+05 -5.24276068e+02  8.12196459e+04 
 2.90736796e+02 -9.99999966e-01 -3.51790462e-06  6.04152589e-01  1.88356753e-03 -3.29327218e-02 -1.69191464e-04  1.17319832e-02  1.18251035e-04 -9.18311568e+03  7.80628065e+06  1.56083489e+03 -4.84413897e+05 -5.18067420e+02  8.05007212e+04 
 2.91071712e+02 -9.99999966e-01 -3.49244988e-06  6.01779969e-01  1.87090425e-03 -3.27059811e-02 -1.67573861e-04  1.16148974e-02  1.16797108e-04 -9.11087322e+03  7.78576592e+06  1.54819284e+03 -4.81882342e+05 -5.11941762e+02  7.97891174e+04 
 2.91407013e+02 -9.99999966e-01 -3.46709044e-06  5.99420564e-01  1.85835057e-03 -3.24811061e-02 -1.65974434e-04  1.14991173e-02  1.15363001e-04 -9.03931745e+03  7.76535223e+06  1.53567474e+03 -4.79367410e+05 -5.05897840e+02  7.90847476e+04 
 2.91742701e+02 -9.99999966e-01 -3.44182561e-06  5.97074267e-01  1.84590529e-03 -3.22580783e-02 -1.64392941e-04  1.13846265e-02  1.13948413e-04 -8.96844041e+03  7.74503878e+06  1.52327913e+03 -4.76868961e+05 -4.99934418e+02  7.83875263e+04 
 2.92078776e+02 -9.99999966e-01 -3.41665449e-06  5.94740977e-01  1.83356722e-03 -3.20368789e-02 -1.62829144e-04  1.12714086e-02  1.12553047e-04 -8.89823429e+03  7.72482479e+06  1.51100455e+03 -4.74386855e+05 -4.94050284e+02  7.76973689e+04 
 2.92415238e+02 -9.99999966e-01 -3.39157640e-06  5.92420590e-01  1.82133518e-03 -3.18174896e-02 -1.61282811e-04  1.11594477e-02  1.11176612e-04 -8.82869135e+03  7.70470950e+06  1.49884956e+03 -4.71920953e+05 -4.88244245e+02  7.70141922e+04 
 2.92752087e+02 -9.99999966e-01 -3.36659051e-06  5.90113006e-01  1.80920803e-03 -3.15998925e-02 -1.59753709e-04  1.10487279e-02  1.09818819e-04 -8.75980398e+03  7.68469215e+06  1.48681276e+03 -4.69471118e+05 -4.82515128e+02  7.63379140e+04 
 2.93089325e+02 -9.99999966e-01 -3.34169607e-06  5.87818125e-01  1.79718462e-03 -3.13840695e-02 -1.58241614e-04  1.09392338e-02  1.08479389e-04 -8.69156466e+03  7.66477198e+06  1.47489274e+03 -4.67037216e+05 -4.76861781e+02  7.56684534e+04 
 2.93426950e+02 -9.99999966e-01 -3.31689236e-06  5.85535847e-01  1.78526382e-03 -3.11700031e-02 -1.56746301e-04  1.08309498e-02  1.07158042e-04 -8.62396600e+03  7.64494824e+06  1.46308814e+03 -4.64619112e+05 -4.71283070e+02  7.50057304e+04 
 2.93764965e+02 -9.99999966e-01 -3.29217858e-06  5.83266074e-01  1.77344452e-03 -3.09576757e-02 -1.55267552e-04  1.07238610e-02  1.05854507e-04 -8.55700069e+03  7.62522021e+06  1.45139760e+03 -4.62216673e+05 -4.65777882e+02  7.43496662e+04 
 2.94103369e+02 -9.99999967e-01 -3.26755406e-06  5.81008710e-01  1.76172564e-03 -3.07470702e-02 -1.53805149e-04  1.06179524e-02  1.04568516e-04 -8.49066151e+03  7.60558714e+06  1.43981979e+03 -4.59829769e+05 -4.60345122e+02  7.37001831e+04 
 2.94442163e+02 -9.99999967e-01 -3.24301800e-06  5.78763658e-01  1.75010608e-03 -3.05381695e-02 -1.52358879e-04  1.05132092e-02  1.03299805e-04 -8.42494137e+03  7.58604832e+06  1.42835338e+03 -4.57458269e+05 -4.54983712e+02  7.30572044e+04 
 2.94781348e+02 -9.99999967e-01 -3.21856973e-06  5.76530823e-01  1.73858478e-03 -3.03309569e-02 -1.50928533e-04  1.04096171e-02  1.02048115e-04 -8.35983324e+03  7.56660304e+06  1.41699709e+03 -4.55102047e+05 -4.49692594e+02  7.24206544e+04 
 2.95120923e+02 -9.99999967e-01 -3.19420853e-06  5.74310112e-01  1.72716069e-03 -3.01254156e-02 -1.49513904e-04  1.03071617e-02  1.00813193e-04 -8.29533023e+03  7.54725058e+06  1.40574962e+03 -4.52760974e+05 -4.44470727e+02  7.17904585e+04 
 2.95460889e+02 -9.99999967e-01 -3.16993369e-06  5.72101430e-01  1.71583276e-03 -2.99215293e-02 -1.48114788e-04  1.02058290e-02  9.95947864e-05 -8.23142549e+03  7.52799024e+06  1.39460973e+03 -4.50434925e+05 -4.39317087e+02  7.11665431e+04 
 2.95801247e+02 -9.99999967e-01 -3.14574449e-06  5.69904687e-01  1.70459998e-03 -2.97192817e-02 -1.46730986e-04  1.01056050e-02  9.83926505e-05 -8.16811231e+03  7.50882133e+06  1.38357615e+03 -4.48123776e+05 -4.34230668e+02  7.05488355e+04 
 2.96141997e+02 -9.99999967e-01 -3.12164025e-06  5.67719790e-01  1.69346133e-03 -2.95186568e-02 -1.45362300e-04  1.00064760e-02  9.72065427e-05 -8.10538404e+03  7.48974316e+06  1.37264767e+03 -4.45827404e+05 -4.29210479e+02  6.99372642e+04 
 2.96483139e+02 -9.99999967e-01 -3.09762028e-06  5.65546650e-01  1.68241581e-03 -2.93196388e-02 -1.44008534e-04  9.90842864e-03  9.60362250e-05 -8.04323414e+03  7.47075506e+06  1.36182308e+03 -4.43545687e+05 -4.24255548e+02  6.93317584e+04 
 2.96824674e+02 -9.99999967e-01 -3.07368393e-06  5.63385177e-01  1.67146244e-03 -2.91222121e-02 -1.42669499e-04  9.81144950e-03  9.48814633e-05 -7.98165614e+03  7.45185635e+06  1.35110117e+03 -4.41278505e+05 -4.19364917e+02  6.87322484e+04 
 2.97166603e+02 -9.99999967e-01 -3.04983048e-06  5.61235283e-01  1.66060024e-03 -2.89263611e-02 -1.41345005e-04  9.71552550e-03  9.37420274e-05 -7.92064367e+03  7.43304637e+06  1.34048078e+03 -4.39025739e+05 -4.14537644e+02  6.81386653e+04 
 2.97508926e+02 -9.99999967e-01 -3.02605930e-06  5.59096880e-01  1.64982825e-03 -2.87320706e-02 -1.40034866e-04  9.62064367e-03  9.26176908e-05 -7.86019045e+03  7.41432445e+06  1.32996074e+03 -4.36787271e+05 -4.09772804e+02  6.75509414e+04 
 2.97851643e+02 -9.99999967e-01 -3.00236971e-06  5.56969881e-01  1.63914553e-03 -2.85393254e-02 -1.38738900e-04  9.52679128e-03  9.15082310e-05 -7.80029025e+03  7.39568995e+06  1.31953991e+03 -4.34562984e+05 -4.05069486e+02  6.69690095e+04 
 2.98194755e+02 -9.99999967e-01 -2.97876106e-06  5.54854201e-01  1.62855114e-03 -2.83481107e-02 -1.37456926e-04  9.43395572e-03  9.04134288e-05 -7.74093697e+03  7.37714222e+06  1.30921715e+03 -4.32352763e+05 -4.00426795e+02  6.63928037e+04 
 2.98538262e+02 -9.99999967e-01 -2.95523273e-06  5.52749755e-01  1.61804415e-03 -2.81584118e-02 -1.36188767e-04  9.34212460e-03  8.93330688e-05 -7.68212455e+03  7.35868061e+06  1.29899135e+03 -4.30156494e+05 -3.95843848e+02  6.58222586e+04 
 2.98882165e+02 -9.99999967e-01 -2.93178404e-06  5.50656458e-01  1.60762366e-03 -2.79702139e-02 -1.34934247e-04  9.25128567e-03  8.82669393e-05 -7.62384704e+03  7.34030450e+06  1.28886141e+03 -4.27974064e+05 -3.91319780e+02  6.52573100e+04 
 2.99226464e+02 -9.99999967e-01 -2.90841437e-06  5.48574227e-01  1.59728877e-03 -2.77835028e-02 -1.33693195e-04  9.16142688e-03  8.72148317e-05 -7.56609856e+03  7.32201327e+06  1.27882626e+03 -4.25805360e+05 -3.86853738e+02  6.46978942e+04 
 2.99571159e+02 -9.99999968e-01 -2.88512314e-06  5.46502981e-01  1.58703857e-03 -2.75982642e-02 -1.32465440e-04  9.07253631e-03  8.61765411e-05 -7.50887329e+03  7.30380628e+06  1.26888480e+03 -4.23650273e+05 -3.82444883e+02  6.41439487e+04 
 2.99916252e+02 -9.99999968e-01 -2.86190965e-06  5.44442636e-01  1.57687221e-03 -2.74144840e-02 -1.31250815e-04  8.98460223e-03  8.51518657e-05 -7.45216551e+03  7.28568292e+06  1.25903600e+03 -4.21508692e+05 -3.78092391e+02  6.35954115e+04 
 3.00261742e+02 -9.99999968e-01 -2.83877334e-06  5.42393113e-01  1.56678881e-03 -2.72321482e-02 -1.30049155e-04  8.89761306e-03  8.41406074e-05 -7.39596956e+03  7.26764260e+06  1.24927881e+03 -4.19380509e+05 -3.73795450e+02  6.30522217e+04 
 3.00607630e+02 -9.99999968e-01 -2.81571356e-06  5.40354331e-01  1.55678751e-03 -2.70512433e-02 -1.28860298e-04  8.81155739e-03  8.31425708e-05 -7.34027987e+03  7.24968469e+06  1.23961220e+03 -4.17265617e+05 -3.69553262e+02  6.25143189e+04 
 3.00953917e+02 -9.99999968e-01 -2.79272976e-06  5.38326212e-01  1.54686748e-03 -2.68717555e-02 -1.27684084e-04  8.72642396e-03  8.21575640e-05 -7.28509092e+03  7.23180862e+06  1.23003517e+03 -4.15163910e+05 -3.65365040e+02  6.19816438e+04 
 3.01300602e+02 -9.99999968e-01 -2.76982128e-06  5.36308676e-01  1.53702788e-03 -2.66936715e-02 -1.26520355e-04  8.64220165e-03  8.11853981e-05 -7.23039727e+03  7.21401378e+06  1.22054670e+03 -4.13075282e+05 -3.61230013e+02  6.14541376e+04 
 3.01647687e+02 -9.99999968e-01 -2.74698759e-06  5.34301646e-01  1.52726788e-03 -2.65169780e-02 -1.25368955e-04  8.55887951e-03  8.02258873e-05 -7.17619358e+03  7.19629959e+06  1.21114581e+03 -4.10999629e+05 -3.57147420e+02  6.09317425e+04 
 3.01995172e+02 -9.99999968e-01 -2.72422808e-06  5.32305045e-01  1.51758668e-03 -2.63416617e-02 -1.24229732e-04  8.47644675e-03  7.92788488e-05 -7.12247453e+03  7.17866548e+06  1.20183153e+03 -4.08936848e+05 -3.53116513e+02  6.04144012e+04 
 3.02343057e+02 -9.99999968e-01 -2.70154213e-06  5.30318797e-01  1.50798347e-03 -2.61677099e-02 -1.23102534e-04  8.39489269e-03  7.83441027e-05 -7.06923490e+03  7.16111086e+06  1.19260290e+03 -4.06886837e+05 -3.49136555e+02  5.99020574e+04 
 3.02691343e+02 -9.99999968e-01 -2.67892923e-06  5.28342827e-01  1.49845745e-03 -2.59951096e-02 -1.21987212e-04  8.31420682e-03  7.74214720e-05 -7.01646953e+03  7.14363518e+06  1.18345897e+03 -4.04849496e+05 -3.45206822e+02  5.93946553e+04 
 3.03040030e+02 -9.99999968e-01 -2.65638879e-06  5.26377059e-01  1.48900785e-03 -2.58238481e-02 -1.20883621e-04  8.23437877e-03  7.65107825e-05 -6.96417332e+03  7.12623786e+06  1.17439881e+03 -4.02824723e+05 -3.41326601e+02  5.88921399e+04 
 3.03389118e+02 -9.99999968e-01 -2.63392020e-06  5.24421420e-01  1.47963389e-03 -2.56539130e-02 -1.19791615e-04  8.15539830e-03  7.56118629e-05 -6.91234126e+03  7.10891836e+06  1.16542148e+03 -4.00812421e+05 -3.37495192e+02  5.83944571e+04 
 3.03738609e+02 -9.99999968e-01 -2.61152297e-06  5.22475836e-01  1.47033481e-03 -2.54852917e-02 -1.18711052e-04  8.07725533e-03  7.47245446e-05 -6.86096837e+03  7.09167612e+06  1.15652609e+03 -3.98812492e+05 -3.33711903e+02  5.79015532e+04 
 3.04088503e+02 -9.99999968e-01 -2.58919650e-06  5.20540236e-01  1.46110986e-03 -2.53179722e-02 -1.17641791e-04  7.99993990e-03  7.38486615e-05 -6.81004976e+03  7.07451059e+06  1.14771173e+03 -3.96824837e+05 -3.29976056e+02  5.74133753e+04 
 3.04438799e+02 -9.99999968e-01 -2.56694027e-06  5.18614546e-01  1.45195828e-03 -2.51519422e-02 -1.16583695e-04  7.92344217e-03  7.29840505e-05 -6.75958058e+03  7.05742123e+06  1.13897751e+03 -3.94849362e+05 -3.26286982e+02  5.69298712e+04 
 3.04789499e+02 -9.99999968e-01 -2.54475371e-06  5.16698696e-01  1.44287935e-03 -2.49871898e-02 -1.15536627e-04  7.84775246e-03  7.21305508e-05 -6.70955606e+03  7.04040751e+06  1.13032256e+03 -3.92885971e+05 -3.22644023e+02  5.64509895e+04 
 3.05140603e+02 -9.99999968e-01 -2.52263631e-06  5.14792616e-01  1.43387234e-03 -2.48237032e-02 -1.14500452e-04  7.77286121e-03  7.12880042e-05 -6.65997149e+03  7.02346890e+06  1.12174601e+03 -3.90934571e+05 -3.19046531e+02  5.59766791e+04 
 3.05492111e+02 -9.99999968e-01 -2.50058753e-06  5.12896235e-01  1.42493653e-03 -2.46614705e-02 -1.13475038e-04  7.69875897e-03  7.04562552e-05 -6.61082221e+03  7.00660487e+06  1.11324701e+03 -3.88995067e+05 -3.15493870e+02  5.55068899e+04 
 3.05844025e+02 -9.99999968e-01 -2.47860682e-06  5.11009484e-01  1.41607121e-03 -2.45004803e-02 -1.12460253e-04  7.62543644e-03  6.96351505e-05 -6.56210362e+03  6.98981489e+06  1.10482472e+03 -3.87067367e+05 -3.11985411e+02  5.50415723e+04 
 3.06196343e+02 -9.99999968e-01 -2.45669368e-06  5.09132295e-01  1.40727568e-03 -2.43407211e-02 -1.11455971e-04  7.55288444e-03  6.88245393e-05 -6.51381119e+03  6.97309846e+06  1.09647831e+03 -3.85151381e+05 -3.08520537e+02  5.45806773e+04 
 3.06549068e+02 -9.99999969e-01 -2.43484756e-06  5.07264601e-01  1.39854925e-03 -2.41821816e-02 -1.10462062e-04  7.48109390e-03  6.80242733e-05 -6.46594042e+03  6.95645506e+06  1.08820695e+03 -3.83247018e+05 -3.05098641e+02  5.41241565e+04 
 3.06902199e+02 -9.99999969e-01 -2.41306800e-06  5.05406332e-01  1.38989124e-03 -2.40248506e-02 -1.09478402e-04  7.41005588e-03  6.72342064e-05 -6.41848690e+03  6.93988419e+06  1.08000985e+03 -3.81354187e+05 -3.01719125e+02  5.36719623e+04 
 3.07255737e+02 -9.99999969e-01 -2.39135446e-06  5.03557425e-01  1.38130097e-03 -2.38687169e-02 -1.08504868e-04  7.33976155e-03  6.64541948e-05 -6.37144626e+03  6.92338534e+06  1.07188618e+03 -3.79472801e+05 -2.98381399e+02  5.32240474e+04 
 3.07609681e+02 -9.99999969e-01 -2.36970644e-06  5.01717811e-01  1.37277777e-03 -2.37137697e-02 -1.07541338e-04  7.27020222e-03  6.56840971e-05 -6.32481418e+03  6.90695801e+06  1.06383518e+03 -3.77602772e+05 -2.95084884e+02  5.27803654e+04 
 3.07964034e+02 -9.99999969e-01 -2.34812345e-06  4.99887426e-01  1.36432099e-03 -2.35599982e-02 -1.06587692e-04  7.20136928e-03  6.49237738e-05 -6.27858639e+03  6.89060173e+06  1.05585605e+03 -3.75744013e+05 -2.91829008e+02  5.23408702e+04 
 3.08318795e+02 -9.99999969e-01 -2.32660497e-06  4.98066205e-01  1.35592998e-03 -2.34073915e-02 -1.05643811e-04  7.13325425e-03  6.41730879e-05 -6.23275870e+03  6.87431599e+06  1.04794804e+03 -3.73896436e+05 -2.88613211e+02  5.19055165e+04 
 3.08673965e+02 -9.99999969e-01 -2.30515055e-06  4.96254084e-01  1.34760409e-03 -2.32559392e-02 -1.04709579e-04  7.06584878e-03  6.34319044e-05 -6.18732693e+03  6.85810031e+06  1.04011037e+03 -3.72059958e+05 -2.85436939e+02  5.14742595e+04 
 3.09029543e+02 -9.99999969e-01 -2.28375964e-06  4.94450999e-01  1.33934269e-03 -2.31056307e-02 -1.03784880e-04  6.99914459e-03  6.27000903e-05 -6.14228700e+03  6.84195422e+06  1.03234231e+03 -3.70234494e+05 -2.82299647e+02  5.10470549e+04 
 3.09385532e+02 -9.99999969e-01 -2.26243183e-06  4.92656888e-01  1.33114515e-03 -2.29564557e-02 -1.02869602e-04  6.93313355e-03  6.19775149e-05 -6.09763484e+03  6.82587724e+06  1.02464310e+03 -3.68419959e+05 -2.79200799e+02  5.06238590e+04 
 3.09741930e+02 -9.99999969e-01 -2.24116660e-06  4.90871688e-01  1.32301084e-03 -2.28084039e-02 -1.01963632e-04  6.86780761e-03  6.12640494e-05 -6.05336645e+03  6.80986891e+06  1.01701202e+03 -3.66616272e+05 -2.76139868e+02  5.02046287e+04 
 3.10098739e+02 -9.99999969e-01 -2.21996351e-06  4.89095337e-01  1.31493917e-03 -2.26614653e-02 -1.01066860e-04  6.80315883e-03  6.05595669e-05 -6.00947787e+03  6.79392875e+06  1.00944835e+03 -3.64823349e+05 -2.73116333e+02  4.97893213e+04 
 3.10455959e+02 -9.99999969e-01 -2.19882206e-06  4.87327774e-01  1.30692951e-03 -2.25156297e-02 -1.00179177e-04  6.73917938e-03  5.98639426e-05 -5.96596520e+03  6.77805631e+06  1.00195138e+03 -3.63041110e+05 -2.70129683e+02  4.93778947e+04 
 3.10813590e+02 -9.99999969e-01 -2.17774181e-06  4.85568939e-01  1.29898128e-03 -2.23708873e-02 -9.93004758e-05  6.67586153e-03  5.91770535e-05 -5.92282458e+03  6.76225112e+06  9.94520393e+02 -3.61269475e+05 -2.67179414e+02  4.89703074e+04 
 3.11171634e+02 -9.99999969e-01 -2.15672226e-06  4.83818770e-01  1.29109388e-03 -2.22272282e-02 -9.84306505e-05  6.61319764e-03  5.84987786e-05 -5.88005220e+03  6.74651274e+06  9.87154704e+02 -3.59508363e+05 -2.64265030e+02  4.85665182e+04 
 3.11530090e+02 -9.99999969e-01 -2.13576301e-06  4.82077210e-01  1.28326672e-03 -2.20846428e-02 -9.75695968e-05  6.55118019e-03  5.78289988e-05 -5.83764430e+03  6.73084072e+06  9.79853624e+02 -3.57757695e+05 -2.61386041e+02  4.81664867e+04 
 3.11888958e+02 -9.99999969e-01 -2.11486358e-06  4.80344198e-01  1.27549924e-03 -2.19431214e-02 -9.67172115e-05  6.48980173e-03  5.71675967e-05 -5.79559714e+03  6.71523461e+06  9.72616477e+02 -3.56017394e+05 -2.58541967e+02  4.77701728e+04 
 3.12248241e+02 -9.99999969e-01 -2.09402353e-06  4.78619677e-01  1.26779085e-03 -2.18026546e-02 -9.58733931e-05  6.42905494e-03  5.65144568e-05 -5.75390707e+03  6.69969397e+06  9.65442593e+02 -3.54287381e+05 -2.55732334e+02  4.73775368e+04 
 3.12607937e+02 -9.99999969e-01 -2.07324238e-06  4.76903587e-01  1.26014100e-03 -2.16632329e-02 -9.50380414e-05  6.36893256e-03  5.58694652e-05 -5.71257045e+03  6.68421837e+06  9.58331311e+02 -3.52567580e+05 -2.52956675e+02  4.69885398e+04 
 3.12968047e+02 -9.99999969e-01 -2.05251976e-06  4.75195873e-01  1.25254912e-03 -2.15248471e-02 -9.42110576e-05  6.30942745e-03  5.52325099e-05 -5.67158370e+03  6.66880737e+06  9.51281978e+02 -3.50857915e+05 -2.50214531e+02  4.66031431e+04 
 3.13328572e+02 -9.99999969e-01 -2.03185517e-06  4.73496477e-01  1.24501467e-03 -2.13874880e-02 -9.33923441e-05  6.25053254e-03  5.46034806e-05 -5.63094327e+03  6.65346055e+06  9.44293951e+02 -3.49158311e+05 -2.47505449e+02  4.62213086e+04 
 3.13689513e+02 -9.99999969e-01 -2.01124823e-06  4.71805342e-01  1.23753711e-03 -2.12511465e-02 -9.25818049e-05  6.19224088e-03  5.39822687e-05 -5.59064566e+03  6.63817747e+06  9.37366591e+02 -3.47468693e+05 -2.44828983e+02  4.58429986e+04 
 3.14050869e+02 -9.99999969e-01 -1.99069845e-06  4.70122413e-01  1.23011588e-03 -2.11158135e-02 -9.17793449e-05  6.13454558e-03  5.33687670e-05 -5.55068742e+03  6.62295773e+06  9.30499272e+02 -3.45788986e+05 -2.42184694e+02  4.54681759e+04 
 3.14412642e+02 -9.99999969e-01 -1.97020546e-06  4.68447634e-01  1.22275047e-03 -2.09814803e-02 -9.09848707e-05  6.07743985e-03  5.27628703e-05 -5.51106514e+03  6.60780089e+06  9.23691370e+02 -3.44119119e+05 -2.39572150e+02  4.50968037e+04 
 3.14774831e+02 -9.99999970e-01 -1.94976883e-06  4.66780951e-01  1.21544035e-03 -2.08481379e-02 -9.01982899e-05  6.02091699e-03  5.21644747e-05 -5.47177543e+03  6.59270656e+06  9.16942274e+02 -3.42459018e+05 -2.36990924e+02  4.47288458e+04 
 3.15137438e+02 -9.99999970e-01 -1.92938811e-06  4.65122308e-01  1.20818499e-03 -2.07157777e-02 -8.94195114e-05  5.96497039e-03  5.15734780e-05 -5.43281496e+03  6.57767431e+06  9.10251377e+02 -3.40808611e+05 -2.34440598e+02  4.43642663e+04 
 3.15500462e+02 -9.99999970e-01 -1.90906292e-06  4.63471653e-01  1.20098388e-03 -2.05843910e-02 -8.86484452e-05  5.90959350e-03  5.09897795e-05 -5.39418044e+03  6.56270374e+06  9.03618081e+02 -3.39167827e+05 -2.31920757e+02  4.40030297e+04 
 3.15863905e+02 -9.99999970e-01 -1.88879285e-06  4.61828932e-01  1.19383652e-03 -2.04539693e-02 -8.78850028e-05  5.85477988e-03  5.04132801e-05 -5.35586862e+03  6.54779445e+06  8.97041794e+02 -3.37536596e+05 -2.29430995e+02  4.36451010e+04 
 3.16227766e+02 -9.99999970e-01 -1.86857748e-06  4.60194091e-01  1.18674239e-03 -2.03245042e-02 -8.71290966e-05  5.80052316e-03  4.98438820e-05 -5.31787626e+03  6.53294604e+06  8.90521932e+02 -3.35914848e+05 -2.26970911e+02  4.32904456e+04 
 3.16592046e+02 -9.99999970e-01 -1.84841642e-06  4.58567079e-01  1.17970102e-03 -2.01959874e-02 -8.63806402e-05  5.74681706e-03  4.92814891e-05 -5.28020021e+03  6.51815812e+06  8.84057920e+02 -3.34302513e+05 -2.24540110e+02  4.29390294e+04 
 3.16956746e+02 -9.99999970e-01 -1.82830924e-06  4.56947843e-01  1.17271190e-03 -2.00684104e-02 -8.56395486e-05  5.69365536e-03  4.87260066e-05 -5.24283731e+03  6.50343029e+06  8.77649186e+02 -3.32699523e+05 -2.22138202e+02  4.25908185e+04 
 3.17321866e+02 -9.99999970e-01 -1.80825559e-06  4.55336331e-01  1.16577454e-03 -1.99417653e-02 -8.49057377e-05  5.64103194e-03  4.81773411e-05 -5.20578446e+03  6.48876216e+06  8.71295167e+02 -3.31105810e+05 -2.19764804e+02  4.22457797e+04 
 3.17687407e+02 -9.99999970e-01 -1.78825505e-06  4.53732493e-01  1.15888848e-03 -1.98160438e-02 -8.41791245e-05  5.58894074e-03  4.76354007e-05 -5.16903859e+03  6.47415335e+06  8.64995308e+02 -3.29521307e+05 -2.17419539e+02  4.19038799e+04 
 3.18053369e+02 -9.99999970e-01 -1.76830723e-06  4.52136278e-01  1.15205324e-03 -1.96912380e-02 -8.34596271e-05  5.53737579e-03  4.71000948e-05 -5.13259667e+03  6.45960348e+06  8.58749059e+02 -3.27945946e+05 -2.15102034e+02  4.15650867e+04 
 3.18419752e+02 -9.99999970e-01 -1.74841176e-06  4.50547636e-01  1.14526834e-03 -1.95673400e-02 -8.27471648e-05  5.48633119e-03  4.65713342e-05 -5.09645571e+03  6.44511217e+06  8.52555877e+02 -3.26379662e+05 -2.12811923e+02  4.12293677e+04 
 3.18786558e+02 -9.99999970e-01 -1.72856824e-06  4.48966517e-01  1.13853333e-03 -1.94443419e-02 -8.20416580e-05  5.43580111e-03  4.60490309e-05 -5.06061274e+03  6.43067904e+06  8.46415225e+02 -3.24822389e+05 -2.10548845e+02  4.08966912e+04 
 3.19153786e+02 -9.99999970e-01 -1.70877630e-06  4.47392871e-01  1.13184774e-03 -1.93222359e-02 -8.13430279e-05  5.38577980e-03  4.55330983e-05 -5.02506484e+03  6.41630373e+06  8.40326574e+02 -3.23274063e+05 -2.08312443e+02  4.05670259e+04 
 3.19521436e+02 -9.99999970e-01 -1.68903556e-06  4.45826650e-01  1.12521112e-03 -1.92010143e-02 -8.06511969e-05  5.33626158e-03  4.50234512e-05 -4.98980912e+03  6.40198585e+06  8.34289400e+02 -3.21734618e+05 -2.06102367e+02  4.02403406e+04 
 3.19889511e+02 -9.99999970e-01 -1.66934565e-06  4.44267806e-01  1.11862303e-03 -1.90806697e-02 -7.99660884e-05  5.28724083e-03  4.45200054e-05 -4.95484271e+03  6.38772506e+06  8.28303185e+02 -3.20203991e+05 -2.03918271e+02  3.99166046e+04 
 3.20258009e+02 -9.99999970e-01 -1.64970622e-06  4.42716289e-01  1.11208301e-03 -1.89611943e-02 -7.92876268e-05  5.23871203e-03  4.40226782e-05 -4.92016280e+03  6.37352098e+06  8.22367419e+02 -3.18682119e+05 -2.01759816e+02  3.95957877e+04 
 3.20626932e+02 -9.99999970e-01 -1.63011687e-06  4.41172053e-01  1.10559065e-03 -1.88425809e-02 -7.86157375e-05  5.19066969e-03  4.35313878e-05 -4.88576658e+03  6.35937326e+06  8.16481596e+02 -3.17168939e+05 -1.99626665e+02  3.92778598e+04 
 3.20996280e+02 -9.99999970e-01 -1.61057726e-06  4.39635050e-01  1.09914549e-03 -1.87248220e-02 -7.79503468e-05  5.14310841e-03  4.30460541e-05 -4.85165130e+03  6.34528153e+06  8.10645216e+02 -3.15664389e+05 -1.97518488e+02  3.89627914e+04 
 3.21366054e+02 -9.99999970e-01 -1.59108701e-06  4.38105233e-01  1.09274711e-03 -1.86079103e-02 -7.72913821e-05  5.09602286e-03  4.25665976e-05 -4.81781423e+03  6.33124546e+06  8.04857787e+02 -3.14168409e+05 -1.95434960e+02  3.86505533e+04 
 3.21736253e+02 -9.99999970e-01 -1.57164577e-06  4.36582557e-01  1.08639508e-03 -1.84918386e-02 -7.66387714e-05  5.04940778e-03  4.20929404e-05 -4.78425268e+03  6.31726468e+06  7.99118821e+02 -3.12680936e+05 -1.93375759e+02  3.83411164e+04 
 3.22106879e+02 -9.99999970e-01 -1.55225321e-06  4.35066974e-01  1.08008900e-03 -1.83765998e-02 -7.59924441e-05  5.00325794e-03  4.16250056e-05 -4.75096397e+03  6.30333885e+06  7.93427836e+02 -3.11201910e+05 -1.91340568e+02  3.80344522e+04 
 3.22477932e+02 -9.99999970e-01 -1.53290895e-06  4.33558440e-01  1.07382844e-03 -1.82621868e-02 -7.53523303e-05  4.95756822e-03  4.11627173e-05 -4.71794547e+03  6.28946763e+06  7.87784357e+02 -3.09731271e+05 -1.89329077e+02  3.77305324e+04 
 3.22849412e+02 -9.99999970e-01 -1.51361264e-06  4.32056908e-01  1.06761300e-03 -1.81485925e-02 -7.47183608e-05  4.91233354e-03  4.07060010e-05 -4.68519458e+03  6.27565067e+06  7.82187913e+02 -3.08268961e+05 -1.87340978e+02  3.74293292e+04 
 3.23221320e+02 -9.99999970e-01 -1.49436396e-06  4.30562335e-01  1.06144226e-03 -1.80358101e-02 -7.40904675e-05  4.86754888e-03  4.02547829e-05 -4.65270872e+03  6.26188764e+06  7.76638038e+02 -3.06814920e+05 -1.85375968e+02  3.71308150e+04 
 3.23593657e+02 -9.99999970e-01 -1.47516254e-06  4.29074675e-01  1.05531583e-03 -1.79238327e-02 -7.34685833e-05  4.82320929e-03  3.98089907e-05 -4.62048534e+03  6.24817821e+06  7.71134273e+02 -3.05369091e+05 -1.83433748e+02  3.68349624e+04 
 3.23966422e+02 -9.99999970e-01 -1.45600806e-06  4.27593885e-01  1.04923331e-03 -1.78126535e-02 -7.28526417e-05  4.77930988e-03  3.93685527e-05 -4.58852192e+03  6.23452203e+06  7.65676165e+02 -3.03931414e+05 -1.81514025e+02  3.65417446e+04 
 3.24339617e+02 -9.99999970e-01 -1.43690018e-06  4.26119921e-01  1.04319431e-03 -1.77022658e-02 -7.22425772e-05  4.73584583e-03  3.89333986e-05 -4.55681599e+03  6.22091878e+06  7.60263264e+02 -3.02501833e+05 -1.79616509e+02  3.62511348e+04 
 3.24713242e+02 -9.99999970e-01 -1.41783856e-06  4.24652739e-01  1.03719845e-03 -1.75926629e-02 -7.16383250e-05  4.69281235e-03  3.85034591e-05 -4.52536507e+03  6.20736813e+06  7.54895126e+02 -3.01080292e+05 -1.77740914e+02  3.59631068e+04 
 3.25087297e+02 -9.99999971e-01 -1.39882286e-06  4.23192297e-01  1.03124532e-03 -1.74838383e-02 -7.10398213e-05  4.65020473e-03  3.80786656e-05 -4.49416674e+03  6.19386976e+06  7.49571313e+02 -2.99666734e+05 -1.75886957e+02  3.56776344e+04 
 3.25461783e+02 -9.99999971e-01 -1.37985277e-06  4.21738552e-01  1.02533457e-03 -1.73757854e-02 -7.04470029e-05  4.60801832e-03  3.76589508e-05 -4.46321859e+03  6.18042335e+06  7.44291392e+02 -2.98261103e+05 -1.74054363e+02  3.53946921e+04 
 3.25836701e+02 -9.99999971e-01 -1.36092795e-06  4.20291461e-01  1.01946581e-03 -1.72684977e-02 -6.98598077e-05  4.56624852e-03  3.72442483e-05 -4.43251824e+03  6.16702857e+06  7.39054933e+02 -2.96863343e+05 -1.72242856e+02  3.51142543e+04 
 3.26212050e+02 -9.99999971e-01 -1.34204809e-06  4.18850982e-01  1.01363867e-03 -1.71619689e-02 -6.92781741e-05  4.52489079e-03  3.68344925e-05 -4.40206334e+03  6.15368512e+06  7.33861515e+02 -2.95473401e+05 -1.70452168e+02  3.48362959e+04 
 3.26587832e+02 -9.99999971e-01 -1.32321284e-06  4.17417075e-01  1.00785279e-03 -1.70561927e-02 -6.87020415e-05  4.48394063e-03  3.64296189e-05 -4.37185157e+03  6.14039267e+06  7.28710717e+02 -2.94091222e+05 -1.68682032e+02  3.45607921e+04 
 3.26964047e+02 -9.99999971e-01 -1.30442191e-06  4.15989697e-01  1.00210780e-03 -1.69511627e-02 -6.81313498e-05  4.44339362e-03  3.60295639e-05 -4.34188062e+03  6.12715092e+06  7.23602126e+02 -2.92716752e+05 -1.66932187e+02  3.42877183e+04 
 3.27340695e+02 -9.99999971e-01 -1.28567499e-06  4.14568809e-01  9.96403333e-04 -1.68468728e-02 -6.75660399e-05  4.40324537e-03  3.56342648e-05 -4.31214823e+03  6.11395956e+06  7.18535333e+02 -2.91349937e+05 -1.65202373e+02  3.40170501e+04 
 3.27717777e+02 -9.99999971e-01 -1.26697174e-06  4.13154368e-01  9.90739045e-04 -1.67433168e-02 -6.70060534e-05  4.36349156e-03  3.52436598e-05 -4.28265214e+03  6.10081829e+06  7.13509933e+02 -2.89990725e+05 -1.63492336e+02  3.37487637e+04 
 3.28095293e+02 -9.99999971e-01 -1.24831188e-06  4.11746336e-01  9.85114581e-04 -1.66404886e-02 -6.64513324e-05  4.32412791e-03  3.48576880e-05 -4.25339013e+03  6.08772679e+06  7.08525528e+02 -2.88639064e+05 -1.61801826e+02  3.34828352e+04 
 3.28473244e+02 -9.99999971e-01 -1.22969506e-06  4.10344672e-01  9.79529593e-04 -1.65383823e-02 -6.59018202e-05  4.28515020e-03  3.44762892e-05 -4.22436001e+03  6.07468477e+06  7.03581721e+02 -2.87294900e+05 -1.60130593e+02  3.32192411e+04 
 3.28851631e+02 -9.99999971e-01 -1.21112102e-06  4.08949336e-01  9.73983736e-04 -1.64369919e-02 -6.53574602e-05  4.24655426e-03  3.40994045e-05 -4.19555961e+03  6.06169194e+06  6.98678121e+02 -2.85958184e+05 -1.58478395e+02  3.29579584e+04 
 3.29230453e+02 -9.99999971e-01 -1.19258942e-06  4.07560290e-01  9.68476669e-04 -1.63363114e-02 -6.48181971e-05  4.20833597e-03  3.37269752e-05 -4.16698676e+03  6.04874799e+06  6.93814343e+02 -2.84628862e+05 -1.56844991e+02  3.26989640e+04 
 3.29609712e+02 -9.99999971e-01 -1.17409999e-06  4.06177495e-01  9.63008056e-04 -1.62363350e-02 -6.42839758e-05  4.17049126e-03  3.33589441e-05 -4.13863935e+03  6.03585263e+06  6.88990004e+02 -2.83306886e+05 -1.55230144e+02  3.24422352e+04 
 3.29989408e+02 -9.99999971e-01 -1.15565240e-06  4.04800911e-01  9.57577562e-04 -1.61370570e-02 -6.37547422e-05  4.13301610e-03  3.29952542e-05 -4.11051528e+03  6.02300557e+06  6.84204728e+02 -2.81992204e+05 -1.53633618e+02  3.21877498e+04 
 3.30369541e+02 -9.99999971e-01 -1.13724639e-06  4.03430501e-01  9.52184858e-04 -1.60384716e-02 -6.32304428e-05  4.09590651e-03  3.26358498e-05 -4.08261246e+03  6.01020652e+06  6.79458139e+02 -2.80684768e+05 -1.52055185e+02  3.19354853e+04 
 3.30750112e+02 -9.99999971e-01 -1.11888163e-06  4.02066227e-01  9.46829618e-04 -1.59405731e-02 -6.27110246e-05  4.05915858e-03  3.22806758e-05 -4.05492884e+03  5.99745520e+06  6.74749871e+02 -2.79384526e+05 -1.50494616e+02  3.16854201e+04 
 3.31131121e+02 -9.99999971e-01 -1.10055785e-06  4.00708051e-01  9.41511518e-04 -1.58433558e-02 -6.21964355e-05  4.02276842e-03  3.19296777e-05 -4.02746238e+03  5.98475132e+06  6.70079556e+02 -2.78091432e+05 -1.48951687e+02  3.14375323e+04 
 3.31512570e+02 -9.99999971e-01 -1.08227476e-06  3.99355936e-01  9.36230239e-04 -1.57468144e-02 -6.16866240e-05  3.98673219e-03  3.15828020e-05 -4.00021108e+03  5.97209460e+06  6.65446835e+02 -2.76805435e+05 -1.47426177e+02  3.11918006e+04 
 3.31894458e+02 -9.99999971e-01 -1.06403206e-06  3.98009844e-01  9.30985465e-04 -1.56509431e-02 -6.11815389e-05  3.95104611e-03  3.12399960e-05 -3.97317295e+03  5.95948476e+06  6.60851350e+02 -2.75526488e+05 -1.45917869e+02  3.09482038e+04 
 3.32276785e+02 -9.99999971e-01 -1.04582949e-06  3.96669739e-01  9.25776881e-04 -1.55557366e-02 -6.06811301e-05  3.91570644e-03  3.09012075e-05 -3.94634601e+03  5.94692153e+06  6.56292749e+02 -2.74254543e+05 -1.44426546e+02  3.07067208e+04 
 3.32659553e+02 -9.99999971e-01 -1.02766674e-06  3.95335584e-01  9.20604180e-04 -1.54611895e-02 -6.01853479e-05  3.88070947e-03  3.05663852e-05 -3.91972832e+03  5.93440462e+06  6.51770683e+02 -2.72989552e+05 -1.42951998e+02  3.04673311e+04 
 3.33042762e+02 -9.99999971e-01 -1.00954355e-06  3.94007344e-01  9.15467053e-04 -1.53672964e-02 -5.96941431e-05  3.84605155e-03  3.02354784e-05 -3.89331795e+03  5.92193377e+06  6.47284807e+02 -2.71731470e+05 -1.41494014e+02  3.02300141e+04 
 3.33426413e+02 -9.99999971e-01 -9.91459629e-07  3.92684982e-01  9.10365198e-04 -1.52740521e-02 -5.92074674e-05  3.81172907e-03  2.99084374e-05 -3.86711301e+03  5.90950871e+06  6.42834779e+02 -2.70480249e+05 -1.40052389e+02  2.99947496e+04 
 3.33810505e+02 -9.99999971e-01 -9.73414707e-07  3.91368463e-01  9.05298315e-04 -1.51814511e-02 -5.87252727e-05  3.77773847e-03  2.95852128e-05 -3.84111161e+03  5.89712916e+06  6.38420262e+02 -2.69235843e+05 -1.38626920e+02  2.97615175e+04 
 3.34195040e+02 -9.99999971e-01 -9.55408510e-07  3.90057752e-01  9.00266107e-04 -1.50894885e-02 -5.82475117e-05  3.74407620e-03  2.92657561e-05 -3.81531188e+03  5.88479486e+06  6.34040923e+02 -2.67998206e+05 -1.37217405e+02  2.95302980e+04 
 3.34580018e+02 -9.99999971e-01 -9.37440767e-07  3.88752813e-01  8.95268279e-04 -1.49981589e-02 -5.77741378e-05  3.71073880e-03  2.89500196e-05 -3.78971198e+03  5.87250555e+06  6.29696431e+02 -2.66767294e+05 -1.35823648e+02  2.93010715e+04 
 3.34965439e+02 -9.99999971e-01 -9.19511209e-07  3.87453612e-01  8.90304540e-04 -1.49074574e-02 -5.73051048e-05  3.67772281e-03  2.86379559e-05 -3.76431009e+03  5.86026097e+06  6.25386460e+02 -2.65543060e+05 -1.34445453e+02  2.90738187e+04 
 3.35351304e+02 -9.99999971e-01 -9.01619565e-07  3.86160114e-01  8.85374604e-04 -1.48173788e-02 -5.68403670e-05  3.64502484e-03  2.83295187e-05 -3.73910440e+03  5.84806085e+06  6.21110688e+02 -2.64325461e+05 -1.33082627e+02  2.88485204e+04 
 3.35737614e+02 -9.99999971e-01 -8.83765573e-07  3.84872286e-01  8.80478184e-04 -1.47279182e-02 -5.63798795e-05  3.61264151e-03  2.80246619e-05 -3.71409314e+03  5.83590493e+06  6.16868794e+02 -2.63114452e+05 -1.31734982e+02  2.86251576e+04 
 3.36124369e+02 -9.99999971e-01 -8.65948962e-07  3.83590093e-01  8.75614999e-04 -1.46390706e-02 -5.59235976e-05  3.58056951e-03  2.77233404e-05 -3.68927453e+03  5.82379297e+06  6.12660464e+02 -2.61909990e+05 -1.30402329e+02  2.84037117e+04 
 3.36511569e+02 -9.99999971e-01 -8.48169478e-07  3.82313501e-01  8.70784769e-04 -1.45508311e-02 -5.54714774e-05  3.54880554e-03  2.74255096e-05 -3.66464683e+03  5.81172471e+06  6.08485385e+02 -2.60712030e+05 -1.29084485e+02  2.81841640e+04 
 3.36899216e+02 -9.99999971e-01 -8.30426870e-07  3.81042478e-01  8.65987219e-04 -1.44631948e-02 -5.50234755e-05  3.51734637e-03  2.71311254e-05 -3.64020831e+03  5.79969989e+06  6.04343249e+02 -2.59520530e+05 -1.27781267e+02  2.79664963e+04 
 3.37287309e+02 -9.99999971e-01 -8.12720863e-07  3.79776989e-01  8.61222074e-04 -1.43761570e-02 -5.45795489e-05  3.48618879e-03  2.68401444e-05 -3.61595727e+03  5.78771827e+06  6.00233749e+02 -2.58335446e+05 -1.26492496e+02  2.77506904e+04 
 3.37675849e+02 -9.99999971e-01 -7.95051214e-07  3.78517003e-01  8.56489064e-04 -1.42897128e-02 -5.41396552e-05  3.45532962e-03  2.65525240e-05 -3.59189200e+03  5.77577959e+06  5.96156584e+02 -2.57156737e+05 -1.25217995e+02  2.75367285e+04 
 3.38064836e+02 -9.99999971e-01 -7.77417664e-07  3.77262487e-01  8.51787921e-04 -1.42038575e-02 -5.37037525e-05  3.42476573e-03  2.62682218e-05 -3.56801084e+03  5.76388362e+06  5.92111455e+02 -2.55984360e+05 -1.23957588e+02  2.73245926e+04 
 3.38454272e+02 -9.99999971e-01 -7.59819962e-07  3.76013408e-01  8.47118379e-04 -1.41185864e-02 -5.32717994e-05  3.39449402e-03  2.59871962e-05 -3.54431214e+03  5.75203010e+06  5.88098066e+02 -2.54818274e+05 -1.22711105e+02  2.71142655e+04 
 3.38844156e+02 -9.99999971e-01 -7.42257857e-07  3.74769734e-01  8.42480177e-04 -1.40338950e-02 -5.28437551e-05  3.36451143e-03  2.57094062e-05 -3.52079425e+03  5.74021880e+06  5.84116125e+02 -2.53658437e+05 -1.21478374e+02  2.69057295e+04 
 3.39234490e+02 -9.99999972e-01 -7.24731109e-07  3.73531434e-01  8.37873054e-04 -1.39497785e-02 -5.24195789e-05  3.33481494e-03  2.54348113e-05 -3.49745556e+03  5.72844948e+06  5.80165343e+02 -2.52504808e+05 -1.20259227e+02  2.66989678e+04 
 3.39625273e+02 -9.99999972e-01 -7.07239458e-07  3.72298475e-01  8.33296753e-04 -1.38662326e-02 -5.19992312e-05  3.30540155e-03  2.51633716e-05 -3.47429446e+03  5.71672189e+06  5.76245433e+02 -2.51357346e+05 -1.19053501e+02  2.64939631e+04 
 3.40016506e+02 -9.99999972e-01 -6.89782674e-07  3.71070827e-01  8.28751020e-04 -1.37832526e-02 -5.15826722e-05  3.27626830e-03  2.48950476e-05 -3.45130936e+03  5.70503581e+06  5.72356113e+02 -2.50216012e+05 -1.17861030e+02  2.62906989e+04 
 3.40408190e+02 -9.99999972e-01 -6.72360507e-07  3.69848459e-01  8.24235601e-04 -1.37008340e-02 -5.11698631e-05  3.24741228e-03  2.46298006e-05 -3.42849870e+03  5.69339099e+06  5.68497102e+02 -2.49080764e+05 -1.16681655e+02  2.60891583e+04 
 3.40800325e+02 -9.99999972e-01 -6.54972716e-07  3.68631339e-01  8.19750248e-04 -1.36189726e-02 -5.07607653e-05  3.21883060e-03  2.43675922e-05 -3.40586092e+03  5.68178721e+06  5.64668124e+02 -2.47951563e+05 -1.15515216e+02  2.58893252e+04 
 3.41192912e+02 -9.99999972e-01 -6.37619070e-07  3.67419436e-01  8.15294714e-04 -1.35376638e-02 -5.03553408e-05  3.19052040e-03  2.41083846e-05 -3.38339448e+03  5.67022422e+06  5.60868905e+02 -2.46828369e+05 -1.14361557e+02  2.56911831e+04 
 3.41585951e+02 -9.99999972e-01 -6.20299321e-07  3.66212721e-01  8.10868753e-04 -1.34569034e-02 -4.99535518e-05  3.16247886e-03  2.38521406e-05 -3.36109787e+03  5.65870181e+06  5.57099173e+02 -2.45711145e+05 -1.13220524e+02  2.54947160e+04 
 3.41979443e+02 -9.99999972e-01 -6.03013245e-07  3.65011164e-01  8.06472124e-04 -1.33766870e-02 -4.95553612e-05  3.13470318e-03  2.35988232e-05 -3.33896958e+03  5.64721975e+06  5.53358660e+02 -2.44599850e+05 -1.12091963e+02  2.52999080e+04 
 3.42373388e+02 -9.99999972e-01 -5.85760596e-07  3.63814734e-01  8.02104586e-04 -1.32970104e-02 -4.91607322e-05  3.10719062e-03  2.33483964e-05 -3.31700811e+03  5.63577781e+06  5.49647101e+02 -2.43494446e+05 -1.10975724e+02  2.51067434e+04 
 3.42767787e+02 -9.99999972e-01 -5.68541154e-07  3.62623402e-01  7.97765903e-04 -1.32178694e-02 -4.87696285e-05  3.07993845e-03  2.31008242e-05 -3.29521200e+03  5.62437576e+06  5.45964234e+02 -2.42394896e+05 -1.09871659e+02  2.49152066e+04 
 3.43162640e+02 -9.99999972e-01 -5.51354681e-07  3.61437137e-01  7.93455839e-04 -1.31392597e-02 -4.83820143e-05  3.05294396e-03  2.28560714e-05 -3.27357979e+03  5.61301338e+06  5.42309799e+02 -2.41301160e+05 -1.08779621e+02  2.47252823e+04 
 3.43557948e+02 -9.99999972e-01 -5.34200954e-07  3.60255912e-01  7.89174162e-04 -1.30611773e-02 -4.79978539e-05  3.02620450e-03  2.26141032e-05 -3.25211003e+03  5.60169046e+06  5.38683539e+02 -2.40213203e+05 -1.07699466e+02  2.45369552e+04 
 3.43953711e+02 -9.99999972e-01 -5.17079741e-07  3.59079697e-01  7.84920641e-04 -1.29836179e-02 -4.76171123e-05  2.99971744e-03  2.23748852e-05 -3.23080129e+03  5.59040677e+06  5.35085200e+02 -2.39130985e+05 -1.06631051e+02  2.43502102e+04 
 3.44349931e+02 -9.99999972e-01 -4.99990822e-07  3.57908463e-01  7.80695047e-04 -1.29065777e-02 -4.72397550e-05  2.97348016e-03  2.21383834e-05 -3.20965216e+03  5.57916210e+06  5.31514529e+02 -2.38054472e+05 -1.05574235e+02  2.41650324e+04 
 3.44746607e+02 -9.99999972e-01 -4.82933970e-07  3.56742182e-01  7.76497156e-04 -1.28300525e-02 -4.68657475e-05  2.94749010e-03  2.19045646e-05 -3.18866125e+03  5.56795622e+06  5.27971279e+02 -2.36983625e+05 -1.04528880e+02  2.39814071e+04 
 3.45143739e+02 -9.99999972e-01 -4.65908965e-07  3.55580825e-01  7.72326744e-04 -1.27540383e-02 -4.64950561e-05  2.92174471e-03  2.16733956e-05 -3.16782716e+03  5.55678894e+06  5.24455203e+02 -2.35918408e+05 -1.03494848e+02  2.37993197e+04 
 3.45541330e+02 -9.99999972e-01 -4.48915589e-07  3.54424364e-01  7.68183588e-04 -1.26785311e-02 -4.61276473e-05  2.89624148e-03  2.14448440e-05 -3.14714852e+03  5.54566003e+06  5.20966058e+02 -2.34858786e+05 -1.02472005e+02  2.36187558e+04 
 3.45939378e+02 -9.99999972e-01 -4.31953616e-07  3.53272772e-01  7.64067470e-04 -1.26035272e-02 -4.57634880e-05  2.87097791e-03  2.12188776e-05 -3.12662399e+03  5.53456928e+06  5.17503602e+02 -2.33804723e+05 -1.01460216e+02  2.34397011e+04 
 3.46337885e+02 -9.99999972e-01 -4.15022836e-07  3.52126019e-01  7.59978172e-04 -1.25290225e-02 -4.54025454e-05  2.84595155e-03  2.09954648e-05 -3.10625221e+03  5.52351649e+06  5.14067596e+02 -2.32756182e+05 -1.00459351e+02  2.32621414e+04 
 3.46736850e+02 -9.99999972e-01 -3.98123031e-07  3.50984080e-01  7.55915480e-04 -1.24550132e-02 -4.50447874e-05  2.82115998e-03  2.07745742e-05 -3.08603186e+03  5.51250144e+06  5.10657806e+02 -2.31713129e+05 -9.94692783e+01  2.30860629e+04 
 3.47136276e+02 -9.99999972e-01 -3.81253988e-07  3.49846926e-01  7.51879179e-04 -1.23814955e-02 -4.46901819e-05  2.79660077e-03  2.05561752e-05 -3.06596161e+03  5.50152393e+06  5.07273996e+02 -2.30675529e+05 -9.84898712e+01  2.29114515e+04 
 3.47536161e+02 -9.99999972e-01 -3.64415492e-07  3.48714531e-01  7.47869061e-04 -1.23084656e-02 -4.43386973e-05  2.77227157e-03  2.03402371e-05 -3.04604018e+03  5.49058376e+06  5.03915936e+02 -2.29643347e+05 -9.75210026e+01  2.27382938e+04 
 3.47936508e+02 -9.99999972e-01 -3.47607335e-07  3.47586868e-01  7.43884914e-04 -1.22359198e-02 -4.39903024e-05  2.74817001e-03  2.01267301e-05 -3.02626627e+03  5.47968072e+06  5.00583398e+02 -2.28616549e+05 -9.65625476e+01  2.25665760e+04 
 3.48337315e+02 -9.99999972e-01 -3.30829305e-07  3.46463909e-01  7.39926534e-04 -1.21638544e-02 -4.36449664e-05  2.72429378e-03  1.99156245e-05 -3.00663860e+03  5.46881461e+06  4.97276154e+02 -2.27595101e+05 -9.56143831e+01  2.23962849e+04 
 3.48738584e+02 -9.99999972e-01 -3.14081200e-07  3.45345629e-01  7.35993714e-04 -1.20922656e-02 -4.33026587e-05  2.70064058e-03  1.97068911e-05 -2.98715592e+03  5.45798523e+06  4.93993981e+02 -2.26578968e+05 -9.46763873e+01  2.22274072e+04 
 3.49140315e+02 -9.99999972e-01 -2.97362805e-07  3.44232000e-01  7.32086253e-04 -1.20211499e-02 -4.29633492e-05  2.67720814e-03  1.95005009e-05 -2.96781697e+03  5.44719239e+06  4.90736657e+02 -2.25568118e+05 -9.37484402e+01  2.20599297e+04 
 3.49542510e+02 -9.99999972e-01 -2.80673921e-07  3.43122998e-01  7.28203949e-04 -1.19505036e-02 -4.26270080e-05  2.65399421e-03  1.92964257e-05 -2.94862051e+03  5.43643588e+06  4.87503962e+02 -2.24562516e+05 -9.28304235e+01  2.18938395e+04 
 3.49945167e+02 -9.99999972e-01 -2.64014341e-07  3.42018596e-01  7.24346602e-04 -1.18803232e-02 -4.22936057e-05  2.63099657e-03  1.90946372e-05 -2.92956532e+03  5.42571551e+06  4.84295680e+02 -2.23562130e+05 -9.19222200e+01  2.17291237e+04 
 3.50348288e+02 -9.99999972e-01 -2.47383866e-07  3.40918768e-01  7.20514017e-04 -1.18106050e-02 -4.19631132e-05  2.60821303e-03  1.88951079e-05 -2.91065019e+03  5.41503108e+06  4.81111596e+02 -2.22566926e+05 -9.10237145e+01  2.15657697e+04 
 3.50751874e+02 -9.99999972e-01 -2.30782293e-07  3.39823489e-01  7.16705998e-04 -1.17413456e-02 -4.16355015e-05  2.58564141e-03  1.86978102e-05 -2.89187392e+03  5.40438241e+06  4.77951496e+02 -2.21576874e+05 -9.01347930e+01  2.14037648e+04 
 3.51155925e+02 -9.99999972e-01 -2.14209425e-07  3.38732733e-01  7.12922352e-04 -1.16725415e-02 -4.13107423e-05  2.56327957e-03  1.85027173e-05 -2.87323532e+03  5.39376930e+06  4.74815170e+02 -2.20591939e+05 -8.92553431e+01  2.12430966e+04 
 3.51560441e+02 -9.99999972e-01 -1.97665062e-07  3.37646476e-01  7.09162886e-04 -1.16041893e-02 -4.09888073e-05  2.54112539e-03  1.83098026e-05 -2.85473320e+03  5.38319156e+06  4.71702411e+02 -2.19612090e+05 -8.83852538e+01  2.10837527e+04 
 3.51965423e+02 -9.99999972e-01 -1.81149008e-07  3.36564692e-01  7.05427412e-04 -1.15362854e-02 -4.06696687e-05  2.51917676e-03  1.81190397e-05 -2.83636642e+03  5.37264900e+06  4.68613011e+02 -2.18637295e+05 -8.75244156e+01  2.09257211e+04 
 3.52370871e+02 -9.99999972e-01 -1.64661069e-07  3.35487356e-01  7.01715742e-04 -1.14688266e-02 -4.03532989e-05  2.49743161e-03  1.79304027e-05 -2.81813381e+03  5.36214144e+06  4.65546767e+02 -2.17667522e+05 -8.66727203e+01  2.07689896e+04 
 3.52776787e+02 -9.99999972e-01 -1.48201049e-07  3.34414445e-01  6.98027689e-04 -1.14018094e-02 -4.00396709e-05  2.47588790e-03  1.77438660e-05 -2.80003423e+03  5.35166868e+06  4.62503477e+02 -2.16702741e+05 -8.58300612e+01  2.06135462e+04 
 3.53183170e+02 -9.99999972e-01 -1.31768759e-07  3.33345932e-01  6.94363069e-04 -1.13352306e-02 -3.97287575e-05  2.45454357e-03  1.75594044e-05 -2.78206656e+03  5.34123056e+06  4.59482940e+02 -2.15742920e+05 -8.49963330e+01  2.04593793e+04 
 3.53590021e+02 -9.99999972e-01 -1.15364004e-07  3.32281795e-01  6.90721701e-04 -1.12690867e-02 -3.94205322e-05  2.43339664e-03  1.73769929e-05 -2.76422967e+03  5.33082687e+06  4.56484958e+02 -2.14788028e+05 -8.41714316e+01  2.03064771e+04 
 3.53997341e+02 -9.99999972e-01 -9.89865967e-08  3.31222009e-01  6.87103402e-04 -1.12033746e-02 -3.91149687e-05  2.41244511e-03  1.71966070e-05 -2.74652245e+03  5.32045744e+06  4.53509337e+02 -2.13838034e+05 -8.33552543e+01  2.01548279e+04 
 3.54405130e+02 -9.99999972e-01 -8.26363475e-08  3.30166551e-01  6.83507994e-04 -1.11380911e-02 -3.88120409e-05  2.39168703e-03  1.70182223e-05 -2.72894382e+03  5.31012210e+06  4.50555881e+02 -2.12892909e+05 -8.25477000e+01  2.00044205e+04 
 3.54813389e+02 -9.99999972e-01 -6.63130697e-08  3.29115395e-01  6.79935299e-04 -1.10732327e-02 -3.85117232e-05  2.37112045e-03  1.68418149e-05 -2.71149268e+03  5.29982065e+06  4.47624399e+02 -2.11952622e+05 -8.17486684e+01  1.98552434e+04 
 3.55222118e+02 -9.99999972e-01 -5.00165775e-08  3.28068520e-01  6.76385142e-04 -1.10087965e-02 -3.82139900e-05  2.35074344e-03  1.66673612e-05 -2.69416795e+03  5.28955292e+06  4.44714701e+02 -2.11017143e+05 -8.09580608e+01  1.97072854e+04 
 3.55631319e+02 -9.99999972e-01 -3.37466863e-08  3.27025901e-01  6.72857348e-04 -1.09447793e-02 -3.79188162e-05  2.33055412e-03  1.64948378e-05 -2.67696858e+03  5.27931875e+06  4.41826598e+02 -2.10086443e+05 -8.01757797e+01  1.95605354e+04 
 3.56040990e+02 -9.99999972e-01 -1.75032122e-08  3.25987515e-01  6.69351745e-04 -1.08811778e-02 -3.76261770e-05  2.31055059e-03  1.63242216e-05 -2.65989351e+03  5.26911794e+06  4.38959905e+02 -2.09160491e+05 -7.94017289e+01  1.94149824e+04 
 3.56451133e+02 -9.99999972e-01 -1.28597342e-09  3.24953340e-01  6.65868162e-04 -1.08179890e-02 -3.73360476e-05  2.29073102e-03  1.61554899e-05 -2.64294169e+03  5.25895032e+06  4.36114437e+02 -2.08239260e+05 -7.86358132e+01  1.92706156e+04 
 3.56861749e+02 -9.99999972e-01  1.49052110e-08  3.23923351e-01  6.62406430e-04 -1.07552098e-02 -3.70484038e-05  2.27109355e-03  1.59886204e-05 -2.62611210e+03  5.24881574e+06  4.33290012e+02 -2.07322719e+05 -7.78779390e+01  1.91274242e+04 
 3.57272838e+02 -9.99999972e-01  3.10705206e-08  3.22897528e-01  6.58966381e-04 -1.06928372e-02 -3.67632215e-05  2.25163638e-03  1.58235907e-05 -2.60940370e+03  5.23871400e+06  4.30486448e+02 -2.06410840e+05 -7.71280135e+01  1.89853975e+04 
 3.57684401e+02 -9.99999972e-01  4.72101338e-08  3.21875846e-01  6.55547849e-04 -1.06308681e-02 -3.64804768e-05  2.23235769e-03  1.56603791e-05 -2.59281549e+03  5.22864494e+06  4.27703568e+02 -2.05503594e+05 -7.63859452e+01  1.88445250e+04 
 3.58096437e+02 -9.99999972e-01  6.33242285e-08  3.20858284e-01  6.52150669e-04 -1.05692996e-02 -3.62001463e-05  2.21325573e-03  1.54989639e-05 -2.57634646e+03  5.21860840e+06  4.24941194e+02 -2.04600953e+05 -7.56516440e+01  1.87047963e+04 
 3.58508948e+02 -9.99999972e-01  7.94129797e-08  3.19844820e-01  6.48774679e-04 -1.05081287e-02 -3.59222067e-05  2.19432873e-03  1.53393239e-05 -2.55999562e+03  5.20860420e+06  4.22199150e+02 -2.03702890e+05 -7.49250205e+01  1.85662010e+04 
 3.58921935e+02 -9.99999972e-01  9.54765631e-08  3.18835431e-01  6.45419716e-04 -1.04473523e-02 -3.56466349e-05  2.17557494e-03  1.51814380e-05 -2.54376198e+03  5.19863218e+06  4.19477263e+02 -2.02809375e+05 -7.42059869e+01  1.84287289e+04 
 3.59335397e+02 -9.99999972e-01  1.11515153e-07  3.17830095e-01  6.42085620e-04 -1.03869677e-02 -3.53734082e-05  2.15699266e-03  1.50252855e-05 -2.52764457e+03  5.18869216e+06  4.16775362e+02 -2.01920381e+05 -7.34944562e+01  1.82923699e+04 
 3.59749335e+02 -9.99999972e-01  1.27528920e-07  3.16828790e-01  6.38772234e-04 -1.03269719e-02 -3.51025040e-05  2.13858017e-03  1.48708458e-05 -2.51164242e+03  5.17878400e+06  4.14093275e+02 -2.01035880e+05 -7.27903425e+01  1.81571139e+04 
 3.60163750e+02 -9.99999973e-01  1.43518037e-07  3.15831496e-01  6.35479399e-04 -1.02673620e-02 -3.48339000e-05  2.12033581e-03  1.47180987e-05 -2.49575458e+03  5.16890752e+06  4.11430836e+02 -2.00155846e+05 -7.20935611e+01  1.80229511e+04 
 3.60578643e+02 -9.99999973e-01  1.59482673e-07  3.14838190e-01  6.32206960e-04 -1.02081352e-02 -3.45675743e-05  2.10225789e-03  1.45670243e-05 -2.47998010e+03  5.15906256e+06  4.08787876e+02 -1.99280251e+05 -7.14040284e+01  1.78898716e+04 
 3.60994014e+02 -9.99999973e-01  1.75422999e-07  3.13848851e-01  6.28954763e-04 -1.01492887e-02 -3.43035050e-05  2.08434479e-03  1.44176028e-05 -2.46431804e+03  5.14924896e+06  4.06164231e+02 -1.98409069e+05 -7.07216616e+01  1.77578656e+04 
 3.61409863e+02 -9.99999973e-01  1.91339182e-07  3.12863458e-01  6.25722655e-04 -1.00908196e-02 -3.40416706e-05  2.06659486e-03  1.42698148e-05 -2.44876749e+03  5.13946656e+06  4.03559738e+02 -1.97542272e+05 -7.00463793e+01  1.76269237e+04 
 3.61826191e+02 -9.99999973e-01  2.07231389e-07  3.11881991e-01  6.22510484e-04 -1.00327252e-02 -3.37820497e-05  2.04900650e-03  1.41236410e-05 -2.43332750e+03  5.12971521e+06  4.00974234e+02 -1.96679834e+05 -6.93781009e+01  1.74970362e+04 
 3.62242998e+02 -9.99999973e-01  2.23099786e-07  3.10904427e-01  6.19318101e-04 -9.97500283e-03 -3.35246213e-05  2.03157812e-03  1.39790625e-05 -2.41799719e+03  5.11999474e+06  3.98407559e+02 -1.95821728e+05 -6.87167468e+01  1.73681937e+04 
 3.62660286e+02 -9.99999973e-01  2.38944537e-07  3.09930747e-01  6.16145356e-04 -9.91764964e-03 -3.32693645e-05  2.01430813e-03  1.38360605e-05 -2.40277563e+03  5.11030499e+06  3.95859554e+02 -1.94967929e+05 -6.80622384e+01  1.72403869e+04 
 3.63078055e+02 -9.99999973e-01  2.54765807e-07  3.08960929e-01  6.12992103e-04 -9.86066296e-03 -3.30162586e-05  1.99719498e-03  1.36946166e-05 -2.38766195e+03  5.10064582e+06  3.93330063e+02 -1.94118411e+05 -6.74144982e+01  1.71136066e+04 
 3.63496305e+02 -9.99999973e-01  2.70563755e-07  3.07994954e-01  6.09858194e-04 -9.80404013e-03 -3.27652833e-05  1.98023714e-03  1.35547125e-05 -2.37265525e+03  5.09101707e+06  3.90818929e+02 -1.93273148e+05 -6.67734495e+01  1.69878436e+04 
 3.63915036e+02 -9.99999973e-01  2.86338548e-07  3.07032801e-01  6.06743487e-04 -9.74777848e-03 -3.25164183e-05  1.96343306e-03  1.34163301e-05 -2.35775466e+03  5.08141858e+06  3.88325999e+02 -1.92432114e+05 -6.61390168e+01  1.68630888e+04 
 3.64334250e+02 -9.99999973e-01  3.02090342e-07  3.06074449e-01  6.03647836e-04 -9.69187538e-03 -3.22696437e-05  1.94678124e-03  1.32794517e-05 -2.34295932e+03  5.07185020e+06  3.85851120e+02 -1.91595284e+05 -6.55111251e+01  1.67393333e+04 
 3.64753947e+02 -9.99999973e-01  3.17819300e-07  3.05119880e-01  6.00571100e-04 -9.63632821e-03 -3.20249397e-05  1.93028020e-03  1.31440598e-05 -2.32826836e+03  5.06231178e+06  3.83394140e+02 -1.90762632e+05 -6.48897009e+01  1.66165682e+04 
 3.65174127e+02 -9.99999973e-01  3.33525579e-07  3.04169072e-01  5.97513138e-04 -9.58113439e-03 -3.17822868e-05  1.91392845e-03  1.30101368e-05 -2.31368093e+03  5.05280318e+06  3.80954911e+02 -1.89934135e+05 -6.42746711e+01  1.64947847e+04 
 3.65594792e+02 -9.99999973e-01  3.49209332e-07  3.03222007e-01  5.94473811e-04 -9.52629136e-03 -3.15416656e-05  1.89772453e-03  1.28776658e-05 -2.29919618e+03  5.04332423e+06  3.78533284e+02 -1.89109766e+05 -6.36659639e+01  1.63739741e+04 
 3.66015941e+02 -9.99999973e-01  3.64870722e-07  3.02278665e-01  5.91452980e-04 -9.47179656e-03 -3.13030569e-05  1.88166699e-03  1.27466298e-05 -2.28481329e+03  5.03387480e+06  3.76129112e+02 -1.88289502e+05 -6.30635080e+01  1.62541278e+04 
 3.66437575e+02 -9.99999973e-01  3.80509901e-07  3.01339025e-01  5.88450508e-04 -9.41764747e-03 -3.10664420e-05  1.86575442e-03  1.26170121e-05 -2.27053142e+03  5.02445474e+06  3.73742250e+02 -1.87473318e+05 -6.24672335e+01  1.61352373e+04 
 3.66859694e+02 -9.99999973e-01  3.96127025e-07  3.00403070e-01  5.85466260e-04 -9.36384158e-03 -3.08318019e-05  1.84998538e-03  1.24887962e-05 -2.25634976e+03  5.01506389e+06  3.71372554e+02 -1.86661189e+05 -6.18770707e+01  1.60172942e+04 
 3.67282300e+02 -9.99999973e-01  4.11722244e-07  2.99470779e-01  5.82500100e-04 -9.31037643e-03 -3.05991183e-05  1.83435849e-03  1.23619659e-05 -2.24226750e+03  5.00570212e+06  3.69019881e+02 -1.85853092e+05 -6.12929514e+01  1.59002900e+04 
 3.67705393e+02 -9.99999973e-01  4.27295713e-07  2.98542134e-01  5.79551896e-04 -9.25724953e-03 -3.03683727e-05  1.81887235e-03  1.22365050e-05 -2.22828382e+03  4.99636929e+06  3.66684091e+02 -1.85049002e+05 -6.07148079e+01  1.57842164e+04 
 3.68128974e+02 -9.99999973e-01  4.42847586e-07  2.97617115e-01  5.76621514e-04 -9.20445847e-03 -3.01395471e-05  1.80352560e-03  1.21123978e-05 -2.21439793e+03  4.98706524e+06  3.64365043e+02 -1.84248896e+05 -6.01425733e+01  1.56690654e+04 
 3.68553042e+02 -9.99999973e-01  4.58378004e-07  2.96695704e-01  5.73708825e-04 -9.15200080e-03 -2.99126235e-05  1.78831688e-03  1.19896284e-05 -2.20060905e+03  4.97778983e+06  3.62062599e+02 -1.83452751e+05 -5.95761816e+01  1.55548288e+04 
 3.68977599e+02 -9.99999973e-01  4.73887130e-07  2.95777882e-01  5.70813697e-04 -9.09987414e-03 -2.96875842e-05  1.77324485e-03  1.18681815e-05 -2.18691639e+03  4.96854293e+06  3.59776623e+02 -1.82660542e+05 -5.90155677e+01  1.54414985e+04 
 3.69402644e+02 -9.99999973e-01  4.89375100e-07  2.94863631e-01  5.67936003e-04 -9.04807611e-03 -2.94644115e-05  1.75830819e-03  1.17480417e-05 -2.17331918e+03  4.95932440e+06  3.57506977e+02 -1.81872247e+05 -5.84606672e+01  1.53290665e+04 
 3.69828180e+02 -9.99999973e-01  5.04842067e-07  2.93952932e-01  5.65075615e-04 -8.99660434e-03 -2.92430881e-05  1.74350558e-03  1.16291939e-05 -2.15981665e+03  4.95013409e+06  3.55253528e+02 -1.81087842e+05 -5.79114165e+01  1.52175251e+04 
 3.70254205e+02 -9.99999973e-01  5.20288179e-07  2.93045767e-01  5.62232406e-04 -8.94545650e-03 -2.90235969e-05  1.72883572e-03  1.15116233e-05 -2.14640804e+03  4.94097187e+06  3.53016143e+02 -1.80307305e+05 -5.73677528e+01  1.51068664e+04 
 3.70680722e+02 -9.99999973e-01  5.35713585e-07  2.92142117e-01  5.59406251e-04 -8.89463026e-03 -2.88059207e-05  1.71429732e-03  1.13953152e-05 -2.13309260e+03  4.93183759e+06  3.50794689e+02 -1.79530613e+05 -5.68296139e+01  1.49970827e+04 
 3.71107729e+02 -9.99999973e-01  5.51118415e-07  2.91241965e-01  5.56597025e-04 -8.84412333e-03 -2.85900428e-05  1.69988913e-03  1.12802549e-05 -2.11986957e+03  4.92273113e+06  3.48589035e+02 -1.78757744e+05 -5.62969387e+01  1.48881663e+04 
 3.71535229e+02 -9.99999973e-01  5.66502834e-07  2.90345292e-01  5.53804606e-04 -8.79393342e-03 -2.83759465e-05  1.68560987e-03  1.11664282e-05 -2.10673824e+03  4.91365235e+06  3.46399053e+02 -1.77988674e+05 -5.57696666e+01  1.47801097e+04 
 3.71963221e+02 -9.99999973e-01  5.81866971e-07  2.89452082e-01  5.51028872e-04 -8.74405827e-03 -2.81636154e-05  1.67145830e-03  1.10538208e-05 -2.09369785e+03  4.90460111e+06  3.44224614e+02 -1.77223382e+05 -5.52477378e+01  1.46729053e+04 
 3.72391706e+02 -9.99999973e-01  5.97210967e-07  2.88562315e-01  5.48269700e-04 -8.69449563e-03 -2.79530330e-05  1.65743320e-03  1.09424188e-05 -2.08074768e+03  4.89557728e+06  3.42065591e+02 -1.76461845e+05 -5.47310931e+01  1.45665458e+04 
 3.72820685e+02 -9.99999973e-01  6.12534969e-07  2.87675976e-01  5.45526972e-04 -8.64524328e-03 -2.77441834e-05  1.64353333e-03  1.08322083e-05 -2.06788702e+03  4.88658072e+06  3.39921859e+02 -1.75704042e+05 -5.42196742e+01  1.44610238e+04 
 3.73250158e+02 -9.99999973e-01  6.27839118e-07  2.86793045e-01  5.42800569e-04 -8.59629902e-03 -2.75370504e-05  1.62975751e-03  1.07231756e-05 -2.05511516e+03  4.87761131e+06  3.37793292e+02 -1.74949951e+05 -5.37134234e+01  1.43563319e+04 
 3.73680125e+02 -9.99999973e-01  6.43123553e-07  2.85913506e-01  5.40090372e-04 -8.54766064e-03 -2.73316184e-05  1.61610453e-03  1.06153074e-05 -2.04243139e+03  4.86866891e+06  3.35679767e+02 -1.74199550e+05 -5.32122838e+01  1.42524630e+04 
 3.74110588e+02 -9.99999973e-01  6.58388409e-07  2.85037341e-01  5.37396265e-04 -8.49932599e-03 -2.71278716e-05  1.60257321e-03  1.05085902e-05 -2.02983500e+03  4.85975340e+06  3.33581162e+02 -1.73452818e+05 -5.27161991e+01  1.41494100e+04 
 3.74541547e+02 -9.99999973e-01  6.73633824e-07  2.84164534e-01  5.34718132e-04 -8.45129290e-03 -2.69257946e-05  1.58916239e-03  1.04030109e-05 -2.01732532e+03  4.85086463e+06  3.31497356e+02 -1.72709734e+05 -5.22251137e+01  1.40471658e+04 
 3.74973002e+02 -9.99999973e-01  6.88859938e-07  2.83295067e-01  5.32055858e-04 -8.40355925e-03 -2.67253720e-05  1.57587090e-03  1.02985566e-05 -2.00490164e+03  4.84200250e+06  3.29428229e+02 -1.71970275e+05 -5.17389727e+01  1.39457233e+04 
 3.75404954e+02 -9.99999973e-01  7.04066885e-07  2.82428924e-01  5.29409330e-04 -8.35612291e-03 -2.65265888e-05  1.56269761e-03  1.01952143e-05 -1.99256330e+03  4.83316686e+06  3.27373662e+02 -1.71234422e+05 -5.12577218e+01  1.38450757e+04 
 3.75837404e+02 -9.99999973e-01  7.19254796e-07  2.81566087e-01  5.26778434e-04 -8.30898179e-03 -2.63294299e-05  1.54964138e-03  1.00929715e-05 -1.98030962e+03  4.82435759e+06  3.25333537e+02 -1.70502153e+05 -5.07813073e+01  1.37452160e+04 
 3.76270352e+02 -9.99999973e-01  7.34423818e-07  2.80706540e-01  5.24163058e-04 -8.26213379e-03 -2.61338805e-05  1.53670110e-03  9.99181550e-06 -1.96813992e+03  4.81557456e+06  3.23307738e+02 -1.69773447e+05 -5.03096764e+01  1.36461374e+04 
 3.76703799e+02 -9.99999973e-01  7.49574077e-07  2.79850267e-01  5.21563092e-04 -8.21557686e-03 -2.59399258e-05  1.52387565e-03  9.89173405e-06 -1.95605356e+03  4.80681766e+06  3.21296149e+02 -1.69048285e+05 -4.98427767e+01  1.35478333e+04 
 3.77137745e+02 -9.99999973e-01  7.64705703e-07  2.78997251e-01  5.18978426e-04 -8.16930894e-03 -2.57475514e-05  1.51116393e-03  9.79271491e-06 -1.94404987e+03  4.79808675e+06  3.19298655e+02 -1.68326645e+05 -4.93805564e+01  1.34502970e+04 
 3.77572191e+02 -9.99999973e-01  7.79818830e-07  2.78147476e-01  5.16408951e-04 -8.12332800e-03 -2.55567428e-05  1.49856487e-03  9.69474602e-06 -1.93212820e+03  4.78938171e+06  3.17315144e+02 -1.67608508e+05 -4.89229645e+01  1.33535218e+04 
 3.78007137e+02 -9.99999973e-01  7.94913593e-07  2.77300925e-01  5.13854558e-04 -8.07763203e-03 -2.53674859e-05  1.48607738e-03  9.59781546e-06 -1.92028792e+03  4.78070242e+06  3.15345502e+02 -1.66893853e+05 -4.84699505e+01  1.32575011e+04 
 3.78442585e+02 -9.99999973e-01  8.09990119e-07  2.76457583e-01  5.11315141e-04 -8.03221902e-03 -2.51797664e-05  1.47370040e-03  9.50191145e-06 -1.90852838e+03  4.77204875e+06  3.13389619e+02 -1.66182659e+05 -4.80214646e+01  1.31622286e+04 
 3.78878534e+02 -9.99999973e-01  8.25048538e-07  2.75617433e-01  5.08790593e-04 -7.98708699e-03 -2.49935705e-05  1.46143289e-03  9.40702238e-06 -1.89684895e+03  4.76342059e+06  3.11447384e+02 -1.65474909e+05 -4.75774574e+01  1.30676978e+04 
 3.79314985e+02 -9.99999973e-01  8.40088973e-07  2.74780459e-01  5.06280810e-04 -7.94223398e-03 -2.48088844e-05  1.44927380e-03  9.31313676e-06 -1.88524901e+03  4.75481782e+06  3.09518688e+02 -1.64770580e+05 -4.71378803e+01  1.29739023e+04 
 3.79751939e+02 -9.99999973e-01  8.55111573e-07  2.73946646e-01  5.03785685e-04 -7.89765802e-03 -2.46256943e-05  1.43722209e-03  9.22024324e-06 -1.87372793e+03  4.74624032e+06  3.07603423e+02 -1.64069655e+05 -4.67026851e+01  1.28808359e+04 
 3.80189396e+02 -9.99999973e-01  8.70116438e-07  2.73115978e-01  5.01305117e-04 -7.85335719e-03 -2.44439868e-05  1.42527676e-03  9.12833062e-06 -1.86228511e+03  4.73768796e+06  3.05701481e+02 -1.63372113e+05 -4.62718243e+01  1.27884922e+04 
 3.80627358e+02 -9.99999973e-01  8.85103709e-07  2.72288439e-01  4.98839002e-04 -7.80932957e-03 -2.42637485e-05  1.41343679e-03  9.03738783e-06 -1.85091992e+03  4.72916063e+06  3.03812757e+02 -1.62677935e+05 -4.58452510e+01  1.26968652e+04 
 3.81065823e+02 -9.99999973e-01  9.00073509e-07  2.71464014e-01  4.96387239e-04 -7.76557324e-03 -2.40849661e-05  1.40170117e-03  8.94740393e-06 -1.83963178e+03  4.72065821e+06  3.01937145e+02 -1.61987102e+05 -4.54229186e+01  1.26059486e+04 
 3.81504794e+02 -9.99999973e-01  9.15025957e-07  2.70642687e-01  4.93949727e-04 -7.72208633e-03 -2.39076265e-05  1.39006894e-03  8.85836813e-06 -1.82842007e+03  4.71218059e+06  3.00074540e+02 -1.61299595e+05 -4.50047815e+01  1.25157365e+04 
 3.81944271e+02 -9.99999973e-01  9.29961196e-07  2.69824443e-01  4.91526365e-04 -7.67886695e-03 -2.37317167e-05  1.37853909e-03  8.77026974e-06 -1.81728421e+03  4.70372764e+06  2.98224840e+02 -1.60615395e+05 -4.45907941e+01  1.24262229e+04 
 3.82384254e+02 -9.99999973e-01  9.44879332e-07  2.69009268e-01  4.89117054e-04 -7.63591324e-03 -2.35572239e-05  1.36711067e-03  8.68309822e-06 -1.80622361e+03  4.69529926e+06  2.96387942e+02 -1.59934483e+05 -4.41809117e+01  1.23374017e+04 
 3.82824743e+02 -9.99999973e-01  9.59780493e-07  2.68197145e-01  4.86721697e-04 -7.59322337e-03 -2.33841353e-05  1.35578272e-03  8.59684318e-06 -1.79523769e+03  4.68689534e+06  2.94563744e+02 -1.59256841e+05 -4.37750901e+01  1.22492671e+04 
 3.83265740e+02 -9.99999973e-01  9.74664808e-07  2.67388060e-01  4.84340195e-04 -7.55079550e-03 -2.32124384e-05  1.34455429e-03  8.51149430e-06 -1.78432586e+03  4.67851575e+06  2.92752146e+02 -1.58582450e+05 -4.33732855e+01  1.21618133e+04 
 3.83707245e+02 -9.99999973e-01  9.89532388e-07  2.66581997e-01  4.81972452e-04 -7.50862781e-03 -2.30421207e-05  1.33342444e-03  8.42704144e-06 -1.77348757e+03  4.67016038e+06  2.90953049e+02 -1.57911291e+05 -4.29754547e+01  1.20750345e+04 
 3.84149259e+02 -9.99999973e-01  1.00438335e-06  2.65778943e-01  4.79618372e-04 -7.46671852e-03 -2.28731698e-05  1.32239224e-03  8.34347455e-06 -1.76272223e+03  4.66182913e+06  2.89166353e+02 -1.57243346e+05 -4.25815550e+01  1.19889249e+04 
 3.84591782e+02 -9.99999973e-01  1.01921783e-06  2.64978882e-01  4.77277859e-04 -7.42506582e-03 -2.27055735e-05  1.31145678e-03  8.26078370e-06 -1.75202929e+03  4.65352187e+06  2.87391961e+02 -1.56578598e+05 -4.21915441e+01  1.19034789e+04 
 3.85034815e+02 -9.99999973e-01  1.03403594e-06  2.64181800e-01  4.74950820e-04 -7.38366795e-03 -2.25393197e-05  1.30061713e-03  8.17895911e-06 -1.74140819e+03  4.64523851e+06  2.85629776e+02 -1.55917027e+05 -4.18053804e+01  1.18186909e+04 
 3.85478358e+02 -9.99999973e-01  1.04883779e-06  2.63387682e-01  4.72637161e-04 -7.34252316e-03 -2.23743966e-05  1.28987241e-03  8.09799108e-06 -1.73085839e+03  4.63697893e+06  2.83879702e+02 -1.55258617e+05 -4.14230226e+01  1.17345552e+04 
 3.85922412e+02 -9.99999973e-01  1.06362351e-06  2.62596513e-01  4.70336789e-04 -7.30162968e-03 -2.22107921e-05  1.27922171e-03  8.01787006e-06 -1.72037932e+03  4.62874302e+06  2.82141644e+02 -1.54603349e+05 -4.10444299e+01  1.16510665e+04 
 3.86366977e+02 -9.99999973e-01  1.07839321e-06  2.61808280e-01  4.68049612e-04 -7.26098581e-03 -2.20484946e-05  1.26866416e-03  7.93858658e-06 -1.70997046e+03  4.62053067e+06  2.80415507e+02 -1.53951206e+05 -4.06695622e+01  1.15682192e+04 
 3.86812055e+02 -9.99999973e-01  1.09314701e-06  2.61022968e-01  4.65775540e-04 -7.22058982e-03 -2.18874925e-05  1.25819888e-03  7.86013131e-06 -1.69963126e+03  4.61234177e+06  2.78701199e+02 -1.53302170e+05 -4.02983795e+01  1.14860080e+04 
 3.87257645e+02 -9.99999973e-01  1.10788503e-06  2.60240563e-01  4.63514480e-04 -7.18044000e-03 -2.17277743e-05  1.24782501e-03  7.78249503e-06 -1.68936119e+03  4.60417623e+06  2.76998625e+02 -1.52656224e+05 -3.99308425e+01  1.14044274e+04 
 3.87703749e+02 -9.99999973e-01  1.12260737e-06  2.59461051e-01  4.61266345e-04 -7.14053467e-03 -2.15693285e-05  1.23754169e-03  7.70566861e-06 -1.67915973e+03  4.59603392e+06  2.75307696e+02 -1.52013350e+05 -3.95669125e+01  1.13234721e+04 
 3.88150366e+02 -9.99999973e-01  1.13731416e-06  2.58684417e-01  4.59031044e-04 -7.10087215e-03 -2.14121440e-05  1.22734807e-03  7.62964306e-06 -1.66902634e+03  4.58791475e+06  2.73628319e+02 -1.51373531e+05 -3.92065509e+01  1.12431370e+04 
 3.88597498e+02 -9.99999973e-01  1.15200551e-06  2.57910649e-01  4.56808490e-04 -7.06145079e-03 -2.12562095e-05  1.21724332e-03  7.55440948e-06 -1.65896051e+03  4.57981861e+06  2.71960405e+02 -1.50736751e+05 -3.88497197e+01  1.11634167e+04 
 3.89045145e+02 -9.99999973e-01  1.16668153e-06  2.57139732e-01  4.54598596e-04 -7.02226892e-03 -2.11015140e-05  1.20722661e-03  7.47995907e-06 -1.64896173e+03  4.57174540e+06  2.70303864e+02 -1.50102991e+05 -3.84963815e+01  1.10843062e+04 
 3.89493308e+02 -9.99999973e-01  1.18134233e-06  2.56371652e-01  4.52401273e-04 -6.98332491e-03 -2.09480466e-05  1.19729710e-03  7.40628314e-06 -1.63902949e+03  4.56369501e+06  2.68658608e+02 -1.49472236e+05 -3.81464991e+01  1.10058003e+04 
 3.89941987e+02 -9.99999973e-01  1.19598804e-06  2.55606396e-01  4.50216437e-04 -6.94461715e-03 -2.07957964e-05  1.18745400e-03  7.33337311e-06 -1.62916328e+03  4.55566734e+06  2.67024548e+02 -1.48844469e+05 -3.78000359e+01  1.09278939e+04 
 3.90391183e+02 -9.99999973e-01  1.21061875e-06  2.54843950e-01  4.48044002e-04 -6.90614401e-03 -2.06447528e-05  1.17769649e-03  7.26122050e-06 -1.61936260e+03  4.54766228e+06  2.65401599e+02 -1.48219672e+05 -3.74569556e+01  1.08505821e+04 
 3.90840896e+02 -9.99999973e-01  1.22523457e-06  2.54084301e-01  4.45883883e-04 -6.86790391e-03 -2.04949051e-05  1.16802378e-03  7.18981693e-06 -1.60962696e+03  4.53967974e+06  2.63789675e+02 -1.47597830e+05 -3.71172224e+01  1.07738598e+04 
 3.91291127e+02 -9.99999973e-01  1.23983563e-06  2.53327435e-01  4.43735997e-04 -6.82989524e-03 -2.03462428e-05  1.15843508e-03  7.11915411e-06 -1.59995586e+03  4.53171961e+06  2.62188688e+02 -1.46978926e+05 -3.67808008e+01  1.06977222e+04 
 3.91741877e+02 -9.99999973e-01  1.25442202e-06  2.52573339e-01  4.41600260e-04 -6.79211645e-03 -2.01987555e-05  1.14892961e-03  7.04922387e-06 -1.59034881e+03  4.52378179e+06  2.60598556e+02 -1.46362944e+05 -3.64476559e+01  1.06221643e+04 
 3.92193146e+02 -9.99999973e-01  1.26899386e-06  2.51822001e-01  4.39476589e-04 -6.75456596e-03 -2.00524328e-05  1.13950659e-03  6.98001812e-06 -1.58080534e+03  4.51586618e+06  2.59019194e+02 -1.45749867e+05 -3.61177531e+01  1.05471814e+04 
 3.92644935e+02 -9.99999973e-01  1.28355125e-06  2.51073405e-01  4.37364903e-04 -6.71724224e-03 -1.99072647e-05  1.13016525e-03  6.91152886e-06 -1.57132496e+03  4.50797269e+06  2.57450518e+02 -1.45139679e+05 -3.57910582e+01  1.04727686e+04 
 3.93097245e+02 -9.99999973e-01  1.29809430e-06  2.50327541e-01  4.35265120e-04 -6.68014374e-03 -1.97632410e-05  1.12090485e-03  6.84374820e-06 -1.56190719e+03  4.50010121e+06  2.55892448e+02 -1.44532366e+05 -3.54675373e+01  1.03989211e+04 
 3.93550075e+02 -9.99999973e-01  1.31262313e-06  2.49584394e-01  4.33177161e-04 -6.64326893e-03 -1.96203516e-05  1.11172463e-03  6.77666834e-06 -1.55255158e+03  4.49225165e+06  2.54344900e+02 -1.43927910e+05 -3.51471570e+01  1.03256344e+04 
 3.94003428e+02 -9.99999973e-01  1.32713784e-06  2.48843952e-01  4.31100944e-04 -6.60661631e-03 -1.94785867e-05  1.10262385e-03  6.71028157e-06 -1.54325764e+03  4.48442391e+06  2.52807795e+02 -1.43326295e+05 -3.48298844e+01  1.02529037e+04 
 3.94457302e+02 -9.99999973e-01  1.34163852e-06  2.48106202e-01  4.29036390e-04 -6.57018437e-03 -1.93379365e-05  1.09360177e-03  6.64458028e-06 -1.53402492e+03  4.47661788e+06  2.51281051e+02 -1.42727507e+05 -3.45156867e+01  1.01807243e+04 
 3.94911699e+02 -9.99999973e-01  1.35612529e-06  2.47371131e-01  4.26983422e-04 -6.53397163e-03 -1.91983913e-05  1.08465766e-03  6.57955692e-06 -1.52485295e+03  4.46883349e+06  2.49764589e+02 -1.42131530e+05 -3.42045316e+01  1.01090919e+04 
 3.95366620e+02 -9.99999973e-01  1.37059824e-06  2.46638727e-01  4.24941960e-04 -6.49797660e-03 -1.90599414e-05  1.07579081e-03  6.51520406e-06 -1.51574129e+03  4.46107062e+06  2.48258331e+02 -1.41538348e+05 -3.38963873e+01  1.00380017e+04 
 3.95822065e+02 -9.99999973e-01  1.38505750e-06  2.45908977e-01  4.22911928e-04 -6.46219782e-03 -1.89225773e-05  1.06700049e-03  6.45151435e-06 -1.50668949e+03  4.45332919e+06  2.46762199e+02 -1.40947946e+05 -3.35912222e+01  9.96744935e+03 
 3.96278034e+02 -9.99999973e-01  1.39950316e-06  2.45181868e-01  4.20893249e-04 -6.42663382e-03 -1.87862896e-05  1.05828602e-03  6.38848052e-06 -1.49769708e+03  4.44560909e+06  2.45276114e+02 -1.40360308e+05 -3.32890051e+01  9.89743036e+03 
 3.96734529e+02 -9.99999974e-01  1.41393531e-06  2.44457388e-01  4.18885846e-04 -6.39128318e-03 -1.86510690e-05  1.04964667e-03  6.32609539e-06 -1.48876364e+03  4.43791025e+06  2.43800001e+02 -1.39775420e+05 -3.29897051e+01  9.82794034e+03 
 3.97191549e+02 -9.99999974e-01  1.42835408e-06  2.43735525e-01  4.16889645e-04 -6.35614445e-03 -1.85169062e-05  1.04108177e-03  6.26435187e-06 -1.47988872e+03  4.43023255e+06  2.42333783e+02 -1.39193267e+05 -3.26932919e+01  9.75897492e+03 
 3.97649096e+02 -9.99999974e-01  1.44275954e-06  2.43016267e-01  4.14904570e-04 -6.32121621e-03 -1.83837921e-05  1.03259063e-03  6.20324293e-06 -1.47107188e+03  4.42257591e+06  2.40877384e+02 -1.38613833e+05 -3.23997352e+01  9.69052976e+03 
 3.98107171e+02 -9.99999974e-01  1.45715182e-06  2.42299600e-01  4.12930547e-04 -6.28649706e-03 -1.82517175e-05  1.02417257e-03  6.14276165e-06 -1.46231270e+03  4.41494024e+06  2.39430731e+02 -1.38037104e+05 -3.21090053e+01  9.62260058e+03 
 3.98565772e+02 -9.99999974e-01  1.47153100e-06  2.41585514e-01  4.10967502e-04 -6.25198558e-03 -1.81206736e-05  1.01582691e-03  6.08290118e-06 -1.45361075e+03  4.40732545e+06  2.37993748e+02 -1.37463064e+05 -3.18210726e+01  9.55518314e+03 
 3.99024902e+02 -9.99999974e-01  1.48589719e-06  2.40873996e-01  4.09015362e-04 -6.21768039e-03 -1.79906513e-05  1.00755300e-03  6.02365475e-06 -1.44496560e+03  4.39973144e+06  2.36566363e+02 -1.36891700e+05 -3.15359082e+01  9.48827321e+03 
 3.99484561e+02 -9.99999974e-01  1.50025049e-06  2.40165034e-01  4.07074055e-04 -6.18358012e-03 -1.78616420e-05  9.99350167e-04  5.96501566e-06 -1.43637683e+03  4.39215812e+06  2.35148503e+02 -1.36322997e+05 -3.12534831e+01  9.42186664e+03 
 3.99944750e+02 -9.99999974e-01  1.51459100e-06  2.39458616e-01  4.05143508e-04 -6.14968339e-03 -1.77336368e-05  9.91217768e-04  5.90697730e-06 -1.42784402e+03  4.38460541e+06  2.33740095e+02 -1.35756940e+05 -3.09737690e+01  9.35595928e+03 
 4.00405468e+02 -9.99999974e-01  1.52891881e-06  2.38754731e-01  4.03223650e-04 -6.11598884e-03 -1.76066272e-05  9.83155155e-04  5.84953315e-06 -1.41936676e+03  4.37707321e+06  2.32341068e+02 -1.35193515e+05 -3.06967377e+01  9.29054704e+03 
 4.00866718e+02 -9.99999974e-01  1.54323403e-06  2.38053366e-01  4.01314411e-04 -6.08249513e-03 -1.74806046e-05  9.75161690e-04  5.79267673e-06 -1.41094464e+03  4.36956143e+06  2.30951351e+02 -1.34632708e+05 -3.04223613e+01  9.22562586e+03 
 4.01328498e+02 -9.99999974e-01  1.55753674e-06  2.37354510e-01  3.99415720e-04 -6.04920091e-03 -1.73555605e-05  9.67236738e-04  5.73640166e-06 -1.40257725e+03  4.36206999e+06  2.29570874e+02 -1.34074504e+05 -3.01506124e+01  9.16119172e+03 
 4.01790811e+02 -9.99999974e-01  1.57182706e-06  2.36658152e-01  3.97527508e-04 -6.01610487e-03 -1.72314865e-05  9.59379674e-04  5.68070163e-06 -1.39426418e+03  4.35459880e+06  2.28199566e+02 -1.33518889e+05 -2.98814638e+01  9.09724063e+03 
 4.02253656e+02 -9.99999974e-01  1.58610507e-06  2.35964279e-01  3.95649704e-04 -5.98320569e-03 -1.71083744e-05  9.51589877e-04  5.62557041e-06 -1.38600505e+03  4.34714777e+06  2.26837360e+02 -1.32965850e+05 -2.96148885e+01  9.03376864e+03 
 4.02717034e+02 -9.99999974e-01  1.60037087e-06  2.35272880e-01  3.93782242e-04 -5.95050205e-03 -1.69862158e-05  9.43866733e-04  5.57100184e-06 -1.37779945e+03  4.33971682e+06  2.25484186e+02 -1.32415372e+05 -2.93508600e+01  8.97077185e+03 
 4.03180946e+02 -9.99999974e-01  1.61462455e-06  2.34583944e-01  3.91925052e-04 -5.91799266e-03 -1.68650026e-05  9.36209633e-04  5.51698980e-06 -1.36964699e+03  4.33230585e+06  2.24139977e+02 -1.31867442e+05 -2.90893519e+01  8.90824636e+03 
 4.03645393e+02 -9.99999974e-01  1.62886622e-06  2.33897460e-01  3.90078066e-04 -5.88567623e-03 -1.67447268e-05  9.28617976e-04  5.46352830e-06 -1.36154727e+03  4.32491478e+06  2.22804665e+02 -1.31322045e+05 -2.88303384e+01  8.84618834e+03 
 4.04110375e+02 -9.99999974e-01  1.64309596e-06  2.33213416e-01  3.88241219e-04 -5.85355149e-03 -1.66253804e-05  9.21091165e-04  5.41061136e-06 -1.35349992e+03  4.31754353e+06  2.21478183e+02 -1.30779169e+05 -2.85737936e+01  8.78459398e+03 
 4.04575892e+02 -9.99999974e-01  1.65731386e-06  2.32531801e-01  3.86414444e-04 -5.82161717e-03 -1.65069554e-05  9.13628610e-04  5.35823312e-06 -1.34550455e+03  4.31019201e+06  2.20160466e+02 -1.30238800e+05 -2.83196921e+01  8.72345951e+03 
 4.05041945e+02 -9.99999974e-01  1.67152005e-06  2.31852604e-01  3.84597674e-04 -5.78987200e-03 -1.63894440e-05  9.06229726e-04  5.30638775e-06 -1.33756077e+03  4.30286014e+06  2.18851447e+02 -1.29700924e+05 -2.80680089e+01  8.66278117e+03 
 4.05508535e+02 -9.99999974e-01  1.68571457e-06  2.31175814e-01  3.82790844e-04 -5.75831474e-03 -1.62728384e-05  8.98893933e-04  5.25506950e-06 -1.32966822e+03  4.29554783e+06  2.17551062e+02 -1.29165528e+05 -2.78187191e+01  8.60255527e+03 
 4.05975663e+02 -9.99999974e-01  1.69989754e-06  2.30501420e-01  3.80993890e-04 -5.72694415e-03 -1.61571310e-05  8.91620660e-04  5.20427269e-06 -1.32182651e+03  4.28825501e+06  2.16259246e+02 -1.28632599e+05 -2.75717980e+01  8.54277813e+03 
 4.06443329e+02 -9.99999974e-01  1.71406906e-06  2.29829410e-01  3.79206746e-04 -5.69575900e-03 -1.60423140e-05  8.84409338e-04  5.15399170e-06 -1.31403528e+03  4.28098158e+06  2.14975936e+02 -1.28102123e+05 -2.73272214e+01  8.48344610e+03 
 4.06911534e+02 -9.99999974e-01  1.72822921e-06  2.29159775e-01  3.77429350e-04 -5.66475806e-03 -1.59283800e-05  8.77259405e-04  5.10422099e-06 -1.30629416e+03  4.27372746e+06  2.13701067e+02 -1.27574087e+05 -2.70849653e+01  8.42455559e+03 
 4.07380278e+02 -9.99999974e-01  1.74237807e-06  2.28492502e-01  3.75661637e-04 -5.63394013e-03 -1.58153215e-05  8.70170304e-04  5.05495506e-06 -1.29860278e+03  4.26649258e+06  2.12434577e+02 -1.27048478e+05 -2.68450060e+01  8.36610302e+03 
 4.07849562e+02 -9.99999974e-01  1.75651576e-06  2.27827582e-01  3.73903544e-04 -5.60330401e-03 -1.57031310e-05  8.63141485e-04  5.00618848e-06 -1.29096078e+03  4.25927685e+06  2.11176404e+02 -1.26525284e+05 -2.66073198e+01  8.30808483e+03 
 4.08319386e+02 -9.99999974e-01  1.77064234e-06  2.27165004e-01  3.72155010e-04 -5.57284849e-03 -1.55918012e-05  8.56172401e-04  4.95791591e-06 -1.28336781e+03  4.25208019e+06  2.09926486e+02 -1.26004491e+05 -2.63718835e+01  8.25049752e+03 
 4.08789752e+02 -9.99999974e-01  1.78475793e-06  2.26504757e-01  3.70415972e-04 -5.54257239e-03 -1.54813249e-05  8.49262513e-04  4.91013202e-06 -1.27582351e+03  4.24490252e+06  2.08684762e+02 -1.25486087e+05 -2.61386743e+01  8.19333761e+03 
 4.09260660e+02 -9.99999974e-01  1.79886258e-06  2.25846831e-01  3.68686368e-04 -5.51247455e-03 -1.53716948e-05  8.42411284e-04  4.86283159e-06 -1.26832752e+03  4.23774376e+06  2.07451170e+02 -1.24970059e+05 -2.59076694e+01  8.13660164e+03 
 4.09732110e+02 -9.99999974e-01  1.81295641e-06  2.25191214e-01  3.66966138e-04 -5.48255378e-03 -1.52629039e-05  8.35618185e-04  4.81600942e-06 -1.26087950e+03  4.23060383e+06  2.06225652e+02 -1.24456394e+05 -2.56788462e+01  8.08028620e+03 
 4.10204103e+02 -9.99999974e-01  1.82703950e-06  2.24537898e-01  3.65255222e-04 -5.45280894e-03 -1.51549450e-05  8.28882692e-04  4.76966041e-06 -1.25347910e+03  4.22348265e+06  2.05008146e+02 -1.23945079e+05 -2.54521826e+01  8.02438790e+03 
 4.10676640e+02 -9.99999974e-01  1.84111194e-06  2.23886870e-01  3.63553559e-04 -5.42323887e-03 -1.50478111e-05  8.22204284e-04  4.72377949e-06 -1.24612597e+03  4.21638015e+06  2.03798594e+02 -1.23436103e+05 -2.52276566e+01  7.96890337e+03 
 4.11149721e+02 -9.99999974e-01  1.85517381e-06  2.23238122e-01  3.61861089e-04 -5.39384242e-03 -1.49414954e-05  8.15582446e-04  4.67836164e-06 -1.23881978e+03  4.20929624e+06  2.02596937e+02 -1.22929453e+05 -2.50052464e+01  7.91382929e+03 
 4.11623347e+02 -9.99999974e-01  1.86922520e-06  2.22591642e-01  3.60177754e-04 -5.36461848e-03 -1.48359908e-05  8.09016670e-04  4.63340193e-06 -1.23156018e+03  4.20223085e+06  2.01403117e+02 -1.22425116e+05 -2.47849307e+01  7.85916236e+03 
 4.12097519e+02 -9.99999974e-01  1.88326619e-06  2.21947421e-01  3.58503495e-04 -5.33556591e-03 -1.47312908e-05  8.02506450e-04  4.58889546e-06 -1.22434685e+03  4.19518390e+06  2.00217076e+02 -1.21923081e+05 -2.45666880e+01  7.80489931e+03 
 4.12572237e+02 -9.99999974e-01  1.89729688e-06  2.21305448e-01  3.56838253e-04 -5.30668359e-03 -1.46273884e-05  7.96051286e-04  4.54483740e-06 -1.21717944e+03  4.18815531e+06  1.99038757e+02 -1.21423335e+05 -2.43504974e+01  7.75103690e+03 
 4.13047502e+02 -9.99999974e-01  1.91131737e-06  2.20665713e-01  3.55181971e-04 -5.27797042e-03 -1.45242770e-05  7.89650684e-04  4.50122297e-06 -1.21005763e+03  4.18114501e+06  1.97868104e+02 -1.20925866e+05 -2.41363381e+01  7.69757191e+03 
 4.13523314e+02 -9.99999974e-01  1.92532769e-06  2.20028207e-01  3.53534591e-04 -5.24942530e-03 -1.44219501e-05  7.83304153e-04  4.45804743e-06 -1.20298109e+03  4.17415292e+06  1.96705059e+02 -1.20430662e+05 -2.39241895e+01  7.64450115e+03 
 4.13999675e+02 -9.99999974e-01  1.93932797e-06  2.19392919e-01  3.51896057e-04 -5.22104714e-03 -1.43204009e-05  7.77011208e-04  4.41530613e-06 -1.19594950e+03  4.16717897e+06  1.95549567e+02 -1.19937711e+05 -2.37140313e+01  7.59182148e+03 
 4.14476584e+02 -9.99999974e-01  1.95331829e-06  2.18759839e-01  3.50266312e-04 -5.19283485e-03 -1.42196231e-05  7.70771367e-04  4.37299442e-06 -1.18896253e+03  4.16022308e+06  1.94401574e+02 -1.19447002e+05 -2.35058434e+01  7.53952976e+03 
 4.14954043e+02 -9.99999974e-01  1.96729872e-06  2.18128958e-01  3.48645300e-04 -5.16478735e-03 -1.41196103e-05  7.64584155e-04  4.33110776e-06 -1.18201987e+03  4.15328517e+06  1.93261023e+02 -1.18958522e+05 -2.32996058e+01  7.48762289e+03 
 4.15432051e+02 -9.99999974e-01  1.98126935e-06  2.17500266e-01  3.47032965e-04 -5.13690359e-03 -1.40203560e-05  7.58449100e-04  4.28964163e-06 -1.17512119e+03  4.14636518e+06  1.92127860e+02 -1.18472260e+05 -2.30952990e+01  7.43609780e+03 
 4.15910610e+02 -9.99999974e-01  1.99523028e-06  2.16873752e-01  3.45429252e-04 -5.10918250e-03 -1.39218539e-05  7.52365735e-04  4.24859155e-06 -1.16826619e+03  4.13946303e+06  1.91002032e+02 -1.17988204e+05 -2.28929033e+01  7.38495144e+03 
 4.16389721e+02 -9.99999974e-01  2.00918156e-06  2.16249409e-01  3.43834107e-04 -5.08162302e-03 -1.38240977e-05  7.46333598e-04  4.20795312e-06 -1.16145456e+03  4.13257864e+06  1.89883485e+02 -1.17506343e+05 -2.26923997e+01  7.33418080e+03 
 4.16869383e+02 -9.99999974e-01  2.02312329e-06  2.15627224e-01  3.42247475e-04 -5.05422412e-03 -1.37270814e-05  7.40352230e-04  4.16772198e-06 -1.15468597e+03  4.12571194e+06  1.88772166e+02 -1.17026665e+05 -2.24937691e+01  7.28378286e+03 
 4.17349598e+02 -9.99999974e-01  2.03705555e-06  2.15007191e-01  3.40669303e-04 -5.02698475e-03 -1.36307987e-05  7.34421177e-04  4.12789380e-06 -1.14796013e+03  4.11886286e+06  1.87668023e+02 -1.16549158e+05 -2.22969925e+01  7.23375468e+03 
 4.17830367e+02 -9.99999974e-01  2.05097842e-06  2.14389297e-01  3.39099535e-04 -4.99990389e-03 -1.35352435e-05  7.28539991e-04  4.08846432e-06 -1.14127674e+03  4.11203133e+06  1.86571002e+02 -1.16073812e+05 -2.21020514e+01  7.18409331e+03 
 4.18311689e+02 -9.99999974e-01  2.06489199e-06  2.13773535e-01  3.37538121e-04 -4.97298052e-03 -1.34404098e-05  7.22708226e-04  4.04942934e-06 -1.13463549e+03  4.10521728e+06  1.85481053e+02 -1.15600616e+05 -2.19089275e+01  7.13479582e+03 
 4.18793565e+02 -9.99999974e-01  2.07879633e-06  2.13159895e-01  3.35985006e-04 -4.94621362e-03 -1.33462917e-05  7.16925441e-04  4.01078466e-06 -1.12803607e+03  4.09842063e+06  1.84398124e+02 -1.15129557e+05 -2.17176023e+01  7.08585934e+03 
 4.19275997e+02 -9.99999974e-01  2.09269153e-06  2.12548368e-01  3.34440138e-04 -4.91960218e-03 -1.32528832e-05  7.11191200e-04  3.97252618e-06 -1.12147821e+03  4.09164132e+06  1.83322164e+02 -1.14660624e+05 -2.15280580e+01  7.03728100e+03 
 4.19758984e+02 -9.99999974e-01  2.10657764e-06  2.11938943e-01  3.32903466e-04 -4.89314521e-03 -1.31601785e-05  7.05505070e-04  3.93464981e-06 -1.11496160e+03  4.08487927e+06  1.82253123e+02 -1.14193808e+05 -2.13402767e+01  6.98905795e+03 
 4.20242528e+02 -9.99999974e-01  2.12045479e-06  2.11331613e-01  3.31374938e-04 -4.86684171e-03 -1.30681718e-05  6.99866624e-04  3.89715153e-06 -1.10848594e+03  4.07813441e+06  1.81190950e+02 -1.13729096e+05 -2.11542407e+01  6.94118738e+03 
 4.20726628e+02 -9.99999974e-01  2.13432303e-06  2.10726367e-01  3.29854502e-04 -4.84069070e-03 -1.29768572e-05  6.94275437e-04  3.86002734e-06 -1.10205096e+03  4.07140668e+06  1.80135597e+02 -1.13266478e+05 -2.09699326e+01  6.89366650e+03 
 4.21211287e+02 -9.99999974e-01  2.14818243e-06  2.10123197e-01  3.28342109e-04 -4.81469120e-03 -1.28862291e-05  6.88731088e-04  3.82327331e-06 -1.09565636e+03  4.06469600e+06  1.79087013e+02 -1.12805943e+05 -2.07873352e+01  6.84649254e+03 
 4.21696503e+02 -9.99999974e-01  2.16203307e-06  2.09522094e-01  3.26837707e-04 -4.78884224e-03 -1.27962819e-05  6.83233162e-04  3.78688555e-06 -1.08930186e+03  4.05800231e+06  1.78045150e+02 -1.12347480e+05 -2.06064314e+01  6.79966276e+03 
 4.22182279e+02 -9.99999974e-01  2.17587505e-06  2.08923048e-01  3.25341246e-04 -4.76314285e-03 -1.27070099e-05  6.77781247e-04  3.75086019e-06 -1.08298717e+03  4.05132554e+06  1.77009959e+02 -1.11891078e+05 -2.04272043e+01  6.75317445e+03 
 4.22668614e+02 -9.99999974e-01  2.18970843e-06  2.08326050e-01  3.23852678e-04 -4.73759208e-03 -1.26184076e-05  6.72374934e-04  3.71519343e-06 -1.07671202e+03  4.04466561e+06  1.75981393e+02 -1.11436727e+05 -2.02496371e+01  6.70702490e+03 
 4.23155510e+02 -9.99999974e-01  2.20353330e-06  2.07731092e-01  3.22371952e-04 -4.71218899e-03 -1.25304696e-05  6.67013820e-04  3.67988150e-06 -1.07047612e+03  4.03802247e+06  1.74959404e+02 -1.10984416e+05 -2.00737135e+01  6.66121145e+03 
 4.23642966e+02 -9.99999974e-01  2.21734973e-06  2.07138165e-01  3.20899020e-04 -4.68693262e-03 -1.24431902e-05  6.61697502e-04  3.64492067e-06 -1.06427921e+03  4.03139604e+06  1.73943944e+02 -1.10534135e+05 -1.98994170e+01  6.61573144e+03 
 4.24130984e+02 -9.99999974e-01  2.23115778e-06  2.06547260e-01  3.19433833e-04 -4.66182204e-03 -1.23565642e-05  6.56425586e-04  3.61030727e-06 -1.05812100e+03  4.02478626e+06  1.72934967e+02 -1.10085873e+05 -1.97267314e+01  6.57058224e+03 
 4.24619564e+02 -9.99999974e-01  2.24495754e-06  2.05958368e-01  3.17976343e-04 -4.63685632e-03 -1.22705862e-05  6.51197677e-04  3.57603764e-06 -1.05200123e+03  4.01819306e+06  1.71932425e+02 -1.09639620e+05 -1.95556408e+01  6.52576127e+03 
 4.25108707e+02 -9.99999974e-01  2.25874911e-06  2.05371480e-01  3.16526502e-04 -4.61203453e-03 -1.21852510e-05  6.46013387e-04  3.54210819e-06 -1.04591963e+03  4.01161638e+06  1.70936274e+02 -1.09195365e+05 -1.93861293e+01  6.48126593e+03 
 4.25598413e+02 -9.99999974e-01  2.27253251e-06  2.04786588e-01  3.15084262e-04 -4.58735578e-03 -1.21005531e-05  6.40872330e-04  3.50851536e-06 -1.03987592e+03  4.00505614e+06  1.69946468e+02 -1.08753098e+05 -1.92181814e+01  6.43709367e+03 
 4.26088684e+02 -9.99999974e-01  2.28630788e-06  2.04203683e-01  3.13649578e-04 -4.56281913e-03 -1.20164875e-05  6.35774125e-04  3.47525562e-06 -1.03386986e+03  3.99851229e+06  1.68962960e+02 -1.08312809e+05 -1.90517814e+01  6.39324195e+03 
 4.26579519e+02 -9.99999974e-01  2.30007524e-06  2.03622757e-01  3.12222400e-04 -4.53842369e-03 -1.19330491e-05  6.30718392e-04  3.44232550e-06 -1.02790116e+03  3.99198476e+06  1.67985706e+02 -1.07874487e+05 -1.88869141e+01  6.34970825e+03 
 4.27070919e+02 -9.99999974e-01  2.31383468e-06  2.03043800e-01  3.10802684e-04 -4.51416857e-03 -1.18502325e-05  6.25704758e-04  3.40972154e-06 -1.02196957e+03  3.98547348e+06  1.67014662e+02 -1.07438123e+05 -1.87235643e+01  6.30649008e+03 
 4.27562886e+02 -9.99999974e-01  2.32758630e-06  2.02466805e-01  3.09390384e-04 -4.49005287e-03 -1.17680329e-05  6.20732851e-04  3.37744034e-06 -1.01607484e+03  3.97897839e+06  1.66049782e+02 -1.07003707e+05 -1.85617171e+01  6.26358498e+03 
 4.28055420e+02 -9.99999974e-01  2.34133014e-06  2.01891763e-01  3.07985452e-04 -4.46607571e-03 -1.16864452e-05  6.15802303e-04  3.34547853e-06 -1.01021670e+03  3.97249942e+06  1.65091024e+02 -1.06571229e+05 -1.84013576e+01  6.22099049e+03 
 4.28548520e+02 -9.99999974e-01  2.35506630e-06  2.01318666e-01  3.06587845e-04 -4.44223621e-03 -1.16054644e-05  6.10912751e-04  3.31383278e-06 -1.00439490e+03  3.96603652e+06  1.64138343e+02 -1.06140678e+05 -1.82424711e+01  6.17870417e+03 
 4.29042189e+02 -9.99999974e-01  2.36879482e-06  2.00747505e-01  3.05197517e-04 -4.41853350e-03 -1.15250856e-05  6.06063833e-04  3.28249980e-06 -9.98609186e+02  3.95958962e+06  1.63191697e+02 -1.05712045e+05 -1.80850430e+01  6.13672363e+03 
 4.29536427e+02 -9.99999974e-01  2.38251583e-06  2.00178271e-01  3.03814422e-04 -4.39496672e-03 -1.14453039e-05  6.01255192e-04  3.25147634e-06 -9.92859313e+02  3.95315865e+06  1.62251043e+02 -1.05285320e+05 -1.79290592e+01  6.09504647e+03 
 4.30031234e+02 -9.99999974e-01  2.39622935e-06  1.99610958e-01  3.02438518e-04 -4.37153501e-03 -1.13661144e-05  5.96486475e-04  3.22075916e-06 -9.87145029e+02  3.94674355e+06  1.61316337e+02 -1.04860493e+05 -1.77745052e+01  6.05367033e+03 
 4.30526610e+02 -9.99999974e-01  2.40993545e-06  1.99045556e-01  3.01069759e-04 -4.34823751e-03 -1.12875124e-05  5.91757330e-04  3.19034508e-06 -9.81466086e+02  3.94034427e+06  1.60387539e+02 -1.04437556e+05 -1.76213671e+01  6.01259286e+03 
 4.31022558e+02 -9.99999974e-01  2.42363420e-06  1.98482057e-01  2.99708102e-04 -4.32507338e-03 -1.12094932e-05  5.87067411e-04  3.16023096e-06 -9.75822241e+02  3.93396073e+06  1.59464605e+02 -1.04016497e+05 -1.74696310e+01  5.97181173e+03 
 4.31519077e+02 -9.99999974e-01  2.43732573e-06  1.97920454e-01  2.98353503e-04 -4.30204178e-03 -1.11320519e-05  5.82416372e-04  3.13041368e-06 -9.70213250e+02  3.92759288e+06  1.58547495e+02 -1.03597307e+05 -1.73192830e+01  5.93132463e+03 
 4.32016168e+02 -9.99999974e-01  2.45101008e-06  1.97360737e-01  2.97005919e-04 -4.27914187e-03 -1.10551839e-05  5.77803874e-04  3.10089015e-06 -9.64638872e+02  3.92124066e+06  1.57636168e+02 -1.03179978e+05 -1.71703097e+01  5.89112928e+03 
 4.32513831e+02 -9.99999974e-01  2.46468727e-06  1.96802900e-01  2.95665308e-04 -4.25637283e-03 -1.09788847e-05  5.73229578e-04  3.07165733e-06 -9.59098869e+02  3.91490400e+06  1.56730582e+02 -1.02764499e+05 -1.70226974e+01  5.85122341e+03 
 4.33012068e+02 -9.99999974e-01  2.47835742e-06  1.96246934e-01  2.94331627e-04 -4.23373383e-03 -1.09031496e-05  5.68693150e-04  3.04271220e-06 -9.53593003e+02  3.90858285e+06  1.55830697e+02 -1.02350861e+05 -1.68764329e+01  5.81160477e+03 
 4.33510878e+02 -9.99999974e-01  2.49202061e-06  1.95692831e-01  2.93004833e-04 -4.21122405e-03 -1.08279740e-05  5.64194259e-04  3.01405179e-06 -9.48121039e+02  3.90227714e+06  1.54936474e+02 -1.01939056e+05 -1.67315030e+01  5.77227112e+03 
 4.34010264e+02 -9.99999974e-01  2.50567687e-06  1.95140583e-01  2.91684885e-04 -4.18884269e-03 -1.07533535e-05  5.59732577e-04  2.98567314e-06 -9.42682744e+02  3.89598681e+06  1.54047871e+02 -1.01529072e+05 -1.65878946e+01  5.73322027e+03 
 4.34510224e+02 -9.99999974e-01  2.51932630e-06  1.94590183e-01  2.90371741e-04 -4.16658894e-03 -1.06792836e-05  5.55307777e-04  2.95757335e-06 -9.37277885e+02  3.88971181e+06  1.53164850e+02 -1.01120902e+05 -1.64455948e+01  5.69445001e+03 
 4.35010761e+02 -9.99999974e-01  2.53296896e-06  1.94041622e-01  2.89065360e-04 -4.14446199e-03 -1.06057599e-05  5.50919538e-04  2.92974952e-06 -9.31906233e+02  3.88345207e+06  1.52287372e+02 -1.00714537e+05 -1.63045909e+01  5.65595817e+03 
 4.35511874e+02 -9.99999974e-01  2.54660492e-06  1.93494893e-01  2.87765700e-04 -4.12246106e-03 -1.05327779e-05  5.46567542e-04  2.90219880e-06 -9.26567560e+02  3.87720754e+06  1.51415397e+02 -1.00309966e+05 -1.61648701e+01  5.61774259e+03 
 4.36013564e+02 -9.99999974e-01  2.56023426e-06  1.92949988e-01  2.86472722e-04 -4.10058536e-03 -1.04603334e-05  5.42251470e-04  2.87491838e-06 -9.21261640e+02  3.87097816e+06  1.50548887e+02 -9.99071812e+04 -1.60264201e+01  5.57980115e+03 
 4.36515832e+02 -9.99999974e-01  2.57385703e-06  1.92406900e-01  2.85186384e-04 -4.07883410e-03 -1.03884220e-05  5.37971011e-04  2.84790547e-06 -9.15988248e+02  3.86476387e+06  1.49687803e+02 -9.95061735e+04 -1.58892283e+01  5.54213171e+03 
 4.37018679e+02 -9.99999974e-01  2.58747329e-06  1.91865620e-01  2.83906647e-04 -4.05720650e-03 -1.03170395e-05  5.33725854e-04  2.82115730e-06 -9.10747161e+02  3.85856461e+06  1.48832108e+02 -9.91069339e+04 -1.57532826e+01  5.50473219e+03 
 4.37522105e+02 -9.99999974e-01  2.60108312e-06  1.91326142e-01  2.82633470e-04 -4.03570180e-03 -1.02461816e-05  5.29515692e-04  2.79467115e-06 -9.05538158e+02  3.85238032e+06  1.47981764e+02 -9.87094535e+04 -1.56185709e+01  5.46760049e+03 
 4.38026111e+02 -9.99999974e-01  2.61468661e-06  1.90788457e-01  2.81366814e-04 -4.01431922e-03 -1.01758442e-05  5.25340219e-04  2.76844431e-06 -9.00361020e+02  3.84621095e+06  1.47136734e+02 -9.83137233e+04 -1.54850811e+01  5.43073455e+03 
 4.38530698e+02 -9.99999974e-01  2.62828378e-06  1.90252558e-01  2.80106641e-04 -3.99305801e-03 -1.01060230e-05  5.21199134e-04  2.74247412e-06 -8.95215530e+02  3.84005644e+06  1.46296980e+02 -9.79197347e+04 -1.53528014e+01  5.39413232e+03 
 4.39035866e+02 -9.99999974e-01  2.64187473e-06  1.89718438e-01  2.78852910e-04 -3.97191741e-03 -1.00367140e-05  5.17092139e-04  2.71675794e-06 -8.90101471e+02  3.83391673e+06  1.45462466e+02 -9.75274789e+04 -1.52217201e+01  5.35779177e+03 
 4.39541615e+02 -9.99999974e-01  2.65545951e-06  1.89186089e-01  2.77605583e-04 -3.95089667e-03 -9.96791299e-06  5.13018937e-04  2.69129315e-06 -8.85018629e+02  3.82779177e+06  1.44633155e+02 -9.71369472e+04 -1.50918254e+01  5.32171088e+03 
 4.40047948e+02 -9.99999974e-01  2.66903822e-06  1.88655503e-01  2.76364622e-04 -3.92999504e-03 -9.89961604e-06  5.08979234e-04  2.66607718e-06 -8.79966792e+02  3.82168149e+06  1.43809011e+02 -9.67481309e+04 -1.49631060e+01  5.28588767e+03 
 4.40554864e+02 -9.99999974e-01  2.68261087e-06  1.88126674e-01  2.75129988e-04 -3.90921179e-03 -9.83181909e-06  5.04972740e-04  2.64110746e-06 -8.74945748e+02  3.81558586e+06  1.42989997e+02 -9.63610216e+04 -1.48355505e+01  5.25032014e+03 
 4.41062363e+02 -9.99999974e-01  2.69617757e-06  1.87599594e-01  2.73901644e-04 -3.88854617e-03 -9.76451817e-06  5.00999167e-04  2.61638147e-06 -8.69955288e+02  3.80950479e+06  1.42176080e+02 -9.59756106e+04 -1.47091475e+01  5.21500634e+03 
 4.41570447e+02 -9.99999974e-01  2.70973835e-06  1.87074256e-01  2.72679552e-04 -3.86799747e-03 -9.69770932e-06  4.97058229e-04  2.59189671e-06 -8.64995205e+02  3.80343826e+06  1.41367222e+02 -9.55918894e+04 -1.45838860e+01  5.17994431e+03 
 4.42079117e+02 -9.99999974e-01  2.72329331e-06  1.86550652e-01  2.71463674e-04 -3.84756494e-03 -9.63138865e-06  4.93149644e-04  2.56765070e-06 -8.60065291e+02  3.79738619e+06  1.40563389e+02 -9.52098497e+04 -1.44597550e+01  5.14513213e+03 
 4.42588372e+02 -9.99999974e-01  2.73684250e-06  1.86028776e-01  2.70253974e-04 -3.82724788e-03 -9.56555228e-06  4.89273132e-04  2.54364101e-06 -8.55165344e+02  3.79134853e+06  1.39764546e+02 -9.48294831e+04 -1.43367434e+01  5.11056788e+03 
 4.43098214e+02 -9.99999974e-01  2.75038597e-06  1.85508620e-01  2.69050415e-04 -3.80704557e-03 -9.50019636e-06  4.85428415e-04  2.51986521e-06 -8.50295159e+02  3.78532524e+06  1.38970659e+02 -9.44507811e+04 -1.42148406e+01  5.07624966e+03 
 4.43608644e+02 -9.99999974e-01  2.76392382e-06  1.84990177e-01  2.67852959e-04 -3.78695730e-03 -9.43531709e-06  4.81615217e-04  2.49632091e-06 -8.45454536e+02  3.77931624e+06  1.38181693e+02 -9.40737356e+04 -1.40940358e+01  5.04217559e+03 
 4.44119661e+02 -9.99999974e-01  2.77745607e-06  1.84473439e-01  2.66661572e-04 -3.76698237e-03 -9.37091069e-06  4.77833268e-04  2.47300573e-06 -8.40643274e+02  3.77332150e+06  1.37397615e+02 -9.36983383e+04 -1.39743184e+01  5.00834380e+03 
 4.44631267e+02 -9.99999974e-01  2.79098283e-06  1.83958401e-01  2.65476216e-04 -3.74712007e-03 -9.30697343e-06  4.74082296e-04  2.44991735e-06 -8.35861175e+02  3.76734096e+06  1.36618390e+02 -9.33245810e+04 -1.38556781e+01  4.97475244e+03 
 4.45143463e+02 -9.99999974e-01  2.80450412e-06  1.83445054e-01  2.64296856e-04 -3.72736970e-03 -9.24350159e-06  4.70362034e-04  2.42705344e-06 -8.31108041e+02  3.76137456e+06  1.35843985e+02 -9.29524555e+04 -1.37381044e+01  4.94139967e+03 
 4.45656248e+02 -9.99999974e-01  2.81802004e-06  1.82933393e-01  2.63123456e-04 -3.70773059e-03 -9.18049150e-06  4.66672218e-04  2.40441171e-06 -8.26383679e+02  3.75542225e+06  1.35074367e+02 -9.25819538e+04 -1.36215871e+01  4.90828368e+03 
 4.46169625e+02 -9.99999974e-01  2.83153064e-06  1.82423409e-01  2.61955982e-04 -3.68820204e-03 -9.11793951e-06  4.63012584e-04  2.38198990e-06 -8.21687894e+02  3.74948399e+06  1.34309502e+02 -9.22130678e+04 -1.35061160e+01  4.87540265e+03 
 4.46683592e+02 -9.99999974e-01  2.84503595e-06  1.81915096e-01  2.60794397e-04 -3.66878337e-03 -9.05584202e-06  4.59382873e-04  2.35978576e-06 -8.17020493e+02  3.74355970e+06  1.33549359e+02 -9.18457895e+04 -1.33916812e+01  4.84275479e+03 
 4.47198152e+02 -9.99999974e-01  2.85853606e-06  1.81408448e-01  2.59638668e-04 -3.64947391e-03 -8.99419544e-06  4.55782827e-04  2.33779707e-06 -8.12381286e+02  3.73764936e+06  1.32793905e+02 -9.14801109e+04 -1.32782726e+01  4.81033833e+03 
 4.47713304e+02 -9.99999974e-01  2.87203103e-06  1.80903457e-01  2.58488759e-04 -3.63027298e-03 -8.93299621e-06  4.52212190e-04  2.31602165e-06 -8.07770083e+02  3.73175289e+06  1.32043108e+02 -9.11160242e+04 -1.31658805e+01  4.77815151e+03 
 4.48229050e+02 -9.99999974e-01  2.88552093e-06  1.80400116e-01  2.57344636e-04 -3.61117992e-03 -8.87224083e-06  4.48670709e-04  2.29445732e-06 -8.03186696e+02  3.72587025e+06  1.31296934e+02 -9.07535215e+04 -1.30544950e+01  4.74619259e+03 
 4.48745390e+02 -9.99999974e-01  2.89900582e-06  1.79898419e-01  2.56206266e-04 -3.59219407e-03 -8.81192579e-06  4.45158134e-04  2.27310193e-06 -7.98630938e+02  3.72000140e+06  1.30555354e+02 -9.03925949e+04 -1.29441067e+01  4.71445981e+03 
 4.49262325e+02 -9.99999974e-01  2.91248575e-06  1.79398359e-01  2.55073614e-04 -3.57331476e-03 -8.75204766e-06  4.41674217e-04  2.25195336e-06 -7.94102625e+02  3.71414627e+06  1.29818336e+02 -9.00332367e+04 -1.28347059e+01  4.68295148e+03 
 4.49779855e+02 -9.99999974e-01  2.92596077e-06  1.78899930e-01  2.53946646e-04 -3.55454134e-03 -8.69260298e-06  4.38218710e-04  2.23100951e-06 -7.89601573e+02  3.70830482e+06  1.29085847e+02 -8.96754392e+04 -1.27262833e+01  4.65166589e+03 
 4.50297981e+02 -9.99999974e-01  2.93943098e-06  1.78403124e-01  2.52825330e-04 -3.53587318e-03 -8.63358837e-06  4.34791371e-04  2.21026830e-06 -7.85127598e+02  3.70247700e+06  1.28357858e+02 -8.93191947e+04 -1.26188294e+01  4.62060134e+03 
 4.50816705e+02 -9.99999974e-01  2.95289641e-06  1.77907935e-01  2.51709632e-04 -3.51730961e-03 -8.57500045e-06  4.31391957e-04  2.18972768e-06 -7.80680520e+02  3.69666275e+06  1.27634338e+02 -8.89644955e+04 -1.25123351e+01  4.58975616e+03 
 4.51336025e+02 -9.99999974e-01  2.96635713e-06  1.77414357e-01  2.50599520e-04 -3.49885000e-03 -8.51683589e-06  4.28020229e-04  2.16938561e-06 -7.76260160e+02  3.69086203e+06  1.26915256e+02 -8.86113341e+04 -1.24067912e+01  4.55912869e+03 
 4.51855944e+02 -9.99999974e-01  2.97981317e-06  1.76922383e-01  2.49494960e-04 -3.48049372e-03 -8.45909136e-06  4.24675950e-04  2.14924008e-06 -7.71866339e+02  3.68507479e+06  1.26200581e+02 -8.82597028e+04 -1.23021886e+01  4.52871728e+03 
 4.52376462e+02 -9.99999974e-01  2.99326466e-06  1.76432006e-01  2.48395920e-04 -3.46224013e-03 -8.40176360e-06  4.21358884e-04  2.12928909e-06 -7.67498881e+02  3.67930097e+06  1.25490284e+02 -8.79095943e+04 -1.21985184e+01  4.49852029e+03 
 4.52897580e+02 -9.99999974e-01  3.00671159e-06  1.75943221e-01  2.47302368e-04 -3.44408862e-03 -8.34484933e-06  4.18068799e-04  2.10953069e-06 -7.63157608e+02  3.67354054e+06  1.24784336e+02 -8.75610009e+04 -1.20957718e+01  4.46853611e+03 
 4.53419298e+02 -9.99999974e-01  3.02015404e-06  1.75456019e-01  2.46214272e-04 -3.42603854e-03 -8.28834534e-06  4.14805464e-04  2.08996291e-06 -7.58842348e+02  3.66779343e+06  1.24082706e+02 -8.72139154e+04 -1.19939399e+01  4.43876313e+03 
 4.53941617e+02 -9.99999974e-01  3.03359211e-06  1.74970396e-01  2.45131599e-04 -3.40808929e-03 -8.23224842e-06  4.11568649e-04  2.07058384e-06 -7.54552927e+02  3.66205960e+06  1.23385364e+02 -8.68683303e+04 -1.18930140e+01  4.40919975e+03 
 4.54464537e+02 -9.99999974e-01  3.04702577e-06  1.74486345e-01  2.44054320e-04 -3.39024025e-03 -8.17655541e-06  4.08358129e-04  2.05139156e-06 -7.50289174e+02  3.65633901e+06  1.22692283e+02 -8.65242383e+04 -1.17929856e+01  4.37984438e+03 
 4.54988060e+02 -9.99999974e-01  3.06045517e-06  1.74003858e-01  2.42982401e-04 -3.37249082e-03 -8.12126315e-06  4.05173679e-04  2.03238419e-06 -7.46050917e+02  3.65063160e+06  1.22003433e+02 -8.61816320e+04 -1.16938462e+01  4.35069547e+03 
 4.55512186e+02 -9.99999974e-01  3.07388034e-06  1.73522931e-01  2.41915813e-04 -3.35484038e-03 -8.06636852e-06  4.02015075e-04  2.01355986e-06 -7.41837989e+02  3.64493732e+06  1.21318786e+02 -8.58405043e+04 -1.15955872e+01  4.32175146e+03 
 4.56036916e+02 -9.99999974e-01  3.08730129e-06  1.73043557e-01  2.40854523e-04 -3.33728833e-03 -8.01186844e-06  3.98882098e-04  1.99491673e-06 -7.37650221e+02  3.63925613e+06  1.20638312e+02 -8.55008479e+04 -1.14982005e+01  4.29301079e+03 
 4.56562250e+02 -9.99999974e-01  3.10071813e-06  1.72565729e-01  2.39798502e-04 -3.31983409e-03 -7.95775985e-06  3.95774529e-04  1.97645296e-06 -7.33487445e+02  3.63358798e+06  1.19961984e+02 -8.51626556e+04 -1.14016777e+01  4.26447195e+03 
 4.57088190e+02 -9.99999974e-01  3.11413091e-06  1.72089441e-01  2.38747718e-04 -3.30247704e-03 -7.90403969e-06  3.92692151e-04  1.95816676e-06 -7.29349498e+02  3.62793283e+06  1.19289774e+02 -8.48259204e+04 -1.13060107e+01  4.23613341e+03 
 4.57614735e+02 -9.99999974e-01  3.12753969e-06  1.71614688e-01  2.37702142e-04 -3.28521661e-03 -7.85070496e-06  3.89634750e-04  1.94005633e-06 -7.25236215e+02  3.62229062e+06  1.18621654e+02 -8.44906351e+04 -1.12111913e+01  4.20799367e+03 
 4.58141887e+02 -9.99999974e-01  3.14094449e-06  1.71141462e-01  2.36661744e-04 -3.26805220e-03 -7.79775267e-06  3.86602113e-04  1.92211991e-06 -7.21147433e+02  3.61666131e+06  1.17957597e+02 -8.41567927e+04 -1.11172116e+01  4.18005124e+03 
 4.58669646e+02 -9.99999974e-01  3.15434541e-06  1.70669759e-01  2.35626493e-04 -3.25098324e-03 -7.74517985e-06  3.83594029e-04  1.90435574e-06 -7.17082990e+02  3.61104486e+06  1.17297574e+02 -8.38243861e+04 -1.10240637e+01  4.15230463e+03 
 4.59198013e+02 -9.99999974e-01  3.16774249e-06  1.70199571e-01  2.34596360e-04 -3.23400915e-03 -7.69298358e-06  3.80610289e-04  1.88676209e-06 -7.13042726e+02  3.60544121e+06  1.16641559e+02 -8.34934085e+04 -1.09317397e+01  4.12475237e+03 
 4.59726989e+02 -9.99999974e-01  3.18113578e-06  1.69730892e-01  2.33571315e-04 -3.21712935e-03 -7.64116093e-06  3.77650687e-04  1.86933725e-06 -7.09026481e+02  3.59985032e+06  1.15989524e+02 -8.31638528e+04 -1.08402318e+01  4.09739301e+03 
 4.60256574e+02 -9.99999974e-01  3.19452535e-06  1.69263718e-01  2.32551329e-04 -3.20034327e-03 -7.58970902e-06  3.74715017e-04  1.85207952e-06 -7.05034097e+02  3.59427215e+06  1.15341444e+02 -8.28357121e+04 -1.07495323e+01  4.07022510e+03 
 4.60786769e+02 -9.99999974e-01  3.20791125e-06  1.68798041e-01  2.31536373e-04 -3.18365036e-03 -7.53862498e-06  3.71803076e-04  1.83498723e-06 -7.01065417e+02  3.58870664e+06  1.14697292e+02 -8.25089797e+04 -1.06596338e+01  4.04324721e+03 
 4.61317575e+02 -9.99999974e-01  3.22129353e-06  1.68333855e-01  2.30526418e-04 -3.16705003e-03 -7.48790599e-06  3.68914663e-04  1.81805871e-06 -6.97120286e+02  3.58315376e+06  1.14057040e+02 -8.21836487e+04 -1.05705285e+01  4.01645792e+03 
 4.61848992e+02 -9.99999974e-01  3.23467225e-06  1.67871156e-01  2.29521436e-04 -3.15054175e-03 -7.43754921e-06  3.66049578e-04  1.80129233e-06 -6.93198549e+02  3.57761346e+06  1.13420663e+02 -8.18597124e+04 -1.04822091e+01  3.98985582e+03 
 4.62381021e+02 -9.99999974e-01  3.24804748e-06  1.67409936e-01  2.28521398e-04 -3.13412494e-03 -7.38755187e-06  3.63207623e-04  1.78468646e-06 -6.89300052e+02  3.57208569e+06  1.12788136e+02 -8.15371639e+04 -1.03946682e+01  3.96343950e+03 
 4.62913664e+02 -9.99999974e-01  3.26141924e-06  1.66950190e-01  2.27526275e-04 -3.11779907e-03 -7.33791118e-06  3.60388602e-04  1.76823948e-06 -6.85424642e+02  3.56657042e+06  1.12159431e+02 -8.12159966e+04 -1.03078985e+01  3.93720758e+03 
 4.63446920e+02 -9.99999974e-01  3.27478759e-06  1.66491912e-01  2.26536039e-04 -3.10156358e-03 -7.28862442e-06  3.57592321e-04  1.75194982e-06 -6.81572170e+02  3.56106758e+06  1.11534525e+02 -8.08962039e+04 -1.02218927e+01  3.91115869e+03 
 4.63980790e+02 -9.99999974e-01  3.28815264e-06  1.66035096e-01  2.25550664e-04 -3.08541793e-03 -7.23968886e-06  3.54818587e-04  1.73581590e-06 -6.77742483e+02  3.55557715e+06  1.10913390e+02 -8.05777790e+04 -1.01366437e+01  3.88529145e+03 
 4.64515275e+02 -9.99999974e-01  3.30151437e-06  1.65579737e-01  2.24570119e-04 -3.06936158e-03 -7.19110179e-06  3.52067210e-04  1.71983616e-06 -6.73935434e+02  3.55009907e+06  1.10296003e+02 -8.02607155e+04 -1.00521444e+01  3.85960452e+03 
 4.65050376e+02 -9.99999974e-01  3.31487291e-06  1.65125829e-01  2.23594380e-04 -3.05339399e-03 -7.14286055e-06  3.49338001e-04  1.70400905e-06 -6.70150875e+02  3.54463331e+06  1.09682337e+02 -7.99450067e+04 -9.96838785e+00  3.83409655e+03 
 4.65586094e+02 -9.99999974e-01  3.32822827e-06  1.64673366e-01  2.22623417e-04 -3.03751463e-03 -7.09496247e-06  3.46630771e-04  1.68833307e-06 -6.66388658e+02  3.53917981e+06  1.09072369e+02 -7.96306462e+04 -9.88536700e+00  3.80876621e+03 
 4.66122428e+02 -9.99999974e-01  3.34158048e-06  1.64222341e-01  2.21657204e-04 -3.02172297e-03 -7.04740494e-06  3.43945336e-04  1.67280668e-06 -6.62648638e+02  3.53373854e+06  1.08466073e+02 -7.93176275e+04 -9.80307501e+00  3.78361218e+03 
 4.66659380e+02 -9.99999974e-01  3.35492962e-06  1.63772751e-01  2.20695713e-04 -3.00601849e-03 -7.00018534e-06  3.41281511e-04  1.65742842e-06 -6.58930670e+02  3.52830945e+06  1.07863426e+02 -7.90059441e+04 -9.72150509e+00  3.75863314e+03 
 4.67196951e+02 -9.99999974e-01  3.36827577e-06  1.63324588e-01  2.19738919e-04 -2.99040065e-03 -6.95330108e-06  3.38639114e-04  1.64219679e-06 -6.55234611e+02  3.52289250e+06  1.07264402e+02 -7.86955896e+04 -9.64065048e+00  3.73382779e+03 
 4.67735141e+02 -9.99999974e-01  3.38161894e-06  1.62877848e-01  2.18786794e-04 -2.97486895e-03 -6.90674960e-06  3.36017965e-04  1.62711033e-06 -6.51560317e+02  3.51748765e+06  1.06668979e+02 -7.83865577e+04 -9.56050452e+00  3.70919486e+03 
 4.68273951e+02 -9.99999974e-01  3.39495921e-06  1.62432525e-01  2.17839311e-04 -2.95942287e-03 -6.86052835e-06  3.33417883e-04  1.61216760e-06 -6.47907647e+02  3.51209486e+06  1.06077131e+02 -7.80788420e+04 -9.48106061e+00  3.68473305e+03 
 4.68813382e+02 -9.99999974e-01  3.40829658e-06  1.61988613e-01  2.16896445e-04 -2.94406189e-03 -6.81463481e-06  3.30838692e-04  1.59736718e-06 -6.44276462e+02  3.50671407e+06  1.05488835e+02 -7.77724362e+04 -9.40231221e+00  3.66044109e+03 
 4.69353434e+02 -9.99999974e-01  3.42163119e-06  1.61546106e-01  2.15958170e-04 -2.92878551e-03 -6.76906649e-06  3.28280215e-04  1.58270763e-06 -6.40666620e+02  3.50134526e+06  1.04904068e+02 -7.74673341e+04 -9.32425284e+00  3.63631773e+03 
 4.69894109e+02 -9.99999974e-01  3.43496305e-06  1.61105000e-01  2.15024459e-04 -2.91359323e-03 -6.72382089e-06  3.25742278e-04  1.56818757e-06 -6.37077984e+02  3.49598837e+06  1.04322806e+02 -7.71635294e+04 -9.24687609e+00  3.61236173e+03 
 4.70435406e+02 -9.99999974e-01  3.44829218e-06  1.60665288e-01  2.14095286e-04 -2.89848453e-03 -6.67889557e-06  3.23224709e-04  1.55380560e-06 -6.33510416e+02  3.49064337e+06  1.03745027e+02 -7.68610160e+04 -9.17017562e+00  3.58857183e+03 
 4.70977326e+02 -9.99999974e-01  3.46161869e-06  1.60226966e-01  2.13170627e-04 -2.88345892e-03 -6.63428807e-06  3.20727335e-04  1.53956036e-06 -6.29963780e+02  3.48531021e+06  1.03170706e+02 -7.65597876e+04 -9.09414514e+00  3.56494681e+03 
 4.71519871e+02 -9.99999974e-01  3.47494259e-06  1.59790027e-01  2.12250456e-04 -2.86851591e-03 -6.58999599e-06  3.18249988e-04  1.52545048e-06 -6.26437941e+02  3.47998886e+06  1.02599821e+02 -7.62598382e+04 -9.01877845e+00  3.54148545e+03 
 4.72063041e+02 -9.99999974e-01  3.48826396e-06  1.59354467e-01  2.11334747e-04 -2.85365500e-03 -6.54601691e-06  3.15792498e-04  1.51147462e-06 -6.22932763e+02  3.47467927e+06  1.02032350e+02 -7.59611616e+04 -8.94406938e+00  3.51818654e+03 
 4.72606837e+02 -9.99999974e-01  3.50158280e-06  1.58920279e-01  2.10423475e-04 -2.83887570e-03 -6.50234847e-06  3.13354700e-04  1.49763146e-06 -6.19448113e+02  3.46938140e+06  1.01468270e+02 -7.56637518e+04 -8.87001182e+00  3.49504889e+03 
 4.73151259e+02 -9.99999974e-01  3.51489928e-06  1.58487460e-01  2.09516616e-04 -2.82417754e-03 -6.45898830e-06  3.10936427e-04  1.48391967e-06 -6.15983859e+02  3.46409522e+06  1.00907559e+02 -7.53676028e+04 -8.79659976e+00  3.47207129e+03 
 4.73696308e+02 -9.99999974e-01  3.52821328e-06  1.58056003e-01  2.08614144e-04 -2.80956002e-03 -6.41593407e-06  3.08537517e-04  1.47033796e-06 -6.12539869e+02  3.45882067e+06  1.00350194e+02 -7.50727085e+04 -8.72382721e+00  3.44925258e+03 
 4.74241985e+02 -9.99999974e-01  3.54152499e-06  1.57625903e-01  2.07716035e-04 -2.79502267e-03 -6.37318345e-06  3.06157806e-04  1.45688504e-06 -6.09116012e+02  3.45355773e+06  9.97961528e+01 -7.47790631e+04 -8.65168825e+00  3.42659158e+03 
 4.74788291e+02 -9.99999974e-01  3.55483439e-06  1.57197155e-01  2.06822265e-04 -2.78056502e-03 -6.33073414e-06  3.03797134e-04  1.44355963e-06 -6.05712159e+02  3.44830634e+06  9.92454146e+01 -7.44866605e+04 -8.58017704e+00  3.40408712e+03 
 4.75335226e+02 -9.99999974e-01  3.56814155e-06  1.56769753e-01  2.05932810e-04 -2.76618658e-03 -6.28858386e-06  3.01455341e-04  1.43036048e-06 -6.02328181e+02  3.44306648e+06  9.86979572e+01 -7.41954950e+04 -8.50928775e+00  3.38173806e+03 
 4.75882791e+02 -9.99999974e-01  3.58144655e-06  1.56343693e-01  2.05047644e-04 -2.75188689e-03 -6.24673034e-06  2.99132269e-04  1.41728632e-06 -5.98963949e+02  3.43783809e+06  9.81537591e+01 -7.39055605e+04 -8.43901466e+00  3.35954324e+03 
 4.76430987e+02 -9.99999974e-01  3.59474939e-06  1.55918969e-01  2.04166745e-04 -2.73766548e-03 -6.20517134e-06  2.96827762e-04  1.40433594e-06 -5.95619338e+02  3.43262115e+06  9.76127990e+01 -7.36168514e+04 -8.36935208e+00  3.33750155e+03 
 4.76979814e+02 -9.99999974e-01  3.60805015e-06  1.55495576e-01  2.03290089e-04 -2.72352189e-03 -6.16390465e-06  2.94541664e-04  1.39150810e-06 -5.92294221e+02  3.42741561e+06  9.70750554e+01 -7.33293618e+04 -8.30029438e+00  3.31561184e+03 
 4.77529274e+02 -9.99999974e-01  3.62134887e-06  1.55073509e-01  2.02417651e-04 -2.70945566e-03 -6.12292803e-06  2.92273821e-04  1.37880159e-06 -5.88988473e+02  3.42222144e+06  9.65405075e+01 -7.30430859e+04 -8.23183598e+00  3.29387301e+03 
 4.78079366e+02 -9.99999974e-01  3.63464559e-06  1.54652762e-01  2.01549409e-04 -2.69546633e-03 -6.08223932e-06  2.90024081e-04  1.36621522e-06 -5.85701970e+02  3.41703858e+06  9.60091343e+01 -7.27580180e+04 -8.16397136e+00  3.27228395e+03 
 4.78630092e+02 -9.99999974e-01  3.64794042e-06  1.54233332e-01  2.00685339e-04 -2.68155344e-03 -6.04183632e-06  2.87792292e-04  1.35374781e-06 -5.82434588e+02  3.41186702e+06  9.54809150e+01 -7.24741524e+04 -8.09669506e+00  3.25084355e+03 
 4.79181453e+02 -9.99999974e-01  3.66123331e-06  1.53815212e-01  1.99825417e-04 -2.66771655e-03 -6.00171691e-06  2.85578305e-04  1.34139818e-06 -5.79186206e+02  3.40670670e+06  9.49558290e+01 -7.21914835e+04 -8.03000167e+00  3.22955073e+03 
 4.79733449e+02 -9.99999974e-01  3.67452438e-06  1.53398397e-01  1.98969622e-04 -2.65395521e-03 -5.96187892e-06  2.83381971e-04  1.32916516e-06 -5.75956700e+02  3.40155758e+06  9.44338559e+01 -7.19100055e+04 -7.96388583e+00  3.20840440e+03 
 4.80286080e+02 -9.99999974e-01  3.68781363e-06  1.52982883e-01  1.98117929e-04 -2.64026896e-03 -5.92232025e-06  2.81203142e-04  1.31704762e-06 -5.72745952e+02  3.39641964e+06  9.39149752e+01 -7.16297129e+04 -7.89834223e+00  3.18740350e+03 
 4.80839348e+02 -9.99999974e-01  3.70110115e-06  1.52568665e-01  1.97270317e-04 -2.62665737e-03 -5.88303880e-06  2.79041674e-04  1.30504442e-06 -5.69553840e+02  3.39129283e+06  9.33991670e+01 -7.13506001e+04 -7.83336562e+00  3.16654695e+03 
 4.81393254e+02 -9.99999974e-01  3.71438699e-06  1.52155738e-01  1.96426763e-04 -2.61312000e-03 -5.84403248e-06  2.76897420e-04  1.29315442e-06 -5.66380247e+02  3.38617712e+06  9.28864112e+01 -7.10726615e+04 -7.76895080e+00  3.14583371e+03 
 4.81947798e+02 -9.99999974e-01  3.72767121e-06  1.51744096e-01  1.95587243e-04 -2.59965641e-03 -5.80529923e-06  2.74770238e-04  1.28137652e-06 -5.63225053e+02  3.38107246e+06  9.23766878e+01 -7.07958917e+04 -7.70509262e+00  3.12526272e+03 
 4.82502980e+02 -9.99999974e-01  3.74095379e-06  1.51333735e-01  1.94751737e-04 -2.58626616e-03 -5.76683699e-06  2.72659986e-04  1.26970962e-06 -5.60088142e+02  3.37597882e+06  9.18699772e+01 -7.05202850e+04 -7.64178597e+00  3.10483295e+03 
 4.83058802e+02 -9.99999974e-01  3.75423483e-06  1.50924649e-01  1.93920221e-04 -2.57294883e-03 -5.72864373e-06  2.70566523e-04  1.25815263e-06 -5.56969397e+02  3.37089617e+06  9.13662598e+01 -7.02458362e+04 -7.57902581e+00  3.08454335e+03 
 4.83615264e+02 -9.99999974e-01  3.76751436e-06  1.50516835e-01  1.93092674e-04 -2.55970398e-03 -5.69071744e-06  2.68489709e-04  1.24670446e-06 -5.53868702e+02  3.36582446e+06  9.08655161e+01 -6.99725397e+04 -7.51680714e+00  3.06439292e+03 
 4.84172368e+02 -9.99999974e-01  3.78079244e-06  1.50110287e-01  1.92269074e-04 -2.54653119e-03 -5.65305610e-06  2.66429405e-04  1.23536404e-06 -5.50785943e+02  3.36076365e+06  9.03677269e+01 -6.97003902e+04 -7.45512500e+00  3.04438063e+03 
 4.84730113e+02 -9.99999974e-01  3.79406916e-06  1.49705001e-01  1.91449399e-04 -2.53343004e-03 -5.61565776e-06  2.64385475e-04  1.22413033e-06 -5.47721006e+02  3.35571372e+06  8.98728729e+01 -6.94293822e+04 -7.39397449e+00  3.02450548e+03 
 4.85288500e+02 -9.99999974e-01  3.80734448e-06  1.49300971e-01  1.90633628e-04 -2.52040011e-03 -5.57852042e-06  2.62357782e-04  1.21300228e-06 -5.44673778e+02  3.35067463e+06  8.93809353e+01 -6.91595104e+04 -7.33335075e+00  3.00476647e+03 
 4.85847531e+02 -9.99999974e-01  3.82061850e-06  1.48898192e-01  1.89821739e-04 -2.50744097e-03 -5.54164214e-06  2.60346192e-04  1.20197885e-06 -5.41644146e+02  3.34564633e+06  8.88918950e+01 -6.88907696e+04 -7.27324898e+00  2.98516260e+03 
 4.86407206e+02 -9.99999974e-01  3.83389124e-06  1.48496661e-01  1.89013711e-04 -2.49455221e-03 -5.50502099e-06  2.58350572e-04  1.19105901e-06 -5.38631998e+02  3.34062880e+06  8.84057334e+01 -6.86231544e+04 -7.21366442e+00  2.96569289e+03 
 4.86967525e+02 -9.99999974e-01  3.84716279e-06  1.48096372e-01  1.88209522e-04 -2.48173343e-03 -5.46865504e-06  2.56370787e-04  1.18024175e-06 -5.35637224e+02  3.33562199e+06  8.79224317e+01 -6.83566595e+04 -7.15459234e+00  2.94635638e+03 
 4.87528490e+02 -9.99999974e-01  3.86043314e-06  1.47697321e-01  1.87409152e-04 -2.46898421e-03 -5.43254240e-06  2.54406708e-04  1.16952607e-06 -5.32659714e+02  3.33062587e+06  8.74419717e+01 -6.80912798e+04 -7.09602808e+00  2.92715208e+03 
 4.88090101e+02 -9.99999974e-01  3.87370241e-06  1.47299503e-01  1.86612580e-04 -2.45630414e-03 -5.39668116e-06  2.52458204e-04  1.15891098e-06 -5.29699359e+02  3.32564041e+06  8.69643348e+01 -6.78270101e+04 -7.03796702e+00  2.90807903e+03 
 4.88652359e+02 -9.99999974e-01  3.88697055e-06  1.46902912e-01  1.85819786e-04 -2.44369283e-03 -5.36106946e-06  2.50525147e-04  1.14839548e-06 -5.26756050e+02  3.32066557e+06  8.64895030e+01 -6.75638451e+04 -6.98040457e+00  2.88913630e+03 
 4.89215265e+02 -9.99999974e-01  3.90023772e-06  1.46507546e-01  1.85030747e-04 -2.43114986e-03 -5.32570544e-06  2.48607407e-04  1.13797862e-06 -5.23829680e+02  3.31570131e+06  8.60174581e+01 -6.73017797e+04 -6.92333620e+00  2.87032292e+03 
 4.89778819e+02 -9.99999974e-01  3.91350386e-06  1.46113398e-01  1.84245444e-04 -2.41867484e-03 -5.29058726e-06  2.46704859e-04  1.12765942e-06 -5.20920141e+02  3.31074760e+06  8.55481821e+01 -6.70408088e+04 -6.86675743e+00  2.85163796e+03 
 4.90343023e+02 -9.99999974e-01  3.92676907e-06  1.45720465e-01  1.83463857e-04 -2.40626737e-03 -5.25571308e-06  2.44817377e-04  1.11743693e-06 -5.18027328e+02  3.30580441e+06  8.50816573e+01 -6.67809274e+04 -6.81066380e+00  2.83308049e+03 
 4.90907876e+02 -9.99999974e-01  3.94003339e-06  1.45328742e-01  1.82685965e-04 -2.39392707e-03 -5.22108109e-06  2.42944837e-04  1.10731021e-06 -5.15151134e+02  3.30087169e+06  8.46178660e+01 -6.65221303e+04 -6.75505091e+00  2.81464958e+03 
 4.91473380e+02 -9.99999974e-01  3.95329684e-06  1.44938224e-01  1.81911749e-04 -2.38165353e-03 -5.18668950e-06  2.41087114e-04  1.09727833e-06 -5.12291456e+02  3.29594942e+06  8.41567905e+01 -6.62644125e+04 -6.69991440e+00  2.79634433e+03 
 4.92039536e+02 -9.99999974e-01  3.96655952e-06  1.44548907e-01  1.81141187e-04 -2.36944637e-03 -5.15253652e-06  2.39244086e-04  1.08734036e-06 -5.09448189e+02  3.29103756e+06  8.36984136e+01 -6.60077691e+04 -6.64524996e+00  2.77816381e+03 
 4.92606343e+02 -9.99999974e-01  3.97982143e-06  1.44160786e-01  1.80374261e-04 -2.35730520e-03 -5.11862037e-06  2.37415632e-04  1.07749538e-06 -5.06621231e+02  3.28613607e+06  8.32427177e+01 -6.57521949e+04 -6.59105329e+00  2.76010713e+03 
 4.93173804e+02 -9.99999974e-01  3.99308263e-06  1.43773857e-01  1.79610951e-04 -2.34522963e-03 -5.08493930e-06  2.35601633e-04  1.06774249e-06 -5.03810478e+02  3.28124493e+06  8.27896858e+01 -6.54976851e+04 -6.53732017e+00  2.74217339e+03 
 4.93741918e+02 -9.99999974e-01  4.00634320e-06  1.43388115e-01  1.78851237e-04 -2.33321930e-03 -5.05149158e-06  2.33801967e-04  1.05808079e-06 -5.01015828e+02  3.27636409e+06  8.23393007e+01 -6.52442348e+04 -6.48404641e+00  2.72436171e+03 
 4.94310687e+02 -9.99999974e-01  4.01960310e-06  1.43003556e-01  1.78095099e-04 -2.32127381e-03 -5.01827546e-06  2.32016518e-04  1.04850940e-06 -4.98237182e+02  3.27149353e+06  8.18915456e+01 -6.49918390e+04 -6.43122784e+00  2.70667119e+03 
 4.94880111e+02 -9.99999974e-01  4.03286245e-06  1.42620176e-01  1.77342518e-04 -2.30939279e-03 -4.98528924e-06  2.30245169e-04  1.03902744e-06 -4.95474438e+02  3.26663320e+06  8.14464036e+01 -6.47404929e+04 -6.37886036e+00  2.68910098e+03 
 4.95450191e+02 -9.99999974e-01  4.04612126e-06  1.42237969e-01  1.76593476e-04 -2.29757587e-03 -4.95253122e-06  2.28487802e-04  1.02963404e-06 -4.92727497e+02  3.26178309e+06  8.10038580e+01 -6.44901915e+04 -6.32693989e+00  2.67165019e+03 
 4.96020927e+02 -9.99999974e-01  4.05937959e-06  1.41856932e-01  1.75847952e-04 -2.28582267e-03 -4.91999972e-06  2.26744303e-04  1.02032834e-06 -4.89996260e+02  3.25694314e+06  8.05638922e+01 -6.42409302e+04 -6.27546239e+00  2.65431797e+03 
 4.96592321e+02 -9.99999974e-01  4.07263744e-06  1.41477061e-01  1.75105929e-04 -2.27413282e-03 -4.88769304e-06  2.25014558e-04  1.01110948e-06 -4.87280628e+02  3.25211333e+06  8.01264898e+01 -6.39927040e+04 -6.22442386e+00  2.63710347e+03 
 4.97164374e+02 -9.99999974e-01  4.08589494e-06  1.41098350e-01  1.74367386e-04 -2.26250597e-03 -4.85560955e-06  2.23298454e-04  1.00197663e-06 -4.84580504e+02  3.24729363e+06  7.96916343e+01 -6.37455083e+04 -6.17382036e+00  2.62000583e+03 
 4.97737085e+02 -9.99999974e-01  4.09915211e-06  1.40720796e-01  1.73632305e-04 -2.25094173e-03 -4.82374758e-06  2.21595877e-04  9.92928955e-07 -4.81895791e+02  3.24248401e+06  7.92593096e+01 -6.34993382e+04 -6.12364795e+00  2.60302421e+03 
 4.98310456e+02 -9.99999974e-01  4.11240890e-06  1.40344395e-01  1.72900669e-04 -2.23943976e-03 -4.79210552e-06  2.19906718e-04  9.83965620e-07 -4.79226393e+02  3.23768442e+06  7.88294995e+01 -6.32541891e+04 -6.07390276e+00  2.58615779e+03 
 4.98884487e+02 -9.99999974e-01  4.12566544e-06  1.39969141e-01  1.72172457e-04 -2.22799968e-03 -4.76068173e-06  2.18230866e-04  9.75085812e-07 -4.76572214e+02  3.23289485e+06  7.84021881e+01 -6.30100561e+04 -6.02458094e+00  2.56940572e+03 
 4.99459180e+02 -9.99999974e-01  4.13892178e-06  1.39595032e-01  1.71447652e-04 -2.21662115e-03 -4.72947461e-06  2.16568212e-04  9.66288722e-07 -4.73933160e+02  3.22811525e+06  7.79773594e+01 -6.27669348e+04 -5.97567868e+00  2.55276720e+03 
 5.00034535e+02 -9.99999974e-01  4.15217798e-06  1.39222061e-01  1.70726235e-04 -2.20530380e-03 -4.69848257e-06  2.14918647e-04  9.57573549e-07 -4.71309135e+02  3.22334559e+06  7.75549976e+01 -6.25248204e+04 -5.92719221e+00  2.53624140e+03 
 5.00610553e+02 -9.99999975e-01  4.16543398e-06  1.38850227e-01  1.70008189e-04 -2.19404729e-03 -4.66770402e-06  2.13282064e-04  9.48939500e-07 -4.68700047e+02  3.21858584e+06  7.71350872e+01 -6.22837082e+04 -5.87911779e+00  2.51982751e+03 
 5.01187234e+02 -9.99999975e-01  4.17868989e-06  1.38479523e-01  1.69293495e-04 -2.18285126e-03 -4.63713739e-06  2.11658356e-04  9.40385791e-07 -4.66105803e+02  3.21383597e+06  7.67176124e+01 -6.20435938e+04 -5.83145173e+00  2.50352473e+03 
 5.01764579e+02 -9.99999975e-01  4.19194581e-06  1.38109946e-01  1.68582135e-04 -2.17171536e-03 -4.60678113e-06  2.10047418e-04  9.31911645e-07 -4.63526310e+02  3.20909595e+06  7.63025579e+01 -6.18044724e+04 -5.78419036e+00  2.48733228e+03 
 5.02342590e+02 -9.99999975e-01  4.20520169e-06  1.37741492e-01  1.67874092e-04 -2.16063925e-03 -4.57663370e-06  2.08449146e-04  9.23516292e-07 -4.60961476e+02  3.20436574e+06  7.58899084e+01 -6.15663396e+04 -5.73733005e+00  2.47124934e+03 
 5.02921266e+02 -9.99999975e-01  4.21845755e-06  1.37374157e-01  1.67169348e-04 -2.14962258e-03 -4.54669355e-06  2.06863434e-04  9.15198971e-07 -4.58411211e+02  3.19964532e+06  7.54796486e+01 -6.13291909e+04 -5.69086720e+00  2.45527514e+03 
 5.03500609e+02 -9.99999975e-01  4.23171358e-06  1.37007937e-01  1.66467884e-04 -2.13866500e-03 -4.51695918e-06  2.05290182e-04  9.06958930e-07 -4.55875424e+02  3.19493465e+06  7.50717633e+01 -6.10930216e+04 -5.64479826e+00  2.43940891e+03 
 5.04080619e+02 -9.99999975e-01  4.24496966e-06  1.36642826e-01  1.65769684e-04 -2.12776619e-03 -4.48742907e-06  2.03729286e-04  8.98795421e-07 -4.53354025e+02  3.19023370e+06  7.46662377e+01 -6.08578275e+04 -5.59911969e+00  2.42364986e+03 
 5.04661298e+02 -9.99999975e-01  4.25822597e-06  1.36278822e-01  1.65074731e-04 -2.11692580e-03 -4.45810173e-06  2.02180645e-04  8.90707708e-07 -4.50846926e+02  3.18554245e+06  7.42630566e+01 -6.06236038e+04 -5.55382801e+00  2.40799723e+03 
 5.05242645e+02 -9.99999975e-01  4.27148245e-06  1.35915921e-01  1.64383006e-04 -2.10614349e-03 -4.42897567e-06  2.00644160e-04  8.82695058e-07 -4.48354037e+02  3.18086085e+06  7.38622055e+01 -6.03903464e+04 -5.50891976e+00  2.39245027e+03 
 5.05824662e+02 -9.99999975e-01  4.28473919e-06  1.35554118e-01  1.63694494e-04 -2.09541893e-03 -4.40004942e-06  1.99119731e-04  8.74756749e-07 -4.45875271e+02  3.17618887e+06  7.34636694e+01 -6.01580507e+04 -5.46439150e+00  2.37700821e+03 
 5.06407350e+02 -9.99999975e-01  4.29799621e-06  1.35193408e-01  1.63009176e-04 -2.08475180e-03 -4.37132152e-06  1.97607259e-04  8.66892064e-07 -4.43410540e+02  3.17152650e+06  7.30674339e+01 -5.99267123e+04 -5.42023984e+00  2.36167030e+03 
 5.06990708e+02 -9.99999975e-01  4.31125363e-06  1.34833790e-01  1.62327035e-04 -2.07414175e-03 -4.34279053e-06  1.96106647e-04  8.59100294e-07 -4.40959758e+02  3.16687369e+06  7.26734844e+01 -5.96963269e+04 -5.37646142e+00  2.34643581e+03 
 5.07574739e+02 -9.99999975e-01  4.32451131e-06  1.34475257e-01  1.61648056e-04 -2.06358846e-03 -4.31445499e-06  1.94617798e-04  8.51380737e-07 -4.38522838e+02  3.16223042e+06  7.22818066e+01 -5.94668902e+04 -5.33305292e+00  2.33130400e+03 
 5.08159443e+02 -9.99999975e-01  4.33776950e-06  1.34117806e-01  1.60972221e-04 -2.05309161e-03 -4.28631350e-06  1.93140616e-04  8.43732698e-07 -4.36099695e+02  3.15759665e+06  7.18923862e+01 -5.92383978e+04 -5.29001103e+00  2.31627412e+03 
 5.08744820e+02 -9.99999975e-01  4.35102814e-06  1.33761434e-01  1.60299513e-04 -2.04265088e-03 -4.25836463e-06  1.91675005e-04  8.36155491e-07 -4.33690244e+02  3.15297236e+06  7.15052088e+01 -5.90108454e+04 -5.24733248e+00  2.30134547e+03 
 5.09330871e+02 -9.99999975e-01  4.36428726e-06  1.33406137e-01  1.59629916e-04 -2.03226594e-03 -4.23060697e-06  1.90220872e-04  8.28648433e-07 -4.31294401e+02  3.14835752e+06  7.11202606e+01 -5.87842288e+04 -5.20501404e+00  2.28651731e+03 
 5.09917598e+02 -9.99999975e-01  4.37754690e-06  1.33051909e-01  1.58963414e-04 -2.02193647e-03 -4.20303914e-06  1.88778123e-04  8.21210851e-07 -4.28912081e+02  3.14375209e+06  7.07375274e+01 -5.85585436e+04 -5.16305251e+00  2.27178893e+03 
 5.10505000e+02 -9.99999975e-01  4.39080713e-06  1.32698749e-01  1.58299990e-04 -2.01166215e-03 -4.17565975e-06  1.87346665e-04  8.13842077e-07 -4.26543202e+02  3.13915604e+06  7.03569953e+01 -5.83337857e+04 -5.12144470e+00  2.25715962e+03 
 5.11093079e+02 -9.99999975e-01  4.40406802e-06  1.32346650e-01  1.57639628e-04 -2.00144267e-03 -4.14846744e-06  1.85926407e-04  8.06541451e-07 -4.24187681e+02  3.13456936e+06  6.99786506e+01 -5.81099509e+04 -5.08018747e+00  2.24262867e+03 
 5.11681836e+02 -9.99999975e-01  4.41732954e-06  1.31995611e-01  1.56982311e-04 -1.99127772e-03 -4.12146084e-06  1.84517256e-04  7.99308319e-07 -4.21845436e+02  3.12999199e+06  6.96024795e+01 -5.78870350e+04 -5.03927771e+00  2.22819539e+03 
 5.12271270e+02 -9.99999975e-01  4.43059179e-06  1.31645627e-01  1.56328025e-04 -1.98116699e-03 -4.09463860e-06  1.83119123e-04  7.92142033e-07 -4.19516385e+02  3.12542393e+06  6.92284685e+01 -5.76650337e+04 -4.99871234e+00  2.21385909e+03 
 5.12861384e+02 -9.99999975e-01  4.44385481e-06  1.31296694e-01  1.55676752e-04 -1.97111016e-03 -4.06799938e-06  1.81731918e-04  7.85041953e-07 -4.17200447e+02  3.12086514e+06  6.88566039e+01 -5.74439430e+04 -4.95848828e+00  2.19961906e+03 
 5.13452178e+02 -9.99999975e-01  4.45711854e-06  1.30948808e-01  1.55028477e-04 -1.96110693e-03 -4.04154186e-06  1.80355552e-04  7.78007444e-07 -4.14897542e+02  3.11631558e+06  6.84868725e+01 -5.72237588e+04 -4.91860253e+00  2.18547464e+03 
 5.14043652e+02 -9.99999975e-01  4.47038317e-06  1.30601965e-01  1.54383184e-04 -1.95115699e-03 -4.01526471e-06  1.78989937e-04  7.71037878e-07 -4.12607589e+02  3.11177523e+06  6.81192607e+01 -5.70044768e+04 -4.87905207e+00  2.17142514e+03 
 5.14635807e+02 -9.99999975e-01  4.48364867e-06  1.30256163e-01  1.53740858e-04 -1.94126004e-03 -3.98916664e-06  1.77634986e-04  7.64132633e-07 -4.10330510e+02  3.10724407e+06  6.77537555e+01 -5.67860932e+04 -4.83983393e+00  2.15746988e+03 
 5.15228645e+02 -9.99999975e-01  4.49691504e-06  1.29911396e-01  1.53101483e-04 -1.93141577e-03 -3.96324634e-06  1.76290613e-04  7.57291093e-07 -4.08066226e+02  3.10272205e+06  6.73903437e+01 -5.65686037e+04 -4.80094518e+00  2.14360821e+03 
 5.15822165e+02 -9.99999975e-01  4.51018238e-06  1.29567662e-01  1.52465043e-04 -1.92162389e-03 -3.93750252e-06  1.74956730e-04  7.50512650e-07 -4.05814659e+02  3.09820916e+06  6.70290122e+01 -5.63520044e+04 -4.76238289e+00  2.12983946e+03 
 5.16416369e+02 -9.99999975e-01  4.52345068e-06  1.29224956e-01  1.51831523e-04 -1.91188410e-03 -3.91193390e-06  1.73633254e-04  7.43796699e-07 -4.03575730e+02  3.09370537e+06  6.66697479e+01 -5.61362912e+04 -4.72414418e+00  2.11616297e+03 
 5.17011258e+02 -9.99999975e-01  4.53672004e-06  1.28883275e-01  1.51200909e-04 -1.90219610e-03 -3.88653923e-06  1.72320099e-04  7.37142643e-07 -4.01349362e+02  3.08921064e+06  6.63125382e+01 -5.59214601e+04 -4.68622619e+00  2.10257808e+03 
 5.17606832e+02 -9.99999975e-01  4.54999045e-06  1.28542615e-01  1.50573184e-04 -1.89255960e-03 -3.86131724e-06  1.71017183e-04  7.30549891e-07 -3.99135480e+02  3.08472495e+06  6.59573701e+01 -5.57075073e+04 -4.64862608e+00  2.08908415e+03 
 5.18203092e+02 -9.99999975e-01  4.56326197e-06  1.28202972e-01  1.49948333e-04 -1.88297430e-03 -3.83626668e-06  1.69724422e-04  7.24017858e-07 -3.96934006e+02  3.08024828e+06  6.56042310e+01 -5.54944286e+04 -4.61134104e+00  2.07568054e+03 
 5.18800039e+02 -9.99999975e-01  4.57653465e-06  1.27864344e-01  1.49326342e-04 -1.87343992e-03 -3.81138632e-06  1.68441733e-04  7.17545963e-07 -3.94744865e+02  3.07578058e+06  6.52531082e+01 -5.52822202e+04 -4.57436830e+00  2.06236661e+03 
 5.19397674e+02 -9.99999975e-01  4.58980855e-06  1.27526725e-01  1.48707196e-04 -1.86395616e-03 -3.78667493e-06  1.67169036e-04  7.11133632e-07 -3.92567981e+02  3.07132184e+06  6.49039893e+01 -5.50708781e+04 -4.53770510e+00  2.04914172e+03 
 5.19995997e+02 -9.99999975e-01  4.60308362e-06  1.27190113e-01  1.48090880e-04 -1.85452274e-03 -3.76213129e-06  1.65906249e-04  7.04780299e-07 -3.90403281e+02  3.06687203e+06  6.45568618e+01 -5.48603986e+04 -4.50134871e+00  2.03600525e+03 
 5.20595009e+02 -9.99999975e-01  4.61636000e-06  1.26854504e-01  1.47477379e-04 -1.84513938e-03 -3.73775418e-06  1.64653293e-04  6.98485400e-07 -3.88250690e+02  3.06243111e+06  6.42117133e+01 -5.46507776e+04 -4.46529642e+00  2.02295657e+03 
 5.21194711e+02 -9.99999975e-01  4.62963769e-06  1.26519894e-01  1.46866678e-04 -1.83580578e-03 -3.71354242e-06  1.63410087e-04  6.92248377e-07 -3.86110134e+02  3.05799907e+06  6.38685315e+01 -5.44420113e+04 -4.42954556e+00  2.00999506e+03 
 5.21795104e+02 -9.99999975e-01  4.64291665e-06  1.26186280e-01  1.46258763e-04 -1.82652166e-03 -3.68949481e-06  1.62176553e-04  6.86068681e-07 -3.83981541e+02  3.05357588e+06  6.35273044e+01 -5.42340959e+04 -4.39409347e+00  1.99712011e+03 
 5.22396189e+02 -9.99999975e-01  4.65619704e-06  1.25853658e-01  1.45653620e-04 -1.81728676e-03 -3.66561016e-06  1.60952613e-04  6.79945764e-07 -3.81864837e+02  3.04916150e+06  6.31880197e+01 -5.40270276e+04 -4.35893753e+00  1.98433111e+03 
 5.22997966e+02 -9.99999975e-01  4.66947887e-06  1.25522025e-01  1.45051234e-04 -1.80810078e-03 -3.64188731e-06  1.59738189e-04  6.73879087e-07 -3.79759950e+02  3.04475591e+06  6.28506655e+01 -5.38208026e+04 -4.32407512e+00  1.97162746e+03 
 5.23600437e+02 -9.99999975e-01  4.68276218e-06  1.25191377e-01  1.44451591e-04 -1.79896345e-03 -3.61832509e-06  1.58533205e-04  6.67868115e-07 -3.77666809e+02  3.04035908e+06  6.25152297e+01 -5.36154171e+04 -4.28950368e+00  1.95900855e+03 
 5.24203601e+02 -9.99999975e-01  4.69604697e-06  1.24861710e-01  1.43854676e-04 -1.78987450e-03 -3.59492235e-06  1.57337584e-04  6.61912316e-07 -3.75585342e+02  3.03597099e+06  6.21817007e+01 -5.34108673e+04 -4.25522064e+00  1.94647378e+03 
 5.24807460e+02 -9.99999975e-01  4.70933327e-06  1.24533022e-01  1.43260476e-04 -1.78083366e-03 -3.57167795e-06  1.56151250e-04  6.56011168e-07 -3.73515480e+02  3.03159161e+06  6.18500665e+01 -5.32071496e+04 -4.22122348e+00  1.93402257e+03 
 5.25412015e+02 -9.99999975e-01  4.72262118e-06  1.24205308e-01  1.42668976e-04 -1.77184064e-03 -3.54859074e-06  1.54974129e-04  6.50164151e-07 -3.71457150e+02  3.02722091e+06  6.15203156e+01 -5.30042601e+04 -4.18750968e+00  1.92165433e+03 
 5.26017266e+02 -9.99999975e-01  4.73591069e-06  1.23878565e-01  1.42080163e-04 -1.76289519e-03 -3.52565960e-06  1.53806147e-04  6.44370750e-07 -3.69410285e+02  3.02285887e+06  6.11924362e+01 -5.28021952e+04 -4.15407676e+00  1.90936847e+03 
 5.26623215e+02 -9.99999975e-01  4.74920182e-06  1.23552790e-01  1.41494022e-04 -1.75399702e-03 -3.50288341e-06  1.52647229e-04  6.38630456e-07 -3.67374813e+02  3.01850546e+06  6.08664168e+01 -5.26009512e+04 -4.12092226e+00  1.89716441e+03 
 5.27229861e+02 -9.99999975e-01  4.76249471e-06  1.23227980e-01  1.40910540e-04 -1.74514589e-03 -3.48026107e-06  1.51497303e-04  6.32942765e-07 -3.65350667e+02  3.01416066e+06  6.05422461e+01 -5.24005244e+04 -4.08804373e+00  1.88504160e+03 
 5.27837207e+02 -9.99999975e-01  4.77578931e-06  1.22904130e-01  1.40329704e-04 -1.73634152e-03 -3.45779146e-06  1.50356297e-04  6.27307179e-07 -3.63337779e+02  3.00982443e+06  6.02199125e+01 -5.22009112e+04 -4.05543877e+00  1.87299944e+03 
 5.28445252e+02 -9.99999975e-01  4.78908564e-06  1.22581237e-01  1.39751499e-04 -1.72758364e-03 -3.43547349e-06  1.49224138e-04  6.21723203e-07 -3.61336079e+02  3.00549675e+06  5.98994049e+01 -5.20021080e+04 -4.02310497e+00  1.86103738e+03 
 5.29053997e+02 -9.99999975e-01  4.80238381e-06  1.22259299e-01  1.39175912e-04 -1.71887200e-03 -3.41330609e-06  1.48100756e-04  6.16190348e-07 -3.59345502e+02  3.00117760e+06  5.95807120e+01 -5.18041111e+04 -3.99103997e+00  1.84915485e+03 
 5.29663444e+02 -9.99999975e-01  4.81568387e-06  1.21938311e-01  1.38602929e-04 -1.71020634e-03 -3.39128817e-06  1.46986079e-04  6.10708129e-07 -3.57365979e+02  2.99686695e+06  5.92638225e+01 -5.16069170e+04 -3.95924142e+00  1.83735131e+03 
 5.30273593e+02 -9.99999975e-01  4.82898568e-06  1.21618271e-01  1.38032538e-04 -1.70158639e-03 -3.36941867e-06  1.45880038e-04  6.05276067e-07 -3.55397443e+02  2.99256477e+06  5.89487256e+01 -5.14105221e+04 -3.92770698e+00  1.82562619e+03 
 5.30884444e+02 -9.99999975e-01  4.84228954e-06  1.21299174e-01  1.37464724e-04 -1.69301190e-03 -3.34769652e-06  1.44782563e-04  5.99893687e-07 -3.53439830e+02  2.98827104e+06  5.86354101e+01 -5.12149228e+04 -3.89643436e+00  1.81397894e+03 
 5.31496000e+02 -9.99999975e-01  4.85559531e-06  1.20981018e-01  1.36899475e-04 -1.68448262e-03 -3.32612068e-06  1.43693586e-04  5.94560518e-07 -3.51493073e+02  2.98398573e+06  5.83238651e+01 -5.10201156e+04 -3.86542126e+00  1.80240903e+03 
 5.32108259e+02 -9.99999975e-01  4.86890306e-06  1.20663800e-01  1.36336778e-04 -1.67599829e-03 -3.30469010e-06  1.42613038e-04  5.89276096e-07 -3.49557107e+02  2.97970882e+06  5.80140798e+01 -5.08260970e+04 -3.83466543e+00  1.79091591e+03 
 5.32721224e+02 -9.99999975e-01  4.88221283e-06  1.20347515e-01  1.35776619e-04 -1.66755866e-03 -3.28340374e-06  1.41540852e-04  5.84039959e-07 -3.47631867e+02  2.97544029e+06  5.77060435e+01 -5.06328635e+04 -3.80416461e+00  1.77949904e+03 
 5.33334895e+02 -9.99999975e-01  4.89552468e-06  1.20032161e-01  1.35218986e-04 -1.65916348e-03 -3.26226058e-06  1.40476960e-04  5.78851650e-07 -3.45717289e+02  2.97118010e+06  5.73997453e+01 -5.04404116e+04 -3.77391659e+00  1.76815789e+03 
 5.33949274e+02 -9.99999975e-01  4.90883863e-06  1.19717735e-01  1.34663865e-04 -1.65081249e-03 -3.24125959e-06  1.39421296e-04  5.73710718e-07 -3.43813308e+02  2.96692823e+06  5.70951748e+01 -5.02487378e+04 -3.74391917e+00  1.75689194e+03 
 5.34564359e+02 -9.99999975e-01  4.92215477e-06  1.19404233e-01  1.34111244e-04 -1.64250546e-03 -3.22039977e-06  1.38373794e-04  5.68616716e-07 -3.41919862e+02  2.96268466e+06  5.67923212e+01 -5.00578386e+04 -3.71417016e+00  1.74570066e+03 
 5.35180154e+02 -9.99999975e-01  4.93547304e-06  1.19091652e-01  1.33561110e-04 -1.63424213e-03 -3.19968012e-06  1.37334389e-04  5.63569199e-07 -3.40036886e+02  2.95844936e+06  5.64911742e+01 -4.98677108e+04 -3.68466741e+00  1.73458352e+03 
 5.35796658e+02 -9.99999975e-01  4.94879353e-06  1.18779988e-01  1.33013450e-04 -1.62602226e-03 -3.17909962e-06  1.36303015e-04  5.58567730e-07 -3.38164318e+02  2.95422231e+06  5.61917233e+01 -4.96783507e+04 -3.65540876e+00  1.72354002e+03 
 5.36413871e+02 -9.99999975e-01  4.96211629e-06  1.18469239e-01  1.32468251e-04 -1.61784561e-03 -3.15865730e-06  1.35279609e-04  5.53611873e-07 -3.36302097e+02  2.95000348e+06  5.58939581e+01 -4.94897551e+04 -3.62639210e+00  1.71256963e+03 
 5.37031796e+02 -9.99999975e-01  4.97544130e-06  1.18159402e-01  1.31925502e-04 -1.60971193e-03 -3.13835217e-06  1.34264106e-04  5.48701200e-07 -3.34450160e+02  2.94579285e+06  5.55978685e+01 -4.93019206e+04 -3.59761534e+00  1.70167185e+03 
 5.37650433e+02 -9.99999975e-01  4.98876869e-06  1.17850472e-01  1.31385190e-04 -1.60162099e-03 -3.11818327e-06  1.33256443e-04  5.43835283e-07 -3.32608445e+02  2.94159039e+06  5.53034441e+01 -4.91148437e+04 -3.56907637e+00  1.69084617e+03 
 5.38269783e+02 -9.99999975e-01  5.00209842e-06  1.17542448e-01  1.30847302e-04 -1.59357254e-03 -3.09814961e-06  1.32256558e-04  5.39013702e-07 -3.30776891e+02  2.93739608e+06  5.50106748e+01 -4.89285212e+04 -3.54077315e+00  1.68009209e+03 
 5.38889845e+02 -9.99999975e-01  5.01543059e-06  1.17235325e-01  1.30311826e-04 -1.58556635e-03 -3.07825025e-06  1.31264388e-04  5.34236037e-07 -3.28955438e+02  2.93320990e+06  5.47195507e+01 -4.87429497e+04 -3.51270362e+00  1.66940912e+03 
 5.39510623e+02 -9.99999975e-01  5.02876512e-06  1.16929101e-01  1.29778750e-04 -1.57760218e-03 -3.05848422e-06  1.30279871e-04  5.29501877e-07 -3.27144026e+02  2.92903182e+06  5.44300616e+01 -4.85581259e+04 -3.48486576e+00  1.65879675e+03 
 5.40132115e+02 -9.99999975e-01  5.04210215e-06  1.16623772e-01  1.29248061e-04 -1.56967980e-03 -3.03885060e-06  1.29302947e-04  5.24810811e-07 -3.25342594e+02  2.92486182e+06  5.41421976e+01 -4.83740465e+04 -3.45725756e+00  1.64825450e+03 
 5.40754323e+02 -9.99999975e-01  5.05544170e-06  1.16319336e-01  1.28719748e-04 -1.56179898e-03 -3.01934843e-06  1.28333555e-04  5.20162434e-07 -3.23551083e+02  2.92069987e+06  5.38559488e+01 -4.81907083e+04 -3.42987704e+00  1.63778188e+03 
 5.41377248e+02 -9.99999975e-01  5.06878376e-06  1.16015789e-01  1.28193798e-04 -1.55395948e-03 -2.99997679e-06  1.27371634e-04  5.15556345e-07 -3.21769434e+02  2.91654594e+06  5.35713055e+01 -4.80081079e+04 -3.40272222e+00  1.62737841e+03 
 5.42000890e+02 -9.99999975e-01  5.08212841e-06  1.15713128e-01  1.27670200e-04 -1.54616107e-03 -2.98073475e-06  1.26417126e-04  5.10992145e-07 -3.19997589e+02  2.91240003e+06  5.32882579e+01 -4.78262421e+04 -3.37579114e+00  1.61704361e+03 
 5.42625251e+02 -9.99999975e-01  5.09547570e-06  1.15411350e-01  1.27148941e-04 -1.53840352e-03 -2.96162140e-06  1.25469970e-04  5.06469442e-07 -3.18235488e+02  2.90826210e+06  5.30067963e+01 -4.76451078e+04 -3.34908189e+00  1.60677699e+03 
 5.43250331e+02 -9.99999975e-01  5.10882566e-06  1.15110453e-01  1.26630010e-04 -1.53068662e-03 -2.94263583e-06  1.24530108e-04  5.01987845e-07 -3.16483074e+02  2.90413212e+06  5.27269112e+01 -4.74647016e+04 -3.32259253e+00  1.59657810e+03 
 5.43876132e+02 -9.99999975e-01  5.12217824e-06  1.14810432e-01  1.26113396e-04 -1.52301012e-03 -2.92377714e-06  1.23597482e-04  4.97546968e-07 -3.14740290e+02  2.90001008e+06  5.24485929e+01 -4.72850203e+04 -3.29632116e+00  1.58644645e+03 
 5.44502653e+02 -9.99999975e-01  5.13553360e-06  1.14511285e-01  1.25599085e-04 -1.51537380e-03 -2.90504443e-06  1.22672034e-04  4.93146429e-07 -3.13007078e+02  2.89589595e+06  5.21718320e+01 -4.71060609e+04 -3.27026592e+00  1.57638158e+03 
 5.45129896e+02 -9.99999975e-01  5.14889163e-06  1.14213009e-01  1.25087068e-04 -1.50777745e-03 -2.88643680e-06  1.21753707e-04  4.88785850e-07 -3.11283381e+02  2.89178971e+06  5.18966191e+01 -4.69278200e+04 -3.24442492e+00  1.56638304e+03 
 5.45757861e+02 -9.99999975e-01  5.16225256e-06  1.13915602e-01  1.24577332e-04 -1.50022084e-03 -2.86795339e-06  1.20842445e-04  4.84464856e-07 -3.09569142e+02  2.88769134e+06  5.16229448e+01 -4.67502947e+04 -3.21879633e+00  1.55645035e+03 
 5.46386550e+02 -9.99999975e-01  5.17561625e-06  1.13619059e-01  1.24069865e-04 -1.49270375e-03 -2.84959331e-06  1.19938190e-04  4.80183076e-07 -3.07864307e+02  2.88360081e+06  5.13507998e+01 -4.65734816e+04 -3.19337830e+00  1.54658307e+03 
 5.47015963e+02 -9.99999975e-01  5.18898284e-06  1.13323378e-01  1.23564657e-04 -1.48522596e-03 -2.83135569e-06  1.19040888e-04  4.75940141e-07 -3.06168819e+02  2.87951810e+06  5.10801749e+01 -4.63973778e+04 -3.16816904e+00  1.53678074e+03 
 5.47646101e+02 -9.99999975e-01  5.20235230e-06  1.13028556e-01  1.23061696e-04 -1.47778725e-03 -2.81323968e-06  1.18150483e-04  4.71735688e-07 -3.04482622e+02  2.87544318e+06  5.08110610e+01 -4.62219801e+04 -3.14316673e+00  1.52704292e+03 
 5.48276965e+02 -9.99999975e-01  5.21572471e-06  1.12734589e-01  1.22560970e-04 -1.47038740e-03 -2.79524441e-06  1.17266919e-04  4.67569357e-07 -3.02805663e+02  2.87137604e+06  5.05434488e+01 -4.60472853e+04 -3.11836960e+00  1.51736915e+03 
 5.48908556e+02 -9.99999975e-01  5.22910005e-06  1.12441476e-01  1.22062470e-04 -1.46302620e-03 -2.77736904e-06  1.16390143e-04  4.63440791e-07 -3.01137885e+02  2.86731665e+06  5.02773294e+01 -4.58732906e+04 -3.09377588e+00  1.50775900e+03 
 5.49540874e+02 -9.99999975e-01  5.24247844e-06  1.12149213e-01  1.21566182e-04 -1.45570344e-03 -2.75961272e-06  1.15520101e-04  4.59349636e-07 -2.99479235e+02  2.86326499e+06  5.00126937e+01 -4.56999927e+04 -3.06938382e+00  1.49821203e+03 
 5.50173921e+02 -9.99999975e-01  5.25585986e-06  1.11857798e-01  1.21072097e-04 -1.44841890e-03 -2.74197462e-06  1.14656739e-04  4.55295542e-07 -2.97829659e+02  2.85922103e+06  4.97495329e+01 -4.55273886e+04 -3.04519169e+00  1.48872779e+03 
 5.50807696e+02 -9.99999975e-01  5.26924435e-06  1.11567226e-01  1.20580203e-04 -1.44117237e-03 -2.72445391e-06  1.13800004e-04  4.51278163e-07 -2.96189103e+02  2.85518476e+06  4.94878380e+01 -4.53554754e+04 -3.02119777e+00  1.47930587e+03 
 5.51442202e+02 -9.99999975e-01  5.28263192e-06  1.11277496e-01  1.20090489e-04 -1.43396365e-03 -2.70704975e-06  1.12949844e-04  4.47297156e-07 -2.94557514e+02  2.85115615e+06  4.92276003e+01 -4.51842499e+04 -2.99740036e+00  1.46994582e+03 
 5.52077439e+02 -9.99999975e-01  5.29602266e-06  1.10988605e-01  1.19602945e-04 -1.42679251e-03 -2.68976134e-06  1.12106205e-04  4.43352180e-07 -2.92934839e+02  2.84713518e+06  4.89688109e+01 -4.50137092e+04 -2.97379778e+00  1.46064722e+03 
 5.52713408e+02 -9.99999975e-01  5.30941657e-06  1.10700549e-01  1.19117560e-04 -1.41965875e-03 -2.67258787e-06  1.11269038e-04  4.39442899e-07 -2.91321026e+02  2.84312183e+06  4.87114613e+01 -4.48438503e+04 -2.95038834e+00  1.45140966e+03 
 5.53350109e+02 -9.99999975e-01  5.32281371e-06  1.10413325e-01  1.18634322e-04 -1.41256218e-03 -2.65552852e-06  1.10438289e-04  4.35568979e-07 -2.89716022e+02  2.83911607e+06  4.84555427e+01 -4.46746703e+04 -2.92717040e+00  1.44223270e+03 
 5.53987544e+02 -9.99999975e-01  5.33621406e-06  1.10126932e-01  1.18153221e-04 -1.40550257e-03 -2.63858249e-06  1.09613908e-04  4.31730091e-07 -2.88119776e+02  2.83511789e+06  4.82010466e+01 -4.45061661e+04 -2.90414231e+00  1.43311593e+03 
 5.54625713e+02 -9.99999975e-01  5.34961768e-06  1.09841366e-01  1.17674247e-04 -1.39847973e-03 -2.62174900e-06  1.08795845e-04  4.27925908e-07 -2.86532235e+02  2.83112726e+06  4.79479644e+01 -4.43383348e+04 -2.88130245e+00  1.42405893e+03 
 5.55264617e+02 -9.99999975e-01  5.36302468e-06  1.09556624e-01  1.17197389e-04 -1.39149345e-03 -2.60502725e-06  1.07984050e-04  4.24156105e-07 -2.84953349e+02  2.82714416e+06  4.76962877e+01 -4.41711736e+04 -2.85864920e+00  1.41506131e+03 
 5.55904257e+02 -9.99999975e-01  5.37643496e-06  1.09272703e-01  1.16722636e-04 -1.38454354e-03 -2.58841647e-06  1.07178473e-04  4.20420363e-07 -2.83383068e+02  2.82316856e+06  4.74460081e+01 -4.40046794e+04 -2.83618097e+00  1.40612264e+03 
 5.56544634e+02 -9.99999975e-01  5.38984864e-06  1.08989601e-01  1.16249978e-04 -1.37762979e-03 -2.57191588e-06  1.06379064e-04  4.16718363e-07 -2.81821339e+02  2.81920046e+06  4.71971171e+01 -4.38388495e+04 -2.81389617e+00  1.39724252e+03 
 5.57185749e+02 -9.99999975e-01  5.40326573e-06  1.08707315e-01  1.15779405e-04 -1.37075200e-03 -2.55552470e-06  1.05585776e-04  4.13049792e-07 -2.80268114e+02  2.81523982e+06  4.69496066e+01 -4.36736808e+04 -2.79179325e+00  1.38842055e+03 
 5.57827602e+02 -9.99999975e-01  5.41668629e-06  1.08425842e-01  1.15310905e-04 -1.36390998e-03 -2.53924217e-06  1.04798559e-04  4.09414338e-07 -2.78723342e+02  2.81128662e+06  4.67034682e+01 -4.35091706e+04 -2.76987063e+00  1.37965634e+03 
 5.58470195e+02 -9.99999975e-01  5.43011032e-06  1.08145179e-01  1.14844470e-04 -1.35710352e-03 -2.52306754e-06  1.04017365e-04  4.05811693e-07 -2.77186973e+02  2.80734085e+06  4.64586937e+01 -4.33453160e+04 -2.74812679e+00  1.37094948e+03 
 5.59113528e+02 -9.99999975e-01  5.44353787e-06  1.07865324e-01  1.14380088e-04 -1.35033244e-03 -2.50700004e-06  1.03242147e-04  4.02241550e-07 -2.75658959e+02  2.80340248e+06  4.62152750e+01 -4.31821141e+04 -2.72656019e+00  1.36229958e+03 
 5.59757601e+02 -9.99999975e-01  5.45696895e-06  1.07586273e-01  1.13917750e-04 -1.34359653e-03 -2.49103894e-06  1.02472857e-04  3.98703609e-07 -2.74139250e+02  2.79947148e+06  4.59732041e+01 -4.30195622e+04 -2.70516933e+00  1.35370625e+03 
 5.60402417e+02 -9.99999975e-01  5.47040366e-06  1.07308025e-01  1.13457445e-04 -1.33689561e-03 -2.47518349e-06  1.01709450e-04  3.95197569e-07 -2.72627798e+02  2.79554785e+06  4.57324728e+01 -4.28576573e+04 -2.68395270e+00  1.34516910e+03 
 5.61047976e+02 -9.99999975e-01  5.48384193e-06  1.07030576e-01  1.12999164e-04 -1.33022947e-03 -2.45943296e-06  1.00951877e-04  3.91723134e-07 -2.71124555e+02  2.79163156e+06  4.54930732e+01 -4.26963967e+04 -2.66290882e+00  1.33668775e+03 
 5.61694278e+02 -9.99999975e-01  5.49728392e-06  1.06753923e-01  1.12542895e-04 -1.32359794e-03 -2.44378661e-06  1.00200093e-04  3.88280009e-07 -2.69629472e+02  2.78772259e+06  4.52549974e+01 -4.25357776e+04 -2.64203621e+00  1.32826182e+03 
 5.62341325e+02 -9.99999975e-01  5.51072955e-06  1.06478064e-01  1.12088631e-04 -1.31700082e-03 -2.42824371e-06  9.94540533e-05  3.84867905e-07 -2.68142502e+02  2.78382091e+06  4.50182375e+01 -4.23757972e+04 -2.62133343e+00  1.31989093e+03 
 5.62989117e+02 -9.99999975e-01  5.52417890e-06  1.06202997e-01  1.11636359e-04 -1.31043792e-03 -2.41280356e-06  9.87137112e-05  3.81486532e-07 -2.66663597e+02  2.77992651e+06  4.47827856e+01 -4.22164528e+04 -2.60079901e+00  1.31157469e+03 
 5.63637656e+02 -9.99999975e-01  5.53763201e-06  1.05928718e-01  1.11186072e-04 -1.30390905e-03 -2.39746542e-06  9.79790222e-05  3.78135606e-07 -2.65192710e+02  2.77603936e+06  4.45486340e+01 -4.20577417e+04 -2.58043154e+00  1.30331274e+03 
 5.64286941e+02 -9.99999975e-01  5.55108889e-06  1.05655226e-01  1.10737758e-04 -1.29741402e-03 -2.38222860e-06  9.72499417e-05  3.74814845e-07 -2.63729795e+02  2.77215945e+06  4.43157750e+01 -4.18996610e+04 -2.56022958e+00  1.29510471e+03 
 5.64936975e+02 -9.99999975e-01  5.56454958e-06  1.05382516e-01  1.10291409e-04 -1.29095266e-03 -2.36709239e-06  9.65264255e-05  3.71523967e-07 -2.62274805e+02  2.76828675e+06  4.40842008e+01 -4.17422081e+04 -2.54019174e+00  1.28695022e+03 
 5.65587757e+02 -9.99999975e-01  5.57801414e-06  1.05110587e-01  1.09847014e-04 -1.28452478e-03 -2.35205609e-06  9.58084296e-05  3.68262696e-07 -2.60827694e+02  2.76442125e+06  4.38539039e+01 -4.15853802e+04 -2.52031661e+00  1.27884891e+03 
 5.66239289e+02 -9.99999975e-01  5.59148259e-06  1.04839436e-01  1.09404564e-04 -1.27813019e-03 -2.33711901e-06  9.50959107e-05  3.65030757e-07 -2.59388416e+02  2.76056292e+06  4.36248766e+01 -4.14291747e+04 -2.50060282e+00  1.27080042e+03 
 5.66891572e+02 -9.99999975e-01  5.60495496e-06  1.04569060e-01  1.08964050e-04 -1.27176871e-03 -2.32228045e-06  9.43888255e-05  3.61827879e-07 -2.57956925e+02  2.75671175e+06  4.33971115e+01 -4.12735889e+04 -2.48104900e+00  1.26280439e+03 
 5.67544605e+02 -9.99999975e-01  5.61843126e-06  1.04299457e-01  1.08525461e-04 -1.26544016e-03 -2.30753974e-06  9.36871312e-05  3.58653792e-07 -2.56533176e+02  2.75286771e+06  4.31706010e+01 -4.11186201e+04 -2.46165378e+00  1.25486045e+03 
 5.68198392e+02 -9.99999975e-01  5.63191156e-06  1.04030625e-01  1.08088789e-04 -1.25914435e-03 -2.29289620e-06  9.29907855e-05  3.55508230e-07 -2.55117124e+02  2.74903079e+06  4.29453378e+01 -4.09642657e+04 -2.44241583e+00  1.24696827e+03 
 5.68852931e+02 -9.99999975e-01  5.64539585e-06  1.03762559e-01  1.07654024e-04 -1.25288112e-03 -2.27834914e-06  9.22997461e-05  3.52390928e-07 -2.53708724e+02  2.74520096e+06  4.27213144e+01 -4.08105230e+04 -2.42333381e+00  1.23912747e+03 
 5.69508224e+02 -9.99999975e-01  5.65888419e-06  1.03495259e-01  1.07221157e-04 -1.24665028e-03 -2.26389791e-06  9.16139715e-05  3.49301625e-07 -2.52307932e+02  2.74137820e+06  4.24985235e+01 -4.06573894e+04 -2.40440639e+00  1.23133771e+03 
 5.70164272e+02 -9.99999975e-01  5.67237666e-06  1.03228721e-01  1.06790178e-04 -1.24045166e-03 -2.24954184e-06  9.09334200e-05  3.46240062e-07 -2.50914703e+02  2.73756250e+06  4.22769579e+01 -4.05048622e+04 -2.38563228e+00  1.22359864e+03 
 5.70821076e+02 -9.99999975e-01  5.68587319e-06  1.02962943e-01  1.06361078e-04 -1.23428508e-03 -2.23528027e-06  9.02580508e-05  3.43205983e-07 -2.49528995e+02  2.73375383e+06  4.20566102e+01 -4.03529389e+04 -2.36701016e+00  1.21590993e+03 
 5.71478637e+02 -9.99999975e-01  5.69937384e-06  1.02697923e-01  1.05933849e-04 -1.22815036e-03 -2.22111255e-06  8.95878231e-05  3.40199132e-07 -2.48150762e+02  2.72995218e+06  4.18374733e+01 -4.02016168e+04 -2.34853876e+00  1.20827122e+03 
 5.72136955e+02 -9.99999975e-01  5.71287876e-06  1.02433657e-01  1.05508480e-04 -1.22204733e-03 -2.20703803e-06  8.89226963e-05  3.37219259e-07 -2.46779962e+02  2.72615753e+06  4.16195401e+01 -4.00508935e+04 -2.33021680e+00  1.20068217e+03 
 5.72796031e+02 -9.99999975e-01  5.72638780e-06  1.02170143e-01  1.05084963e-04 -1.21597581e-03 -2.19305606e-06  8.82626306e-05  3.34266114e-07 -2.45416552e+02  2.72236985e+06  4.14028034e+01 -3.99007662e+04 -2.31204301e+00  1.19314245e+03 
 5.73455867e+02 -9.99999975e-01  5.73990110e-06  1.01907380e-01  1.04663289e-04 -1.20993565e-03 -2.17916601e-06  8.76075861e-05  3.31339450e-07 -2.44060488e+02  2.71858912e+06  4.11872562e+01 -3.97512326e+04 -2.29401615e+00  1.18565173e+03 
 5.74116462e+02 -9.99999975e-01  5.75341869e-06  1.01645363e-01  1.04243449e-04 -1.20392665e-03 -2.16536724e-06  8.69575235e-05  3.28439023e-07 -2.42711729e+02  2.71481534e+06  4.09728915e+01 -3.96022899e+04 -2.27613497e+00  1.17820966e+03 
 5.74777819e+02 -9.99999975e-01  5.76694060e-06  1.01384091e-01  1.03825434e-04 -1.19794867e-03 -2.15165911e-06  8.63124036e-05  3.25564591e-07 -2.41370232e+02  2.71104847e+06  4.07597023e+01 -3.94539357e+04 -2.25839825e+00  1.17081592e+03 
 5.75439937e+02 -9.99999975e-01  5.78046684e-06  1.01123562e-01  1.03409234e-04 -1.19200152e-03 -2.13804101e-06  8.56721876e-05  3.22715913e-07 -2.40035955e+02  2.70728850e+06  4.05476817e+01 -3.93061676e+04 -2.24080476e+00  1.16347018e+03 
 5.76102819e+02 -9.99999975e-01  5.79399747e-06  1.00863772e-01  1.02994842e-04 -1.18608503e-03 -2.12451232e-06  8.50368371e-05  3.19892753e-07 -2.38708857e+02  2.70353542e+06  4.03368228e+01 -3.91589828e+04 -2.22335329e+00  1.15617212e+03 
 5.76766463e+02 -9.99999975e-01  5.80753243e-06  1.00604719e-01  1.02582249e-04 -1.18019905e-03 -2.11107241e-06  8.44063140e-05  3.17094874e-07 -2.37388895e+02  2.69978919e+06  4.01271188e+01 -3.90123791e+04 -2.20604265e+00  1.14892141e+03 
 5.77430873e+02 -9.99999975e-01  5.82107191e-06  1.00346402e-01  1.02171445e-04 -1.17434340e-03 -2.09772068e-06  8.37805803e-05  3.14322044e-07 -2.36076029e+02  2.69604981e+06  3.99185630e+01 -3.88663538e+04 -2.18887165e+00  1.14171772e+03 
 5.78096047e+02 -9.99999975e-01  5.83461579e-06  1.00088817e-01  1.01762422e-04 -1.16851793e-03 -2.08445651e-06  8.31595987e-05  3.11574032e-07 -2.34770218e+02  2.69231725e+06  3.97111484e+01 -3.87209045e+04 -2.17183912e+00  1.13456075e+03 
 5.78761988e+02 -9.99999975e-01  5.84816416e-06  9.98319618e-02  1.01355171e-04 -1.16272246e-03 -2.07127931e-06  8.25433318e-05  3.08850609e-07 -2.33471421e+02  2.68859149e+06  3.95048686e+01 -3.85760288e+04 -2.15494388e+00  1.12745018e+03 
 5.79428696e+02 -9.99999975e-01  5.86171711e-06  9.95758343e-02  1.00949684e-04 -1.15695683e-03 -2.05818848e-06  8.19317428e-05  3.06151549e-07 -2.32179598e+02  2.68487252e+06  3.92997167e+01 -3.84317242e+04 -2.13818479e+00  1.12038568e+03 
 5.80096173e+02 -9.99999975e-01  5.87527461e-06  9.93204319e-02  1.00545952e-04 -1.15122089e-03 -2.04518342e-06  8.13247950e-05  3.03476628e-07 -2.30894708e+02  2.68116032e+06  3.90956862e+01 -3.82879883e+04 -2.12156070e+00  1.11336695e+03 
 5.80764418e+02 -9.99999975e-01  5.88883674e-06  9.90657524e-02  1.00143968e-04 -1.14551446e-03 -2.03226354e-06  8.07224521e-05  3.00825623e-07 -2.29616712e+02  2.67745487e+06  3.88927705e+01 -3.81448186e+04 -2.10507047e+00  1.10639368e+03 
 5.81433432e+02 -9.99999975e-01  5.90240342e-06  9.88117932e-02  9.97437211e-05 -1.13983740e-03 -2.01942826e-06  8.01246781e-05  2.98198315e-07 -2.28345570e+02  2.67375614e+06  3.86909632e+01 -3.80022128e+04 -2.08871297e+00  1.09946557e+03 
 5.82103218e+02 -9.99999975e-01  5.91597478e-06  9.85585520e-02  9.93452045e-05 -1.13418954e-03 -2.00667700e-06  7.95314372e-05  2.95594484e-07 -2.27081242e+02  2.67006413e+06  3.84902576e+01 -3.78601684e+04 -2.07248710e+00  1.09258229e+03 
 5.82773775e+02 -9.99999975e-01  5.92955081e-06  9.83060264e-02  9.89484095e-05 -1.12857071e-03 -1.99400917e-06  7.89426941e-05  2.93013917e-07 -2.25823690e+02  2.66637881e+06  3.82906473e+01 -3.77186830e+04 -2.05639174e+00  1.08574356e+03 
 5.83445104e+02 -9.99999975e-01  5.94313158e-06  9.80542141e-02  9.85533277e-05 -1.12298078e-03 -1.98142422e-06  7.83584135e-05  2.90456398e-07 -2.24572874e+02  2.66270017e+06  3.80921260e+01 -3.75777543e+04 -2.04042580e+00  1.07894907e+03 
 5.84117207e+02 -9.99999975e-01  5.95671713e-06  9.78031127e-02  9.81599509e-05 -1.11741957e-03 -1.96892156e-06  7.77785606e-05  2.87921717e-07 -2.23328756e+02  2.65902819e+06  3.78946873e+01 -3.74373799e+04 -2.02458820e+00  1.07219853e+03 
 5.84790084e+02 -9.99999975e-01  5.97030743e-06  9.75527198e-02  9.77682709e-05 -1.11188694e-03 -1.95650063e-06  7.72031008e-05  2.85409662e-07 -2.22091297e+02  2.65536284e+06  3.76983248e+01 -3.72975574e+04 -2.00887786e+00  1.06549163e+03 
 5.85463736e+02 -9.99999975e-01  5.98390255e-06  9.73030332e-02  9.73782796e-05 -1.10638272e-03 -1.94416088e-06  7.66319998e-05  2.82920027e-07 -2.20860459e+02  2.65170412e+06  3.75030323e+01 -3.71582845e+04 -1.99329371e+00  1.05882808e+03 
 5.86138165e+02 -9.99999975e-01  5.99750251e-06  9.70540504e-02  9.69899688e-05 -1.10090677e-03 -1.93190174e-06  7.60652235e-05  2.80452606e-07 -2.19636204e+02  2.64805200e+06  3.73088036e+01 -3.70195589e+04 -1.97783469e+00  1.05220759e+03 
 5.86813370e+02 -9.99999975e-01  6.01110733e-06  9.68057692e-02  9.66033304e-05 -1.09545893e-03 -1.91972267e-06  7.55027383e-05  2.78007194e-07 -2.18418495e+02  2.64440646e+06  3.71156323e+01 -3.68813782e+04 -1.96249976e+00  1.04562987e+03 
 5.87489353e+02 -9.99999975e-01  6.02471707e-06  9.65581873e-02  9.62183564e-05 -1.09003905e-03 -1.90762312e-06  7.49445107e-05  2.75583591e-07 -2.17207294e+02  2.64076749e+06  3.69235124e+01 -3.67437402e+04 -1.94728787e+00  1.03909462e+03 
 5.88166114e+02 -9.99999975e-01  6.03833172e-06  9.63113024e-02  9.58350388e-05 -1.08464698e-03 -1.89560254e-06  7.43905073e-05  2.73181595e-07 -2.16002563e+02  2.63713507e+06  3.67324377e+01 -3.66066425e+04 -1.93219800e+00  1.03260157e+03 
 5.88843655e+02 -9.99999975e-01  6.05195137e-06  9.60651122e-02  9.54533696e-05 -1.07928256e-03 -1.88366039e-06  7.38406954e-05  2.70801009e-07 -2.14804266e+02  2.63350919e+06  3.65424022e+01 -3.64700828e+04 -1.91722913e+00  1.02615043e+03 
 5.89521977e+02 -9.99999975e-01  6.06557600e-06  9.58196144e-02  9.50733410e-05 -1.07394566e-03 -1.87179614e-06  7.32950422e-05  2.68441637e-07 -2.13612366e+02  2.62988982e+06  3.63533997e+01 -3.63340588e+04 -1.90238024e+00  1.01974092e+03 
 5.90201080e+02 -9.99999975e-01  6.07920569e-06  9.55748067e-02  9.46949451e-05 -1.06863611e-03 -1.86000926e-06  7.27535154e-05  2.66103284e-07 -2.12426826e+02  2.62627694e+06  3.61654243e+01 -3.61985684e+04 -1.88765034e+00  1.01337275e+03 
 5.90880966e+02 -9.99999975e-01  6.09284038e-06  9.53306869e-02  9.43181741e-05 -1.06335378e-03 -1.84829920e-06  7.22160827e-05  2.63785758e-07 -2.11247610e+02  2.62267054e+06  3.59784701e+01 -3.60636091e+04 -1.87303842e+00  1.00704566e+03 
 5.91561634e+02 -9.99999975e-01  6.10648021e-06  9.50872527e-02  9.39430202e-05 -1.05809852e-03 -1.83666547e-06  7.16827123e-05  2.61488869e-07 -2.10074681e+02  2.61907061e+06  3.57925310e+01 -3.59291789e+04 -1.85854351e+00  1.00075935e+03 
 5.92243087e+02 -9.99999975e-01  6.12012519e-06  9.48445018e-02  9.35694757e-05 -1.05287017e-03 -1.82510752e-06  7.11533726e-05  2.59212426e-07 -2.08908005e+02  2.61547712e+06  3.56076012e+01 -3.57952754e+04 -1.84416462e+00  9.94513561e+02 
 5.92925325e+02 -9.99999975e-01  6.13377520e-06  9.46024322e-02  9.31975329e-05 -1.04766860e-03 -1.81362484e-06  7.06280322e-05  2.56956243e-07 -2.07747545e+02  2.61189006e+06  3.54236748e+01 -3.56618964e+04 -1.82990078e+00  9.88308018e+02 
 5.93608348e+02 -9.99999975e-01  6.14743050e-06  9.43610414e-02  9.28271841e-05 -1.04249366e-03 -1.80221692e-06  7.01066600e-05  2.54720135e-07 -2.06593266e+02  2.60830941e+06  3.52407460e+01 -3.55290397e+04 -1.81575105e+00  9.82142450e+02 
 5.94292159e+02 -9.99999975e-01  6.16109099e-06  9.41203274e-02  9.24584217e-05 -1.03734521e-03 -1.79088326e-06  6.95892251e-05  2.52503919e-07 -2.05445132e+02  2.60473515e+06  3.50588090e+01 -3.53967031e+04 -1.80171446e+00  9.76016588e+02 
 5.94976757e+02 -9.99999975e-01  6.17475669e-06  9.38802878e-02  9.20912383e-05 -1.03222310e-03 -1.77962333e-06  6.90756969e-05  2.50307412e-07 -2.04303110e+02  2.60116726e+06  3.48778581e+01 -3.52648844e+04 -1.78779008e+00  9.69930166e+02 
 5.95662144e+02 -9.99999975e-01  6.18842770e-06  9.36409206e-02  9.17256261e-05 -1.02712720e-03 -1.76843665e-06  6.85660451e-05  2.48130434e-07 -2.03167163e+02  2.59760574e+06  3.46978875e+01 -3.51335815e+04 -1.77397696e+00  9.63882919e+02 
 5.96348320e+02 -9.99999975e-01  6.20210403e-06  9.34022234e-02  9.13615779e-05 -1.02205735e-03 -1.75732271e-06  6.80602394e-05  2.45972807e-07 -2.02037257e+02  2.59405056e+06  3.45188916e+01 -3.50027920e+04 -1.76027419e+00  9.57874584e+02 
 5.97035287e+02 -9.99999975e-01  6.21578567e-06  9.31641942e-02  9.09990861e-05 -1.01701343e-03 -1.74628103e-06  6.75582501e-05  2.43834354e-07 -2.00913358e+02  2.59050170e+06  3.43408647e+01 -3.48725140e+04 -1.74668084e+00  9.51904900e+02 
 5.97723045e+02 -9.99999975e-01  6.22947263e-06  9.29268307e-02  9.06381433e-05 -1.01199529e-03 -1.73531109e-06  6.70600475e-05  2.41714900e-07 -1.99795432e+02  2.58695915e+06  3.41638013e+01 -3.47427451e+04 -1.73319601e+00  9.45973609e+02 
 5.98411595e+02 -9.99999975e-01  6.24316505e-06  9.26901309e-02  9.02787422e-05 -1.00700280e-03 -1.72441243e-06  6.65656021e-05  2.39614272e-07 -1.98683444e+02  2.58342289e+06  3.39876957e+01 -3.46134834e+04 -1.71981879e+00  9.40080451e+02 
 5.99100939e+02 -9.99999975e-01  6.25686289e-06  9.24540924e-02  8.99208754e-05 -1.00203581e-03 -1.71358455e-06  6.60748849e-05  2.37532298e-07 -1.97577362e+02  2.57989291e+06  3.38125424e+01 -3.44847266e+04 -1.70654828e+00  9.34225173e+02 
 5.99791076e+02 -9.99999975e-01  6.27056616e-06  9.22187133e-02  8.95645357e-05 -9.97094192e-04 -1.70282697e-06  6.55878669e-05  2.35468808e-07 -1.96477152e+02  2.57636919e+06  3.36383359e+01 -3.43564726e+04 -1.69338361e+00  9.28407520e+02 
 6.00482009e+02 -9.99999975e-01  6.28427492e-06  9.19839913e-02  8.92097159e-05 -9.92177806e-04 -1.69213922e-06  6.51045193e-05  2.33423632e-07 -1.95382779e+02  2.57285171e+06  3.34650708e+01 -3.42287193e+04 -1.68032388e+00  9.22627241e+02 
 6.01173737e+02 -9.99999975e-01  6.29798913e-06  9.17499243e-02  8.88564087e-05 -9.87286517e-04 -1.68152082e-06  6.46248138e-05  2.31396605e-07 -1.94294212e+02  2.56934045e+06  3.32927416e+01 -3.41014646e+04 -1.66736824e+00  9.16884085e+02 
 6.01866263e+02 -9.99999975e-01  6.31170897e-06  9.15165102e-02  8.85046069e-05 -9.82420191e-04 -1.67097130e-06  6.41487221e-05  2.29387561e-07 -1.93211417e+02  2.56583540e+06  3.31213429e+01 -3.39747065e+04 -1.65451581e+00  9.11177804e+02 
 6.02559586e+02 -9.99999975e-01  6.32543438e-06  9.12837469e-02  8.81543034e-05 -9.77578695e-04 -1.66049020e-06  6.36762161e-05  2.27396336e-07 -1.92134362e+02  2.56233654e+06  3.29508694e+01 -3.38484427e+04 -1.64176574e+00  9.05508151e+02 
 6.03253708e+02 -9.99999975e-01  6.33916540e-06  9.10516323e-02  8.78054912e-05 -9.72761895e-04 -1.65007704e-06  6.32072681e-05  2.25422767e-07 -1.91063014e+02  2.55884386e+06  3.27813157e+01 -3.37226713e+04 -1.62911719e+00  8.99874882e+02 
 6.03948629e+02 -9.99999975e-01  6.35290201e-06  9.08201643e-02  8.74581632e-05 -9.67969659e-04 -1.63973138e-06  6.27418506e-05  2.23466695e-07 -1.89997340e+02  2.55535734e+06  3.26126766e+01 -3.35973902e+04 -1.61656930e+00  8.94277753e+02 
 6.04644351e+02 -9.99999975e-01  6.36664433e-06  9.05893408e-02  8.71123124e-05 -9.63201854e-04 -1.62945275e-06  6.22799361e-05  2.21527959e-07 -1.88937309e+02  2.55187697e+06  3.24449467e+01 -3.34725973e+04 -1.60412125e+00  8.88716522e+02 
 6.05340875e+02 -9.99999975e-01  6.38039228e-06  9.03591597e-02  8.67679318e-05 -9.58458352e-04 -1.61924069e-06  6.18214976e-05  2.19606402e-07 -1.87882889e+02  2.54840272e+06  3.22781208e+01 -3.33482906e+04 -1.59177221e+00  8.83190951e+02 
 6.06038201e+02 -9.99999975e-01  6.39414600e-06  9.01296189e-02  8.64250145e-05 -9.53739021e-04 -1.60909476e-06  6.13665081e-05  2.17701867e-07 -1.86834048e+02  2.54493458e+06  3.21121938e+01 -3.32244680e+04 -1.57952136e+00  8.77700801e+02 
 6.06736330e+02 -9.99999975e-01  6.40790546e-06  8.99007165e-02  8.60835536e-05 -9.49043732e-04 -1.59901452e-06  6.09149411e-05  2.15814201e-07 -1.85790754e+02  2.54147254e+06  3.19471605e+01 -3.31011275e+04 -1.56736788e+00  8.72245835e+02 
 6.07435263e+02 -9.99999975e-01  6.42167072e-06  8.96724502e-02  8.57435422e-05 -9.44372356e-04 -1.58899950e-06  6.04667699e-05  2.13943249e-07 -1.84752977e+02  2.53801658e+06  3.17830157e+01 -3.29782671e+04 -1.55531098e+00  8.66825819e+02 
 6.08135001e+02 -9.99999975e-01  6.43544178e-06  8.94448181e-02  8.54049736e-05 -9.39724767e-04 -1.57904929e-06  6.00219683e-05  2.12088860e-07 -1.83720685e+02  2.53456668e+06  3.16197543e+01 -3.28558849e+04 -1.54334985e+00  8.61440519e+02 
 6.08835546e+02 -9.99999975e-01  6.44921874e-06  8.92178182e-02  8.50678407e-05 -9.35100836e-04 -1.56916343e-06  5.95805103e-05  2.10250882e-07 -1.82693847e+02  2.53112283e+06  3.14573713e+01 -3.27339787e+04 -1.53148370e+00  8.56089705e+02 
 6.09536897e+02 -9.99999975e-01  6.46300145e-06  8.89914484e-02  8.47321371e-05 -9.30500437e-04 -1.55934149e-06  5.91423700e-05  2.08429168e-07 -1.81672433e+02  2.52768501e+06  3.12958616e+01 -3.26125466e+04 -1.51971175e+00  8.50773147e+02 
 6.10239057e+02 -9.99999975e-01  6.47679013e-06  8.87657066e-02  8.43978560e-05 -9.25923445e-04 -1.54958304e-06  5.87075219e-05  2.06623569e-07 -1.80656411e+02  2.52425321e+06  3.11352203e+01 -3.24915866e+04 -1.50803322e+00  8.45490616e+02 
 6.10942025e+02 -9.99999975e-01  6.49058472e-06  8.85405910e-02  8.40649905e-05 -9.21369735e-04 -1.53988765e-06  5.82759404e-05  2.04833939e-07 -1.79645752e+02  2.52082741e+06  3.09754422e+01 -3.23710968e+04 -1.49644733e+00  8.40241885e+02 
 6.11645803e+02 -9.99999975e-01  6.50438528e-06  8.83160994e-02  8.37335342e-05 -9.16839182e-04 -1.53025490e-06  5.78476003e-05  2.03060133e-07 -1.78640425e+02  2.51740759e+06  3.08165226e+01 -3.22510751e+04 -1.48495333e+00  8.35026730e+02 
 6.12350392e+02 -9.99999975e-01  6.51819181e-06  8.80922298e-02  8.34034805e-05 -9.12331663e-04 -1.52068436e-06  5.74224767e-05  2.01302008e-07 -1.77640400e+02  2.51399374e+06  3.06584565e+01 -3.21315197e+04 -1.47355045e+00  8.29844927e+02 
 6.13055792e+02 -9.99999975e-01  6.53200442e-06  8.78689804e-02  8.30748226e-05 -9.07847055e-04 -1.51117561e-06  5.70005446e-05  1.99559421e-07 -1.76645648e+02  2.51058585e+06  3.05012390e+01 -3.20124286e+04 -1.46223795e+00  8.24696254e+02 
 6.13762005e+02 -9.99999975e-01  6.54582306e-06  8.76463490e-02  8.27475542e-05 -9.03385236e-04 -1.50172825e-06  5.65817795e-05  1.97832232e-07 -1.75656138e+02  2.50718390e+06  3.03448652e+01 -3.18937998e+04 -1.45101508e+00  8.19580491e+02 
 6.14469032e+02 -9.99999975e-01  6.55964772e-06  8.74243337e-02  8.24216687e-05 -8.98946084e-04 -1.49234184e-06  5.61661569e-05  1.96120300e-07 -1.74671843e+02  2.50378787e+06  3.01893304e+01 -3.17756315e+04 -1.43988109e+00  8.14497419e+02 
 6.15176873e+02 -9.99999975e-01  6.57347852e-06  8.72029326e-02  8.20971595e-05 -8.94529480e-04 -1.48301599e-06  5.57536526e-05  1.94423488e-07 -1.73692731e+02  2.50039774e+06  3.00346296e+01 -3.16579216e+04 -1.42883527e+00  8.09446821e+02 
 6.15885529e+02 -9.99999975e-01  6.58731545e-06  8.69821436e-02  8.17740204e-05 -8.90135302e-04 -1.47375029e-06  5.53442425e-05  1.92741659e-07 -1.72718774e+02  2.49701352e+06  2.98807583e+01 -3.15406683e+04 -1.41787688e+00  8.04428481e+02 
 6.16595002e+02 -9.99999975e-01  6.60115853e-06  8.67619649e-02  8.14522449e-05 -8.85763432e-04 -1.46454432e-06  5.49379028e-05  1.91074677e-07 -1.71749943e+02  2.49363517e+06  2.97277116e+01 -3.14238698e+04 -1.40700520e+00  7.99442185e+02 
 6.17305292e+02 -9.99999975e-01  6.61500781e-06  8.65423945e-02  8.11318266e-05 -8.81413751e-04 -1.45539770e-06  5.45346099e-05  1.89422407e-07 -1.70786209e+02  2.49026268e+06  2.95754848e+01 -3.13075240e+04 -1.39621953e+00  7.94487720e+02 
 6.18016400e+02 -9.99999975e-01  6.62886333e-06  8.63234303e-02  8.08127592e-05 -8.77086140e-04 -1.44631001e-06  5.41343402e-05  1.87784716e-07 -1.69827545e+02  2.48689604e+06  2.94240732e+01 -3.11916292e+04 -1.38551914e+00  7.89564875e+02 
 6.18728328e+02 -9.99999975e-01  6.64272511e-06  8.61050707e-02  8.04950364e-05 -8.72780482e-04 -1.43728087e-06  5.37370705e-05  1.86161473e-07 -1.68873920e+02  2.48353523e+06  2.92734723e+01 -3.10761834e+04 -1.37490335e+00  7.84673440e+02 
 6.19441075e+02 -9.99999975e-01  6.65659309e-06  8.58873134e-02  8.01786519e-05 -8.68496662e-04 -1.42830988e-06  5.33427777e-05  1.84552547e-07 -1.67925308e+02  2.48018024e+06  2.91236774e+01 -3.09611848e+04 -1.36437146e+00  7.79813207e+02 
 6.20154644e+02 -9.99999975e-01  6.67046749e-06  8.56701568e-02  7.98635995e-05 -8.64234562e-04 -1.41939664e-06  5.29514389e-05  1.82957807e-07 -1.66981680e+02  2.47683105e+06  2.89746838e+01 -3.08466315e+04 -1.35392277e+00  7.74983968e+02 
 6.20869034e+02 -9.99999975e-01  6.68434814e-06  8.54535988e-02  7.95498730e-05 -8.59994067e-04 -1.41054078e-06  5.25630312e-05  1.81377127e-07 -1.66043008e+02  2.47348765e+06  2.88264871e+01 -3.07325217e+04 -1.34355661e+00  7.70185519e+02 
 6.21584248e+02 -9.99999975e-01  6.69823515e-06  8.52376376e-02  7.92374662e-05 -8.55775063e-04 -1.40174191e-06  5.21775323e-05  1.79810379e-07 -1.65109264e+02  2.47015002e+06  2.86790827e+01 -3.06188535e+04 -1.33327230e+00  7.65417656e+02 
 6.22300285e+02 -9.99999975e-01  6.71212860e-06  8.50222713e-02  7.89263731e-05 -8.51577436e-04 -1.39299963e-06  5.17949197e-05  1.78257436e-07 -1.64180421e+02  2.46681815e+06  2.85324661e+01 -3.05056252e+04 -1.32306916e+00  7.60680175e+02 
 6.23017147e+02 -9.99999975e-01  6.72602852e-06  8.48074979e-02  7.86165874e-05 -8.47401071e-04 -1.38431359e-06  5.14151711e-05  1.76718175e-07 -1.63256452e+02  2.46349203e+06  2.83866328e+01 -3.03928348e+04 -1.31294653e+00  7.55972876e+02 
 6.23734835e+02 -9.99999975e-01  6.73993475e-06  8.45933156e-02  7.83081032e-05 -8.43245858e-04 -1.37568339e-06  5.10382647e-05  1.75192472e-07 -1.62337329e+02  2.46017163e+06  2.82415784e+01 -3.02804806e+04 -1.30290376e+00  7.51295558e+02 
 6.24453350e+02 -9.99999975e-01  6.75384763e-06  8.43797226e-02  7.80009143e-05 -8.39111682e-04 -1.36710866e-06  5.06641785e-05  1.73680204e-07 -1.61423025e+02  2.45685695e+06  2.80972984e+01 -3.01685607e+04 -1.29294018e+00  7.46648025e+02 
 6.25172693e+02 -9.99999975e-01  6.76776693e-06  8.41667169e-02  7.76950148e-05 -8.34998433e-04 -1.35858904e-06  5.02928909e-05  1.72181250e-07 -1.60513514e+02  2.45354797e+06  2.79537885e+01 -3.00570734e+04 -1.28305515e+00  7.42030077e+02 
 6.25892864e+02 -9.99999975e-01  6.78169272e-06  8.39542967e-02  7.73903987e-05 -8.30906000e-04 -1.35012415e-06  4.99243804e-05  1.70695489e-07 -1.59608768e+02  2.45024468e+06  2.78110443e+01 -2.99460169e+04 -1.27324803e+00  7.37441521e+02 
 6.26613865e+02 -9.99999975e-01  6.79562515e-06  8.37424602e-02  7.70870601e-05 -8.26834272e-04 -1.34171362e-06  4.95586257e-05  1.69222804e-07 -1.58708761e+02  2.44694705e+06  2.76690614e+01 -2.98353893e+04 -1.26351817e+00  7.32882161e+02 
 6.27335696e+02 -9.99999975e-01  6.80956418e-06  8.35312055e-02  7.67849930e-05 -8.22783141e-04 -1.33335710e-06  4.91956055e-05  1.67763076e-07 -1.57813467e+02  2.44365509e+06  2.75278355e+01 -2.97251890e+04 -1.25386495e+00  7.28351805e+02 
 6.28058359e+02 -9.99999975e-01  6.82350975e-06  8.33205308e-02  7.64841916e-05 -8.18752496e-04 -1.32505421e-06  4.88352990e-05  1.66316188e-07 -1.56922860e+02  2.44036876e+06  2.73873623e+01 -2.96154141e+04 -1.24428774e+00  7.23850260e+02 
 6.28781854e+02 -9.99999975e-01  6.83746202e-06  8.31104342e-02  7.61846500e-05 -8.14742230e-04 -1.31680461e-06  4.84776852e-05  1.64882024e-07 -1.56036912e+02  2.43708807e+06  2.72476377e+01 -2.95060630e+04 -1.23478591e+00  7.19377338e+02 
 6.29506183e+02 -9.99999975e-01  6.85142101e-06  8.29009139e-02  7.58863623e-05 -8.10752234e-04 -1.30860794e-06  4.81227436e-05  1.63460470e-07 -1.55155599e+02  2.43381298e+06  2.71086572e+01 -2.93971337e+04 -1.22535885e+00  7.14932848e+02 
 6.30231346e+02 -9.99999975e-01  6.86538664e-06  8.26919681e-02  7.55893229e-05 -8.06782403e-04 -1.30046384e-06  4.77704537e-05  1.62051412e-07 -1.54278895e+02  2.43054350e+06  2.69704168e+01 -2.92886247e+04 -1.21600596e+00  7.10516604e+02 
 6.30957344e+02 -9.99999975e-01  6.87935903e-06  8.24835950e-02  7.52935260e-05 -8.02832628e-04 -1.29237195e-06  4.74207950e-05  1.60654738e-07 -1.53406774e+02  2.42727960e+06  2.68329123e+01 -2.91805341e+04 -1.20672662e+00  7.06128419e+02 
 6.31684179e+02 -9.99999975e-01  6.89333825e-06  8.22757928e-02  7.49989657e-05 -7.98902804e-04 -1.28433195e-06  4.70737475e-05  1.59270336e-07 -1.52539210e+02  2.42402128e+06  2.66961394e+01 -2.90728603e+04 -1.19752024e+00  7.01768107e+02 
 6.32411851e+02 -9.99999975e-01  6.90732418e-06  8.20685598e-02  7.47056365e-05 -7.94992826e-04 -1.27634346e-06  4.67292911e-05  1.57898095e-07 -1.51676178e+02  2.42076851e+06  2.65600940e+01 -2.89656015e+04 -1.18838621e+00  6.97435485e+02 
 6.33140362e+02 -9.99999975e-01  6.92131698e-06  8.18618940e-02  7.44135326e-05 -7.91102589e-04 -1.26840616e-06  4.63874060e-05  1.56537907e-07 -1.50817653e+02  2.41752129e+06  2.64247721e+01 -2.88587560e+04 -1.17932395e+00  6.93130371e+02 
 6.33869711e+02 -9.99999975e-01  6.93531655e-06  8.16557937e-02  7.41226484e-05 -7.87231989e-04 -1.26051970e-06  4.60480725e-05  1.55189662e-07 -1.49963611e+02  2.41427960e+06  2.62901696e+01 -2.87523221e+04 -1.17033288e+00  6.88852583e+02 
 6.34599901e+02 -9.99999975e-01  6.94932305e-06  8.14502572e-02  7.38329783e-05 -7.83380921e-04 -1.25268375e-06  4.57112710e-05  1.53853254e-07 -1.49114025e+02  2.41104342e+06  2.61562823e+01 -2.86462981e+04 -1.16141241e+00  6.84601941e+02 
 6.35330932e+02 -9.99999975e-01  6.96333643e-06  8.12452827e-02  7.35445167e-05 -7.79549283e-04 -1.24489796e-06  4.53769822e-05  1.52528576e-07 -1.48268872e+02  2.40781275e+06  2.60231063e+01 -2.85406823e+04 -1.15256197e+00  6.80378267e+02 
 6.36062805e+02 -9.99999975e-01  6.97735680e-06  8.10408685e-02  7.32572581e-05 -7.75736973e-04 -1.23716200e-06  4.50451868e-05  1.51215523e-07 -1.47428127e+02  2.40458756e+06  2.58906376e+01 -2.84354731e+04 -1.14378099e+00  6.76181384e+02 
 6.36795521e+02 -9.99999975e-01  6.99138405e-06  8.08370126e-02  7.29711969e-05 -7.71943889e-04 -1.22947554e-06  4.47158658e-05  1.49913989e-07 -1.46591765e+02  2.40136785e+06  2.57588721e+01 -2.83306688e+04 -1.13506890e+00  6.72011113e+02 
 6.37529081e+02 -9.99999975e-01  7.00541835e-06  8.06337135e-02  7.26863277e-05 -7.68169929e-04 -1.22183824e-06  4.43890001e-05  1.48623872e-07 -1.45759762e+02  2.39815360e+06  2.56278060e+01 -2.82262677e+04 -1.12642514e+00  6.67867282e+02 
 6.38263486e+02 -9.99999975e-01  7.01945964e-06  8.04309694e-02  7.24026449e-05 -7.64414993e-04 -1.21424980e-06  4.40645712e-05  1.47345069e-07 -1.44932094e+02  2.39494480e+06  2.54974352e+01 -2.81222681e+04 -1.11784916e+00  6.63749715e+02 
 6.38998737e+02 -9.99999975e-01  7.03350804e-06  8.02287786e-02  7.21201432e-05 -7.60678980e-04 -1.20670986e-06  4.37425602e-05  1.46077478e-07 -1.44108738e+02  2.39174143e+06  2.53677558e+01 -2.80186685e+04 -1.10934041e+00  6.59658241e+02 
 6.39734835e+02 -9.99999975e-01  7.04756343e-06  8.00271392e-02  7.18388171e-05 -7.56961790e-04 -1.19921813e-06  4.34229488e-05  1.44821000e-07 -1.43289668e+02  2.38854348e+06  2.52387641e+01 -2.79154671e+04 -1.10089833e+00  6.55592687e+02 
 6.40471782e+02 -9.99999975e-01  7.06162598e-06  7.98260497e-02  7.15586613e-05 -7.53263326e-04 -1.19177427e-06  4.31057186e-05  1.43575533e-07 -1.42474862e+02  2.38535094e+06  2.51104560e+01 -2.78126623e+04 -1.09252239e+00  6.51552884e+02 
 6.41209577e+02 -9.99999975e-01  7.07569558e-06  7.96255082e-02  7.12796703e-05 -7.49583487e-04 -1.18437796e-06  4.27908514e-05  1.42340979e-07 -1.41664296e+02  2.38216380e+06  2.49828278e+01 -2.77102525e+04 -1.08421205e+00  6.47538662e+02 
 6.41948222e+02 -9.99999975e-01  7.08977240e-06  7.94255131e-02  7.10018389e-05 -7.45922177e-04 -1.17702889e-06  4.24783291e-05  1.41117241e-07 -1.40857947e+02  2.37898203e+06  2.48558756e+01 -2.76082361e+04 -1.07596678e+00  6.43549853e+02 
 6.42687717e+02 -9.99999975e-01  7.10385632e-06  7.92260626e-02  7.07251617e-05 -7.42279298e-04 -1.16972675e-06  4.21681339e-05  1.39904221e-07 -1.40055791e+02  2.37580563e+06  2.47295957e+01 -2.75066115e+04 -1.06778604e+00  6.39586291e+02 
 6.43428065e+02 -9.99999975e-01  7.11794752e-06  7.90271552e-02  7.04496336e-05 -7.38654752e-04 -1.16247123e-06  4.18602480e-05  1.38701824e-07 -1.39257804e+02  2.37263459e+06  2.46039843e+01 -2.74053770e+04 -1.05966932e+00  6.35647810e+02 
 6.44169266e+02 -9.99999975e-01  7.13204594e-06  7.88287890e-02  7.01752492e-05 -7.35048444e-04 -1.15526201e-06  4.15546537e-05  1.37509953e-07 -1.38463965e+02  2.36946889e+06  2.44790376e+01 -2.73045311e+04 -1.05161610e+00  6.31734245e+02 
 6.44911320e+02 -9.99999975e-01  7.14615169e-06  7.86309624e-02  6.99020033e-05 -7.31460278e-04 -1.14809879e-06  4.12513336e-05  1.36328515e-07 -1.37674251e+02  2.36630851e+06  2.43547518e+01 -2.72040722e+04 -1.04362585e+00  6.27845434e+02 
 6.45654229e+02 -9.99999975e-01  7.16026466e-06  7.84336737e-02  6.96298908e-05 -7.27890159e-04 -1.14098126e-06  4.09502703e-05  1.35157417e-07 -1.36888637e+02  2.36315345e+06  2.42311234e+01 -2.71039987e+04 -1.03569808e+00  6.23981213e+02 
 6.46397994e+02 -9.99999975e-01  7.17438496e-06  7.82369213e-02  6.93589065e-05 -7.24337991e-04 -1.13390912e-06  4.06514466e-05  1.33996565e-07 -1.36107103e+02  2.36000369e+06  2.41081486e+01 -2.70043089e+04 -1.02783227e+00  6.20141421e+02 
 6.47142616e+02 -9.99999975e-01  7.18851260e-06  7.80407034e-02  6.90890451e-05 -7.20803681e-04 -1.12688207e-06  4.03548454e-05  1.32845868e-07 -1.35329625e+02  2.35685922e+06  2.39858237e+01 -2.69050015e+04 -1.02002793e+00  6.16325899e+02 
 6.47888095e+02 -9.99999975e-01  7.20264774e-06  7.78450185e-02  6.88203017e-05 -7.17287135e-04 -1.11989981e-06  4.00604499e-05  1.31705236e-07 -1.34556181e+02  2.35372002e+06  2.38641451e+01 -2.68060747e+04 -1.01228455e+00  6.12534488e+02 
 6.48634434e+02 -9.99999975e-01  7.21679015e-06  7.76498649e-02  6.85526711e-05 -7.13788260e-04 -1.11296205e-06  3.97682431e-05  1.30574577e-07 -1.33786749e+02  2.35058609e+06  2.37431093e+01 -2.67075270e+04 -1.00460164e+00  6.08767029e+02 
 6.49381632e+02 -9.99999975e-01  7.23094001e-06  7.74552409e-02  6.82861484e-05 -7.10306962e-04 -1.10606848e-06  3.94782084e-05  1.29453803e-07 -1.33021307e+02  2.34745741e+06  2.36227125e+01 -2.66093569e+04 -9.96978708e-01  6.05023367e+02 
 6.50129690e+02 -9.99999975e-01  7.24509738e-06  7.72611449e-02  6.80207284e-05 -7.06843151e-04 -1.09921882e-06  3.91903293e-05  1.28342825e-07 -1.32259833e+02  2.34433396e+06  2.35029512e+01 -2.65115628e+04 -9.89415277e-01  6.01303344e+02 
 6.50878611e+02 -9.99999975e-01  7.25926213e-06  7.70675752e-02  6.77564061e-05 -7.03396734e-04 -1.09241278e-06  3.89045893e-05  1.27241556e-07 -1.31502305e+02  2.34121574e+06  2.33838220e+01 -2.64141432e+04 -9.81910862e-01  5.97606808e+02 
 6.51628394e+02 -9.99999975e-01  7.27343445e-06  7.68745303e-02  6.74931766e-05 -6.99967621e-04 -1.08565006e-06  3.86209722e-05  1.26149909e-07 -1.30748701e+02  2.33810273e+06  2.32653212e+01 -2.63170966e+04 -9.74464986e-01  5.93933603e+02 
 6.52379041e+02 -9.99999975e-01  7.28761438e-06  7.66820084e-02  6.72310348e-05 -6.96555720e-04 -1.07893039e-06  3.83394617e-05  1.25067798e-07 -1.29999001e+02  2.33499492e+06  2.31474453e+01 -2.62204215e+04 -9.67077176e-01  5.90283578e+02 
 6.53130553e+02 -9.99999975e-01  7.30180182e-06  7.64900081e-02  6.69699760e-05 -6.93160941e-04 -1.07225347e-06  3.80600419e-05  1.23995138e-07 -1.29253182e+02  2.33189229e+06  2.30301909e+01 -2.61241163e+04 -9.59746963e-01  5.86656581e+02 
 6.53882930e+02 -9.99999975e-01  7.31599687e-06  7.62985276e-02  6.67099951e-05 -6.89783196e-04 -1.06561903e-06  3.77826969e-05  1.22931844e-07 -1.28511222e+02  2.32879484e+06  2.29135544e+01 -2.60281795e+04 -9.52473882e-01  5.83052461e+02 
 6.54636174e+02 -9.99999975e-01  7.33019948e-06  7.61075654e-02  6.64510873e-05 -6.86422394e-04 -1.05902678e-06  3.75074109e-05  1.21877833e-07 -1.27773102e+02  2.32570254e+06  2.27975325e+01 -2.59326096e+04 -9.45257472e-01  5.79471070e+02 
 6.55390286e+02 -9.99999975e-01  7.34440982e-06  7.59171199e-02  6.61932477e-05 -6.83078448e-04 -1.05247644e-06  3.72341681e-05  1.20833022e-07 -1.27038800e+02  2.32261540e+06  2.26821217e+01 -2.58374052e+04 -9.38097276e-01  5.75912259e+02 
 6.56145266e+02 -9.99999975e-01  7.35862784e-06  7.57271895e-02  6.59364715e-05 -6.79751269e-04 -1.04596775e-06  3.69629532e-05  1.19797328e-07 -1.26308295e+02  2.31953339e+06  2.25673186e+01 -2.57425647e+04 -9.30992840e-01  5.72375879e+02 
 6.56901116e+02 -9.99999975e-01  7.37285353e-06  7.55377726e-02  6.56807539e-05 -6.76440770e-04 -1.03950041e-06  3.66937506e-05  1.18770671e-07 -1.25581567e+02  2.31645651e+06  2.24531199e+01 -2.56480867e+04 -9.23943714e-01  5.68861786e+02 
 6.57657837e+02 -9.99999975e-01  7.38708695e-06  7.53488676e-02  6.54260902e-05 -6.73146862e-04 -1.03307417e-06  3.64265450e-05  1.17752970e-07 -1.24858593e+02  2.31338473e+06  2.23395221e+01 -2.55539697e+04 -9.16949454e-01  5.65369834e+02 
 6.58415430e+02 -9.99999975e-01  7.40132816e-06  7.51604729e-02  6.51724754e-05 -6.69869461e-04 -1.02668875e-06  3.61613214e-05  1.16744144e-07 -1.24139355e+02  2.31031806e+06  2.22265219e+01 -2.54602122e+04 -9.10009616e-01  5.61899878e+02 
 6.59173895e+02 -9.99999975e-01  7.41557704e-06  7.49725870e-02  6.49199050e-05 -6.66608479e-04 -1.02034387e-06  3.58980647e-05  1.15744115e-07 -1.23423832e+02  2.30725647e+06  2.21141160e+01 -2.53668128e+04 -9.03123763e-01  5.58451774e+02 
 6.59933234e+02 -9.99999975e-01  7.42983389e-06  7.47852084e-02  6.46683742e-05 -6.63363831e-04 -1.01403929e-06  3.56367598e-05  1.14752804e-07 -1.22712003e+02  2.30419996e+06  2.20023012e+01 -2.52737699e+04 -8.96291460e-01  5.55025382e+02 
 6.60693448e+02 -9.99999975e-01  7.44409857e-06  7.45983354e-02  6.44178783e-05 -6.60135432e-04 -1.00777471e-06  3.53773920e-05  1.13770134e-07 -1.22003847e+02  2.30114850e+06  2.18910740e+01 -2.51810822e+04 -8.89512276e-01  5.51620558e+02 
 6.61454537e+02 -9.99999975e-01  7.45837099e-06  7.44119665e-02  6.41684128e-05 -6.56923196e-04 -1.00154990e-06  3.51199467e-05  1.12796027e-07 -1.21299346e+02  2.29810210e+06  2.17804312e+01 -2.50887483e+04 -8.82785784e-01  5.48237162e+02 
 6.62216504e+02 -9.99999975e-01  7.47265136e-06  7.42261001e-02  6.39199728e-05 -6.53727040e-04 -9.95364574e-07  3.48644091e-05  1.11830408e-07 -1.20598479e+02  2.29506074e+06  2.16703697e+01 -2.49967666e+04 -8.76111559e-01  5.44875056e+02 
 6.62979348e+02 -9.99999975e-01  7.48693969e-06  7.40407348e-02  6.36725538e-05 -6.50546880e-04 -9.89218483e-07  3.46107648e-05  1.10873201e-07 -1.19901226e+02  2.29202440e+06  2.15608861e+01 -2.49051358e+04 -8.69489182e-01  5.41534100e+02 
 6.63743070e+02 -9.99999975e-01  7.50123598e-06  7.38558690e-02  6.34261512e-05 -6.47382632e-04 -9.83111367e-07  3.43589995e-05  1.09924330e-07 -1.19207568e+02  2.28899307e+06  2.14519773e+01 -2.48138544e+04 -8.62918236e-01  5.38214156e+02 
 6.64507673e+02 -9.99999975e-01  7.51554018e-06  7.36715011e-02  6.31807605e-05 -6.44234213e-04 -9.77042968e-07  3.41090990e-05  1.08983722e-07 -1.18517485e+02  2.28596675e+06  2.13436401e+01 -2.47229210e+04 -8.56398307e-01  5.34915089e+02 
 6.65273156e+02 -9.99999975e-01  7.52985244e-06  7.34876296e-02  6.29363771e-05 -6.41101541e-04 -9.71013034e-07  3.38610490e-05  1.08051303e-07 -1.17830957e+02  2.28294541e+06  2.12358713e+01 -2.46323342e+04 -8.49928986e-01  5.31636762e+02 
 6.66039521e+02 -9.99999975e-01  7.54417266e-06  7.33042531e-02  6.26929964e-05 -6.37984535e-04 -9.65021311e-07  3.36148355e-05  1.07127000e-07 -1.17147965e+02  2.27992906e+06  2.11286677e+01 -2.45420926e+04 -8.43509867e-01  5.28379040e+02 
 6.66806769e+02 -9.99999975e-01  7.55850101e-06  7.31213700e-02  6.24506141e-05 -6.34883112e-04 -9.59067547e-07  3.33704447e-05  1.06210741e-07 -1.16468489e+02  2.27691767e+06  2.10220263e+01 -2.44521949e+04 -8.37140546e-01  5.25141790e+02 
 6.67574901e+02 -9.99999975e-01  7.57283743e-06  7.29389787e-02  6.22092255e-05 -6.31797191e-04 -9.53151494e-07  3.31278627e-05  1.05302455e-07 -1.15792512e+02  2.27391123e+06  2.09159439e+01 -2.43626395e+04 -8.30820624e-01  5.21924878e+02 
 6.68343918e+02 -9.99999975e-01  7.58718193e-06  7.27570779e-02  6.19688263e-05 -6.28726692e-04 -9.47272903e-07  3.28870759e-05  1.04402071e-07 -1.15120013e+02  2.27090973e+06  2.08104174e+01 -2.42734251e+04 -8.24549705e-01  5.18728172e+02 
 6.69113820e+02 -9.99999975e-01  7.60153455e-06  7.25756660e-02  6.17294120e-05 -6.25671534e-04 -9.41431530e-07  3.26480706e-05  1.03509517e-07 -1.14450973e+02  2.26791317e+06  2.07054437e+01 -2.41845504e+04 -8.18327396e-01  5.15551542e+02 
 6.69884609e+02 -9.99999975e-01  7.61589536e-06  7.23947415e-02  6.14909782e-05 -6.22631638e-04 -9.35627129e-07  3.24108333e-05  1.02624726e-07 -1.13785375e+02  2.26492152e+06  2.06010199e+01 -2.40960140e+04 -8.12153307e-01  5.12394856e+02 
 6.70656287e+02 -9.99999975e-01  7.63026441e-06  7.22143029e-02  6.12535206e-05 -6.19606925e-04 -9.29859458e-07  3.21753506e-05  1.01747627e-07 -1.13123198e+02  2.26193479e+06  2.04971428e+01 -2.40078145e+04 -8.06027052e-01  5.09257985e+02 
 6.71428853e+02 -9.99999975e-01  7.64464158e-06  7.20343487e-02  6.10170347e-05 -6.16597315e-04 -9.24128277e-07  3.19416094e-05  1.00878153e-07 -1.12464425e+02  2.25895294e+06  2.03938094e+01 -2.39199505e+04 -7.99948247e-01  5.06140801e+02 
 6.72202309e+02 -9.99999975e-01  7.65902706e-06  7.18548776e-02  6.07815162e-05 -6.13602730e-04 -9.18433346e-07  3.17095964e-05  1.00016236e-07 -1.11809038e+02  2.25597598e+06  2.02910168e+01 -2.38324207e+04 -7.93916513e-01  5.03043176e+02 
 6.72976656e+02 -9.99999975e-01  7.67342078e-06  7.16758879e-02  6.05469607e-05 -6.10623092e-04 -9.12774427e-07  3.14792984e-05  9.91618079e-08 -1.11157016e+02  2.25300390e+06  2.01887619e+01 -2.37452237e+04 -7.87931473e-01  4.99964983e+02 
 6.73751895e+02 -9.99999975e-01  7.68782280e-06  7.14973783e-02  6.03133641e-05 -6.07658323e-04 -9.07151285e-07  3.12507027e-05  9.83148034e-08 -1.10508344e+02  2.25003667e+06  2.00870418e+01 -2.36583582e+04 -7.81992754e-01  4.96906096e+02 
 6.74528028e+02 -9.99999975e-01  7.70223318e-06  7.13193472e-02  6.00807220e-05 -6.04708347e-04 -9.01563684e-07  3.10237962e-05  9.74751563e-08 -1.09863001e+02  2.24707429e+06  1.99858535e+01 -2.35718229e+04 -7.76099984e-01  4.93866390e+02 
 6.75305054e+02 -9.99999975e-01  7.71665185e-06  7.11417933e-02  5.98490302e-05 -6.01773086e-04 -8.96011394e-07  3.07985663e-05  9.66428013e-08 -1.09220971e+02  2.24411675e+06  1.98851941e+01 -2.34856164e+04 -7.70252796e-01  4.90845741e+02 
 6.76082975e+02 -9.99999975e-01  7.73107894e-06  7.09647151e-02  5.96182843e-05 -5.98852465e-04 -8.90494182e-07  3.05750002e-05  9.58176737e-08 -1.08582234e+02  2.24116404e+06  1.97850607e+01 -2.33997375e+04 -7.64450826e-01  4.87844025e+02 
 6.76861793e+02 -9.99999975e-01  7.74551438e-06  7.07881111e-02  5.93884802e-05 -5.95946406e-04 -8.85011818e-07  3.03530854e-05  9.49997093e-08 -1.07946774e+02  2.23821614e+06  1.96854504e+01 -2.33141847e+04 -7.58693713e-01  4.84861120e+02 
 6.77641508e+02 -9.99999975e-01  7.75995835e-06  7.06119800e-02  5.91596138e-05 -5.93054836e-04 -8.79564075e-07  3.01328094e-05  9.41888449e-08 -1.07314573e+02  2.23527305e+06  1.95863603e+01 -2.32289567e+04 -7.52981098e-01  4.81896904e+02 
 6.78422120e+02 -9.99999975e-01  7.77441068e-06  7.04363202e-02  5.89316808e-05 -5.90177678e-04 -8.74150727e-07  2.99141598e-05  9.33850172e-08 -1.06685612e+02  2.23233475e+06  1.94877875e+01 -2.31440524e+04 -7.47312625e-01  4.78951255e+02 
 6.79203633e+02 -9.99999975e-01  7.78887153e-06  7.02611303e-02  5.87046771e-05 -5.87314858e-04 -8.68771548e-07  2.96971244e-05  9.25881642e-08 -1.06059875e+02  2.22940123e+06  1.93897292e+01 -2.30594702e+04 -7.41687943e-01  4.76024054e+02 
 6.79986045e+02 -9.99999975e-01  7.80334091e-06  7.00864090e-02  5.84785985e-05 -5.84466301e-04 -8.63426315e-07  2.94816909e-05  9.17982238e-08 -1.05437344e+02  2.22647248e+06  1.92921826e+01 -2.29752091e+04 -7.36106702e-01  4.73115182e+02 
 6.80769359e+02 -9.99999975e-01  7.81781881e-06  6.99121548e-02  5.82534410e-05 -5.81631935e-04 -8.58114807e-07  2.92678473e-05  9.10151350e-08 -1.04818002e+02  2.22354849e+06  1.91951448e+01 -2.28912676e+04 -7.30568555e-01  4.70224520e+02 
 6.81553575e+02 -9.99999975e-01  7.83230524e-06  6.97383663e-02  5.80292004e-05 -5.78811685e-04 -8.52836803e-07  2.90555816e-05  9.02388370e-08 -1.04201831e+02  2.22062925e+06  1.90986130e+01 -2.28076445e+04 -7.25073158e-01  4.67351949e+02 
 6.82338694e+02 -9.99999975e-01  7.84680026e-06  6.95650421e-02  5.78058727e-05 -5.76005478e-04 -8.47592084e-07  2.88448818e-05  8.94692697e-08 -1.03588814e+02  2.21771474e+06  1.90025846e+01 -2.27243385e+04 -7.19620171e-01  4.64497354e+02 
 6.83124718e+02 -9.99999975e-01  7.86130391e-06  6.93921807e-02  5.75834539e-05 -5.73213242e-04 -8.42380433e-07  2.86357362e-05  8.87063736e-08 -1.02978934e+02  2.21480496e+06  1.89070566e+01 -2.26413483e+04 -7.14209256e-01  4.61660618e+02 
 6.83911647e+02 -9.99999975e-01  7.87581621e-06  6.92197809e-02  5.73619398e-05 -5.70434904e-04 -8.37201635e-07  2.84281330e-05  8.79500896e-08 -1.02372175e+02  2.21189989e+06  1.88120264e+01 -2.25586727e+04 -7.08840077e-01  4.58841626e+02 
 6.84699483e+02 -9.99999975e-01  7.89033714e-06  6.90478412e-02  5.71413265e-05 -5.67670393e-04 -8.32055475e-07  2.82220607e-05  8.72003592e-08 -1.01768518e+02  2.20899953e+06  1.87174912e+01 -2.24763104e+04 -7.03512302e-01  4.56040263e+02 
 6.85488226e+02 -9.99999975e-01  7.90486683e-06  6.88763602e-02  5.69216101e-05 -5.64919637e-04 -8.26941740e-07  2.80175076e-05  8.64571245e-08 -1.01167949e+02  2.20610386e+06  1.86234484e+01 -2.23942601e+04 -6.98225601e-01  4.53256415e+02 
 6.86277878e+02 -9.99999975e-01  7.91940522e-06  6.87053365e-02  5.67027864e-05 -5.62182565e-04 -8.21860219e-07  2.78144624e-05  8.57203280e-08 -1.00570450e+02  2.20321288e+06  1.85298951e+01 -2.23125206e+04 -6.92979648e-01  4.50489969e+02 
 6.87068440e+02 -9.99999975e-01  7.93395230e-06  6.85347688e-02  5.64848517e-05 -5.59459107e-04 -8.16810701e-07  2.76129136e-05  8.49899128e-08 -9.99760036e+01  2.20032656e+06  1.84368288e+01 -2.22310907e+04 -6.87774117e-01  4.47740813e+02 
 6.87859912e+02 -9.99999975e-01  7.94850820e-06  6.83646557e-02  5.62678019e-05 -5.56749191e-04 -8.11792979e-07  2.74128499e-05  8.42658225e-08 -9.93845945e+01  2.19744491e+06  1.83442468e+01 -2.21499690e+04 -6.82608688e-01  4.45008836e+02 
 6.88652296e+02 -9.99999975e-01  7.96307290e-06  6.81949958e-02  5.60516331e-05 -5.54052749e-04 -8.06806845e-07  2.72142603e-05  8.35480012e-08 -9.87962060e+01  2.19456790e+06  1.82521463e+01 -2.20691545e+04 -6.77483041e-01  4.42293926e+02 
 6.89445593e+02 -9.99999975e-01  7.97764642e-06  6.80257878e-02  5.58363414e-05 -5.51369709e-04 -8.01852093e-07  2.70171336e-05  8.28363936e-08 -9.82108219e+01  2.19169553e+06  1.81605248e+01 -2.19886457e+04 -6.72396860e-01  4.39595974e+02 
 6.90239804e+02 -9.99999975e-01  7.99222880e-06  6.78570303e-02  5.56219231e-05 -5.48700005e-04 -7.96928520e-07  2.68214588e-05  8.21309446e-08 -9.76284260e+01  2.18882779e+06  1.80693797e+01 -2.19084416e+04 -6.67349832e-01  4.36914870e+02 
 6.91034929e+02 -9.99999975e-01  8.00682005e-06  6.76887219e-02  5.54083742e-05 -5.46043565e-04 -7.92035922e-07  2.66272250e-05  8.14316001e-08 -9.70490021e+01  2.18596467e+06  1.79787083e+01 -2.18285408e+04 -6.62341645e-01  4.34250506e+02 
 6.91830971e+02 -9.99999975e-01  8.02142023e-06  6.75208614e-02  5.51956908e-05 -5.43400323e-04 -7.87174097e-07  2.64344213e-05  8.07383059e-08 -9.64725343e+01  2.18310615e+06  1.78885081e+01 -2.17489422e+04 -6.57371991e-01  4.31602774e+02 
 6.92627929e+02 -9.99999975e-01  8.03602927e-06  6.73534473e-02  5.49838693e-05 -5.40770210e-04 -7.82342847e-07  2.62430369e-05  8.00510088e-08 -9.58990067e+01  2.18025223e+06  1.77987764e+01 -2.16696446e+04 -6.52440565e-01  4.28971566e+02 
 6.93425806e+02 -9.99999975e-01  8.05064730e-06  6.71864783e-02  5.47729056e-05 -5.38153159e-04 -7.77541971e-07  2.60530612e-05  7.93696559e-08 -9.53284035e+01  2.17740290e+06  1.77095108e+01 -2.15906468e+04 -6.47547061e-01  4.26356777e+02 
 6.94224602e+02 -9.99999975e-01  8.06527436e-06  6.70199532e-02  5.45627962e-05 -5.35549101e-04 -7.72771272e-07  2.58644836e-05  7.86941946e-08 -9.47607089e+01  2.17455814e+06  1.76207087e+01 -2.15119475e+04 -6.42691180e-01  4.23758301e+02 
 6.95024318e+02 -9.99999975e-01  8.07991034e-06  6.68538705e-02  5.43535373e-05 -5.32957970e-04 -7.68030555e-07  2.56772936e-05  7.80245731e-08 -9.41959074e+01  2.17171795e+06  1.75323674e+01 -2.14335456e+04 -6.37872624e-01  4.21176032e+02 
 6.95824955e+02 -9.99999975e-01  8.09455548e-06  6.66882289e-02  5.41451250e-05 -5.30379701e-04 -7.63319624e-07  2.54914808e-05  7.73607397e-08 -9.36339834e+01  2.16888231e+06  1.74444846e+01 -2.13554398e+04 -6.33091095e-01  4.18609866e+02 
 6.96626514e+02 -9.99999975e-01  8.10920955e-06  6.65230272e-02  5.39375557e-05 -5.27814225e-04 -7.58638286e-07  2.53070347e-05  7.67026436e-08 -9.30749214e+01  2.16605121e+06  1.73570578e+01 -2.12776291e+04 -6.28346301e-01  4.16059701e+02 
 6.97428997e+02 -9.99999975e-01  8.12387276e-06  6.63582640e-02  5.37308256e-05 -5.25261478e-04 -7.53986350e-07  2.51239452e-05  7.60502340e-08 -9.25187060e+01  2.16322465e+06  1.72700843e+01 -2.12001122e+04 -6.23637950e-01  4.13525432e+02 
 6.98232404e+02 -9.99999975e-01  8.13854507e-06  6.61939380e-02  5.35249312e-05 -5.22721394e-04 -7.49363623e-07  2.49422021e-05  7.54034610e-08 -9.19653221e+01  2.16040260e+06  1.71835619e+01 -2.11228879e+04 -6.18965754e-01  4.11006958e+02 
 6.99036737e+02 -9.99999975e-01  8.15322653e-06  6.60300479e-02  5.33198686e-05 -5.20193907e-04 -7.44769917e-07  2.47617951e-05  7.47622747e-08 -9.14147545e+01  2.15758508e+06  1.70974879e+01 -2.10459551e+04 -6.14329427e-01  4.08504178e+02 
 6.99841996e+02 -9.99999975e-01  8.16791714e-06  6.58665924e-02  5.31156343e-05 -5.17678954e-04 -7.40205043e-07  2.45827144e-05  7.41266261e-08 -9.08669880e+01  2.15477205e+06  1.70118600e+01 -2.09693126e+04 -6.09728683e-01  4.06016990e+02 
 7.00648183e+02 -9.99999975e-01  8.18261697e-06  6.57035702e-02  5.29122246e-05 -5.15176469e-04 -7.35668814e-07  2.44049499e-05  7.34964663e-08 -9.03220076e+01  2.15196352e+06  1.69266758e+01 -2.08929593e+04 -6.05163243e-01  4.03545294e+02 
 7.01455298e+02 -9.99999975e-01  8.19732600e-06  6.55409800e-02  5.27096360e-05 -5.12686388e-04 -7.31161045e-07  2.42284917e-05  7.28717471e-08 -8.97797984e+01  2.14915946e+06  1.68419327e+01 -2.08168940e+04 -6.00632825e-01  4.01088991e+02 
 7.02263344e+02 -9.99999975e-01  8.21204429e-06  6.53788206e-02  5.25078647e-05 -5.10208649e-04 -7.26681552e-07  2.40533301e-05  7.22524204e-08 -8.92403456e+01  2.14635988e+06  1.67576285e+01 -2.07411156e+04 -5.96137154e-01  3.98647982e+02 
 7.03072320e+02 -9.99999975e-01  8.22677180e-06  6.52170906e-02  5.23069073e-05 -5.07743186e-04 -7.22230150e-07  2.38794554e-05  7.16384389e-08 -8.87036344e+01  2.14356476e+06  1.66737607e+01 -2.06656228e+04 -5.91675954e-01  3.96222168e+02 
 7.03882228e+02 -9.99999975e-01  8.24150862e-06  6.50557887e-02  5.21067602e-05 -5.05289938e-04 -7.17806658e-07  2.37068578e-05  7.10297555e-08 -8.81696501e+01  2.14077409e+06  1.65903270e+01 -2.05904146e+04 -5.87248953e-01  3.93811453e+02 
 7.04693069e+02 -9.99999975e-01  8.25625483e-06  6.48949138e-02  5.19074198e-05 -5.02848841e-04 -7.13410895e-07  2.35355278e-05  7.04263236e-08 -8.76383782e+01  2.13798787e+06  1.65073250e+01 -2.05154899e+04 -5.82855881e-01  3.91415740e+02 
 7.05504844e+02 -9.99999975e-01  8.27101030e-06  6.47344645e-02  5.17088826e-05 -5.00419833e-04 -7.09042683e-07  2.33654559e-05  6.98280970e-08 -8.71098041e+01  2.13520607e+06  1.64247523e+01 -2.04408475e+04 -5.78496469e-01  3.89034931e+02 
 7.06317554e+02 -9.99999975e-01  8.28577515e-06  6.45744396e-02  5.15111450e-05 -4.98002853e-04 -7.04701841e-07  2.31966327e-05  6.92350300e-08 -8.65839135e+01  2.13242869e+06  1.63426067e+01 -2.03664863e+04 -5.74170451e-01  3.86668933e+02 
 7.07131201e+02 -9.99999975e-01  8.30054950e-06  6.44148377e-02  5.13142037e-05 -4.95597837e-04 -7.00388194e-07  2.30290488e-05  6.86470771e-08 -8.60606919e+01  2.12965573e+06  1.62608857e+01 -2.02924052e+04 -5.69877565e-01  3.84317649e+02 
 7.07945784e+02 -9.99999975e-01  8.31533310e-06  6.42556577e-02  5.11180551e-05 -4.93204726e-04 -6.96101565e-07  2.28626949e-05  6.80641934e-08 -8.55401252e+01  2.12688717e+06  1.61795872e+01 -2.02186030e+04 -5.65617548e-01  3.81980985e+02 
 7.08761306e+02 -9.99999975e-01  8.33012626e-06  6.40968983e-02  5.09226958e-05 -4.90823458e-04 -6.91841781e-07  2.26975618e-05  6.74863345e-08 -8.50221992e+01  2.12412300e+06  1.60987087e+01 -2.01450787e+04 -5.61390141e-01  3.79658848e+02 
 7.09577768e+02 -9.99999975e-01  8.34492891e-06  6.39385583e-02  5.07281223e-05 -4.88453971e-04 -6.87608666e-07  2.25336403e-05  6.69134560e-08 -8.45068997e+01  2.12136320e+06  1.60182481e+01 -2.00718311e+04 -5.57195087e-01  3.77351145e+02 
 7.10395170e+02 -9.99999975e-01  8.35974106e-06  6.37806364e-02  5.05343312e-05 -4.86096207e-04 -6.83402049e-07  2.23709214e-05  6.63455143e-08 -8.39942127e+01  2.11860779e+06  1.59382031e+01 -1.99988592e+04 -5.53032131e-01  3.75057784e+02 
 7.11213514e+02 -9.99999975e-01  8.37456270e-06  6.36231314e-02  5.03413190e-05 -4.83750104e-04 -6.79221759e-07  2.22093961e-05  6.57824660e-08 -8.34841244e+01  2.11585673e+06  1.58585713e+01 -1.99261618e+04 -5.48901019e-01  3.72778671e+02 
 7.12032800e+02 -9.99999975e-01  8.38939388e-06  6.34660420e-02  5.01490825e-05 -4.81415603e-04 -6.75067625e-07  2.20490555e-05  6.52242682e-08 -8.29766209e+01  2.11311002e+06  1.57793506e+01 -1.98537379e+04 -5.44801500e-01  3.70513717e+02 
 7.12853030e+02 -9.99999975e-01  8.40423462e-06  6.33093670e-02  4.99576181e-05 -4.79092645e-04 -6.70939479e-07  2.18898906e-05  6.46708782e-08 -8.24716883e+01  2.11036766e+06  1.57005388e+01 -1.97815864e+04 -5.40733326e-01  3.68262831e+02 
 7.13674205e+02 -9.99999975e-01  8.41908508e-06  6.31531052e-02  4.97669227e-05 -4.76781170e-04 -6.66837153e-07  2.17318927e-05  6.41222539e-08 -8.19693130e+01  2.10762963e+06  1.56221336e+01 -1.97097062e+04 -5.36696250e-01  3.66025922e+02 
 7.14496326e+02 -9.99999975e-01  8.43394503e-06  6.29972554e-02  4.95769927e-05 -4.74481119e-04 -6.62760480e-07  2.15750531e-05  6.35783534e-08 -8.14694814e+01  2.10489592e+06  1.55441328e+01 -1.96380962e+04 -5.32690026e-01  3.63802902e+02 
 7.15319394e+02 -9.99999975e-01  8.44881475e-06  6.28418163e-02  4.93878250e-05 -4.72192435e-04 -6.58709295e-07  2.14193630e-05  6.30391353e-08 -8.09721800e+01  2.10216652e+06  1.54665343e+01 -1.95667553e+04 -5.28714412e-01  3.61593681e+02 
 7.16143410e+02 -9.99999975e-01  8.46369409e-06  6.26867868e-02  4.91994160e-05 -4.69915059e-04 -6.54683433e-07  2.12648139e-05  6.25045586e-08 -8.04773951e+01  2.09944143e+06  1.53893359e+01 -1.94956825e+04 -5.24769167e-01  3.59398172e+02 
 7.16968376e+02 -9.99999975e-01  8.47858314e-06  6.25321656e-02  4.90117627e-05 -4.67648933e-04 -6.50682731e-07  2.11113972e-05  6.19745824e-08 -7.99851136e+01  2.09672063e+06  1.53125353e+01 -1.94248768e+04 -5.20854053e-01  3.57216286e+02 
 7.17794291e+02 -9.99999975e-01  8.49348197e-06  6.23779515e-02  4.88248617e-05 -4.65394000e-04 -6.46707027e-07  2.09591046e-05  6.14491666e-08 -7.94953220e+01  2.09400412e+06  1.52361305e+01 -1.93543370e+04 -5.16968831e-01  3.55047937e+02 
 7.18621158e+02 -9.99999975e-01  8.50839052e-06  6.22241434e-02  4.86387097e-05 -4.63150202e-04 -6.42756160e-07  2.08079275e-05  6.09282710e-08 -7.90080071e+01  2.09129188e+06  1.51601193e+01 -1.92840621e+04 -5.13113267e-01  3.52893038e+02 
 7.19448978e+02 -9.99999975e-01  8.52330885e-06  6.20707400e-02  4.84533035e-05 -4.60917483e-04 -6.38829969e-07  2.06578577e-05  6.04118562e-08 -7.85231558e+01  2.08858391e+06  1.50844996e+01 -1.92140511e+04 -5.09287127e-01  3.50751504e+02 
 7.20277751e+02 -9.99999975e-01  8.53823701e-06  6.19177401e-02  4.82686398e-05 -4.58695785e-04 -6.34928297e-07  2.05088869e-05  5.98998828e-08 -7.80407550e+01  2.08588019e+06  1.50092693e+01 -1.91443030e+04 -5.05490182e-01  3.48623248e+02 
 7.21107479e+02 -9.99999975e-01  8.55317495e-06  6.17651426e-02  4.80847155e-05 -4.56485053e-04 -6.31050984e-07  2.03610068e-05  5.93923119e-08 -7.75607915e+01  2.08318072e+06  1.49344262e+01 -1.90748166e+04 -5.01722200e-01  3.46508186e+02 
 7.21938163e+02 -9.99999975e-01  8.56812284e-06  6.16129463e-02  4.79015274e-05 -4.54285230e-04 -6.27197874e-07  2.02142094e-05  5.88891049e-08 -7.70832527e+01  2.08048548e+06  1.48599684e+01 -1.90055909e+04 -4.97982955e-01  3.44406235e+02 
 7.22769804e+02 -9.99999975e-01  8.58308056e-06  6.14611500e-02  4.77190721e-05 -4.52096262e-04 -6.23368811e-07  2.00684864e-05  5.83902237e-08 -7.66081254e+01  2.07779447e+06  1.47858936e+01 -1.89366250e+04 -4.94272221e-01  3.42317310e+02 
 7.23602402e+02 -9.99999975e-01  8.59804811e-06  6.13097525e-02  4.75373467e-05 -4.49918092e-04 -6.19563641e-07  1.99238300e-05  5.78956303e-08 -7.61353971e+01  2.07510768e+06  1.47121999e+01 -1.88679177e+04 -4.90589775e-01  3.40241328e+02 
 7.24435960e+02 -9.99999975e-01  8.61302578e-06  6.11587527e-02  4.73563479e-05 -4.47750665e-04 -6.15782210e-07  1.97802322e-05  5.74052873e-08 -7.56650548e+01  2.07242510e+06  1.46388852e+01 -1.87994681e+04 -4.86935393e-01  3.38178207e+02 
 7.25270478e+02 -9.99999975e-01  8.62801329e-06  6.10081494e-02  4.71760726e-05 -4.45593926e-04 -6.12024365e-07  1.96376850e-05  5.69191574e-08 -7.51970860e+01  2.06974672e+06  1.45659474e+01 -1.87312752e+04 -4.83308857e-01  3.36127865e+02 
 7.26105957e+02 -9.99999975e-01  8.64301086e-06  6.08579414e-02  4.69965176e-05 -4.43447822e-04 -6.08289954e-07  1.94961806e-05  5.64372038e-08 -7.47314781e+01  2.06707253e+06  1.44933846e+01 -1.86633379e+04 -4.79709947e-01  3.34090221e+02 
 7.26942399e+02 -9.99999975e-01  8.65801843e-06  6.07081275e-02  4.68176799e-05 -4.41312297e-04 -6.04578828e-07  1.93557113e-05  5.59593899e-08 -7.42682186e+01  2.06440252e+06  1.44211946e+01 -1.85956552e+04 -4.76138447e-01  3.32065192e+02 
 7.27779805e+02 -9.99999975e-01  8.67303601e-06  6.05587067e-02  4.66395564e-05 -4.39187298e-04 -6.00890835e-07  1.92162693e-05  5.54856796e-08 -7.38072951e+01  2.06173668e+06  1.43493756e+01 -1.85282261e+04 -4.72594143e-01  3.30052700e+02 
 7.28618175e+02 -9.99999975e-01  8.68806359e-06  6.04096777e-02  4.64621439e-05 -4.37072771e-04 -5.97225828e-07  1.90778469e-05  5.50160369e-08 -7.33486950e+01  2.05907500e+06  1.42779254e+01 -1.84610497e+04 -4.69076820e-01  3.28052664e+02 
 7.29457510e+02 -9.99999975e-01  8.70310146e-06  6.02610394e-02  4.62854394e-05 -4.34968663e-04 -5.93583660e-07  1.89404366e-05  5.45504262e-08 -7.28924063e+01  2.05641748e+06  1.42068421e+01 -1.83941249e+04 -4.65586269e-01  3.26065005e+02 
 7.30297813e+02 -9.99999975e-01  8.71814927e-06  6.01127908e-02  4.61094399e-05 -4.32874921e-04 -5.89964183e-07  1.88040308e-05  5.40888124e-08 -7.24384167e+01  2.05376410e+06  1.41361238e+01 -1.83274507e+04 -4.62122278e-01  3.24089644e+02 
 7.31139083e+02 -9.99999975e-01  8.73320727e-06  5.99649305e-02  4.59341423e-05 -4.30791492e-04 -5.86367251e-07  1.86686220e-05  5.36311605e-08 -7.19867140e+01  2.05111485e+06  1.40657685e+01 -1.82610262e+04 -4.58684640e-01  3.22126504e+02 
 7.31981323e+02 -9.99999975e-01  8.74827543e-06  5.98174576e-02  4.57595436e-05 -4.28718323e-04 -5.82792720e-07  1.85342028e-05  5.31774359e-08 -7.15372860e+01  2.04846974e+06  1.39957742e+01 -1.81948503e+04 -4.55273149e-01  3.20175505e+02 
 7.32824533e+02 -9.99999975e-01  8.76335383e-06  5.96703708e-02  4.55856409e-05 -4.26655362e-04 -5.79240447e-07  1.84007658e-05  5.27276042e-08 -7.10901208e+01  2.04582874e+06  1.39261390e+01 -1.81289222e+04 -4.51887601e-01  3.18236571e+02 
 7.33668714e+02 -9.99999975e-01  8.77844246e-06  5.95236691e-02  4.54124309e-05 -4.24602557e-04 -5.75710289e-07  1.82683037e-05  5.22816315e-08 -7.06452064e+01  2.04319184e+06  1.38568609e+01 -1.80632407e+04 -4.48527791e-01  3.16309625e+02 
 7.34513868e+02 -9.99999975e-01  8.79354127e-06  5.93773513e-02  4.52399110e-05 -4.22559857e-04 -5.72202103e-07  1.81368093e-05  5.18394841e-08 -7.02025310e+01  2.04055905e+06  1.37879381e+01 -1.79978049e+04 -4.45193520e-01  3.14394592e+02 
 7.35359995e+02 -9.99999975e-01  8.80865036e-06  5.92314163e-02  4.50680780e-05 -4.20527210e-04 -5.68715749e-07  1.80062753e-05  5.14011286e-08 -6.97620826e+01  2.03793035e+06  1.37193687e+01 -1.79326140e+04 -4.41884586e-01  3.12491394e+02 
 7.36207097e+02 -9.99999975e-01  8.82376980e-06  5.90858630e-02  4.48969290e-05 -4.18504565e-04 -5.65251087e-07  1.78766946e-05  5.09665318e-08 -6.93238497e+01  2.03530572e+06  1.36511507e+01 -1.78676668e+04 -4.38600793e-01  3.10599958e+02 
 7.37055175e+02 -9.99999975e-01  8.83889942e-06  5.89406902e-02  4.47264610e-05 -4.16491871e-04 -5.61807978e-07  1.77480601e-05  5.05356611e-08 -6.88878204e+01  2.03268517e+06  1.35832822e+01 -1.78029625e+04 -4.35341944e-01  3.08720208e+02 
 7.37904230e+02 -9.99999975e-01  8.85403949e-06  5.87958969e-02  4.45566713e-05 -4.14489077e-04 -5.58386284e-07  1.76203648e-05  5.01084837e-08 -6.84539831e+01  2.03006869e+06  1.35157614e+01 -1.77385001e+04 -4.32107843e-01  3.06852070e+02 
 7.38754263e+02 -9.99999975e-01  8.86918997e-06  5.86514820e-02  4.43875567e-05 -4.12496134e-04 -5.54985868e-07  1.74936016e-05  4.96849677e-08 -6.80223263e+01  2.02745626e+06  1.34485865e+01 -1.76742786e+04 -4.28898299e-01  3.04995470e+02 
 7.39605275e+02 -9.99999975e-01  8.88435085e-06  5.85074444e-02  4.42191145e-05 -4.10512990e-04 -5.51606593e-07  1.73677636e-05  4.92650809e-08 -6.75928385e+01  2.02484787e+06  1.33817555e+01 -1.76102971e+04 -4.25713118e-01  3.03150336e+02 
 7.40457267e+02 -9.99999975e-01  8.89952207e-06  5.83637829e-02  4.40513418e-05 -4.08539598e-04 -5.48248325e-07  1.72428440e-05  4.88487917e-08 -6.71655082e+01  2.02224352e+06  1.33152667e+01 -1.75465547e+04 -4.22552110e-01  3.01316594e+02 
 7.41310241e+02 -9.99999975e-01  8.91470376e-06  5.82204965e-02  4.38842356e-05 -4.06575905e-04 -5.44910928e-07  1.71188359e-05  4.84360689e-08 -6.67403241e+01  2.01964320e+06  1.32491182e+01 -1.74830504e+04 -4.19415088e-01  2.99494172e+02 
 7.42164198e+02 -9.99999975e-01  8.92989596e-06  5.80775841e-02  4.37177932e-05 -4.04621865e-04 -5.41594270e-07  1.69957326e-05  4.80268812e-08 -6.63172749e+01  2.01704690e+06  1.31833081e+01 -1.74197833e+04 -4.16301864e-01  2.97682998e+02 
 7.43019138e+02 -9.99999975e-01  8.94509867e-06  5.79350446e-02  4.35520117e-05 -4.02677427e-04 -5.38298217e-07  1.68735273e-05  4.76211980e-08 -6.58963494e+01  2.01445461e+06  1.31178347e+01 -1.73567524e+04 -4.13212252e-01  2.95883001e+02 
 7.43875063e+02 -9.99999975e-01  8.96031185e-06  5.77928769e-02  4.33868883e-05 -4.00742543e-04 -5.35022638e-07  1.67522133e-05  4.72189886e-08 -6.54775363e+01  2.01186632e+06  1.30526962e+01 -1.72939569e+04 -4.10146069e-01  2.94094110e+02 
 7.44731974e+02 -9.99999975e-01  8.97553559e-06  5.76510799e-02  4.32224202e-05 -3.98817164e-04 -5.31767403e-07  1.66317840e-05  4.68202227e-08 -6.50608245e+01  2.00928203e+06  1.29878907e+01 -1.72313957e+04 -4.07103131e-01  2.92316254e+02 
 7.45589872e+02 -9.99999975e-01  8.99076991e-06  5.75096526e-02  4.30586045e-05 -3.96901243e-04 -5.28532380e-07  1.65122329e-05  4.64248705e-08 -6.46462031e+01  2.00670172e+06  1.29234166e+01 -1.71690681e+04 -4.04083257e-01  2.90549365e+02 
 7.46448758e+02 -9.99999975e-01  9.00601486e-06  5.73685939e-02  4.28954384e-05 -3.94994730e-04 -5.25317441e-07  1.63935534e-05  4.60329021e-08 -6.42336610e+01  2.00412539e+06  1.28592720e+01 -1.71069730e+04 -4.01086268e-01  2.88793371e+02 
 7.47308634e+02 -9.99999975e-01  9.02127044e-06  5.72279028e-02  4.27329193e-05 -3.93097579e-04 -5.22122458e-07  1.62757391e-05  4.56442881e-08 -6.38231872e+01  2.00155302e+06  1.27954551e+01 -1.70451095e+04 -3.98111986e-01  2.87048204e+02 
 7.48169501e+02 -9.99999975e-01  9.03653665e-06  5.70875781e-02  4.25710444e-05 -3.91209742e-04 -5.18947302e-07  1.61587835e-05  4.52589993e-08 -6.34147710e+01  1.99898462e+06  1.27319643e+01 -1.69834768e+04 -3.95160234e-01  2.85313796e+02 
 7.49031359e+02 -9.99999975e-01  9.05181349e-06  5.69476188e-02  4.24098108e-05 -3.89331172e-04 -5.15791849e-07  1.60426802e-05  4.48770068e-08 -6.30084015e+01  1.99642016e+06  1.26687977e+01 -1.69220740e+04 -3.92230836e-01  2.83590079e+02 
 7.49894209e+02 -9.99999975e-01  9.06710113e-06  5.68080238e-02  4.22492159e-05 -3.87461822e-04 -5.12655971e-07  1.59274229e-05  4.44982818e-08 -6.26040679e+01  1.99385965e+06  1.26059538e+01 -1.68609001e+04 -3.89323618e-01  2.81876984e+02 
 7.50758054e+02 -9.99999975e-01  9.08239940e-06  5.66687922e-02  4.20892569e-05 -3.85601645e-04 -5.09539544e-07  1.58130055e-05  4.41227960e-08 -6.22017596e+01  1.99130307e+06  1.25434306e+01 -1.67999542e+04 -3.86438409e-01  2.80174445e+02 
 7.51622894e+02 -9.99999975e-01  9.09770847e-06  5.65299228e-02  4.19299311e-05 -3.83750594e-04 -5.06442443e-07  1.56994215e-05  4.37505211e-08 -6.18014660e+01  1.98875042e+06  1.24812265e+01 -1.67392355e+04 -3.83575035e-01  2.78482394e+02 
 7.52488730e+02 -9.99999975e-01  9.11302840e-06  5.63914146e-02  4.17712359e-05 -3.81908625e-04 -5.03364546e-07  1.55866648e-05  4.33814293e-08 -6.14031764e+01  1.98620169e+06  1.24193399e+01 -1.66787431e+04 -3.80733329e-01  2.76800766e+02 
 7.53355564e+02 -9.99999975e-01  9.12835895e-06  5.62532666e-02  4.16131685e-05 -3.80075689e-04 -5.00305731e-07  1.54747294e-05  4.30154928e-08 -6.10068804e+01  1.98365686e+06  1.23577690e+01 -1.66184760e+04 -3.77913121e-01  2.75129494e+02 
 7.54223396e+02 -9.99999975e-01  9.14370042e-06  5.61154777e-02  4.14557263e-05 -3.78251742e-04 -4.97265874e-07  1.53636090e-05  4.26526842e-08 -6.06125675e+01  1.98111593e+06  1.22965121e+01 -1.65584335e+04 -3.75114245e-01  2.73468513e+02 
 7.55092228e+02 -9.99999975e-01  9.15905275e-06  5.59780469e-02  4.12989066e-05 -3.76436739e-04 -4.94244856e-07  1.52532977e-05  4.22929764e-08 -6.02202273e+01  1.97857890e+06  1.22355677e+01 -1.64986146e+04 -3.72336534e-01  2.71817758e+02 
 7.55962060e+02 -9.99999975e-01  9.17441594e-06  5.58409731e-02  4.11427068e-05 -3.74630634e-04 -4.91242557e-07  1.51437895e-05  4.19363423e-08 -5.98298495e+01  1.97604575e+06  1.21749339e+01 -1.64390184e+04 -3.69579825e-01  2.70177164e+02 
 7.56832895e+02 -9.99999975e-01  9.18979009e-06  5.57042554e-02  4.09871242e-05 -3.72833382e-04 -4.88258857e-07  1.50350784e-05  4.15827553e-08 -5.94414239e+01  1.97351647e+06  1.21146092e+01 -1.63796441e+04 -3.66843953e-01  2.68546667e+02 
 7.57704733e+02 -9.99999975e-01  9.20517516e-06  5.55678927e-02  4.08321563e-05 -3.71044938e-04 -4.85293637e-07  1.49271585e-05  4.12321889e-08 -5.90549401e+01  1.97099106e+06  1.20545919e+01 -1.63204908e+04 -3.64128758e-01  2.66926204e+02 
 7.58577575e+02 -9.99999975e-01  9.22057114e-06  5.54318839e-02  4.06778003e-05 -3.69265257e-04 -4.82346781e-07  1.48200239e-05  4.08846169e-08 -5.86703880e+01  1.96846951e+06  1.19948804e+01 -1.62615577e+04 -3.61434079e-01  2.65315710e+02 
 7.59451423e+02 -9.99999975e-01  9.23597810e-06  5.52962282e-02  4.05240538e-05 -3.67494297e-04 -4.79418171e-07  1.47136688e-05  4.05400133e-08 -5.82877575e+01  1.96595181e+06  1.19354730e+01 -1.62028439e+04 -3.58759756e-01  2.63715123e+02 
 7.60326277e+02 -9.99999975e-01  9.25139602e-06  5.51609243e-02  4.03709141e-05 -3.65732011e-04 -4.76507691e-07  1.46080875e-05  4.01983522e-08 -5.79070386e+01  1.96343796e+06  1.18763682e+01 -1.61443485e+04 -3.56105632e-01  2.62124380e+02 
 7.61202139e+02 -9.99999975e-01  9.26682509e-06  5.50259714e-02  4.02183787e-05 -3.63978358e-04 -4.73615226e-07  1.45032742e-05  3.98596082e-08 -5.75282212e+01  1.96092794e+06  1.18175643e+01 -1.60860707e+04 -3.53471550e-01  2.60543419e+02 
 7.62079010e+02 -9.99999975e-01  9.28226513e-06  5.48913685e-02  4.00664449e-05 -3.62233292e-04 -4.70740661e-07  1.43992232e-05  3.95237559e-08 -5.71512955e+01  1.95842174e+06  1.17590597e+01 -1.60280097e+04 -3.50857355e-01  2.58972179e+02 
 7.62956891e+02 -9.99999975e-01  9.29771630e-06  5.47571145e-02  3.99151103e-05 -3.60496771e-04 -4.67883883e-07  1.42959290e-05  3.91907702e-08 -5.67762515e+01  1.95591936e+06  1.17008529e+01 -1.59701645e+04 -3.48262893e-01  2.57410598e+02 
 7.63835784e+02 -9.99999975e-01  9.31317857e-06  5.46232084e-02  3.97643723e-05 -3.58768751e-04 -4.65044777e-07  1.41933858e-05  3.88606263e-08 -5.64030794e+01  1.95342080e+06  1.16429422e+01 -1.59125344e+04 -3.45688010e-01  2.55858616e+02 
 7.64715688e+02 -9.99999975e-01  9.32865197e-06  5.44896492e-02  3.96142284e-05 -3.57049190e-04 -4.62223233e-07  1.40915881e-05  3.85332994e-08 -5.60317695e+01  1.95092603e+06  1.15853262e+01 -1.58551185e+04 -3.43132555e-01  2.54316170e+02 
 7.65596607e+02 -9.99999975e-01  9.34413646e-06  5.43564360e-02  3.94646761e-05 -3.55338045e-04 -4.59419138e-07  1.39905305e-05  3.82087653e-08 -5.56623120e+01  1.94843506e+06  1.15280031e+01 -1.57979160e+04 -3.40596378e-01  2.52783203e+02 
 7.66478540e+02 -9.99999975e-01  9.35963220e-06  5.42235677e-02  3.93157128e-05 -3.53635273e-04 -4.56632381e-07  1.38902073e-05  3.78869996e-08 -5.52946972e+01  1.94594788e+06  1.14709715e+01 -1.57409260e+04 -3.38079329e-01  2.51259653e+02 
 7.67361489e+02 -9.99999975e-01  9.37513914e-06  5.40910434e-02  3.91673362e-05 -3.51940832e-04 -4.53862852e-07  1.37906133e-05  3.75679783e-08 -5.49289155e+01  1.94346447e+06  1.14142299e+01 -1.56841477e+04 -3.35581260e-01  2.49745461e+02 
 7.68245456e+02 -9.99999975e-01  9.39065734e-06  5.39588620e-02  3.90195436e-05 -3.50254681e-04 -4.51110442e-07  1.36917430e-05  3.72516777e-08 -5.45649574e+01  1.94098484e+06  1.13577767e+01 -1.56275804e+04 -3.33102024e-01  2.48240569e+02 
 7.69130440e+02 -9.99999975e-01  9.40618673e-06  5.38270227e-02  3.88723327e-05 -3.48576777e-04 -4.48375043e-07  1.35935911e-05  3.69380742e-08 -5.42028134e+01  1.93850897e+06  1.13016103e+01 -1.55712231e+04 -3.30641476e-01  2.46744918e+02 
 7.70016444e+02 -9.99999975e-01  9.42172738e-06  5.36955244e-02  3.87257009e-05 -3.46907079e-04 -4.45656546e-07  1.34961522e-05  3.66271444e-08 -5.38424739e+01  1.93603685e+06  1.12457293e+01 -1.55150751e+04 -3.28199471e-01  2.45258449e+02 
 7.70903469e+02 -9.99999975e-01  9.43727946e-06  5.35643661e-02  3.85796459e-05 -3.45245545e-04 -4.42954844e-07  1.33994210e-05  3.63188651e-08 -5.34839296e+01  1.93356847e+06  1.11901321e+01 -1.54591355e+04 -3.25775865e-01  2.43781105e+02 
 7.71791516e+02 -9.99999975e-01  9.45284279e-06  5.34335468e-02  3.84341652e-05 -3.43592135e-04 -4.40269830e-07  1.33033925e-05  3.60132134e-08 -5.31271712e+01  1.93110384e+06  1.11348172e+01 -1.54034036e+04 -3.23370517e-01  2.42312828e+02 
 7.72680585e+02 -9.99999975e-01  9.46841755e-06  5.33030657e-02  3.82892564e-05 -3.41946807e-04 -4.37601398e-07  1.32080612e-05  3.57101666e-08 -5.27721893e+01  1.92864294e+06  1.10797832e+01 -1.53478785e+04 -3.20983285e-01  2.40853562e+02 
 7.73570679e+02 -9.99999975e-01  9.48400356e-06  5.31729217e-02  3.81449171e-05 -3.40309520e-04 -4.34949444e-07  1.31134222e-05  3.54097019e-08 -5.24189747e+01  1.92618576e+06  1.10250286e+01 -1.52925594e+04 -3.18614029e-01  2.39403249e+02 
 7.74461798e+02 -9.99999975e-01  9.49960105e-06  5.30431139e-02  3.80011449e-05 -3.38680235e-04 -4.32313863e-07  1.30194703e-05  3.51117972e-08 -5.20675182e+01  1.92373229e+06  1.09705518e+01 -1.52374456e+04 -3.16262611e-01  2.37961833e+02 
 7.75353943e+02 -9.99999975e-01  9.51521002e-06  5.29136413e-02  3.78579373e-05 -3.37058911e-04 -4.29694551e-07  1.29262004e-05  3.48164303e-08 -5.17178106e+01  1.92128254e+06  1.09163514e+01 -1.51825362e+04 -3.13928892e-01  2.36529259e+02 
 7.76247117e+02 -9.99999975e-01  9.53083037e-06  5.27845030e-02  3.77152921e-05 -3.35445508e-04 -4.27091405e-07  1.28336074e-05  3.45235791e-08 -5.13698429e+01  1.91883648e+06  1.08624260e+01 -1.51278304e+04 -3.11612736e-01  2.35105470e+02 
 7.77141319e+02 -9.99999975e-01  9.54646231e-06  5.26556980e-02  3.75732068e-05 -3.33839986e-04 -4.24504323e-07  1.27416865e-05  3.42332220e-08 -5.10236059e+01  1.91639412e+06  1.08087741e+01 -1.50733275e+04 -3.09314007e-01  2.33690412e+02 
 7.78036551e+02 -9.99999975e-01  9.56210573e-06  5.25272253e-02  3.74316791e-05 -3.32242305e-04 -4.21933202e-07  1.26504325e-05  3.39453372e-08 -5.06790907e+01  1.91395544e+06  1.07553942e+01 -1.50190266e+04 -3.07032571e-01  2.32284029e+02 
 7.78932815e+02 -9.99999975e-01  9.57776052e-06  5.23990841e-02  3.72907066e-05 -3.30652426e-04 -4.19377943e-07  1.25598407e-05  3.36599036e-08 -5.03362885e+01  1.91152043e+06  1.07022849e+01 -1.49649270e+04 -3.04768295e-01  2.30886267e+02 
 7.79830111e+02 -9.99999975e-01  9.59342702e-06  5.22712733e-02  3.71502871e-05 -3.29070309e-04 -4.16838443e-07  1.24699060e-05  3.33768997e-08 -4.99951901e+01  1.90908910e+06  1.06494448e+01 -1.49110279e+04 -3.02521045e-01  2.29497072e+02 
 7.80728440e+02 -9.99999975e-01  9.60910518e-06  5.21437921e-02  3.70104182e-05 -3.27495917e-04 -4.14314604e-07  1.23806238e-05  3.30963048e-08 -4.96557869e+01  1.90666143e+06  1.05968725e+01 -1.48573285e+04 -3.00290692e-01  2.28116390e+02 
 7.81627805e+02 -9.99999975e-01  9.62479481e-06  5.20166394e-02  3.68710976e-05 -3.25929209e-04 -4.11806327e-07  1.22919890e-05  3.28180978e-08 -4.93180699e+01  1.90423741e+06  1.05445666e+01 -1.48038281e+04 -2.98077103e-01  2.26744168e+02 
 7.82528205e+02 -9.99999975e-01  9.64049605e-06  5.18898145e-02  3.67323229e-05 -3.24370147e-04 -4.09313512e-07  1.22039971e-05  3.25422582e-08 -4.89820305e+01  1.90181703e+06  1.04925256e+01 -1.47505258e+04 -2.95880152e-01  2.25380351e+02 
 7.83429643e+02 -9.99999975e-01  9.65620904e-06  5.17633162e-02  3.65940920e-05 -3.22818694e-04 -4.06836063e-07  1.21166431e-05  3.22687655e-08 -4.86476599e+01  1.89940030e+06  1.04407481e+01 -1.46974210e+04 -2.93699708e-01  2.24024889e+02 
 7.84332119e+02 -9.99999975e-01  9.67193375e-06  5.16371438e-02  3.64564024e-05 -3.21274809e-04 -4.04373882e-07  1.20299225e-05  3.19975994e-08 -4.83149495e+01  1.89698720e+06  1.03892328e+01 -1.46445127e+04 -2.91535645e-01  2.22677728e+02 
 7.85235635e+02 -9.99999975e-01  9.68767000e-06  5.15112962e-02  3.63192521e-05 -3.19738457e-04 -4.01926872e-07  1.19438306e-05  3.17287399e-08 -4.79838907e+01  1.89457772e+06  1.03379783e+01 -1.45918004e+04 -2.89387836e-01  2.21338815e+02 
 7.86140191e+02 -9.99999975e-01  9.70341819e-06  5.13857726e-02  3.61826386e-05 -3.18209598e-04 -3.99494938e-07  1.18583627e-05  3.14621669e-08 -4.76544748e+01  1.89217186e+06  1.02869832e+01 -1.45392832e+04 -2.87256157e-01  2.20008100e+02 
 7.87045790e+02 -9.99999975e-01  9.71917797e-06  5.12605721e-02  3.60465597e-05 -3.16688195e-04 -3.97077984e-07  1.17735142e-05  3.11978608e-08 -4.73266935e+01  1.88976960e+06  1.02362462e+01 -1.44869603e+04 -2.85140484e-01  2.18685531e+02 
 7.87952431e+02 -9.99999975e-01  9.73494957e-06  5.11356937e-02  3.59110133e-05 -3.15174211e-04 -3.94675916e-07  1.16892806e-05  3.09358020e-08 -4.70005382e+01  1.88737095e+06  1.01857658e+01 -1.44348311e+04 -2.83040692e-01  2.17371057e+02 
 7.88860118e+02 -9.99999975e-01  9.75073306e-06  5.10111365e-02  3.57759970e-05 -3.13667608e-04 -3.92288639e-07  1.16056572e-05  3.06759711e-08 -4.66760005e+01  1.88497590e+06  1.01355408e+01 -1.43828948e+04 -2.80956661e-01  2.16064627e+02 
 7.89768849e+02 -9.99999975e-01  9.76652836e-06  5.08868996e-02  3.56415087e-05 -3.12168350e-04 -3.89916061e-07  1.15226398e-05  3.04183488e-08 -4.63530720e+01  1.88258442e+06  1.00855698e+01 -1.43311505e+04 -2.78888268e-01  2.14766190e+02 
 7.90678628e+02 -9.99999975e-01  9.78233555e-06  5.07629821e-02  3.55075462e-05 -3.10676400e-04 -3.87558088e-07  1.14402237e-05  3.01629160e-08 -4.60317444e+01  1.88019653e+06  1.00358514e+01 -1.42795976e+04 -2.76835394e-01  2.13475697e+02 
 7.91589455e+02 -9.99999975e-01  9.79815457e-06  5.06393831e-02  3.53741072e-05 -3.09191720e-04 -3.85214628e-07  1.13584045e-05  2.99096540e-08 -4.57120093e+01  1.87781221e+06  9.98638433e+00 -1.42282354e+04 -2.74797918e-01  2.12193097e+02 
 7.92501330e+02 -9.99999975e-01  9.81398551e-06  5.05161017e-02  3.52411896e-05 -3.07714275e-04 -3.82885590e-07  1.12771779e-05  2.96585439e-08 -4.53938587e+01  1.87543146e+06  9.93716728e+00 -1.41770631e+04 -2.72775724e-01  2.10918342e+02 
 7.93414257e+02 -9.99999975e-01  9.82982846e-06  5.03931370e-02  3.51087912e-05 -3.06244028e-04 -3.80570882e-07  1.11965395e-05  2.94095672e-08 -4.50772842e+01  1.87305426e+06  9.88819892e+00 -1.41260799e+04 -2.70768693e-01  2.09651382e+02 
 7.94328235e+02 -9.99999975e-01  9.84568328e-06  5.02704882e-02  3.49769098e-05 -3.04780944e-04 -3.78270414e-07  1.11164849e-05  2.91627055e-08 -4.47622778e+01  1.87068061e+06  9.83947795e+00 -1.40752852e+04 -2.68776708e-01  2.08392168e+02 
 7.95243266e+02 -9.99999975e-01  9.86155010e-06  5.01481542e-02  3.48455432e-05 -3.03324985e-04 -3.75984097e-07  1.10370099e-05  2.89179405e-08 -4.44488312e+01  1.86831051e+06  9.79100307e+00 -1.40246782e+04 -2.66799655e-01  2.07140652e+02 
 7.96159350e+02 -9.99999975e-01  9.87742897e-06  5.00261342e-02  3.47146895e-05 -3.01876118e-04 -3.73711841e-07  1.09581102e-05  2.86752542e-08 -4.41369365e+01  1.86594394e+06  9.74277298e+00 -1.39742582e+04 -2.64837418e-01  2.05896785e+02 
 7.97076491e+02 -9.99999975e-01  9.89331983e-06  4.99044274e-02  3.45843462e-05 -3.00434305e-04 -3.71453557e-07  1.08797816e-05  2.84346287e-08 -4.38265855e+01  1.86358090e+06  9.69478641e+00 -1.39240245e+04 -2.62889884e-01  2.04660520e+02 
 7.97994687e+02 -9.99999975e-01  9.90922280e-06  4.97830329e-02  3.44545115e-05 -2.98999512e-04 -3.69209158e-07  1.08020198e-05  2.81960461e-08 -4.35177705e+01  1.86122138e+06  9.64704206e+00 -1.38739763e+04 -2.60956940e-01  2.03431809e+02 
 7.98913942e+02 -9.99999975e-01  9.92513782e-06  4.96619497e-02  3.43251831e-05 -2.97571704e-04 -3.66978556e-07  1.07248207e-05  2.79594889e-08 -4.32104834e+01  1.85886537e+06  9.59953868e+00 -1.38241129e+04 -2.59038474e-01  2.02210606e+02 
 7.99834255e+02 -9.99999975e-01  9.94106495e-06  4.95411771e-02  3.41963589e-05 -2.96150845e-04 -3.64761663e-07  1.06481801e-05  2.77249396e-08 -4.29047163e+01  1.85651287e+06  9.55227500e+00 -1.37744336e+04 -2.57134374e-01  2.00996862e+02 
 8.00755629e+02 -9.99999975e-01  9.95700429e-06  4.94207140e-02  3.40680368e-05 -2.94736901e-04 -3.62558394e-07  1.05720940e-05  2.74923810e-08 -4.26004614e+01  1.85416387e+06  9.50524976e+00 -1.37249378e+04 -2.55244532e-01  1.99790531e+02 
 8.01678063e+02 -9.99999975e-01  9.97295564e-06  4.93005598e-02  3.39402148e-05 -2.93329837e-04 -3.60368663e-07  1.04965583e-05  2.72617958e-08 -4.22977109e+01  1.85181837e+06  9.45846171e+00 -1.36756247e+04 -2.53368836e-01  1.98591567e+02 
 8.02601561e+02 -9.99999975e-01  9.98891932e-06  4.91807134e-02  3.38128908e-05 -2.91929619e-04 -3.58192385e-07  1.04215689e-05  2.70331671e-08 -4.19964571e+01  1.84947635e+06  9.41190962e+00 -1.36264935e+04 -2.51507180e-01  1.97399924e+02 
 8.03526122e+02 -9.99999975e-01  1.00048952e-05  4.90611740e-02  3.36860627e-05 -2.90536213e-04 -3.56029474e-07  1.03471218e-05  2.68064781e-08 -4.16966921e+01  1.84713781e+06  9.36559223e+00 -1.35775437e+04 -2.49659454e-01  1.96215556e+02 
 8.04451749e+02 -9.99999975e-01  1.00208832e-05  4.89419408e-02  3.35597284e-05 -2.89149584e-04 -3.53879847e-07  1.02732131e-05  2.65817120e-08 -4.13984084e+01  1.84480273e+06  9.31950833e+00 -1.35287745e+04 -2.47825553e-01  1.95038418e+02 
 8.05378441e+02 -9.99999975e-01  1.00368836e-05  4.88230129e-02  3.34338859e-05 -2.87769699e-04 -3.51743420e-07  1.01998387e-05  2.63588523e-08 -4.11015983e+01  1.84247113e+06  9.27365670e+00 -1.34801851e+04 -2.46005371e-01  1.93868464e+02 
 8.06306201e+02 -9.99999975e-01  1.00528962e-05  4.87043894e-02  3.33085331e-05 -2.86396524e-04 -3.49620110e-07  1.01269947e-05  2.61378825e-08 -4.08062542e+01  1.84014298e+06  9.22803611e+00 -1.34317750e+04 -2.44198802e-01  1.92705649e+02 
 8.07235030e+02 -9.99999975e-01  1.00689212e-05  4.85860696e-02  3.31836681e-05 -2.85030025e-04 -3.47509835e-07  1.00546773e-05  2.59187865e-08 -4.05123685e+01  1.83781828e+06  9.18264536e+00 -1.33835434e+04 -2.42405742e-01  1.91549930e+02 
 8.08164929e+02 -9.99999975e-01  1.00849585e-05  4.84680524e-02  3.30592887e-05 -2.83670170e-04 -3.45412513e-07  9.98288264e-06  2.57015480e-08 -4.02199339e+01  1.83549702e+06  9.13748325e+00 -1.33354897e+04 -2.40626088e-01  1.90401261e+02 
 8.09095899e+02 -9.99999975e-01  1.01010081e-05  4.83503372e-02  3.29353930e-05 -2.82316924e-04 -3.43328062e-07  9.91160678e-06  2.54861512e-08 -3.99289427e+01  1.83317921e+06  9.09254857e+00 -1.32876131e+04 -2.38859737e-01  1.89259599e+02 
 8.10027942e+02 -9.99999975e-01  1.01170702e-05  4.82329230e-02  3.28119790e-05 -2.80970255e-04 -3.41256401e-07  9.84084595e-06  2.52725801e-08 -3.96393875e+01  1.83086482e+06  9.04784015e+00 -1.32399130e+04 -2.37106588e-01  1.88124900e+02 
 8.10961058e+02 -9.99999975e-01  1.01331447e-05  4.81158090e-02  3.26890447e-05 -2.79630130e-04 -3.39197450e-07  9.77059639e-06  2.50608191e-08 -3.93512610e+01  1.82855385e+06  9.00335680e+00 -1.31923886e+04 -2.35366538e-01  1.86997120e+02 
 8.11895249e+02 -9.99999975e-01  1.01492316e-05  4.79989943e-02  3.25665880e-05 -2.78296516e-04 -3.37151128e-07  9.70085432e-06  2.48508526e-08 -3.90645559e+01  1.82624630e+06  8.95909734e+00 -1.31450394e+04 -2.33639489e-01  1.85876216e+02 
 8.12830516e+02 -9.99999975e-01  1.01653309e-05  4.78824782e-02  3.24446071e-05 -2.76969381e-04 -3.35117358e-07  9.63161603e-06  2.46426651e-08 -3.87792647e+01  1.82394216e+06  8.91506061e+00 -1.30978647e+04 -2.31925341e-01  1.84762146e+02 
 8.13766861e+02 -9.99999975e-01  1.01814427e-05  4.77662597e-02  3.23230999e-05 -2.75648693e-04 -3.33096060e-07  9.56287783e-06  2.44362415e-08 -3.84953803e+01  1.82164142e+06  8.87124544e+00 -1.30508637e+04 -2.30223995e-01  1.83654867e+02 
 8.14704284e+02 -9.99999975e-01  1.01975671e-05  4.76503381e-02  3.22020644e-05 -2.74334419e-04 -3.31087155e-07  9.49463605e-06  2.42315664e-08 -3.82128954e+01  1.81934407e+06  8.82765067e+00 -1.30040358e+04 -2.28535353e-01  1.82554336e+02 
 8.15642787e+02 -9.99999975e-01  1.02137041e-05  4.75347125e-02  3.20814989e-05 -2.73026527e-04 -3.29090566e-07  9.42688704e-06  2.40286250e-08 -3.79318028e+01  1.81705012e+06  8.78427516e+00 -1.29573804e+04 -2.26859318e-01  1.81460511e+02 
 8.16582371e+02 -9.99999975e-01  1.02298535e-05  4.74193822e-02  3.19614012e-05 -2.71724986e-04 -3.27106215e-07  9.35962718e-06  2.38274023e-08 -3.76520954e+01  1.81475954e+06  8.74111776e+00 -1.29108967e+04 -2.25195794e-01  1.80373351e+02 
 8.17523038e+02 -9.99999975e-01  1.02460156e-05  4.73043461e-02  3.18417694e-05 -2.70429764e-04 -3.25134026e-07  9.29285291e-06  2.36278834e-08 -3.73737660e+01  1.81247235e+06  8.69817733e+00 -1.28645842e+04 -2.23544685e-01  1.79292814e+02 
 8.18464788e+02 -9.99999975e-01  1.02621902e-05  4.71896037e-02  3.17226017e-05 -2.69140829e-04 -3.23173922e-07  9.22656064e-06  2.34300539e-08 -3.70968077e+01  1.81018851e+06  8.65545274e+00 -1.28184421e+04 -2.21905896e-01  1.78218858e+02 
 8.19407623e+02 -9.99999975e-01  1.02783775e-05  4.70751539e-02  3.16038961e-05 -2.67858149e-04 -3.21225828e-07  9.16074686e-06  2.32338992e-08 -3.68212132e+01  1.80790805e+06  8.61294287e+00 -1.27724699e+04 -2.20279334e-01  1.77151444e+02 
 8.20351544e+02 -9.99999975e-01  1.02945775e-05  4.69609961e-02  3.14856507e-05 -2.66581695e-04 -3.19289669e-07  9.09540805e-06  2.30394049e-08 -3.65469758e+01  1.80563093e+06  8.57064660e+00 -1.27266668e+04 -2.18664905e-01  1.76090529e+02 
 8.21296553e+02 -9.99999975e-01  1.03107902e-05  4.68471294e-02  3.13678636e-05 -2.65311435e-04 -3.17365368e-07  9.03054074e-06  2.28465568e-08 -3.62740882e+01  1.80335716e+06  8.52856281e+00 -1.26810322e+04 -2.17062516e-01  1.75036074e+02 
 8.22242650e+02 -9.99999975e-01  1.03270155e-05  4.67335529e-02  3.12505330e-05 -2.64047337e-04 -3.15452853e-07  8.96614146e-06  2.26553407e-08 -3.60025438e+01  1.80108674e+06  8.48669040e+00 -1.26355656e+04 -2.15472076e-01  1.73988038e+02 
 8.23189837e+02 -9.99999975e-01  1.03432537e-05  4.66202660e-02  3.11336568e-05 -2.62789372e-04 -3.13552048e-07  8.90220679e-06  2.24657426e-08 -3.57323356e+01  1.79881965e+06  8.44502827e+00 -1.25902661e+04 -2.13893493e-01  1.72946381e+02 
 8.24138115e+02 -9.99999975e-01  1.03595046e-05  4.65072677e-02  3.10172334e-05 -2.61537508e-04 -3.11662882e-07  8.83873333e-06  2.22777486e-08 -3.54634567e+01  1.79655589e+06  8.40357531e+00 -1.25451332e+04 -2.12326678e-01  1.71911064e+02 
 8.25087485e+02 -9.99999975e-01  1.03757683e-05  4.63945573e-02  3.09012607e-05 -2.60291716e-04 -3.09785280e-07  8.77571770e-06  2.20913450e-08 -3.51959003e+01  1.79429545e+06  8.36233046e+00 -1.25001663e+04 -2.10771539e-01  1.70882047e+02 
 8.26037950e+02 -9.99999975e-01  1.03920448e-05  4.62821339e-02  3.07857370e-05 -2.59051964e-04 -3.07919171e-07  8.71315654e-06  2.19065182e-08 -3.49296597e+01  1.79203832e+06  8.32129261e+00 -1.24553647e+04 -2.09227989e-01  1.69859291e+02 
 8.26989509e+02 -9.99999975e-01  1.04083340e-05  4.61699968e-02  3.06706604e-05 -2.57818224e-04 -3.06064483e-07  8.65104653e-06  2.17232545e-08 -3.46647281e+01  1.78978450e+06  8.28046070e+00 -1.24107277e+04 -2.07695938e-01  1.68842757e+02 
 8.27942164e+02 -9.99999975e-01  1.04246363e-05  4.60581452e-02  3.05560290e-05 -2.56590465e-04 -3.04221143e-07  8.58938437e-06  2.15415407e-08 -3.44010988e+01  1.78753399e+06  8.23983365e+00 -1.23662548e+04 -2.06175300e-01  1.67832406e+02 
 8.28895916e+02 -9.99999975e-01  1.04409514e-05  4.59465782e-02  3.04418411e-05 -2.55368657e-04 -3.02389081e-07  8.52816678e-06  2.13613633e-08 -3.41387651e+01  1.78528677e+06  8.19941040e+00 -1.23219454e+04 -2.04665987e-01  1.66828200e+02 
 8.29850768e+02 -9.99999975e-01  1.04572794e-05  4.58352952e-02  3.03280947e-05 -2.54152771e-04 -3.00568227e-07  8.46739050e-06  2.11827093e-08 -3.38777204e+01  1.78304284e+06  8.15918989e+00 -1.22777987e+04 -2.03167914e-01  1.65830101e+02 
 8.30806719e+02 -9.99999975e-01  1.04736204e-05  4.57242952e-02  3.02147882e-05 -2.52942777e-04 -2.98758510e-07  8.40705231e-06  2.10055656e-08 -3.36179582e+01  1.78080219e+06  8.11917106e+00 -1.22338142e+04 -2.01680993e-01  1.64838071e+02 
 8.31763771e+02 -9.99999975e-01  1.04899743e-05  4.56135776e-02  3.01019196e-05 -2.51738647e-04 -2.96959860e-07  8.34714899e-06  2.08299192e-08 -3.33594718e+01  1.77856482e+06  8.07935288e+00 -1.21899913e+04 -2.00205142e-01  1.63852071e+02 
 8.32721926e+02 -9.99999975e-01  1.05063411e-05  4.55031415e-02  2.99894872e-05 -2.50540350e-04 -2.95172209e-07  8.28767738e-06  2.06557573e-08 -3.31022548e+01  1.77633071e+06  8.03973429e+00 -1.21463293e+04 -1.98740274e-01  1.62872065e+02 
 8.33681185e+02 -9.99999975e-01  1.05227211e-05  4.53929861e-02  2.98774892e-05 -2.49347857e-04 -2.93395487e-07  8.22863430e-06  2.04830672e-08 -3.28463006e+01  1.77409987e+06  8.00031425e+00 -1.21028276e+04 -1.97286307e-01  1.61898015e+02 
 8.34641548e+02 -9.99999975e-01  1.05391141e-05  4.52831107e-02  2.97659238e-05 -2.48161141e-04 -2.91629626e-07  8.17001663e-06  2.03118363e-08 -3.25916029e+01  1.77187229e+06  7.96109175e+00 -1.20594856e+04 -1.95843159e-01  1.60929885e+02 
 8.35603018e+02 -9.99999975e-01  1.05555201e-05  4.51735145e-02  2.96547892e-05 -2.46980172e-04 -2.89874559e-07  8.11182126e-06  2.01420520e-08 -3.23381551e+01  1.76964796e+06  7.92206575e+00 -1.20163028e+04 -1.94410745e-01  1.59967637e+02 
 8.36565596e+02 -9.99999975e-01  1.05719393e-05  4.50641967e-02  2.95440837e-05 -2.45804922e-04 -2.88130217e-07  8.05404510e-06  1.99737021e-08 -3.20859509e+01  1.76742687e+06  7.88323524e+00 -1.19732784e+04 -1.92988986e-01  1.59011235e+02 
 8.37529282e+02 -9.99999975e-01  1.05883715e-05  4.49551566e-02  2.94338055e-05 -2.44635363e-04 -2.86396534e-07  7.99668508e-06  1.98067741e-08 -3.18349840e+01  1.76520901e+06  7.84459920e+00 -1.19304119e+04 -1.91577799e-01  1.58060643e+02 
 8.38494079e+02 -9.99999975e-01  1.06048169e-05  4.48463934e-02  2.93239528e-05 -2.43471465e-04 -2.84673444e-07  7.93973817e-06  1.96412560e-08 -3.15852479e+01  1.76299439e+06  7.80615662e+00 -1.18877027e+04 -1.90177105e-01  1.57115824e+02 
 8.39459987e+02 -9.99999975e-01  1.06212755e-05  4.47379062e-02  2.92145240e-05 -2.42313201e-04 -2.82960879e-07  7.88320134e-06  1.94771356e-08 -3.13367366e+01  1.76078300e+06  7.76790650e+00 -1.18451502e+04 -1.88786824e-01  1.56176743e+02 
 8.40427007e+02 -9.99999975e-01  1.06377473e-05  4.46296944e-02  2.91055172e-05 -2.41160543e-04 -2.81258775e-07  7.82707159e-06  1.93144011e-08 -3.10894436e+01  1.75857482e+06  7.72984784e+00 -1.18027538e+04 -1.87406876e-01  1.55243365e+02 
 8.41395142e+02 -9.99999975e-01  1.06542322e-05  4.45217572e-02  2.89969308e-05 -2.40013464e-04 -2.79567065e-07  7.77134596e-06  1.91530404e-08 -3.08433629e+01  1.75636985e+06  7.69197965e+00 -1.17605128e+04 -1.86037183e-01  1.54315653e+02 
 8.42364391e+02 -9.99999975e-01  1.06707305e-05  4.44140939e-02  2.88887631e-05 -2.38871935e-04 -2.77885686e-07  7.71602149e-06  1.89930420e-08 -3.05984881e+01  1.75416809e+06  7.65430095e+00 -1.17184268e+04 -1.84677668e-01  1.53393573e+02 
 8.43334758e+02 -9.99999975e-01  1.06872419e-05  4.43067036e-02  2.87810122e-05 -2.37735929e-04 -2.76214572e-07  7.66109525e-06  1.88343941e-08 -3.03548132e+01  1.75196953e+06  7.61681074e+00 -1.16764951e+04 -1.83328253e-01  1.52477089e+02 
 8.44306242e+02 -9.99999975e-01  1.07037667e-05  4.41995856e-02  2.86736765e-05 -2.36605418e-04 -2.74553660e-07  7.60656434e-06  1.86770851e-08 -3.01123320e+01  1.74977416e+06  7.57950807e+00 -1.16347171e+04 -1.81988860e-01  1.51566168e+02 
 8.45278845e+02 -9.99999975e-01  1.07203048e-05  4.40927392e-02  2.85667544e-05 -2.35480376e-04 -2.72902886e-07  7.55242586e-06  1.85211037e-08 -2.98710385e+01  1.74758198e+06  7.54239195e+00 -1.15930922e+04 -1.80659415e-01  1.50660774e+02 
 8.46252569e+02 -9.99999975e-01  1.07368563e-05  4.39861636e-02  2.84602441e-05 -2.34360775e-04 -2.71262186e-07  7.49867695e-06  1.83664385e-08 -2.96309266e+01  1.74539298e+06  7.50546142e+00 -1.15516199e+04 -1.79339842e-01  1.49760874e+02 
 8.47227414e+02 -9.99999975e-01  1.07534211e-05  4.38798581e-02  2.83541439e-05 -2.33246588e-04 -2.69631499e-07  7.44531477e-06  1.82130782e-08 -2.93919903e+01  1.74320716e+06  7.46871552e+00 -1.15102996e+04 -1.78030066e-01  1.48866433e+02 
 8.48203382e+02 -9.99999975e-01  1.07699993e-05  4.37738219e-02  2.82484522e-05 -2.32137788e-04 -2.68010760e-07  7.39233649e-06  1.80610116e-08 -2.91542237e+01  1.74102450e+06  7.43215330e+00 -1.14691306e+04 -1.76730012e-01  1.47977417e+02 
 8.49180475e+02 -9.99999975e-01  1.07865909e-05  4.36680543e-02  2.81431673e-05 -2.31034349e-04 -2.66399909e-07  7.33973931e-06  1.79102277e-08 -2.89176206e+01  1.73884501e+06  7.39577380e+00 -1.14281125e+04 -1.75439607e-01  1.47093793e+02 
 8.50158693e+02 -9.99999975e-01  1.08031961e-05  4.35625546e-02  2.80382876e-05 -2.29936245e-04 -2.64798884e-07  7.28752046e-06  1.77607156e-08 -2.86821754e+01  1.73666867e+06  7.35957609e+00 -1.13872446e+04 -1.74158777e-01  1.46215528e+02 
 8.51138038e+02 -9.99999975e-01  1.08198146e-05  4.34573219e-02  2.79338113e-05 -2.28843447e-04 -2.63207623e-07  7.23567717e-06  1.76124644e-08 -2.84478819e+01  1.73449549e+06  7.32355922e+00 -1.13465264e+04 -1.72887451e-01  1.45342587e+02 
 8.52118511e+02 -9.99999975e-01  1.08364467e-05  4.33523557e-02  2.78297369e-05 -2.27755932e-04 -2.61626066e-07  7.18420670e-06  1.74654632e-08 -2.82147345e+01  1.73232544e+06  7.28772225e+00 -1.13059573e+04 -1.71625556e-01  1.44474940e+02 
 8.53100114e+02 -9.99999975e-01  1.08530922e-05  4.32476550e-02  2.77260626e-05 -2.26673671e-04 -2.60054152e-07  7.13310634e-06  1.73197015e-08 -2.79827272e+01  1.73015854e+06  7.25206427e+00 -1.12655367e+04 -1.70373020e-01  1.43612551e+02 
 8.54082847e+02 -9.99999975e-01  1.08697513e-05  4.31432193e-02  2.76227870e-05 -2.25596640e-04 -2.58491821e-07  7.08237338e-06  1.71751686e-08 -2.77518542e+01  1.72799476e+06  7.21658434e+00 -1.12252641e+04 -1.69129772e-01  1.42755390e+02 
 8.55066713e+02 -9.99999975e-01  1.08864240e-05  4.30390478e-02  2.75199083e-05 -2.24524812e-04 -2.56939013e-07  7.03200514e-06  1.70318540e-08 -2.75221099e+01  1.72583412e+06  7.18128154e+00 -1.11851389e+04 -1.67895743e-01  1.41903423e+02 
 8.56051712e+02 -9.99999975e-01  1.09031103e-05  4.29351397e-02  2.74174249e-05 -2.23458161e-04 -2.55395670e-07  6.98199897e-06  1.68897474e-08 -2.72934884e+01  1.72367659e+06  7.14615497e+00 -1.11451605e+04 -1.66670863e-01  1.41056619e+02 
 8.57037845e+02 -9.99999975e-01  1.09198102e-05  4.28314943e-02  2.73153353e-05 -2.22396663e-04 -2.53861732e-07  6.93235222e-06  1.67488384e-08 -2.70659841e+01  1.72152218e+06  7.11120371e+00 -1.11053285e+04 -1.65455062e-01  1.40214945e+02 
 8.58025115e+02 -9.99999975e-01  1.09365238e-05  4.27281109e-02  2.72136378e-05 -2.21340291e-04 -2.52337140e-07  6.88306228e-06  1.66091168e-08 -2.68395913e+01  1.71937087e+06  7.07642685e+00 -1.10656421e+04 -1.64248271e-01  1.39378370e+02 
 8.59013522e+02 -9.99999975e-01  1.09532511e-05  4.26249889e-02  2.71123308e-05 -2.20289020e-04 -2.50821837e-07  6.83412655e-06  1.64705724e-08 -2.66143044e+01  1.71722267e+06  7.04182350e+00 -1.10261010e+04 -1.63050422e-01  1.38546863e+02 
 8.60003067e+02 -9.99999975e-01  1.09699919e-05  4.25221274e-02  2.70114128e-05 -2.19242824e-04 -2.49315765e-07  6.78554244e-06  1.63331953e-08 -2.63901176e+01  1.71507756e+06  7.00739277e+00 -1.09867045e+04 -1.61861448e-01  1.37720391e+02 
 8.60993752e+02 -9.99999975e-01  1.09867466e-05  4.24195257e-02  2.69108821e-05 -2.18201680e-04 -2.47818866e-07  6.73730739e-06  1.61969754e-08 -2.61670256e+01  1.71293554e+06  6.97313376e+00 -1.09474520e+04 -1.60681282e-01  1.36898925e+02 
 8.61985579e+02 -9.99999975e-01  1.10035150e-05  4.23171833e-02  2.68107373e-05 -2.17165561e-04 -2.46331084e-07  6.68941886e-06  1.60619029e-08 -2.59450226e+01  1.71079661e+06  6.93904559e+00 -1.09083431e+04 -1.59509856e-01  1.36082432e+02 
 8.62978548e+02 -9.99999975e-01  1.10202972e-05  4.22150992e-02  2.67109766e-05 -2.16134443e-04 -2.44852361e-07  6.64187433e-06  1.59279680e-08 -2.57241031e+01  1.70866075e+06  6.90512737e+00 -1.08693772e+04 -1.58347106e-01  1.35270882e+02 
 8.63972661e+02 -9.99999975e-01  1.10370931e-05  4.21132729e-02  2.66115986e-05 -2.15108302e-04 -2.43382641e-07  6.59467129e-06  1.57951610e-08 -2.55042618e+01  1.70652797e+06  6.87137824e+00 -1.08305537e+04 -1.57192964e-01  1.34464245e+02 
 8.64967919e+02 -9.99999975e-01  1.10539029e-05  4.20117035e-02  2.65126017e-05 -2.14087112e-04 -2.41921868e-07  6.54780725e-06  1.56634723e-08 -2.52854931e+01  1.70439825e+06  6.83779732e+00 -1.07918722e+04 -1.56047367e-01  1.33662490e+02 
 8.65964323e+02 -9.99999975e-01  1.10707266e-05  4.19103905e-02  2.64139844e-05 -2.13070849e-04 -2.40469987e-07  6.50127975e-06  1.55328922e-08 -2.50677915e+01  1.70227159e+06  6.80438375e+00 -1.07533320e+04 -1.54910249e-01  1.32865588e+02 
 8.66961876e+02 -9.99999975e-01  1.10875642e-05  4.18093332e-02  2.63157451e-05 -2.12059489e-04 -2.39026943e-07  6.45508633e-06  1.54034115e-08 -2.48511518e+01  1.70014799e+06  6.77113667e+00 -1.07149326e+04 -1.53781547e-01  1.32073507e+02 
 8.67960577e+02 -9.99999975e-01  1.11044156e-05  4.17085307e-02  2.62178823e-05 -2.11053007e-04 -2.37592680e-07  6.40922457e-06  1.52750207e-08 -2.46355684e+01  1.69802744e+06  6.73805521e+00 -1.06766735e+04 -1.52661196e-01  1.31286219e+02 
 8.68960429e+02 -9.99999975e-01  1.11212809e-05  4.16079824e-02  2.61203944e-05 -2.10051380e-04 -2.36167144e-07  6.36369205e-06  1.51477105e-08 -2.44210360e+01  1.69590993e+06  6.70513852e+00 -1.06385542e+04 -1.51549135e-01  1.30503694e+02 
 8.69961433e+02 -9.99999975e-01  1.11381602e-05  4.15076877e-02  2.60232800e-05 -2.09054583e-04 -2.34750281e-07  6.31848637e-06  1.50214717e-08 -2.42075494e+01  1.69379545e+06  6.67238577e+00 -1.06005742e+04 -1.50445299e-01  1.29725902e+02 
 8.70963590e+02 -9.99999975e-01  1.11550535e-05  4.14076458e-02  2.59265376e-05 -2.08062593e-04 -2.33342037e-07  6.27360515e-06  1.48962951e-08 -2.39951032e+01  1.69168401e+06  6.63979610e+00 -1.05627328e+04 -1.49349628e-01  1.28952814e+02 
 8.71966901e+02 -9.99999975e-01  1.11719608e-05  4.13078561e-02  2.58301655e-05 -2.07075386e-04 -2.31942358e-07  6.22904604e-06  1.47721718e-08 -2.37836922e+01  1.68957560e+06  6.60736868e+00 -1.05250296e+04 -1.48262059e-01  1.28184402e+02 
 8.72971368e+02 -9.99999975e-01  1.11888821e-05  4.12083178e-02  2.57341624e-05 -2.06092939e-04 -2.30551191e-07  6.18480669e-06  1.46490928e-08 -2.35733111e+01  1.68747020e+06  6.57510267e+00 -1.04874641e+04 -1.47182532e-01  1.27420636e+02 
 8.73976993e+02 -9.99999975e-01  1.12058175e-05  4.11090302e-02  2.56385267e-05 -2.05115227e-04 -2.29168484e-07  6.14088477e-06  1.45270491e-08 -2.33639547e+01  1.68536782e+06  6.54299725e+00 -1.04500357e+04 -1.46110986e-01  1.26661487e+02 
 8.74983775e+02 -9.99999975e-01  1.12227669e-05  4.10099927e-02  2.55432570e-05 -2.04142227e-04 -2.27794184e-07  6.09727798e-06  1.44060320e-08 -2.31556179e+01  1.68326844e+06  6.51105158e+00 -1.04127440e+04 -1.45047359e-01  1.25906928e+02 
 8.75991718e+02 -9.99999975e-01  1.12397305e-05  4.09112047e-02  2.54483518e-05 -2.03173917e-04 -2.26428238e-07  6.05398403e-06  1.42860326e-08 -2.29482954e+01  1.68117207e+06  6.47926485e+00 -1.03755883e+04 -1.43991594e-01  1.25156929e+02 
 8.77000821e+02 -9.99999975e-01  1.12567081e-05  4.08126653e-02  2.53538095e-05 -2.02210273e-04 -2.25070596e-07  6.01100064e-06  1.41670424e-08 -2.27419822e+01  1.67907870e+06  6.44763625e+00 -1.03385683e+04 -1.42943630e-01  1.24411464e+02 
 8.78011087e+02 -9.99999975e-01  1.12737000e-05  4.07143740e-02  2.52596288e-05 -2.01251272e-04 -2.23721205e-07  5.96832555e-06  1.40490528e-08 -2.25366731e+01  1.67698831e+06  6.41616495e+00 -1.03016833e+04 -1.41903409e-01  1.23670503e+02 
 8.79022517e+02 -9.99999975e-01  1.12907060e-05  4.06163301e-02  2.51658081e-05 -2.00296891e-04 -2.22380014e-07  5.92595652e-06  1.39320551e-08 -2.23323631e+01  1.67490091e+06  6.38485016e+00 -1.02649329e+04 -1.40870872e-01  1.22934019e+02 
 8.80035112e+02 -9.99999975e-01  1.13077262e-05  4.05185328e-02  2.50723461e-05 -1.99347108e-04 -2.21046973e-07  5.88389134e-06  1.38160411e-08 -2.21290472e+01  1.67281650e+06  6.35369107e+00 -1.02283165e+04 -1.39845962e-01  1.22201985e+02 
 8.81048873e+02 -9.99999975e-01  1.13247607e-05  4.04209816e-02  2.49792412e-05 -1.98401899e-04 -2.19722030e-07  5.84212778e-06  1.37010023e-08 -2.19267202e+01  1.67073505e+06  6.32268688e+00 -1.01918337e+04 -1.38828620e-01  1.21474373e+02 
 8.82063802e+02 -9.99999975e-01  1.13418094e-05  4.03236757e-02  2.48864921e-05 -1.97461243e-04 -2.18405137e-07  5.80066366e-06  1.35869303e-08 -2.17253773e+01  1.66865658e+06  6.29183680e+00 -1.01554840e+04 -1.37818791e-01  1.20751156e+02 
 8.83079900e+02 -9.99999975e-01  1.13588724e-05  4.02266145e-02  2.47940972e-05 -1.96525116e-04 -2.17096242e-07  5.75949680e-06  1.34738171e-08 -2.15250134e+01  1.66658107e+06  6.26114004e+00 -1.01192667e+04 -1.36816417e-01  1.20032306e+02 
 8.84097169e+02 -9.99999975e-01  1.13759497e-05  4.01297973e-02  2.47020552e-05 -1.95593497e-04 -2.15795296e-07  5.71862504e-06  1.33616544e-08 -2.13256237e+01  1.66450851e+06  6.23059580e+00 -1.00831816e+04 -1.35821442e-01  1.19317797e+02 
 8.85115610e+02 -9.99999975e-01  1.13930413e-05  4.00332235e-02  2.46103647e-05 -1.94666362e-04 -2.14502251e-07  5.67804625e-06  1.32504341e-08 -2.11272031e+01  1.66243891e+06  6.20020332e+00 -1.00472279e+04 -1.34833810e-01  1.18607603e+02 
 8.86135224e+02 -9.99999975e-01  1.14101474e-05  3.99368923e-02  2.45190241e-05 -1.93743692e-04 -2.13217057e-07  5.63775828e-06  1.31401483e-08 -2.09297469e+01  1.66037226e+06  6.16996180e+00 -1.00114053e+04 -1.33853467e-01  1.17901696e+02 
 8.87156012e+02 -9.99999975e-01  1.14272677e-05  3.98408032e-02  2.44280322e-05 -1.92825462e-04 -2.11939665e-07  5.59775904e-06  1.30307890e-08 -2.07332501e+01  1.65830854e+06  6.13987049e+00 -9.97571329e+03 -1.32880357e-01  1.17200050e+02 
 8.88177976e+02 -9.99999975e-01  1.14444024e-05  3.97449555e-02  2.43373876e-05 -1.91911652e-04 -2.10670028e-07  5.55804642e-06  1.29223483e-08 -2.05377080e+01  1.65624776e+06  6.10992860e+00 -9.94015131e+03 -1.31914426e-01  1.16502639e+02 
 8.89201118e+02 -9.99999975e-01  1.14615516e-05  3.96493484e-02  2.42470887e-05 -1.91002239e-04 -2.09408096e-07  5.51861834e-06  1.28148184e-08 -2.03431156e+01  1.65418991e+06  6.08013538e+00 -9.90471890e+03 -1.30955620e-01  1.15809437e+02 
 8.90225438e+02 -9.99999975e-01  1.14787154e-05  3.95539815e-02  2.41571342e-05 -1.90097202e-04 -2.08153824e-07  5.47947274e-06  1.27081915e-08 -2.01494682e+01  1.65213499e+06  6.05049006e+00 -9.86941556e+03 -1.30003885e-01  1.15120418e+02 
 8.91250938e+02 -9.99999975e-01  1.14958935e-05  3.94588539e-02  2.40675228e-05 -1.89196519e-04 -2.06907162e-07  5.44060757e-06  1.26024600e-08 -1.99567611e+01  1.65008298e+06  6.02099189e+00 -9.83424083e+03 -1.29059169e-01  1.14435557e+02 
 8.92277620e+02 -9.99999975e-01  1.15130862e-05  3.93639651e-02  2.39782531e-05 -1.88300170e-04 -2.05668065e-07  5.40202079e-06  1.24976163e-08 -1.97649896e+01  1.64803389e+06  5.99164011e+00 -9.79919420e+03 -1.28121418e-01  1.13754827e+02 
 8.93305484e+02 -9.99999975e-01  1.15302934e-05  3.92693145e-02  2.38893236e-05 -1.87408132e-04 -2.04436485e-07  5.36371038e-06  1.23936529e-08 -1.95741488e+01  1.64598771e+06  5.96243398e+00 -9.76427519e+03 -1.27190580e-01  1.13078203e+02 
 8.94334532e+02 -9.99999975e-01  1.15475152e-05  3.91749013e-02  2.38007330e-05 -1.86520385e-04 -2.03212375e-07  5.32567434e-06  1.22905622e-08 -1.93842342e+01  1.64394443e+06  5.93337274e+00 -9.72948333e+03 -1.26266603e-01  1.12405661e+02 
 8.95364766e+02 -9.99999975e-01  1.15647515e-05  3.90807249e-02  2.37124800e-05 -1.85636907e-04 -2.01995691e-07  5.28791068e-06  1.21883368e-08 -1.91952410e+01  1.64190404e+06  5.90445567e+00 -9.69481813e+03 -1.25349435e-01  1.11737174e+02 
 8.96396186e+02 -9.99999975e-01  1.15820025e-05  3.89867848e-02  2.36245632e-05 -1.84757677e-04 -2.00786385e-07  5.25041742e-06  1.20869695e-08 -1.90071647e+01  1.63986655e+06  5.87568201e+00 -9.66027912e+03 -1.24439026e-01  1.11072719e+02 
 8.97428795e+02 -9.99999975e-01  1.15992681e-05  3.88930801e-02  2.35369813e-05 -1.83882674e-04 -1.99584412e-07  5.21319260e-06  1.19864528e-08 -1.88200006e+01  1.63783194e+06  5.84705105e+00 -9.62586582e+03 -1.23535325e-01  1.10412270e+02 
 8.98462593e+02 -9.99999975e-01  1.16165484e-05  3.87996104e-02  2.34497328e-05 -1.83011879e-04 -1.98389726e-07  5.17623427e-06  1.18867796e-08 -1.86337441e+01  1.63580022e+06  5.81856204e+00 -9.59157776e+03 -1.22638281e-01  1.09755802e+02 
 8.99497582e+02 -9.99999975e-01  1.16338433e-05  3.87063750e-02  2.33628165e-05 -1.82145269e-04 -1.97202284e-07  5.13954050e-06  1.17879428e-08 -1.84483907e+01  1.63377137e+06  5.79021427e+00 -9.55741447e+03 -1.21747844e-01  1.09103292e+02 
 9.00533763e+02 -9.99999975e-01  1.16511530e-05  3.86133732e-02  2.32762311e-05 -1.81282825e-04 -1.96022039e-07  5.10310938e-06  1.16899351e-08 -1.82639357e+01  1.63174539e+06  5.76200701e+00 -9.52337548e+03 -1.20863965e-01  1.08454715e+02 
 9.01571138e+02 -9.99999975e-01  1.16684774e-05  3.85206044e-02  2.31899752e-05 -1.80424526e-04 -1.94848949e-07  5.06693899e-06  1.15927497e-08 -1.80803749e+01  1.62972227e+06  5.73393954e+00 -9.48946031e+03 -1.19986594e-01  1.07810046e+02 
 9.02609707e+02 -9.99999975e-01  1.16858167e-05  3.84280680e-02  2.31040474e-05 -1.79570351e-04 -1.93682967e-07  5.03102746e-06  1.14963794e-08 -1.78977035e+01  1.62770202e+06  5.70601116e+00 -9.45566851e+03 -1.19115682e-01  1.07169262e+02 
 9.03649474e+02 -9.99999975e-01  1.17031706e-05  3.83357633e-02  2.30184465e-05 -1.78720281e-04 -1.92524051e-07  4.99537290e-06  1.14008175e-08 -1.77159172e+01  1.62568461e+06  5.67822115e+00 -9.42199960e+03 -1.18251182e-01  1.06532340e+02 
 9.04690438e+02 -9.99999975e-01  1.17205394e-05  3.82436898e-02  2.29331712e-05 -1.77874295e-04 -1.91372156e-07  4.95997345e-06  1.13060570e-08 -1.75350115e+01  1.62367006e+06  5.65056881e+00 -9.38845314e+03 -1.17393045e-01  1.05899254e+02 
 9.05732601e+02 -9.99999975e-01  1.17379230e-05  3.81518468e-02  2.28482202e-05 -1.77032373e-04 -1.90227240e-07  4.92482726e-06  1.12120911e-08 -1.73549819e+01  1.62165835e+06  5.62305343e+00 -9.35502865e+03 -1.16541223e-01  1.05269982e+02 
 9.06775965e+02 -9.99999975e-01  1.17553215e-05  3.80602337e-02  2.27635921e-05 -1.76194496e-04 -1.89089260e-07  4.88993250e-06  1.11189131e-08 -1.71758242e+01  1.61964948e+06  5.59567432e+00 -9.32172567e+03 -1.15695669e-01  1.04644500e+02 
 9.07820530e+02 -9.99999975e-01  1.17727349e-05  3.79688498e-02  2.26792857e-05 -1.75360642e-04 -1.87958172e-07  4.85528735e-06  1.10265163e-08 -1.69975338e+01  1.61764345e+06  5.56843077e+00 -9.28854376e+03 -1.14856336e-01  1.04022785e+02 
 9.08866299e+02 -9.99999975e-01  1.17901633e-05  3.78776945e-02  2.25952996e-05 -1.74530794e-04 -1.86833934e-07  4.82088999e-06  1.09348941e-08 -1.68201066e+01  1.61564024e+06  5.54132211e+00 -9.25548245e+03 -1.14023178e-01  1.03404814e+02 
 9.09913273e+02 -9.99999975e-01  1.18076066e-05  3.77867673e-02  2.25116327e-05 -1.73704930e-04 -1.85716503e-07  4.78673864e-06  1.08440399e-08 -1.66435380e+01  1.61363985e+06  5.51434763e+00 -9.22254130e+03 -1.13196147e-01  1.02790564e+02 
 9.10961452e+02 -9.99999975e-01  1.18250649e-05  3.76960675e-02  2.24282836e-05 -1.72883031e-04 -1.84605839e-07  4.75283152e-06  1.07539472e-08 -1.64678239e+01  1.61164229e+06  5.48750667e+00 -9.18971985e+03 -1.12375199e-01  1.02180013e+02 
 9.12010839e+02 -9.99999975e-01  1.18425380e-05  3.76055945e-02  2.23452510e-05 -1.72065079e-04 -1.83501899e-07  4.71916685e-06  1.06646096e-08 -1.62929599e+01  1.60964753e+06  5.46079853e+00 -9.15701765e+03 -1.11560287e-01  1.01573136e+02 
 9.13061435e+02 -9.99999975e-01  1.18600263e-05  3.75153477e-02  2.22625337e-05 -1.71251053e-04 -1.82404641e-07  4.68574287e-06  1.05760206e-08 -1.61189418e+01  1.60765558e+06  5.43422254e+00 -9.12443425e+03 -1.10751366e-01  1.00969913e+02 
 9.14113241e+02 -9.99999975e-01  1.18775297e-05  3.74253265e-02  2.21801305e-05 -1.70440935e-04 -1.81314025e-07  4.65255786e-06  1.04881740e-08 -1.59457653e+01  1.60566644e+06  5.40777803e+00 -9.09196921e+03 -1.09948392e-01  1.00370320e+02 
 9.15166259e+02 -9.99999975e-01  1.18950480e-05  3.73355302e-02  2.20980400e-05 -1.69634704e-04 -1.80230009e-07  4.61961007e-06  1.04010633e-08 -1.57734262e+01  1.60368009e+06  5.38146433e+00 -9.05962208e+03 -1.09151320e-01  9.97743348e+01 
 9.16220490e+02 -9.99999975e-01  1.19125816e-05  3.72459583e-02  2.20162611e-05 -1.68832343e-04 -1.79152553e-07  4.58689780e-06  1.03146824e-08 -1.56019204e+01  1.60169653e+06  5.35528078e+00 -9.02739242e+03 -1.08360106e-01  9.91819362e+01 
 9.17275935e+02 -9.99999975e-01  1.19301302e-05  3.71566102e-02  2.19347925e-05 -1.68033832e-04 -1.78081616e-07  4.55441933e-06  1.02290251e-08 -1.54312436e+01  1.59971576e+06  5.32922670e+00 -8.99527979e+03 -1.07574705e-01  9.85931017e+01 
 9.18332596e+02 -9.99999975e-01  1.19476940e-05  3.70674852e-02  2.18536329e-05 -1.67239152e-04 -1.77017159e-07  4.52217297e-06  1.01440853e-08 -1.52613917e+01  1.59773777e+06  5.30330145e+00 -8.96328376e+03 -1.06795075e-01  9.80078096e+01 
 9.19390475e+02 -9.99999975e-01  1.19652729e-05  3.69785828e-02  2.17727811e-05 -1.66448285e-04 -1.75959141e-07  4.49015705e-06  1.00598569e-08 -1.50923606e+01  1.59576255e+06  5.27750436e+00 -8.93140387e+03 -1.06021172e-01  9.74260382e+01 
 9.20449572e+02 -9.99999975e-01  1.19828671e-05  3.68899024e-02  2.16922359e-05 -1.65661211e-04 -1.74907522e-07  4.45836990e-06  9.97633385e-09 -1.49241461e+01  1.59379011e+06  5.25183478e+00 -8.89963970e+03 -1.05252954e-01  9.68477658e+01 
 9.21509889e+02 -9.99999975e-01  1.20004764e-05  3.68014433e-02  2.16119961e-05 -1.64877913e-04 -1.73862264e-07  4.42680987e-06  9.89351018e-09 -1.47567442e+01  1.59182044e+06  5.22629208e+00 -8.86799082e+03 -1.04490377e-01  9.62729711e+01 
 9.22571427e+02 -9.99999975e-01  1.20181011e-05  3.67132050e-02  2.15320604e-05 -1.64098372e-04 -1.72823327e-07  4.39547531e-06  9.81137998e-09 -1.45901509e+01  1.58985352e+06  5.20087559e+00 -8.83645679e+03 -1.03733400e-01  9.57016327e+01 
 9.23634188e+02 -9.99999975e-01  1.20357410e-05  3.66251869e-02  2.14524276e-05 -1.63322568e-04 -1.71790672e-07  4.36436458e-06  9.72993739e-09 -1.44243620e+01  1.58788936e+06  5.17558468e+00 -8.80503718e+03 -1.02981981e-01  9.51337296e+01 
 9.24698174e+02 -9.99999975e-01  1.20533962e-05  3.65373884e-02  2.13730966e-05 -1.62550485e-04 -1.70764260e-07  4.33347609e-06  9.64917657e-09 -1.42593735e+01  1.58592796e+06  5.15041872e+00 -8.77373156e+03 -1.02236078e-01  9.45692406e+01 
 9.25763385e+02 -9.99999975e-01  1.20710667e-05  3.64498088e-02  2.12940661e-05 -1.61782104e-04 -1.69744053e-07  4.30280820e-06  9.56909177e-09 -1.40951815e+01  1.58396930e+06  5.12537706e+00 -8.74253950e+03 -1.01495650e-01  9.40081449e+01 
 9.26829823e+02 -9.99999975e-01  1.20887527e-05  3.63624477e-02  2.12153350e-05 -1.61017407e-04 -1.68730014e-07  4.27235934e-06  9.48967725e-09 -1.39317819e+01  1.58201338e+06  5.10045908e+00 -8.71146059e+03 -1.00760656e-01  9.34504217e+01 
 9.27897490e+02 -9.99999975e-01  1.21064540e-05  3.62753044e-02  2.11369020e-05 -1.60256375e-04 -1.67722103e-07  4.24212792e-06  9.41092735e-09 -1.37691708e+01  1.58006019e+06  5.07566414e+00 -8.68049439e+03 -1.00031056e-01  9.28960505e+01 
 9.28966387e+02 -9.99999975e-01  1.21241707e-05  3.61883784e-02  2.10587659e-05 -1.59498991e-04 -1.66720283e-07  4.21211237e-06  9.33283645e-09 -1.36073443e+01  1.57810974e+06  5.05099163e+00 -8.64964048e+03 -9.93068088e-02  9.23450106e+01 
 9.30036515e+02 -9.99999975e-01  1.21419029e-05  3.61016690e-02  2.09809256e-05 -1.58745236e-04 -1.65724517e-07  4.18231112e-06  9.25539896e-09 -1.34462984e+01  1.57616201e+06  5.02644092e+00 -8.61889845e+03 -9.85878749e-02  9.17972817e+01 
 9.31107875e+02 -9.99999975e-01  1.21596504e-05  3.60151758e-02  2.09033799e-05 -1.57995094e-04 -1.64734768e-07  4.15272264e-06  9.17860937e-09 -1.32860293e+01  1.57421701e+06  5.00201139e+00 -8.58826787e+03 -9.78742146e-02  9.12528436e+01 
 9.32180470e+02 -9.99999975e-01  1.21774136e-05  3.59288980e-02  2.08261277e-05 -1.57248547e-04 -1.63750998e-07  4.12334537e-06  9.10246218e-09 -1.31265331e+01  1.57227472e+06  4.97770243e+00 -8.55774833e+03 -9.71657884e-02  9.07116762e+01 
 9.33254301e+02 -9.99999975e-01  1.21951921e-05  3.58428351e-02  2.07491677e-05 -1.56505576e-04 -1.62773171e-07  4.09417780e-06  9.02695198e-09 -1.29678058e+01  1.57033514e+06  4.95351343e+00 -8.52733941e+03 -9.64625574e-02  9.01737594e+01 
 9.34329368e+02 -9.99999975e-01  1.22129863e-05  3.57569866e-02  2.06724988e-05 -1.55766165e-04 -1.61801250e-07  4.06521842e-06  8.95207337e-09 -1.28098437e+01  1.56839827e+06  4.92944377e+00 -8.49704069e+03 -9.57644826e-02  8.96390734e+01 
 9.35405674e+02 -9.99999975e-01  1.22307960e-05  3.56713519e-02  2.05961199e-05 -1.55030295e-04 -1.60835199e-07  4.03646571e-06  8.87782102e-09 -1.26526430e+01  1.56646410e+06  4.90549286e+00 -8.46685177e+03 -9.50715257e-02  8.91075984e+01 
 9.36483220e+02 -9.99999975e-01  1.22486213e-05  3.55859304e-02  2.05200298e-05 -1.54297951e-04 -1.59874982e-07  4.00791819e-06  8.80418962e-09 -1.24961998e+01  1.56453263e+06  4.88166009e+00 -8.43677224e+03 -9.43836485e-02  8.85793148e+01 
 9.37562007e+02 -9.99999975e-01  1.22664622e-05  3.55007215e-02  2.04442273e-05 -1.53569113e-04 -1.58920563e-07  3.97957437e-06  8.73117394e-09 -1.23405104e+01  1.56260385e+06  4.85794487e+00 -8.40680168e+03 -9.37008130e-02  8.80542032e+01 
 9.38642037e+02 -9.99999975e-01  1.22843188e-05  3.54157247e-02  2.03687113e-05 -1.52843766e-04 -1.57971907e-07  3.95143279e-06  8.65876876e-09 -1.21855711e+01  1.56067775e+06  4.83434658e+00 -8.37693970e+03 -9.30229817e-02  8.75322441e+01 
 9.39723311e+02 -9.99999975e-01  1.23021911e-05  3.53309395e-02  2.02934807e-05 -1.52121893e-04 -1.57028977e-07  3.92349198e-06  8.58696894e-09 -1.20313779e+01  1.55875434e+06  4.81086466e+00 -8.34718587e+03 -9.23501172e-02  8.70134182e+01 
 9.40805830e+02 -9.99999975e-01  1.23200790e-05  3.52463651e-02  2.02185344e-05 -1.51403476e-04 -1.56091739e-07  3.89575049e-06  8.51576934e-09 -1.18779274e+01  1.55683360e+06  4.78749849e+00 -8.31753980e+03 -9.16821825e-02  8.64977066e+01 
 9.41889597e+02 -9.99999975e-01  1.23379826e-05  3.51620011e-02  2.01438712e-05 -1.50688498e-04 -1.55160158e-07  3.86820689e-06  8.44516491e-09 -1.17252157e+01  1.55491554e+06  4.76424751e+00 -8.28800109e+03 -9.10191408e-02  8.59850900e+01 
 9.42974611e+02 -9.99999975e-01  1.23559020e-05  3.50778470e-02  2.00694899e-05 -1.49976942e-04 -1.54234200e-07  3.84085975e-06  8.37515061e-09 -1.15732392e+01  1.55300015e+06  4.74111112e+00 -8.25856933e+03 -9.03609557e-02  8.54755497e+01 
 9.44060876e+02 -9.99999975e-01  1.23738371e-05  3.49939021e-02  1.99953896e-05 -1.49268793e-04 -1.53313829e-07  3.81370765e-06  8.30572146e-09 -1.14219942e+01  1.55108741e+06  4.71808875e+00 -8.22924413e+03 -8.97075911e-02  8.49690669e+01 
 9.45148392e+02 -9.99999975e-01  1.23917882e-05  3.49101659e-02  1.99215690e-05 -1.48564033e-04 -1.52399011e-07  3.78674918e-06  8.23687252e-09 -1.12714770e+01  1.54917734e+06  4.69517981e+00 -8.20002508e+03 -8.90590109e-02  8.44656228e+01 
 9.46237161e+02 -9.99999975e-01  1.24097550e-05  3.48266378e-02  1.98480271e-05 -1.47862645e-04 -1.51489712e-07  3.75998295e-06  8.16859888e-09 -1.11216841e+01  1.54726992e+06  4.67238374e+00 -8.17091180e+03 -8.84151795e-02  8.39651990e+01 
 9.47327185e+02 -9.99999975e-01  1.24277375e-05  3.47433174e-02  1.97747627e-05 -1.47164614e-04 -1.50585899e-07  3.73340757e-06  8.10089570e-09 -1.09726119e+01  1.54536515e+06  4.64969997e+00 -8.14190388e+03 -8.77760615e-02  8.34677770e+01 
 9.48418463e+02 -9.99999975e-01  1.24457360e-05  3.46602039e-02  1.97017748e-05 -1.46469923e-04 -1.49687538e-07  3.70702166e-06  8.03375814e-09 -1.08242567e+01  1.54346302e+06  4.62712791e+00 -8.11300093e+03 -8.71416219e-02  8.29733385e+01 
 9.49510999e+02 -9.99999975e-01  1.24637505e-05  3.45772970e-02  1.96290622e-05 -1.45778555e-04 -1.48794595e-07  3.68082386e-06  7.96718145e-09 -1.06766150e+01  1.54156353e+06  4.60466702e+00 -8.08420257e+03 -8.65118259e-02  8.24818654e+01 
 9.50604794e+02 -9.99999975e-01  1.24817809e-05  3.44945960e-02  1.95566239e-05 -1.45090495e-04 -1.47907037e-07  3.65481281e-06  7.90116088e-09 -1.05296832e+01  1.53966667e+06  4.58231673e+00 -8.05550839e+03 -8.58866387e-02  8.19933394e+01 
 9.51699848e+02 -9.99999975e-01  1.24998272e-05  3.44121003e-02  1.94844589e-05 -1.44405725e-04 -1.47024831e-07  3.62898717e-06  7.83569175e-09 -1.03834578e+01  1.53777245e+06  4.56007647e+00 -8.02691802e+03 -8.52660262e-02  8.15077427e+01 
 9.52796164e+02 -9.99999975e-01  1.25178894e-05  3.43298096e-02  1.94125659e-05 -1.43724231e-04 -1.46147945e-07  3.60334559e-06  7.77076938e-09 -1.02379354e+01  1.53588085e+06  4.53794570e+00 -7.99843106e+03 -8.46499543e-02  8.10250574e+01 
 9.53893743e+02 -9.99999975e-01  1.25359678e-05  3.42477231e-02  1.93409440e-05 -1.43045996e-04 -1.45276345e-07  3.57788675e-06  7.70638919e-09 -1.00931123e+01  1.53399186e+06  4.51592386e+00 -7.97004713e+03 -8.40383892e-02  8.05452657e+01 
 9.54992586e+02 -9.99999975e-01  1.25540621e-05  3.41658403e-02  1.92695920e-05 -1.42371005e-04 -1.44409999e-07  3.55260934e-06  7.64254658e-09 -9.94898513e+00  1.53210550e+06  4.49401039e+00 -7.94176585e+03 -8.34312974e-02  8.00683500e+01 
 9.56092695e+02 -9.99999975e-01  1.25721725e-05  3.40841608e-02  1.91985090e-05 -1.41699241e-04 -1.43548875e-07  3.52751204e-06  7.57923702e-09 -9.80555043e+00  1.53022174e+06  4.47220476e+00 -7.91358683e+03 -8.28286456e-02  7.95942928e+01 
 9.57194071e+02 -9.99999975e-01  1.25902990e-05  3.40026839e-02  1.91276938e-05 -1.41030689e-04 -1.42692942e-07  3.50259356e-06  7.51645603e-09 -9.66280478e+00  1.52834060e+06  4.45050642e+00 -7.88550969e+03 -8.22304007e-02  7.91230766e+01 
 9.58296716e+02 -9.99999975e-01  1.26084416e-05  3.39214092e-02  1.90571453e-05 -1.40365332e-04 -1.41842167e-07  3.47785261e-06  7.45419913e-09 -9.52074470e+00  1.52646205e+06  4.42891482e+00 -7.85753406e+03 -8.16365301e-02  7.86546842e+01 
 9.59400632e+02 -9.99999975e-01  1.26266003e-05  3.38403361e-02  1.89868626e-05 -1.39703157e-04 -1.40996518e-07  3.45328791e-06  7.39246191e-09 -9.37936684e+00  1.52458610e+06  4.40742943e+00 -7.82965954e+03 -8.10470011e-02  7.81890983e+01 
 9.60505818e+02 -9.99999975e-01  1.26447752e-05  3.37594640e-02  1.89168446e-05 -1.39044146e-04 -1.40155964e-07  3.42889820e-06  7.33123999e-09 -9.23866777e+00  1.52271274e+06  4.38604971e+00 -7.80188578e+03 -8.04617816e-02  7.77263018e+01 
 9.61612278e+02 -9.99999975e-01  1.26629662e-05  3.36787925e-02  1.88470903e-05 -1.38388285e-04 -1.39320475e-07  3.40468220e-06  7.27052902e-09 -9.09864417e+00  1.52084197e+06  4.36477513e+00 -7.77421238e+03 -7.98808394e-02  7.72662778e+01 
 9.62720013e+02 -9.99999975e-01  1.26811735e-05  3.35983209e-02  1.87775985e-05 -1.37735558e-04 -1.38490018e-07  3.38063867e-06  7.21032470e-09 -8.95929262e+00  1.51897378e+06  4.34360515e+00 -7.74663899e+03 -7.93041428e-02  7.68090093e+01 
 9.63829024e+02 -9.99999975e-01  1.26993971e-05  3.35180489e-02  1.87083683e-05 -1.37085950e-04 -1.37664564e-07  3.35676637e-06  7.15062275e-09 -8.82060985e+00  1.51710817e+06  4.32253926e+00 -7.71916522e+03 -7.87316603e-02  7.63544797e+01 
 9.64939312e+02 -9.99999975e-01  1.27176369e-05  3.34379757e-02  1.86393986e-05 -1.36439446e-04 -1.36844081e-07  3.33306406e-06  7.09141894e-09 -8.68259251e+00  1.51524514e+06  4.30157691e+00 -7.69179070e+03 -7.81633605e-02  7.59026721e+01 
 9.66050879e+02 -9.99999975e-01  1.27358931e-05  3.33581010e-02  1.85706885e-05 -1.35796030e-04 -1.36028540e-07  3.30953053e-06  7.03270907e-09 -8.54523728e+00  1.51338467e+06  4.28071761e+00 -7.66451507e+03 -7.75992124e-02  7.54535701e+01 
 9.67163727e+02 -9.99999975e-01  1.27541655e-05  3.32784241e-02  1.85022368e-05 -1.35155689e-04 -1.35217909e-07  3.28616455e-06  6.97448899e-09 -8.40854094e+00  1.51152677e+06  4.25996081e+00 -7.63733796e+03 -7.70391851e-02  7.50071571e+01 
 9.68277856e+02 -9.99999975e-01  1.27724542e-05  3.31989446e-02  1.84340426e-05 -1.34518405e-04 -1.34412159e-07  3.26296492e-06  6.91675455e-09 -8.27250014e+00  1.50967143e+06  4.23930601e+00 -7.61025900e+03 -7.64832480e-02  7.45634168e+01 
 9.69393269e+02 -9.99999975e-01  1.27907594e-05  3.31196620e-02  1.83661049e-05 -1.33884166e-04 -1.33611261e-07  3.23993044e-06  6.85950167e-09 -8.13711167e+00  1.50781865e+06  4.21875270e+00 -7.58327783e+03 -7.59313709e-02  7.41223330e+01 
 9.70509967e+02 -9.99999975e-01  1.28090810e-05  3.30405757e-02  1.82984226e-05 -1.33252956e-04 -1.32815183e-07  3.21705992e-06  6.80272630e-09 -8.00237234e+00  1.50596841e+06  4.19830035e+00 -7.55639407e+03 -7.53835235e-02  7.36838895e+01 
 9.71627952e+02 -9.99999975e-01  1.28274190e-05  3.29616851e-02  1.82309948e-05 -1.32624759e-04 -1.32023898e-07  3.19435219e-06  6.74642441e-09 -7.86827888e+00  1.50412073e+06  4.17794847e+00 -7.52960738e+03 -7.48396759e-02  7.32480701e+01 
 9.72747224e+02 -9.99999975e-01  1.28457733e-05  3.28829899e-02  1.81638204e-05 -1.31999563e-04 -1.31237375e-07  3.17180607e-06  6.69059202e-09 -7.73482807e+00  1.50227558e+06  4.15769654e+00 -7.50291739e+03 -7.42997985e-02  7.28148591e+01 
 9.73867785e+02 -9.99999975e-01  1.28641443e-05  3.28044894e-02  1.80968985e-05 -1.31377351e-04 -1.30455585e-07  3.14942040e-06  6.63522516e-09 -7.60201679e+00  1.50043297e+06  4.13754407e+00 -7.47632373e+03 -7.37638617e-02  7.23842404e+01 
 9.74989638e+02 -9.99999975e-01  1.28825318e-05  3.27261831e-02  1.80302280e-05 -1.30758110e-04 -1.29678500e-07  3.12719403e-06  6.58031993e-09 -7.46984185e+00  1.49859290e+06  4.11749055e+00 -7.44982606e+03 -7.32318365e-02  7.19561983e+01 
 9.76112782e+02 -9.99999975e-01  1.29009356e-05  3.26480706e-02  1.79638081e-05 -1.30141825e-04 -1.28906091e-07  3.10512580e-06  6.52587243e-09 -7.33830009e+00  1.49675536e+06  4.09753549e+00 -7.42342401e+03 -7.27036937e-02  7.15307172e+01 
 9.77237221e+02 -9.99999975e-01  1.29193563e-05  3.25701513e-02  1.78976375e-05 -1.29528481e-04 -1.28138329e-07  3.08321459e-06  6.47187881e-09 -7.20738836e+00  1.49492033e+06  4.07767838e+00 -7.39711724e+03 -7.21794045e-02  7.11077815e+01 
 9.78362955e+02 -9.99999975e-01  1.29377934e-05  3.24924247e-02  1.78317155e-05 -1.28918065e-04 -1.27375185e-07  3.06145925e-06  6.41833525e-09 -7.07710359e+00  1.49308783e+06  4.05791874e+00 -7.37090537e+03 -7.16589405e-02  7.06873758e+01 
 9.79489985e+02 -9.99999975e-01  1.29562470e-05  3.24148903e-02  1.77660411e-05 -1.28310562e-04 -1.26616632e-07  3.03985868e-06  6.36523796e-09 -6.94744262e+00  1.49125785e+06  4.03825608e+00 -7.34478808e+03 -7.11422731e-02  7.02694845e+01 
 9.80618314e+02 -9.99999975e-01  1.29747174e-05  3.23375477e-02  1.77006132e-05 -1.27705957e-04 -1.25862642e-07  3.01841176e-06  6.31258318e-09 -6.81840239e+00  1.48943037e+06  4.01868991e+00 -7.31876499e+03 -7.06293744e-02  6.98540926e+01 
 9.81747943e+02 -9.99999975e-01  1.29932045e-05  3.22603962e-02  1.76354309e-05 -1.27104238e-04 -1.25113186e-07  2.99711739e-06  6.26036720e-09 -6.68997986e+00  1.48760541e+06  3.99921974e+00 -7.29283577e+03 -7.01202163e-02  6.94411847e+01 
 9.82878873e+02 -9.99999975e-01  1.30117082e-05  3.21834354e-02  1.75704932e-05 -1.26505389e-04 -1.24368237e-07  2.97597446e-06  6.20858632e-09 -6.56217193e+00  1.48578294e+06  3.97984509e+00 -7.26700006e+03 -6.96147712e-02  6.90307458e+01 
 9.84011106e+02 -9.99999975e-01  1.30302286e-05  3.21066647e-02  1.75057992e-05 -1.25909397e-04 -1.23627767e-07  2.95498189e-06  6.15723688e-09 -6.43497557e+00  1.48396297e+06  3.96056548e+00 -7.24125752e+03 -6.91130115e-02  6.86227609e+01 
 9.85144643e+02 -9.99999975e-01  1.30487658e-05  3.20300838e-02  1.74413479e-05 -1.25316248e-04 -1.22891750e-07  2.93413859e-06  6.10631524e-09 -6.30838777e+00  1.48214550e+06  3.94138043e+00 -7.21560780e+03 -6.86149100e-02  6.82172150e+01 
 9.86279486e+02 -9.99999975e-01  1.30673197e-05  3.19536920e-02  1.73771384e-05 -1.24725929e-04 -1.22160157e-07  2.91344351e-06  6.05581782e-09 -6.18240552e+00  1.48033052e+06  3.92228947e+00 -7.19005055e+03 -6.81204395e-02  6.78140935e+01 
 9.87415636e+02 -9.99999975e-01  1.30858905e-05  3.18774890e-02  1.73131697e-05 -1.24138424e-04 -1.21432962e-07  2.89289556e-06  6.00574104e-09 -6.05702584e+00  1.47851802e+06  3.90329213e+00 -7.16458544e+03 -6.76295731e-02  6.74133815e+01 
 9.88553095e+02 -9.99999975e-01  1.31044781e-05  3.18014741e-02  1.72494409e-05 -1.23553722e-04 -1.20710139e-07  2.87249370e-06  5.95608137e-09 -5.93224572e+00  1.47670800e+06  3.88438793e+00 -7.13921212e+03 -6.71422842e-02  6.70150644e+01 
 9.89691864e+02 -9.99999975e-01  1.31230825e-05  3.17256469e-02  1.71859510e-05 -1.22971807e-04 -1.19991659e-07  2.85223687e-06  5.90683529e-09 -5.80806223e+00  1.47490045e+06  3.86557641e+00 -7.11393026e+03 -6.66585463e-02  6.66191277e+01 
 9.90831945e+02 -9.99999975e-01  1.31417038e-05  3.16500069e-02  1.71226991e-05 -1.22392668e-04 -1.19277498e-07  2.83212403e-06  5.85799934e-09 -5.68447239e+00  1.47309538e+06  3.84685710e+00 -7.08873950e+03 -6.61783331e-02  6.62255569e+01 
 9.91973339e+02 -9.99999975e-01  1.31603420e-05  3.15745536e-02  1.70596843e-05 -1.21816289e-04 -1.18567627e-07  2.81215415e-06  5.80957006e-09 -5.56147332e+00  1.47129278e+06  3.82822954e+00 -7.06363952e+03 -6.57016185e-02  6.58343377e+01 
 9.93116048e+02 -9.99999975e-01  1.31789972e-05  3.14992865e-02  1.69969056e-05 -1.21242658e-04 -1.17862023e-07  2.79232620e-06  5.76154403e-09 -5.43906204e+00  1.46949264e+06  3.80969326e+00 -7.03862998e+03 -6.52283766e-02  6.54454558e+01 
 9.94260074e+02 -9.99999975e-01  1.31976692e-05  3.14242051e-02  1.69343622e-05 -1.20671761e-04 -1.17160657e-07  2.77263916e-06  5.71391787e-09 -5.31723569e+00  1.46769496e+06  3.79124782e+00 -7.01371055e+03 -6.47585818e-02  6.50588971e+01 
 9.95405417e+02 -9.99999975e-01  1.32163582e-05  3.13493090e-02  1.68720531e-05 -1.20103586e-04 -1.16463505e-07  2.75309203e-06  5.66668821e-09 -5.19599138e+00  1.46589973e+06  3.77289275e+00 -6.98888088e+03 -6.42922085e-02  6.46746474e+01 
 9.96552080e+02 -9.99999975e-01  1.32350643e-05  3.12745976e-02  1.68099773e-05 -1.19538118e-04 -1.15770540e-07  2.73368378e-06  5.61985173e-09 -5.07532627e+00  1.46410695e+06  3.75462761e+00 -6.96414065e+03 -6.38292314e-02  6.42926927e+01 
 9.97700064e+02 -9.99999975e-01  1.32537874e-05  3.12000705e-02  1.67481340e-05 -1.18975346e-04 -1.15081738e-07  2.71441344e-06  5.57340511e-09 -4.95523743e+00  1.46231662e+06  3.73645193e+00 -6.93948953e+03 -6.33696255e-02  6.39130191e+01 
 9.98849370e+02 -9.99999975e-01  1.32725277e-05  3.11257272e-02  1.66865223e-05 -1.18415255e-04 -1.14397073e-07  2.69528000e-06  5.52734509e-09 -4.83572205e+00  1.46052873e+06  3.71836527e+00 -6.91492718e+03 -6.29133657e-02  6.35356128e+01 
 1.00000000e+03 -9.99999975e-01  1.32912849e-05  3.10515671e-02  1.66251413e-05 -1.17857832e-04 -1.13716519e-07  2.67628249e-06  5.48166841e-09 -4.71677732e+00  1.45874328e+06  3.70036719e+00 -6.89045327e+03 -6.24604274e-02  6.31604600e+01 
