 frequency       i(vs1)          i(vs1)          i(vs3)          i(vs3)          i(vs5)          i(vs5)          i(vs7)          i(vs7)          v(/p2)          v(/p2)          v(/p4)          v(/p4)          v(/p6)          v(/p6)         
 1.00000000e+01  4.73062715e-08 -6.67261039e-07  4.73748590e-08 -6.73625112e-07  4.75641043e-08 -6.99918835e-07  4.74423248e-08 -7.03108113e-07  9.00396148e-01  9.70383730e-03  5.81260863e-01  4.18354153e-03  1.67119720e-01 -6.38130421e-03 
 1.00115196e+01  4.71972898e-08 -6.66451133e-07  4.72658700e-08 -6.72822600e-07  4.74550384e-08 -6.99147727e-07  4.73332391e-08 -7.02340815e-07  9.00405094e-01  9.69164499e-03  5.81285492e-01  4.17702965e-03  1.67126851e-01 -6.37499792e-03 
 1.00230524e+01  4.70885566e-08 -6.65642071e-07  4.71571295e-08 -6.72020942e-07  4.73462208e-08 -6.98377514e-07  4.72244017e-08 -7.01574417e-07  9.00414055e-01  9.67946491e-03  5.81310175e-01  4.17052278e-03  1.67134002e-01 -6.36869990e-03 
 1.00345985e+01  4.69800713e-08 -6.64833855e-07  4.70486370e-08 -6.71220137e-07  4.72376510e-08 -6.97608193e-07  4.71158119e-08 -7.00808917e-07  9.00423029e-01  9.66729702e-03  5.81334913e-01  4.16402090e-03  1.67141175e-01 -6.36241016e-03 
 1.00461579e+01  4.68718335e-08 -6.64026482e-07  4.69403918e-08 -6.70420185e-07  4.71293283e-08 -6.96839766e-07  4.70074693e-08 -7.00044314e-07  9.00432017e-01  9.65514133e-03  5.81359707e-01  4.15752401e-03  1.67148369e-01 -6.35612870e-03 
 1.00577306e+01  4.67638425e-08 -6.63219952e-07  4.68323934e-08 -6.69621084e-07  4.70212522e-08 -6.96072230e-07  4.68993733e-08 -6.99280608e-07  9.00441019e-01  9.64299781e-03  5.81384557e-01  4.15103210e-03  1.67155586e-01 -6.34985549e-03 
 1.00693167e+01  4.66560977e-08 -6.62414264e-07  4.67246413e-08 -6.68822834e-07  4.69134222e-08 -6.95305585e-07  4.67915232e-08 -6.98517798e-07  9.00450035e-01  9.63086645e-03  5.81409462e-01  4.14454515e-03  1.67162823e-01 -6.34359054e-03 
 1.00809161e+01  4.65485987e-08 -6.61609417e-07  4.66171349e-08 -6.68025433e-07  4.68058376e-08 -6.94539829e-07  4.66839187e-08 -6.97755883e-07  9.00459065e-01  9.61874724e-03  5.81434423e-01  4.13806316e-03  1.67170082e-01 -6.33733384e-03 
 1.00925289e+01  4.64413449e-08 -6.60805409e-07  4.65098737e-08 -6.67228881e-07  4.66984981e-08 -6.93774963e-07  4.65765590e-08 -6.96994861e-07  9.00468109e-01  9.60664016e-03  5.81459440e-01  4.13158612e-03  1.67177363e-01 -6.33108538e-03 
 1.01041550e+01  4.63343357e-08 -6.60002240e-07  4.64028570e-08 -6.66433177e-07  4.65914029e-08 -6.93010984e-07  4.64694437e-08 -6.96234733e-07  9.00477166e-01  9.59454519e-03  5.81484513e-01  4.12511402e-03  1.67184666e-01 -6.32484515e-03 
 1.01157945e+01  4.62275705e-08 -6.59199910e-07  4.62960844e-08 -6.65638319e-07  4.64845515e-08 -6.92247893e-07  4.63625721e-08 -6.95475496e-07  9.00486238e-01  9.58246232e-03  5.81509642e-01  4.11864685e-03  1.67191991e-01 -6.31861316e-03 
 1.01274475e+01  4.61210489e-08 -6.58398416e-07  4.61895553e-08 -6.64844307e-07  4.63779434e-08 -6.91485688e-07  4.62559438e-08 -6.94717151e-07  9.00495325e-01  9.57039154e-03  5.81534828e-01  4.11218460e-03  1.67199337e-01 -6.31238938e-03 
 1.01391139e+01  4.60147702e-08 -6.57597758e-07  4.60832691e-08 -6.64051140e-07  4.62715781e-08 -6.90724368e-07  4.61495582e-08 -6.93959697e-07  9.00504425e-01  9.55833284e-03  5.81560070e-01  4.10572727e-03  1.67206705e-01 -6.30617383e-03 
 1.01507937e+01  4.59087340e-08 -6.56797935e-07  4.59772253e-08 -6.63258817e-07  4.61654550e-08 -6.89963933e-07  4.60434148e-08 -6.93203131e-07  9.00513540e-01  9.54628618e-03  5.81585369e-01  4.09927485e-03  1.67214095e-01 -6.29996647e-03 
 1.01624869e+01  4.58029396e-08 -6.55998947e-07  4.58714234e-08 -6.62467336e-07  4.60595735e-08 -6.89204381e-07  4.59375129e-08 -6.92447455e-07  9.00522669e-01  9.53425157e-03  5.81610725e-01  4.09282732e-03  1.67221507e-01 -6.29376732e-03 
 1.01741937e+01  4.56973865e-08 -6.55200791e-07  4.57658628e-08 -6.61676698e-07  4.59539331e-08 -6.88445712e-07  4.58318521e-08 -6.91692666e-07  9.00531812e-01  9.52222899e-03  5.81636138e-01  4.08638468e-03  1.67228941e-01 -6.28757637e-03 
 1.01859139e+01  4.55920742e-08 -6.54403468e-07  4.56605429e-08 -6.60886900e-07  4.58485333e-08 -6.87687925e-07  4.57264318e-08 -6.90938764e-07  9.00540970e-01  9.51021842e-03  5.81661607e-01  4.07994692e-03  1.67236398e-01 -6.28139360e-03 
 1.01976476e+01  4.54870022e-08 -6.53606976e-07  4.55554633e-08 -6.60097943e-07  4.57433734e-08 -6.86931019e-07  4.56212515e-08 -6.90185749e-07  9.00550142e-01  9.49821985e-03  5.81687135e-01  4.07351403e-03  1.67243876e-01 -6.27521902e-03 
 1.02093948e+01  4.53821699e-08 -6.52811314e-07  4.54506233e-08 -6.59309825e-07  4.56384530e-08 -6.86174993e-07  4.55163106e-08 -6.89433618e-07  9.00559329e-01  9.48623326e-03  5.81712719e-01  4.06708600e-03  1.67251376e-01 -6.26905260e-03 
 1.02211556e+01  4.52775767e-08 -6.52016482e-07  4.53460225e-08 -6.58522545e-07  4.55337716e-08 -6.85419846e-07  4.54116086e-08 -6.88682371e-07  9.00568530e-01  9.47425864e-03  5.81738362e-01  4.06066282e-03  1.67258899e-01 -6.26289436e-03 
 1.02329299e+01  4.51732221e-08 -6.51222478e-07  4.52416602e-08 -6.57736102e-07  4.54293285e-08 -6.84665577e-07  4.53071449e-08 -6.87932008e-07  9.00577746e-01  9.46229597e-03  5.81764062e-01  4.05424449e-03  1.67266443e-01 -6.25674428e-03 
 1.02447178e+01  4.50691056e-08 -6.50429301e-07  4.51375361e-08 -6.56950496e-07  4.53251233e-08 -6.83912186e-07  4.52029190e-08 -6.87182528e-07  9.00586977e-01  9.45034524e-03  5.81789819e-01  4.04783099e-03  1.67274010e-01 -6.25060235e-03 
 1.02565193e+01  4.49652267e-08 -6.49636951e-07  4.50336494e-08 -6.56165724e-07  4.52211554e-08 -6.83159671e-07  4.50989304e-08 -6.86433929e-07  9.00596222e-01  9.43840644e-03  5.81815635e-01  4.04142232e-03  1.67281600e-01 -6.24446857e-03 
 1.02683343e+01  4.48615848e-08 -6.48845426e-07  4.49299997e-08 -6.55381788e-07  4.51174243e-08 -6.82408032e-07  4.49951785e-08 -6.85686211e-07  9.00605482e-01  9.42647954e-03  5.81841510e-01  4.03501846e-03  1.67289211e-01 -6.23834293e-03 
 1.02801630e+01  4.47581793e-08 -6.48054726e-07  4.48265865e-08 -6.54598684e-07  4.50139294e-08 -6.81657268e-07  4.48916628e-08 -6.84939373e-07  9.00614757e-01  9.41456454e-03  5.81867442e-01  4.02861942e-03  1.67296845e-01 -6.23222542e-03 
 1.02920053e+01  4.46550098e-08 -6.47264849e-07  4.47234092e-08 -6.53816414e-07  4.49106702e-08 -6.80907377e-07  4.47883828e-08 -6.84193413e-07  9.00624047e-01  9.40266142e-03  5.81893433e-01  4.02222517e-03  1.67304502e-01 -6.22611605e-03 
 1.03038612e+01  4.45520757e-08 -6.46475795e-07  4.46204673e-08 -6.53034975e-07  4.48076462e-08 -6.80158360e-07  4.46853378e-08 -6.83448332e-07  9.00633352e-01  9.39077017e-03  5.81919483e-01  4.01583571e-03  1.67312181e-01 -6.22001479e-03 
 1.03157308e+01  4.44493764e-08 -6.45687562e-07  4.45177602e-08 -6.52254366e-07  4.47048568e-08 -6.79410215e-07  4.45825275e-08 -6.82704129e-07  9.00642672e-01  9.37889077e-03  5.81945591e-01  4.00945104e-03  1.67319882e-01 -6.21392165e-03 
 1.03276141e+01  4.43469115e-08 -6.44900151e-07  4.44152875e-08 -6.51474587e-07  4.46023015e-08 -6.78662941e-07  4.44799513e-08 -6.81960801e-07  9.00652007e-01  9.36702320e-03  5.81971758e-01  4.00307113e-03  1.67327607e-01 -6.20783662e-03 
 1.03395110e+01  4.42446805e-08 -6.44113559e-07  4.43130485e-08 -6.50695637e-07  4.44999798e-08 -6.77916537e-07  4.43776085e-08 -6.81218350e-07  9.00661357e-01  9.35516746e-03  5.81997985e-01  3.99669600e-03  1.67335353e-01 -6.20175969e-03 
 1.03514217e+01  4.41426827e-08 -6.43327786e-07  4.42110428e-08 -6.49917515e-07  4.43978912e-08 -6.77171003e-07  4.42754988e-08 -6.80476773e-07  9.00670722e-01  9.34332353e-03  5.82024271e-01  3.99032561e-03  1.67343123e-01 -6.19569085e-03 
 1.03633460e+01  4.40409177e-08 -6.42542831e-07  4.41092699e-08 -6.49140220e-07  4.42960351e-08 -6.76426338e-07  4.41736216e-08 -6.79736069e-07  9.00680103e-01  9.33149138e-03  5.82050616e-01  3.98395998e-03  1.67350915e-01 -6.18963010e-03 
 1.03752842e+01  4.39393849e-08 -6.41758693e-07  4.40077292e-08 -6.48363750e-07  4.41944110e-08 -6.75682540e-07  4.40719763e-08 -6.78996239e-07  9.00689499e-01  9.31967102e-03  5.82077021e-01  3.97759908e-03  1.67358730e-01 -6.18357743e-03 
 1.03872360e+01  4.38380838e-08 -6.40975371e-07  4.39064201e-08 -6.47588106e-07  4.40930183e-08 -6.74939609e-07  4.39705624e-08 -6.78257281e-07  9.00698910e-01  9.30786242e-03  5.82103485e-01  3.97124291e-03  1.67366568e-01 -6.17753284e-03 
 1.03992017e+01  4.37370139e-08 -6.40192864e-07  4.38053423e-08 -6.46813286e-07  4.39918566e-08 -6.74197545e-07  4.38693794e-08 -6.77519194e-07  9.00708336e-01  9.29606557e-03  5.82130010e-01  3.96489146e-03  1.67374428e-01 -6.17149632e-03 
 1.04111811e+01  4.36361747e-08 -6.39411171e-07  4.37044950e-08 -6.46039289e-07  4.38909254e-08 -6.73456345e-07  4.37684269e-08 -6.76781978e-07  9.00717778e-01  9.28428045e-03  5.82156594e-01  3.95854472e-03  1.67382312e-01 -6.16546785e-03 
 1.04231743e+01  4.35355657e-08 -6.38630291e-07  4.36038779e-08 -6.45266114e-07  4.37902240e-08 -6.72716010e-07  4.36677041e-08 -6.76045631e-07  9.00727235e-01  9.27250705e-03  5.82183239e-01  3.95220269e-03  1.67390219e-01 -6.15944745e-03 
 1.04351813e+01  4.34351862e-08 -6.37850224e-07  4.35034905e-08 -6.44493761e-07  4.36897520e-08 -6.71976538e-07  4.35672108e-08 -6.75310152e-07  9.00736708e-01  9.26074536e-03  5.82209944e-01  3.94586534e-03  1.67398148e-01 -6.15343509e-03 
 1.04472022e+01  4.33350359e-08 -6.37070967e-07  4.34033321e-08 -6.43722228e-07  4.35895089e-08 -6.71237929e-07  4.34669462e-08 -6.74575542e-07  9.00746196e-01  9.24899536e-03  5.82236709e-01  3.93953269e-03  1.67406101e-01 -6.14743077e-03 
 1.04592369e+01  4.32351142e-08 -6.36292521e-07  4.33034022e-08 -6.42951514e-07  4.34894942e-08 -6.70500181e-07  4.33669100e-08 -6.73841798e-07  9.00755700e-01  9.23725704e-03  5.82263535e-01  3.93320470e-03  1.67414076e-01 -6.14143450e-03 
 1.04712855e+01  4.31354206e-08 -6.35514885e-07  4.32037005e-08 -6.42181619e-07  4.33897072e-08 -6.69763294e-07  4.32671015e-08 -6.73108921e-07  9.00765220e-01  9.22553038e-03  5.82290422e-01  3.92688139e-03  1.67422075e-01 -6.13544625e-03 
 1.04833479e+01  4.30359545e-08 -6.34738057e-07  4.31042262e-08 -6.41412541e-07  4.32901476e-08 -6.69027267e-07  4.31675203e-08 -6.72376908e-07  9.00774756e-01  9.21381536e-03  5.82317370e-01  3.92056273e-03  1.67430097e-01 -6.12946602e-03 
 1.04954243e+01  4.29367155e-08 -6.33962036e-07  4.30049790e-08 -6.40644280e-07  4.31908149e-08 -6.68292100e-07  4.30681659e-08 -6.71645760e-07  9.00784307e-01  9.20211198e-03  5.82344380e-01  3.91424872e-03  1.67438143e-01 -6.12349381e-03 
 1.05075145e+01  4.28377030e-08 -6.33186822e-07  4.29059583e-08 -6.39876835e-07  4.30917083e-08 -6.67557790e-07  4.29690377e-08 -6.70915476e-07  9.00793874e-01  9.19042022e-03  5.82371450e-01  3.90793935e-03  1.67446211e-01 -6.11752961e-03 
 1.05196187e+01  4.27389165e-08 -6.32412414e-07  4.28071637e-08 -6.39110205e-07  4.29928276e-08 -6.66824338e-07  4.28701352e-08 -6.70186054e-07  9.00803457e-01  9.17874006e-03  5.82398582e-01  3.90163462e-03  1.67454303e-01 -6.11157341e-03 
 1.05317369e+01  4.26403556e-08 -6.31638811e-07  4.27085945e-08 -6.38344388e-07  4.28941722e-08 -6.66091743e-07  4.27714580e-08 -6.69457494e-07  9.00813056e-01  9.16707149e-03  5.82425776e-01  3.89533450e-03  1.67462419e-01 -6.10562521e-03 
 1.05438690e+01  4.25420196e-08 -6.30866011e-07  4.26102503e-08 -6.37579384e-07  4.27957415e-08 -6.65360003e-07  4.26730054e-08 -6.68729795e-07  9.00822672e-01  9.15541450e-03  5.82453031e-01  3.88903900e-03  1.67470558e-01 -6.09968500e-03 
 1.05560150e+01  4.24439082e-08 -6.30094014e-07  4.25121305e-08 -6.36815193e-07  4.26975350e-08 -6.64629118e-07  4.25747771e-08 -6.68002956e-07  9.00832303e-01  9.14376907e-03  5.82480348e-01  3.88274811e-03  1.67478720e-01 -6.09375277e-03 
 1.05681751e+01  4.23460207e-08 -6.29322819e-07  4.24142348e-08 -6.36051812e-07  4.25995523e-08 -6.63899086e-07  4.24767725e-08 -6.67276977e-07  9.00841950e-01  9.13213518e-03  5.82507728e-01  3.87646181e-03  1.67486906e-01 -6.08782853e-03 
 1.05803492e+01  4.22483568e-08 -6.28552425e-07  4.23165625e-08 -6.35289242e-07  4.25017929e-08 -6.63169908e-07  4.23789910e-08 -6.66551856e-07  9.00851614e-01  9.12051283e-03  5.82535169e-01  3.87018009e-03  1.67495115e-01 -6.08191225e-03 
 1.05925373e+01  4.21509158e-08 -6.27782831e-07  4.22191132e-08 -6.34527481e-07  4.24042561e-08 -6.62441582e-07  4.22814323e-08 -6.65827592e-07  9.00861293e-01  9.10890199e-03  5.82562673e-01  3.86390296e-03  1.67503348e-01 -6.07600394e-03 
 1.06047394e+01  4.20536973e-08 -6.27014036e-07  4.21218863e-08 -6.33766528e-07  4.23069416e-08 -6.61714108e-07  4.21840957e-08 -6.65104185e-07  9.00870989e-01  9.09730265e-03  5.82590240e-01  3.85763040e-03  1.67511605e-01 -6.07010359e-03 
 1.06169556e+01  4.19567008e-08 -6.26246039e-07  4.20248813e-08 -6.33006383e-07  4.22098488e-08 -6.60987484e-07  4.20869808e-08 -6.64381634e-07  9.00880702e-01  9.08571481e-03  5.82617869e-01  3.85136239e-03  1.67519886e-01 -6.06421119e-03 
 1.06291858e+01  4.18599257e-08 -6.25478839e-07  4.19280979e-08 -6.32247044e-07  4.21129773e-08 -6.60261709e-07  4.19900870e-08 -6.63659938e-07  9.00890431e-01  9.07413844e-03  5.82645562e-01  3.84509894e-03  1.67528190e-01 -6.05832673e-03 
 1.06414302e+01  4.17633717e-08 -6.24712436e-07  4.18315353e-08 -6.31488510e-07  4.20163264e-08 -6.59536784e-07  4.18934140e-08 -6.62939096e-07  9.00900176e-01  9.06257353e-03  5.82673317e-01  3.83884003e-03  1.67536518e-01 -6.05245022e-03 
 1.06536886e+01  4.16670381e-08 -6.23946828e-07  4.17351933e-08 -6.30730782e-07  4.19198958e-08 -6.58812706e-07  4.17969611e-08 -6.62219107e-07  9.00909938e-01  9.05102006e-03  5.82701136e-01  3.83258565e-03  1.67544870e-01 -6.04658163e-03 
 1.06659612e+01  4.15709245e-08 -6.23182014e-07  4.16390712e-08 -6.29973857e-07  4.18236849e-08 -6.58089475e-07  4.17007279e-08 -6.61499971e-07  9.00919716e-01  9.03947802e-03  5.82729018e-01  3.82633580e-03  1.67553246e-01 -6.04072098e-03 
 1.06782479e+01  4.14750303e-08 -6.22417994e-07  4.15431685e-08 -6.29217735e-07  4.17276933e-08 -6.57367091e-07  4.16047138e-08 -6.60781687e-07  9.00929511e-01  9.02794741e-03  5.82756964e-01  3.82009047e-03  1.67561646e-01 -6.03486824e-03 
 1.06905488e+01  4.13793552e-08 -6.21654767e-07  4.14474848e-08 -6.28462414e-07  4.16319203e-08 -6.56645552e-07  4.15089185e-08 -6.60064253e-07  9.00939323e-01  9.01642819e-03  5.82784973e-01  3.81384964e-03  1.67570070e-01 -6.02902342e-03 
 1.07028638e+01  4.12838985e-08 -6.20892331e-07  4.13520196e-08 -6.27707895e-07  4.15363656e-08 -6.55924858e-07  4.14133413e-08 -6.59347670e-07  9.00949151e-01  9.00492036e-03  5.82813046e-01  3.80761332e-03  1.67578518e-01 -6.02318651e-03 
 1.07151931e+01  4.11886599e-08 -6.20130686e-07  4.12567723e-08 -6.26954176e-07  4.14410287e-08 -6.55205007e-07  4.13179818e-08 -6.58631935e-07  9.00958997e-01  8.99342391e-03  5.82841184e-01  3.80138148e-03  1.67586990e-01 -6.01735750e-03 
 1.07275365e+01  4.10936387e-08 -6.19369831e-07  4.11617426e-08 -6.26201256e-07  4.13459090e-08 -6.54485999e-07  4.12228395e-08 -6.57917049e-07  9.00968859e-01  8.98193881e-03  5.82869386e-01  3.79515412e-03  1.67595487e-01 -6.01153638e-03 
 1.07398941e+01  4.09988346e-08 -6.18609764e-07  4.10669298e-08 -6.25449134e-07  4.12510060e-08 -6.53767833e-07  4.11279140e-08 -6.57203010e-07  9.00978738e-01  8.97046506e-03  5.82897652e-01  3.78893124e-03  1.67604008e-01 -6.00572315e-03 
 1.07522660e+01  4.09042470e-08 -6.17850486e-07  4.09723335e-08 -6.24697809e-07  4.11563193e-08 -6.53050508e-07  4.10332046e-08 -6.56489818e-07  9.00988634e-01  8.95900264e-03  5.82925982e-01  3.78271281e-03  1.67612553e-01 -5.99991781e-03 
 1.07646521e+01  4.08098754e-08 -6.17091995e-07  4.08779532e-08 -6.23947281e-07  4.10618484e-08 -6.52334024e-07  4.09387110e-08 -6.55777471e-07  9.00998547e-01  8.94755154e-03  5.82954378e-01  3.77649885e-03  1.67621122e-01 -5.99412034e-03 
 1.07770525e+01  4.07157194e-08 -6.16334289e-07  4.07837885e-08 -6.23197548e-07  4.09675928e-08 -6.51618379e-07  4.08444326e-08 -6.55065970e-07  9.01008477e-01  8.93611174e-03  5.82982838e-01  3.77028932e-03  1.67629716e-01 -5.98833074e-03 
 1.07894672e+01  4.06217784e-08 -6.15577369e-07  4.06898388e-08 -6.22448610e-07  4.08735520e-08 -6.50903572e-07  4.07503689e-08 -6.54355312e-07  9.01018424e-01  8.92468322e-03  5.83011363e-01  3.76408424e-03  1.67638334e-01 -5.98254900e-03 
 1.08018962e+01  4.05280520e-08 -6.14821233e-07  4.05961036e-08 -6.21700466e-07  4.07797255e-08 -6.50189604e-07  4.06565195e-08 -6.53645498e-07  9.01028389e-01  8.91326599e-03  5.83039954e-01  3.75788358e-03  1.67646977e-01 -5.97677513e-03 
 1.08143395e+01  4.04345397e-08 -6.14065880e-07  4.05025825e-08 -6.20953114e-07  4.06861128e-08 -6.49476472e-07  4.05628839e-08 -6.52936526e-07  9.01038371e-01  8.90186000e-03  5.83068610e-01  3.75168734e-03  1.67655644e-01 -5.97100910e-03 
 1.08267972e+01  4.03412410e-08 -6.13311310e-07  4.04092750e-08 -6.20206554e-07  4.05927134e-08 -6.48764177e-07  4.04694616e-08 -6.52228396e-07  9.01048370e-01  8.89046527e-03  5.83097332e-01  3.74549551e-03  1.67664336e-01 -5.96525092e-03 
 1.08392691e+01  4.02481555e-08 -6.12557522e-07  4.03161806e-08 -6.19460785e-07  4.04995270e-08 -6.48052716e-07  4.03762521e-08 -6.51521107e-07  9.01058386e-01  8.87908176e-03  5.83126119e-01  3.73930808e-03  1.67673053e-01 -5.95950058e-03 
 1.08517555e+01  4.01552825e-08 -6.11804513e-07  4.02232988e-08 -6.18715806e-07  4.04065529e-08 -6.47342090e-07  4.02832549e-08 -6.50814657e-07  9.01068420e-01  8.86770948e-03  5.83154972e-01  3.73312504e-03  1.67681794e-01 -5.95375807e-03 
 1.08642562e+01  4.00626218e-08 -6.11052285e-07  4.01306292e-08 -6.17971616e-07  4.03137907e-08 -6.46632298e-07  4.01904696e-08 -6.50109047e-07  9.01078471e-01  8.85634839e-03  5.83183892e-01  3.72694638e-03  1.67690560e-01 -5.94802339e-03 
 1.08767714e+01  3.99701727e-08 -6.10300835e-07  4.00381712e-08 -6.17228214e-07  4.02212399e-08 -6.45923338e-07  4.00978956e-08 -6.49404275e-07  9.01088540e-01  8.84499849e-03  5.83212877e-01  3.72077210e-03  1.67699351e-01 -5.94229653e-03 
 1.08893009e+01  3.98779348e-08 -6.09550163e-07  3.99459244e-08 -6.16485600e-07  4.01289000e-08 -6.45215210e-07  4.00055325e-08 -6.48700340e-07  9.01098627e-01  8.83365977e-03  5.83241930e-01  3.71460219e-03  1.67708167e-01 -5.93657748e-03 
 1.09018449e+01  3.97859077e-08 -6.08800268e-07  3.98538883e-08 -6.15743772e-07  4.00367706e-08 -6.44507914e-07  3.99133798e-08 -6.47997242e-07  9.01108731e-01  8.82233220e-03  5.83271048e-01  3.70843663e-03  1.67717007e-01 -5.93086624e-03 
 1.09144034e+01  3.96940908e-08 -6.08051149e-07  3.97620624e-08 -6.15002730e-07  3.99448512e-08 -6.43801447e-07  3.98214371e-08 -6.47294979e-07  9.01118853e-01  8.81101578e-03  5.83300234e-01  3.70227542e-03  1.67725873e-01 -5.92516280e-03 
 1.09269763e+01  3.96024837e-08 -6.07302805e-07  3.96704462e-08 -6.14262472e-07  3.98531413e-08 -6.43095810e-07  3.97297038e-08 -6.46593552e-07  9.01128992e-01  8.79971050e-03  5.83329486e-01  3.69611855e-03  1.67734764e-01 -5.91946716e-03 
 1.09395637e+01  3.95110858e-08 -6.06555235e-07  3.95790394e-08 -6.13522997e-07  3.97616405e-08 -6.42391001e-07  3.96381795e-08 -6.45892959e-07  9.01139150e-01  8.78841633e-03  5.83358806e-01  3.68996600e-03  1.67743679e-01 -5.91377931e-03 
 1.09521656e+01  3.94198969e-08 -6.05808438e-07  3.94878413e-08 -6.12784306e-07  3.96703482e-08 -6.41687021e-07  3.95468637e-08 -6.45193199e-07  9.01149325e-01  8.77713326e-03  5.83388193e-01  3.68381778e-03  1.67752620e-01 -5.90809924e-03 
 1.09647820e+01  3.93289162e-08 -6.05062413e-07  3.93968516e-08 -6.12046396e-07  3.95792640e-08 -6.40983867e-07  3.94557559e-08 -6.44494272e-07  9.01159519e-01  8.76586128e-03  5.83417648e-01  3.67767387e-03  1.67761587e-01 -5.90242695e-03 
 1.09774129e+01  3.92381435e-08 -6.04317160e-07  3.93060698e-08 -6.11309268e-07  3.94883874e-08 -6.40281539e-07  3.93648557e-08 -6.43796176e-07  9.01169730e-01  8.75460037e-03  5.83447170e-01  3.67153427e-03  1.67770578e-01 -5.89676244e-03 
 1.09900584e+01  3.91475782e-08 -6.03572678e-07  3.92154953e-08 -6.10572919e-07  3.93977179e-08 -6.39580036e-07  3.92741626e-08 -6.43098911e-07  9.01179959e-01  8.74335053e-03  5.83476760e-01  3.66539895e-03  1.67779595e-01 -5.89110568e-03 
 1.10027185e+01  3.90572198e-08 -6.02828965e-07  3.91251278e-08 -6.09837350e-07  3.93072551e-08 -6.38879357e-07  3.91836761e-08 -6.42402476e-07  9.01190207e-01  8.73211173e-03  5.83506418e-01  3.65926793e-03  1.67788637e-01 -5.88545669e-03 
 1.10153931e+01  3.89670679e-08 -6.02086020e-07  3.90349667e-08 -6.09102559e-07  3.92169985e-08 -6.38179503e-07  3.90933957e-08 -6.41706870e-07  9.01200473e-01  8.72088396e-03  5.83536144e-01  3.65314117e-03  1.67797704e-01 -5.87981545e-03 
 1.10280823e+01  3.88771220e-08 -6.01343844e-07  3.89450116e-08 -6.08368545e-07  3.91269477e-08 -6.37480471e-07  3.90033211e-08 -6.41012093e-07  9.01210757e-01  8.70966721e-03  5.83565938e-01  3.64701869e-03  1.67806797e-01 -5.87418195e-03 
 1.10407862e+01  3.87873817e-08 -6.00602434e-07  3.88552620e-08 -6.07635308e-07  3.90371022e-08 -6.36782260e-07  3.89134516e-08 -6.40318143e-07  9.01221059e-01  8.69846147e-03  5.83595802e-01  3.64090047e-03  1.67815916e-01 -5.86855620e-03 
 1.10535047e+01  3.86978464e-08 -5.99861790e-07  3.87657175e-08 -6.06902846e-07  3.89474614e-08 -6.36084871e-07  3.88237869e-08 -6.39625020e-07  9.01231380e-01  8.68726671e-03  5.83625733e-01  3.63478649e-03  1.67825060e-01 -5.86293818e-03 
 1.10662378e+01  3.86085158e-08 -5.99121911e-07  3.86763776e-08 -6.06171159e-07  3.88580250e-08 -6.35388303e-07  3.87343266e-08 -6.38932723e-07  9.01241719e-01  8.67608293e-03  5.83655734e-01  3.62867676e-03  1.67834230e-01 -5.85732789e-03 
 1.10789857e+01  3.85193893e-08 -5.98382796e-07  3.85872418e-08 -6.05440246e-07  3.87687925e-08 -6.34692553e-07  3.86450700e-08 -6.38241251e-07  9.01252076e-01  8.66491011e-03  5.83685804e-01  3.62257125e-03  1.67843425e-01 -5.85172533e-03 
 1.10917482e+01  3.84304665e-08 -5.97644445e-07  3.84983097e-08 -6.04710105e-07  3.86797634e-08 -6.33997622e-07  3.85560168e-08 -6.37550603e-07  9.01262453e-01  8.65374824e-03  5.83715943e-01  3.61646997e-03  1.67852646e-01 -5.84613048e-03 
 1.11045254e+01  3.83417470e-08 -5.96906855e-07  3.84095807e-08 -6.03980737e-07  3.85909372e-08 -6.33303509e-07  3.84671665e-08 -6.36860779e-07  9.01272847e-01  8.64259730e-03  5.83746152e-01  3.61037291e-03  1.67861893e-01 -5.84054334e-03 
 1.11173173e+01  3.82532302e-08 -5.96170027e-07  3.83210546e-08 -6.03252140e-07  3.85023136e-08 -6.32610213e-07  3.83785186e-08 -6.36171778e-07  9.01283261e-01  8.63145728e-03  5.83776430e-01  3.60428004e-03  1.67871166e-01 -5.83496391e-03 
 1.11301239e+01  3.81649158e-08 -5.95433960e-07  3.82327307e-08 -6.02524313e-07  3.84138920e-08 -6.31917733e-07  3.82900728e-08 -6.35483598e-07  9.01293693e-01  8.62032817e-03  5.83806778e-01  3.59819138e-03  1.67880465e-01 -5.82939218e-03 
 1.11429453e+01  3.80768032e-08 -5.94698652e-07  3.81446087e-08 -6.01797255e-07  3.83256719e-08 -6.31226069e-07  3.82018284e-08 -6.34796239e-07  9.01304144e-01  8.60920995e-03  5.83837196e-01  3.59210690e-03  1.67889789e-01 -5.82382814e-03 
 1.11557815e+01  3.79888920e-08 -5.93964103e-07  3.80566880e-08 -6.01070965e-07  3.82376530e-08 -6.30535218e-07  3.81137851e-08 -6.34109701e-07  9.01314614e-01  8.59810260e-03  5.83867684e-01  3.58602660e-03  1.67899140e-01 -5.81827179e-03 
 1.11686325e+01  3.79011818e-08 -5.93230311e-07  3.79689683e-08 -6.00345443e-07  3.81498348e-08 -6.29845182e-07  3.80259425e-08 -6.33423982e-07  9.01325102e-01  8.58700612e-03  5.83898242e-01  3.57995047e-03  1.67908517e-01 -5.81272311e-03 
 1.11814982e+01  3.78136721e-08 -5.92497277e-07  3.78814491e-08 -5.99620688e-07  3.80622167e-08 -6.29155958e-07  3.79382999e-08 -6.32739082e-07  9.01335610e-01  8.57592048e-03  5.83928871e-01  3.57387850e-03  1.67917920e-01 -5.80718212e-03 
 1.11943788e+01  3.77263624e-08 -5.91764998e-07  3.77941298e-08 -5.98896699e-07  3.79747985e-08 -6.28467547e-07  3.78508571e-08 -6.32054999e-07  9.01346137e-01  8.56484568e-03  5.83959571e-01  3.56781068e-03  1.67927349e-01 -5.80164879e-03 
 1.12072743e+01  3.76392523e-08 -5.91033474e-07  3.77070101e-08 -5.98173474e-07  3.78875795e-08 -6.27779946e-07  3.77636136e-08 -6.31371733e-07  9.01356683e-01  8.55378170e-03  5.83990342e-01  3.56174700e-03  1.67936805e-01 -5.79612313e-03 
 1.12201845e+01  3.75523413e-08 -5.90302705e-07  3.76200896e-08 -5.97451013e-07  3.78005594e-08 -6.27093156e-07  3.76765688e-08 -6.30689284e-07  9.01367248e-01  8.54272853e-03  5.84021183e-01  3.55568746e-03  1.67946287e-01 -5.79060512e-03 
 1.12331097e+01  3.74656290e-08 -5.89572689e-07  3.75333676e-08 -5.96729316e-07  3.77137377e-08 -6.26407176e-07  3.75897224e-08 -6.30007650e-07  9.01377832e-01  8.53168615e-03  5.84052096e-01  3.54963204e-03  1.67955795e-01 -5.78509477e-03 
 1.12460497e+01  3.73791150e-08 -5.88843425e-07  3.74468440e-08 -5.96008380e-07  3.76271139e-08 -6.25722004e-07  3.75030739e-08 -6.29326831e-07  9.01388435e-01  8.52065455e-03  5.84083081e-01  3.54358074e-03  1.67965329e-01 -5.77959206e-03 
 1.12590047e+01  3.72927987e-08 -5.88114913e-07  3.73605180e-08 -5.95288206e-07  3.75406876e-08 -6.25037641e-07  3.74166228e-08 -6.28646825e-07  9.01399058e-01  8.50963372e-03  5.84114137e-01  3.53753354e-03  1.67974890e-01 -5.77409699e-03 
 1.12719746e+01  3.72066798e-08 -5.87387151e-07  3.72743894e-08 -5.94568792e-07  3.74544584e-08 -6.24354084e-07  3.73303687e-08 -6.27967632e-07  9.01409700e-01  8.49862363e-03  5.84145265e-01  3.53149044e-03  1.67984478e-01 -5.76860956e-03 
 1.12849594e+01  3.71207578e-08 -5.86660138e-07  3.71884577e-08 -5.93850138e-07  3.73684258e-08 -6.23671334e-07  3.72443112e-08 -6.27289252e-07  9.01420362e-01  8.48762428e-03  5.84176465e-01  3.52545143e-03  1.67994092e-01 -5.76312976e-03 
 1.12979591e+01  3.70350323e-08 -5.85933875e-07  3.71027223e-08 -5.93132243e-07  3.72825894e-08 -6.22989389e-07  3.71584498e-08 -6.26611683e-07  9.01431043e-01  8.47663566e-03  5.84207737e-01  3.51941650e-03  1.68003733e-01 -5.75765757e-03 
 1.13109739e+01  3.69495027e-08 -5.85208359e-07  3.70171830e-08 -5.92415105e-07  3.71969487e-08 -6.22308249e-07  3.70727840e-08 -6.25934924e-07  9.01441744e-01  8.46565774e-03  5.84239081e-01  3.51338564e-03  1.68013401e-01 -5.75219301e-03 
 1.13240036e+01  3.68641687e-08 -5.84483591e-07  3.69318392e-08 -5.91698724e-07  3.71115033e-08 -6.21627913e-07  3.69873134e-08 -6.25258975e-07  9.01452464e-01  8.45469052e-03  5.84270498e-01  3.50735885e-03  1.68023095e-01 -5.74673605e-03 
 1.13370484e+01  3.67790299e-08 -5.83759568e-07  3.68466905e-08 -5.90983099e-07  3.70262526e-08 -6.20948380e-07  3.69020377e-08 -6.24583836e-07  9.01463204e-01  8.44373398e-03  5.84301988e-01  3.50133610e-03  1.68032817e-01 -5.74128670e-03 
 1.13501082e+01  3.66940857e-08 -5.83036291e-07  3.67617364e-08 -5.90268229e-07  3.69411964e-08 -6.20269650e-07  3.68169562e-08 -6.23909504e-07  9.01473964e-01  8.43278810e-03  5.84333551e-01  3.49531740e-03  1.68042565e-01 -5.73584495e-03 
 1.13631830e+01  3.66093357e-08 -5.82313758e-07  3.66769766e-08 -5.89554113e-07  3.68563341e-08 -6.19591720e-07  3.67320687e-08 -6.23235980e-07  9.01484744e-01  8.42185288e-03  5.84365187e-01  3.48930273e-03  1.68052340e-01 -5.73041079e-03 
 1.13762729e+01  3.65247796e-08 -5.81591968e-07  3.65924105e-08 -5.88840751e-07  3.67716654e-08 -6.18914592e-07  3.66473746e-08 -6.22563262e-07  9.01495543e-01  8.41092830e-03  5.84396896e-01  3.48329209e-03  1.68062142e-01 -5.72498422e-03 
 1.13893778e+01  3.64404168e-08 -5.80870921e-07  3.65080378e-08 -5.88128141e-07  3.66871897e-08 -6.18238263e-07  3.65628735e-08 -6.21891350e-07  9.01506363e-01  8.40001435e-03  5.84428679e-01  3.47728547e-03  1.68071972e-01 -5.71956523e-03 
 1.14024979e+01  3.63562470e-08 -5.80150615e-07  3.64238580e-08 -5.87416283e-07  3.66029066e-08 -6.17562734e-07  3.64785650e-08 -6.21220243e-07  9.01517202e-01  8.38911100e-03  5.84460536e-01  3.47128286e-03  1.68081828e-01 -5.71415382e-03 
 1.14156330e+01  3.62722696e-08 -5.79431050e-07  3.63398706e-08 -5.86705175e-07  3.65188157e-08 -6.16888002e-07  3.63944486e-08 -6.20549940e-07  9.01528062e-01  8.37821825e-03  5.84492466e-01  3.46528424e-03  1.68091712e-01 -5.70874998e-03 
 1.14287833e+01  3.61884843e-08 -5.78712225e-07  3.62560753e-08 -5.85994817e-07  3.64349166e-08 -6.16214068e-07  3.63105239e-08 -6.19880441e-07  9.01538942e-01  8.36733609e-03  5.84524471e-01  3.45928962e-03  1.68101622e-01 -5.70335370e-03 
 1.14419488e+01  3.61048906e-08 -5.77994139e-07  3.61724715e-08 -5.85285209e-07  3.63512088e-08 -6.15540931e-07  3.62267904e-08 -6.19211744e-07  9.01549842e-01  8.35646450e-03  5.84556549e-01  3.45329897e-03  1.68111561e-01 -5.69796498e-03 
 1.14551294e+01  3.60214881e-08 -5.77276791e-07  3.60890589e-08 -5.84576348e-07  3.62676919e-08 -6.14868590e-07  3.61432478e-08 -6.18543849e-07  9.01560762e-01  8.34560346e-03  5.84588703e-01  3.44731230e-03  1.68121526e-01 -5.69258381e-03 
 1.14683252e+01  3.59382763e-08 -5.76560180e-07  3.60058370e-08 -5.83868234e-07  3.61843654e-08 -6.14197043e-07  3.60598956e-08 -6.17876755e-07  9.01571703e-01  8.33475296e-03  5.84620931e-01  3.44132959e-03  1.68131519e-01 -5.68721020e-03 
 1.14815362e+01  3.58552549e-08 -5.75844305e-07  3.59228055e-08 -5.83160867e-07  3.61012290e-08 -6.13526291e-07  3.59767334e-08 -6.17210462e-07  9.01582664e-01  8.32391299e-03  5.84653234e-01  3.43535083e-03  1.68141540e-01 -5.68184412e-03 
 1.14947624e+01  3.57724234e-08 -5.75129166e-07  3.58399638e-08 -5.82454245e-07  3.60182821e-08 -6.12856333e-07  3.58937607e-08 -6.16544968e-07  9.01593645e-01  8.31308354e-03  5.84685612e-01  3.42937602e-03  1.68151588e-01 -5.67648558e-03 
 1.15080039e+01  3.56897813e-08 -5.74414761e-07  3.57573115e-08 -5.81748368e-07  3.59355245e-08 -6.12187167e-07  3.58109771e-08 -6.15880272e-07  9.01604647e-01  8.30226458e-03  5.84718065e-01  3.42340515e-03  1.68161664e-01 -5.67113457e-03 
 1.15212606e+01  3.56073282e-08 -5.73701089e-07  3.56748482e-08 -5.81043234e-07  3.58529555e-08 -6.11518793e-07  3.57283821e-08 -6.15216374e-07  9.01615670e-01  8.29145611e-03  5.84750593e-01  3.41743820e-03  1.68171767e-01 -5.66579109e-03 
 1.15345326e+01  3.55250638e-08 -5.72988151e-07  3.55925735e-08 -5.80338844e-07  3.57705748e-08 -6.10851210e-07  3.56459754e-08 -6.14553274e-07  9.01626713e-01  8.28065812e-03  5.84783198e-01  3.41147517e-03  1.68181899e-01 -5.66045512e-03 
 1.15478198e+01  3.54429875e-08 -5.72275944e-07  3.55104870e-08 -5.79635195e-07  3.56883821e-08 -6.10184417e-07  3.55637565e-08 -6.13890969e-07  9.01637777e-01  8.26987058e-03  5.84815878e-01  3.40551605e-03  1.68192058e-01 -5.65512667e-03 
 1.15611224e+01  3.53610990e-08 -5.71564468e-07  3.54285882e-08 -5.78932287e-07  3.56063767e-08 -6.09518413e-07  3.54817250e-08 -6.13229461e-07  9.01648862e-01  8.25909349e-03  5.84848634e-01  3.39956083e-03  1.68202245e-01 -5.64980573e-03 
 1.15744403e+01  3.52793978e-08 -5.70853722e-07  3.53468767e-08 -5.78230120e-07  3.55245584e-08 -6.08853199e-07  3.53998805e-08 -6.12568747e-07  9.01659967e-01  8.24832683e-03  5.84881466e-01  3.39360950e-03  1.68212459e-01 -5.64449228e-03 
 1.15877736e+01  3.51978836e-08 -5.70143706e-07  3.52653520e-08 -5.77528691e-07  3.54429267e-08 -6.08188772e-07  3.53182225e-08 -6.11908827e-07  9.01671094e-01  8.23757059e-03  5.84914375e-01  3.38766206e-03  1.68222702e-01 -5.63918634e-03 
 1.16011222e+01  3.51165558e-08 -5.69434417e-07  3.51840138e-08 -5.76828002e-07  3.53614812e-08 -6.07525132e-07  3.52367506e-08 -6.11249700e-07  9.01682242e-01  8.22682475e-03  5.84947361e-01  3.38171848e-03  1.68232973e-01 -5.63388788e-03 
 1.16144861e+01  3.50354140e-08 -5.68725857e-07  3.51028617e-08 -5.76128049e-07  3.52802214e-08 -6.06862279e-07  3.51554644e-08 -6.10591365e-07  9.01693410e-01  8.21608930e-03  5.84980423e-01  3.37577877e-03  1.68243272e-01 -5.62859691e-03 
 1.16278655e+01  3.49544580e-08 -5.68018022e-07  3.50218951e-08 -5.75428834e-07  3.51991469e-08 -6.06200211e-07  3.50743635e-08 -6.09933822e-07  9.01704600e-01  8.20536423e-03  5.85013563e-01  3.36984292e-03  1.68253600e-01 -5.62331343e-03 
 1.16412603e+01  3.48736871e-08 -5.67310913e-07  3.49411138e-08 -5.74730354e-07  3.51182574e-08 -6.05538928e-07  3.49934474e-08 -6.09277070e-07  9.01715811e-01  8.19464952e-03  5.85046779e-01  3.36391091e-03  1.68263955e-01 -5.61803741e-03 
 1.16546705e+01  3.47931010e-08 -5.66604529e-07  3.48605172e-08 -5.74032610e-07  3.50375523e-08 -6.04878429e-07  3.49127157e-08 -6.08621108e-07  9.01727043e-01  8.18394515e-03  5.85080073e-01  3.35798274e-03  1.68274339e-01 -5.61276887e-03 
 1.16680962e+01  3.47126993e-08 -5.65898869e-07  3.47801050e-08 -5.73335599e-07  3.49570313e-08 -6.04218713e-07  3.48321681e-08 -6.07965935e-07  9.01738296e-01  8.17325112e-03  5.85113445e-01  3.35205839e-03  1.68284751e-01 -5.60750778e-03 
 1.16815373e+01  3.46324816e-08 -5.65193932e-07  3.46998767e-08 -5.72639322e-07  3.48766940e-08 -6.03559779e-07  3.47518040e-08 -6.07311551e-07  9.01749571e-01  8.16256742e-03  5.85146895e-01  3.34613786e-03  1.68295192e-01 -5.60225416e-03 
 1.16949939e+01  3.45524474e-08 -5.64489717e-07  3.46198319e-08 -5.71943777e-07  3.47965399e-08 -6.02901627e-07  3.46716232e-08 -6.06657954e-07  9.01760867e-01  8.15189402e-03  5.85180422e-01  3.34022115e-03  1.68305661e-01 -5.59700799e-03 
 1.17084660e+01  3.44725963e-08 -5.63786224e-07  3.45399702e-08 -5.71248964e-07  3.47165686e-08 -6.02244256e-07  3.45916250e-08 -6.06005145e-07  9.01772185e-01  8.14123091e-03  5.85214028e-01  3.33430823e-03  1.68316159e-01 -5.59176926e-03 
 1.17219537e+01  3.43929280e-08 -5.63083450e-07  3.44602912e-08 -5.70554881e-07  3.46367797e-08 -6.01587664e-07  3.45118092e-08 -6.05353121e-07  9.01783524e-01  8.13057808e-03  5.85247713e-01  3.32839911e-03  1.68326685e-01 -5.58653798e-03 
 1.17354568e+01  3.43134420e-08 -5.62381396e-07  3.43807945e-08 -5.69861529e-07  3.45571728e-08 -6.00931852e-07  3.44321754e-08 -6.04701883e-07  9.01794885e-01  8.11993552e-03  5.85281476e-01  3.32249377e-03  1.68337240e-01 -5.58131413e-03 
 1.17489755e+01  3.42341378e-08 -5.61680061e-07  3.43014797e-08 -5.69168905e-07  3.44777475e-08 -6.00276818e-07  3.43527230e-08 -6.04051430e-07  9.01806268e-01  8.10930321e-03  5.85315317e-01  3.31659220e-03  1.68347824e-01 -5.57609771e-03 
 1.17625098e+01  3.41550152e-08 -5.60979444e-07  3.42223463e-08 -5.68477009e-07  3.43985034e-08 -5.99622562e-07  3.42734518e-08 -6.03401760e-07  9.01817672e-01  8.09868114e-03  5.85349238e-01  3.31069440e-03  1.68358437e-01 -5.57088871e-03 
 1.17760597e+01  3.40760736e-08 -5.60279543e-07  3.41433940e-08 -5.67785840e-07  3.43194400e-08 -5.98969083e-07  3.41943612e-08 -6.02752873e-07  9.01829099e-01  8.08806930e-03  5.85383239e-01  3.30480035e-03  1.68369079e-01 -5.56568714e-03 
 1.17896252e+01  3.39973127e-08 -5.59580358e-07  3.40646222e-08 -5.67095398e-07  3.42405569e-08 -5.98316380e-07  3.41154510e-08 -6.02104769e-07  9.01840547e-01  8.07746767e-03  5.85417318e-01  3.29891005e-03  1.68379749e-01 -5.56049298e-03 
 1.18032064e+01  3.39187320e-08 -5.58881889e-07  3.39860307e-08 -5.66405681e-07  3.41618538e-08 -5.97664452e-07  3.40367205e-08 -6.01457446e-07  9.01852017e-01  8.06687623e-03  5.85451478e-01  3.29302348e-03  1.68390449e-01 -5.55530622e-03 
 1.18168031e+01  3.38403312e-08 -5.58184134e-07  3.39076190e-08 -5.65716689e-07  3.40833302e-08 -5.97013299e-07  3.39581696e-08 -6.00810904e-07  9.01863509e-01  8.05629498e-03  5.85485717e-01  3.28714065e-03  1.68401178e-01 -5.55012687e-03 
 1.18304156e+01  3.37621098e-08 -5.57487092e-07  3.38293868e-08 -5.65028420e-07  3.40049857e-08 -5.96362920e-07  3.38797977e-08 -6.00165143e-07  9.01875024e-01  8.04572389e-03  5.85520036e-01  3.28126153e-03  1.68411936e-01 -5.54495492e-03 
 1.18440437e+01  3.36840674e-08 -5.56790762e-07  3.37513335e-08 -5.64340875e-07  3.39268199e-08 -5.95713313e-07  3.38016044e-08 -5.99520160e-07  9.01886560e-01  8.03516297e-03  5.85554436e-01  3.27538612e-03  1.68422723e-01 -5.53979036e-03 
 1.18576875e+01  3.36062037e-08 -5.56095145e-07  3.36734588e-08 -5.63654051e-07  3.38488324e-08 -5.95064479e-07  3.37235894e-08 -5.98875956e-07  9.01898119e-01  8.02461218e-03  5.85588916e-01  3.26951442e-03  1.68433539e-01 -5.53463319e-03 
 1.18713470e+01  3.35285181e-08 -5.55400238e-07  3.35957623e-08 -5.62967949e-07  3.37710228e-08 -5.94416416e-07  3.36457522e-08 -5.98232529e-07  9.01909700e-01  8.01407153e-03  5.85623477e-01  3.26364640e-03  1.68444385e-01 -5.52948340e-03 
 1.18850223e+01  3.34510104e-08 -5.54706041e-07  3.35182436e-08 -5.62282567e-07  3.36933907e-08 -5.93769124e-07  3.35680925e-08 -5.97589879e-07  9.01921303e-01  8.00354099e-03  5.85658119e-01  3.25778207e-03  1.68455261e-01 -5.52434098e-03 
 1.18987133e+01  3.33736801e-08 -5.54012553e-07  3.34409023e-08 -5.61597905e-07  3.36159357e-08 -5.93122601e-07  3.34906097e-08 -5.96948006e-07  9.01932929e-01  7.99302055e-03  5.85692842e-01  3.25192141e-03  1.68466165e-01 -5.51920594e-03 
 1.19124201e+01  3.32965269e-08 -5.53319773e-07  3.33637380e-08 -5.60913961e-07  3.35386574e-08 -5.92476848e-07  3.34133036e-08 -5.96306908e-07  9.01944578e-01  7.98251021e-03  5.85727646e-01  3.24606442e-03  1.68477100e-01 -5.51407826e-03 
 1.19261427e+01  3.32195502e-08 -5.52627700e-07  3.32867502e-08 -5.60230735e-07  3.34615554e-08 -5.91831863e-07  3.33361737e-08 -5.95666585e-07  9.01956249e-01  7.97200993e-03  5.85762532e-01  3.24021108e-03  1.68488064e-01 -5.50895794e-03 
 1.19398810e+01  3.31427497e-08 -5.51936334e-07  3.32099386e-08 -5.59548226e-07  3.33846292e-08 -5.91187646e-07  3.32592196e-08 -5.95027035e-07  9.01967942e-01  7.96151972e-03  5.85797500e-01  3.23436138e-03  1.68499057e-01 -5.50384497e-03 
 1.19536353e+01  3.30661251e-08 -5.51245673e-07  3.31333029e-08 -5.58866433e-07  3.33078786e-08 -5.90544195e-07  3.31824409e-08 -5.94388259e-07  9.01979659e-01  7.95103955e-03  5.85832550e-01  3.22851533e-03  1.68510081e-01 -5.49873935e-03 
 1.19674053e+01  3.29896759e-08 -5.50555717e-07  3.30568425e-08 -5.58185355e-07  3.32313030e-08 -5.89901511e-07  3.31058373e-08 -5.93750255e-07  9.01991398e-01  7.94056942e-03  5.85867682e-01  3.22267290e-03  1.68521134e-01 -5.49364108e-03 
 1.19811912e+01  3.29134017e-08 -5.49866465e-07  3.29805570e-08 -5.57504991e-07  3.31549021e-08 -5.89259591e-07  3.30294083e-08 -5.93113023e-07  9.02003160e-01  7.93010931e-03  5.85902896e-01  3.21683409e-03  1.68532217e-01 -5.48855015e-03 
 1.19949930e+01  3.28373021e-08 -5.49177916e-07  3.29044462e-08 -5.56825342e-07  3.30786755e-08 -5.88618436e-07  3.29531535e-08 -5.92476561e-07  9.02014945e-01  7.91965920e-03  5.85938193e-01  3.21099889e-03  1.68543331e-01 -5.48346655e-03 
 1.20088107e+01  3.27613767e-08 -5.48490069e-07  3.28285096e-08 -5.56146404e-07  3.30026228e-08 -5.87978045e-07  3.28770725e-08 -5.91840870e-07  9.02026753e-01  7.90921909e-03  5.85973573e-01  3.20516730e-03  1.68554474e-01 -5.47839028e-03 
 1.20226443e+01  3.26856252e-08 -5.47802923e-07  3.27527468e-08 -5.55468179e-07  3.29267436e-08 -5.87338417e-07  3.28011650e-08 -5.91205948e-07  9.02038584e-01  7.89878896e-03  5.86009036e-01  3.19933929e-03  1.68565647e-01 -5.47332133e-03 
 1.20364939e+01  3.26100471e-08 -5.47116478e-07  3.26771574e-08 -5.54790664e-07  3.28510375e-08 -5.86699551e-07  3.27254305e-08 -5.90571794e-07  9.02050438e-01  7.88836879e-03  5.86044582e-01  3.19351487e-03  1.68576851e-01 -5.46825970e-03 
 1.20503594e+01  3.25346421e-08 -5.46430732e-07  3.26017410e-08 -5.54113860e-07  3.27755041e-08 -5.86061446e-07  3.26498686e-08 -5.89938409e-07  9.02062315e-01  7.87795858e-03  5.86080212e-01  3.18769401e-03  1.68588084e-01 -5.46320538e-03 
 1.20642409e+01  3.24594097e-08 -5.45745685e-07  3.25264972e-08 -5.53437765e-07  3.27001430e-08 -5.85424102e-07  3.25744790e-08 -5.89305790e-07  9.02074216e-01  7.86755830e-03  5.86115925e-01  3.18187673e-03  1.68599349e-01 -5.45815837e-03 
 1.20781384e+01  3.23843496e-08 -5.45061335e-07  3.24514256e-08 -5.52762378e-07  3.26249539e-08 -5.84787518e-07  3.24992613e-08 -5.88673938e-07  9.02086140e-01  7.85716795e-03  5.86151723e-01  3.17606299e-03  1.68610643e-01 -5.45311866e-03 
 1.20920518e+01  3.23094613e-08 -5.44377683e-07  3.23765259e-08 -5.52087699e-07  3.25499362e-08 -5.84151693e-07  3.24242150e-08 -5.88042851e-07  9.02098087e-01  7.84678751e-03  5.86187604e-01  3.17025281e-03  1.68621968e-01 -5.44808624e-03 
 1.21059813e+01  3.22347446e-08 -5.43694726e-07  3.23017977e-08 -5.51413726e-07  3.24750898e-08 -5.83516627e-07  3.23493398e-08 -5.87412529e-07  9.02110058e-01  7.83641697e-03  5.86223570e-01  3.16444616e-03  1.68633324e-01 -5.44306112e-03 
 1.21199269e+01  3.21601989e-08 -5.43012465e-07  3.22272405e-08 -5.50740460e-07  3.24004141e-08 -5.82882318e-07  3.22746353e-08 -5.86782972e-07  9.02122052e-01  7.82605631e-03  5.86259621e-01  3.15864303e-03  1.68644710e-01 -5.43804329e-03 
 1.21338885e+01  3.20858239e-08 -5.42330898e-07  3.21528540e-08 -5.50067898e-07  3.23259087e-08 -5.82248766e-07  3.22001011e-08 -5.86154177e-07  9.02134071e-01  7.81570553e-03  5.86295756e-01  3.15284343e-03  1.68656127e-01 -5.43303273e-03 
 1.21478662e+01  3.20116193e-08 -5.41650025e-07  3.20786378e-08 -5.49396041e-07  3.22515733e-08 -5.81615970e-07  3.21257368e-08 -5.85526146e-07  9.02146112e-01  7.80536460e-03  5.86331976e-01  3.14704733e-03  1.68667574e-01 -5.42802946e-03 
 1.21618600e+01  3.19375846e-08 -5.40969844e-07  3.20045915e-08 -5.48724887e-07  3.21774076e-08 -5.80983929e-07  3.20515420e-08 -5.84898876e-07  9.02158178e-01  7.79503351e-03  5.86368282e-01  3.14125474e-03  1.68679052e-01 -5.42303345e-03 
 1.21758699e+01  3.18637194e-08 -5.40290355e-07  3.19307147e-08 -5.48054435e-07  3.21034110e-08 -5.80352643e-07  3.19775163e-08 -5.84272367e-07  9.02170267e-01  7.78471226e-03  5.86404673e-01  3.13546563e-03  1.68690562e-01 -5.41804471e-03 
 1.21898960e+01  3.17900235e-08 -5.39611557e-07  3.18570070e-08 -5.47384685e-07  3.20295833e-08 -5.79722110e-07  3.19036595e-08 -5.83646618e-07  9.02182381e-01  7.77440082e-03  5.86441150e-01  3.12968001e-03  1.68702102e-01 -5.41306323e-03 
 1.22039382e+01  3.17164963e-08 -5.38933449e-07  3.17834681e-08 -5.46715636e-07  3.19559240e-08 -5.79092331e-07  3.18299710e-08 -5.83021629e-07  9.02194518e-01  7.76409919e-03  5.86477713e-01  3.12389786e-03  1.68713673e-01 -5.40808900e-03 
 1.22179966e+01  3.16431375e-08 -5.38256030e-07  3.17100976e-08 -5.46047287e-07  3.18824327e-08 -5.78463304e-07  3.17564504e-08 -5.82397399e-07  9.02206679e-01  7.75380735e-03  5.86514362e-01  3.11811917e-03  1.68725276e-01 -5.40312203e-03 
 1.22320712e+01  3.15699467e-08 -5.37579300e-07  3.16368951e-08 -5.45379637e-07  3.18091091e-08 -5.77835029e-07  3.16830975e-08 -5.81773927e-07  9.02218865e-01  7.74352528e-03  5.86551097e-01  3.11234393e-03  1.68736909e-01 -5.39816230e-03 
 1.22461620e+01  3.14969235e-08 -5.36903257e-07  3.15638602e-08 -5.44712686e-07  3.17359529e-08 -5.77207504e-07  3.16099118e-08 -5.81151212e-07  9.02231075e-01  7.73325298e-03  5.86587919e-01  3.10657214e-03  1.68748574e-01 -5.39320981e-03 
 1.22602690e+01  3.14240677e-08 -5.36227900e-07  3.14909925e-08 -5.44046432e-07  3.16629635e-08 -5.76580729e-07  3.15368929e-08 -5.80529254e-07  9.02243309e-01  7.72299042e-03  5.86624828e-01  3.10080379e-03  1.68760270e-01 -5.38826455e-03 
 1.22743923e+01  3.13513787e-08 -5.35553230e-07  3.14182916e-08 -5.43380874e-07  3.15901406e-08 -5.75954704e-07  3.14640406e-08 -5.79908052e-07  9.02255567e-01  7.71273761e-03  5.86661823e-01  3.09503886e-03  1.68771997e-01 -5.38332653e-03 
 1.22885319e+01  3.12788562e-08 -5.34879244e-07  3.13457572e-08 -5.42716012e-07  3.15174840e-08 -5.75329427e-07  3.13913542e-08 -5.79287605e-07  9.02267850e-01  7.70249451e-03  5.86698907e-01  3.08927735e-03  1.68783756e-01 -5.37839573e-03 
 1.23026877e+01  3.12064998e-08 -5.34205943e-07  3.12733890e-08 -5.42051845e-07  3.14449931e-08 -5.74704898e-07  3.13188336e-08 -5.78667913e-07  9.02280157e-01  7.69226113e-03  5.86736077e-01  3.08351924e-03  1.68795547e-01 -5.37347215e-03 
 1.23168599e+01  3.11343092e-08 -5.33533325e-07  3.12011864e-08 -5.41388373e-07  3.13726675e-08 -5.74081116e-07  3.12464783e-08 -5.78048974e-07  9.02292489e-01  7.68203744e-03  5.86773335e-01  3.07776454e-03  1.68807369e-01 -5.36855579e-03 
 1.23310483e+01  3.10622840e-08 -5.32861389e-07  3.11291492e-08 -5.40725593e-07  3.13005071e-08 -5.73458080e-07  3.11742880e-08 -5.77430788e-07  9.02304845e-01  7.67182343e-03  5.86810682e-01  3.07201322e-03  1.68819223e-01 -5.36364663e-03 
 1.23452532e+01  3.09904237e-08 -5.32190134e-07  3.10572769e-08 -5.40063506e-07  3.12285112e-08 -5.72835790e-07  3.11022623e-08 -5.76813354e-07  9.02317226e-01  7.66161909e-03  5.86848116e-01  3.06626528e-03  1.68831109e-01 -5.35874468e-03 
 1.23594743e+01  3.09187281e-08 -5.31519561e-07  3.09855693e-08 -5.39402111e-07  3.11566796e-08 -5.72214245e-07  3.10304007e-08 -5.76196672e-07  9.02329632e-01  7.65142441e-03  5.86885639e-01  3.06052072e-03  1.68843026e-01 -5.35384994e-03 
 1.23737119e+01  3.08471968e-08 -5.30849667e-07  3.09140258e-08 -5.38741406e-07  3.10850120e-08 -5.71593444e-07  3.09587030e-08 -5.75580740e-07  9.02342063e-01  7.64123937e-03  5.86923251e-01  3.05477951e-03  1.68854975e-01 -5.34896238e-03 
 1.23879659e+01  3.07758293e-08 -5.30180452e-07  3.08426462e-08 -5.38081391e-07  3.10135078e-08 -5.70973386e-07  3.08871687e-08 -5.74965559e-07  9.02354519e-01  7.63106395e-03  5.86960951e-01  3.04904166e-03  1.68866957e-01 -5.34408202e-03 
 1.24022363e+01  3.07046253e-08 -5.29511916e-07  3.07714301e-08 -5.37422066e-07  3.09421668e-08 -5.70354070e-07  3.08157975e-08 -5.74351127e-07  9.02367000e-01  7.62089816e-03  5.86998741e-01  3.04330715e-03  1.68878970e-01 -5.33920884e-03 
 1.24165231e+01  3.06335845e-08 -5.28844057e-07  3.07003771e-08 -5.36763428e-07  3.08709886e-08 -5.69735497e-07  3.07445890e-08 -5.73737443e-07  9.02379506e-01  7.61074196e-03  5.87036620e-01  3.03757598e-03  1.68891015e-01 -5.33434284e-03 
 1.24308264e+01  3.05627065e-08 -5.28176874e-07  3.06294869e-08 -5.36105478e-07  3.07999728e-08 -5.69117664e-07  3.06735429e-08 -5.73124507e-07  9.02392037e-01  7.60059535e-03  5.87074588e-01  3.03184813e-03  1.68903093e-01 -5.32948402e-03 
 1.24451461e+01  3.04919908e-08 -5.27510367e-07  3.05587590e-08 -5.35448215e-07  3.07291190e-08 -5.68500572e-07  3.06026587e-08 -5.72512318e-07  9.02404593e-01  7.59045832e-03  5.87112647e-01  3.02612359e-03  1.68915203e-01 -5.32463236e-03 
 1.24594824e+01  3.04214372e-08 -5.26844534e-07  3.04881931e-08 -5.34791637e-07  3.06584269e-08 -5.67884219e-07  3.05319361e-08 -5.71900875e-07  9.02417175e-01  7.58033085e-03  5.87150795e-01  3.02040236e-03  1.68927346e-01 -5.31978787e-03 
 1.24738351e+01  3.03510453e-08 -5.26179376e-07  3.04177889e-08 -5.34135745e-07  3.05878961e-08 -5.67268606e-07  3.04613747e-08 -5.71290178e-07  9.02429781e-01  7.57021293e-03  5.87189034e-01  3.01468442e-03  1.68939520e-01 -5.31495055e-03 
 1.24882044e+01  3.02808146e-08 -5.25514890e-07  3.03475459e-08 -5.33480536e-07  3.05175263e-08 -5.66653730e-07  3.03909743e-08 -5.70680226e-07  9.02442414e-01  7.56010455e-03  5.87227363e-01  3.00896978e-03  1.68951728e-01 -5.31012037e-03 
 1.25025903e+01  3.02107449e-08 -5.24851077e-07  3.02774638e-08 -5.32826011e-07  3.04473170e-08 -5.66039592e-07  3.03207343e-08 -5.70071019e-07  9.02455072e-01  7.55000568e-03  5.87265783e-01  3.00325841e-03  1.68963968e-01 -5.30529735e-03 
 1.25169927e+01  3.01408358e-08 -5.24187935e-07  3.02075423e-08 -5.32172168e-07  3.03772679e-08 -5.65426190e-07  3.02506544e-08 -5.69462554e-07  9.02467755e-01  7.53991633e-03  5.87304294e-01  2.99755031e-03  1.68976240e-01 -5.30048148e-03 
 1.25314117e+01  3.00710869e-08 -5.23525464e-07  3.01377809e-08 -5.31519007e-07  3.03073787e-08 -5.64813524e-07  3.01807343e-08 -5.68854832e-07  9.02480465e-01  7.52983647e-03  5.87342896e-01  2.99184547e-03  1.68988546e-01 -5.29567274e-03 
 1.25458474e+01  3.00014978e-08 -5.22863663e-07  3.00681793e-08 -5.30866527e-07  3.02376489e-08 -5.64201594e-07  3.01109736e-08 -5.68247853e-07  9.02493200e-01  7.51976609e-03  5.87381590e-01  2.98614387e-03  1.69000884e-01 -5.29087114e-03 
 1.25602996e+01  2.99320682e-08 -5.22202530e-07  2.99987372e-08 -5.30214727e-07  3.01680783e-08 -5.63590397e-07  3.00413720e-08 -5.67641614e-07  9.02505960e-01  7.50970517e-03  5.87420375e-01  2.98044552e-03  1.69013255e-01 -5.28607667e-03 
 1.25747685e+01  2.98627977e-08 -5.21542066e-07  2.99294542e-08 -5.29563605e-07  3.00986664e-08 -5.62979935e-07  2.99719290e-08 -5.67036116e-07  9.02518747e-01  7.49965372e-03  5.87459253e-01  2.97475040e-03  1.69025659e-01 -5.28128933e-03 
 1.25892541e+01  2.97936860e-08 -5.20882268e-07  2.98603299e-08 -5.28913162e-07  3.00294129e-08 -5.62370205e-07  2.99026443e-08 -5.66431358e-07  9.02531560e-01  7.48961170e-03  5.87498222e-01  2.96905851e-03  1.69038096e-01 -5.27650911e-03 
 1.26037564e+01  2.97247326e-08 -5.20223137e-07  2.97913640e-08 -5.28263397e-07  2.99603174e-08 -5.61761208e-07  2.98335176e-08 -5.65827339e-07  9.02544399e-01  7.47957912e-03  5.87537284e-01  2.96336982e-03  1.69050566e-01 -5.27173601e-03 
 1.26182753e+01  2.96559374e-08 -5.19564672e-07  2.97225561e-08 -5.27614308e-07  2.98913796e-08 -5.61152942e-07  2.97645485e-08 -5.65224058e-07  9.02557264e-01  7.46955595e-03  5.87576439e-01  2.95768434e-03  1.69063070e-01 -5.26697002e-03 
 1.26328110e+01  2.95872998e-08 -5.18906871e-07  2.96539058e-08 -5.26965895e-07  2.98225991e-08 -5.60545407e-07  2.96957366e-08 -5.64621515e-07  9.02570155e-01  7.45954218e-03  5.87615686e-01  2.95200205e-03  1.69075606e-01 -5.26221114e-03 
 1.26473635e+01  2.95188195e-08 -5.18249734e-07  2.95854129e-08 -5.26318158e-07  2.97539755e-08 -5.59938602e-07  2.96270816e-08 -5.64019709e-07  9.02583072e-01  7.44953780e-03  5.87655027e-01  2.94632295e-03  1.69088176e-01 -5.25745935e-03 
 1.26619327e+01  2.94504962e-08 -5.17593260e-07  2.95170768e-08 -5.25671094e-07  2.96855086e-08 -5.59332527e-07  2.95585832e-08 -5.63418639e-07  9.02596016e-01  7.43954279e-03  5.87694461e-01  2.94064702e-03  1.69100780e-01 -5.25271467e-03 
 1.26765187e+01  2.93823295e-08 -5.16937448e-07  2.94488974e-08 -5.25024704e-07  2.96171978e-08 -5.58727179e-07  2.94902408e-08 -5.62818305e-07  9.02608986e-01  7.42955715e-03  5.87733989e-01  2.93497425e-03  1.69113417e-01 -5.24797708e-03 
 1.26911214e+01  2.93143191e-08 -5.16282298e-07  2.93808742e-08 -5.24378986e-07  2.95490430e-08 -5.58122560e-07  2.94220543e-08 -5.62218705e-07  9.02621983e-01  7.41958085e-03  5.87773611e-01  2.92930465e-03  1.69126088e-01 -5.24324658e-03 
 1.27057411e+01  2.92464646e-08 -5.15627808e-07  2.93130068e-08 -5.23733940e-07  2.94810437e-08 -5.57518668e-07  2.93540233e-08 -5.61619839e-07  9.02635007e-01  7.40961390e-03  5.87813327e-01  2.92363819e-03  1.69138792e-01 -5.23852316e-03 
 1.27203775e+01  2.91787657e-08 -5.14973978e-07  2.92452950e-08 -5.23089565e-07  2.94131995e-08 -5.56915502e-07  2.92861473e-08 -5.61021707e-07  9.02648057e-01  7.39965626e-03  5.87853137e-01  2.91797486e-03  1.69151530e-01 -5.23380682e-03 
 1.27350308e+01  2.91112219e-08 -5.14320806e-07  2.91777383e-08 -5.22445860e-07  2.93455102e-08 -5.56313062e-07  2.92184261e-08 -5.60424308e-07  9.02661134e-01  7.38970793e-03  5.87893042e-01  2.91231467e-03  1.69164302e-01 -5.22909755e-03 
 1.27497010e+01  2.90438330e-08 -5.13668293e-07  2.91103364e-08 -5.21802825e-07  2.92779754e-08 -5.55711347e-07  2.91508592e-08 -5.59827640e-07  9.02674237e-01  7.37976890e-03  5.87933042e-01  2.90665759e-03  1.69177108e-01 -5.22439536e-03 
 1.27643881e+01  2.89765986e-08 -5.13016437e-07  2.90430891e-08 -5.21160457e-07  2.92105946e-08 -5.55110356e-07  2.90834464e-08 -5.59231704e-07  9.02687368e-01  7.36983915e-03  5.87973137e-01  2.90100363e-03  1.69189948e-01 -5.21970023e-03 
 1.27790921e+01  2.89095183e-08 -5.12365237e-07  2.89759958e-08 -5.20518758e-07  2.91433677e-08 -5.54510089e-07  2.90161873e-08 -5.58636498e-07  9.02700526e-01  7.35991866e-03  5.88013327e-01  2.89535276e-03  1.69202822e-01 -5.21501216e-03 
 1.27938130e+01  2.88425918e-08 -5.11714692e-07  2.89090563e-08 -5.19877725e-07  2.90762941e-08 -5.53910544e-07  2.89490815e-08 -5.58042022e-07  9.02713710e-01  7.35000744e-03  5.88053613e-01  2.88970499e-03  1.69215730e-01 -5.21033114e-03 
 1.28085509e+01  2.87758188e-08 -5.11064803e-07  2.88422702e-08 -5.19237359e-07  2.90093736e-08 -5.53311721e-07  2.88821287e-08 -5.57448275e-07  9.02726922e-01  7.34010545e-03  5.88093995e-01  2.88406029e-03  1.69228672e-01 -5.20565718e-03 
 1.28233058e+01  2.87091989e-08 -5.10415567e-07  2.87756372e-08 -5.18597657e-07  2.89426058e-08 -5.52713620e-07  2.88153286e-08 -5.56855256e-07  9.02740161e-01  7.33021270e-03  5.88134473e-01  2.87841867e-03  1.69241649e-01 -5.20099026e-03 
 1.28380777e+01  2.86427318e-08 -5.09766984e-07  2.87091568e-08 -5.17958620e-07  2.88759904e-08 -5.52116240e-07  2.87486807e-08 -5.56262966e-07  9.02753428e-01  7.32032916e-03  5.88175047e-01  2.87278010e-03  1.69254660e-01 -5.19633038e-03 
 1.28528666e+01  2.85764170e-08 -5.09119054e-07  2.86428289e-08 -5.17320247e-07  2.88095270e-08 -5.51519579e-07  2.86821848e-08 -5.55671402e-07  9.02766722e-01  7.31045483e-03  5.88215718e-01  2.86714460e-03  1.69267706e-01 -5.19167754e-03 
 1.28676725e+01  2.85102543e-08 -5.08471774e-07  2.85766530e-08 -5.16682536e-07  2.87432153e-08 -5.50923637e-07  2.86158404e-08 -5.55080564e-07  9.02780043e-01  7.30058968e-03  5.88256486e-01  2.86151213e-03  1.69280786e-01 -5.18703173e-03 
 1.28824955e+01  2.84442434e-08 -5.07825146e-07  2.85106288e-08 -5.16045487e-07  2.86770549e-08 -5.50328414e-07  2.85496474e-08 -5.54490452e-07  9.02793392e-01  7.29073372e-03  5.88297351e-01  2.85588270e-03  1.69293901e-01 -5.18239295e-03 
 1.28973356e+01  2.83783838e-08 -5.07179167e-07  2.84447559e-08 -5.15409100e-07  2.86110455e-08 -5.49733909e-07  2.84836052e-08 -5.53901065e-07  9.02806768e-01  7.28088691e-03  5.88338313e-01  2.85025629e-03  1.69307051e-01 -5.17776120e-03 
 1.29121927e+01  2.83126752e-08 -5.06533836e-07  2.83790340e-08 -5.14773373e-07  2.85451867e-08 -5.49140120e-07  2.84177136e-08 -5.53312402e-07  9.02820172e-01  7.27104926e-03  5.88379373e-01  2.84463290e-03  1.69320235e-01 -5.17313646e-03 
 1.29270670e+01  2.82471174e-08 -5.05889154e-07  2.83134628e-08 -5.14138305e-07  2.84794782e-08 -5.48547048e-07  2.83519721e-08 -5.52724462e-07  9.02833604e-01  7.26122074e-03  5.88420531e-01  2.83901251e-03  1.69333455e-01 -5.16851874e-03 
 1.29419584e+01  2.81817099e-08 -5.05245120e-07  2.82480419e-08 -5.13503896e-07  2.84139197e-08 -5.47954692e-07  2.82863806e-08 -5.52137245e-07  9.02847064e-01  7.25140134e-03  5.88461787e-01  2.83339512e-03  1.69346709e-01 -5.16390802e-03 
 1.29568670e+01  2.81164524e-08 -5.04601731e-07  2.81827710e-08 -5.12870145e-07  2.83485107e-08 -5.47363050e-07  2.82209386e-08 -5.51550750e-07  9.02860552e-01  7.24159106e-03  5.88503142e-01  2.82778071e-03  1.69359999e-01 -5.15930432e-03 
 1.29717927e+01  2.80513445e-08 -5.03958988e-07  2.81176497e-08 -5.12237050e-07  2.82832511e-08 -5.46772123e-07  2.81556458e-08 -5.50964977e-07  9.02874068e-01  7.23178988e-03  5.88544595e-01  2.82216928e-03  1.69373323e-01 -5.15470761e-03 
 1.29867356e+01  2.79863860e-08 -5.03316890e-07  2.80526777e-08 -5.11604613e-07  2.82181404e-08 -5.46181909e-07  2.80905018e-08 -5.50379924e-07  9.02887612e-01  7.22199777e-03  5.88586147e-01  2.81656082e-03  1.69386683e-01 -5.15011790e-03 
 1.30016958e+01  2.79215765e-08 -5.02675436e-07  2.79878546e-08 -5.10972830e-07  2.81531782e-08 -5.45592408e-07  2.80255064e-08 -5.49795591e-07  9.02901184e-01  7.21221474e-03  5.88627799e-01  2.81095531e-03  1.69400078e-01 -5.14553518e-03 
 1.30166732e+01  2.78569156e-08 -5.02034625e-07  2.79231802e-08 -5.10341703e-07  2.80883644e-08 -5.45003619e-07  2.79606591e-08 -5.49211978e-07  9.02914784e-01  7.20244077e-03  5.88669549e-01  2.80535276e-03  1.69413509e-01 -5.14095945e-03 
 1.30316678e+01  2.77924031e-08 -5.01394456e-07  2.78586540e-08 -5.09711229e-07  2.80236984e-08 -5.44415541e-07  2.78959596e-08 -5.48629083e-07  9.02928413e-01  7.19267584e-03  5.88711400e-01  2.79975314e-03  1.69426975e-01 -5.13639070e-03 
 1.30466797e+01  2.77280385e-08 -5.00754929e-07  2.77942758e-08 -5.09081408e-07  2.79591800e-08 -5.43828174e-07  2.78314077e-08 -5.48046905e-07  9.02942071e-01  7.18291995e-03  5.88753350e-01  2.79415645e-03  1.69440477e-01 -5.13182892e-03 
 1.30617089e+01  2.76638216e-08 -5.00116042e-07  2.77300452e-08 -5.08452240e-07  2.78948089e-08 -5.43241517e-07  2.77670029e-08 -5.47465445e-07  9.02955756e-01  7.17317307e-03  5.88795401e-01  2.78856268e-03  1.69454014e-01 -5.12727413e-03 
 1.30767554e+01  2.75997520e-08 -4.99477796e-07  2.76659619e-08 -5.07823722e-07  2.78305846e-08 -5.42655569e-07  2.77027449e-08 -5.46884702e-07  9.02969471e-01  7.16343520e-03  5.88837553e-01  2.78297182e-03  1.69467587e-01 -5.12272630e-03 
 1.30918192e+01  2.75358294e-08 -4.98840188e-07  2.76020255e-08 -5.07195856e-07  2.77665069e-08 -5.42070329e-07  2.76386334e-08 -5.46304674e-07  9.02983214e-01  7.15370632e-03  5.88879805e-01  2.77738387e-03  1.69481196e-01 -5.11818544e-03 
 1.31069004e+01  2.74720534e-08 -4.98203218e-07  2.75382357e-08 -5.06568639e-07  2.77025755e-08 -5.41485798e-07  2.75746681e-08 -5.45725362e-07  9.02996986e-01  7.14398642e-03  5.88922158e-01  2.77179880e-03  1.69494841e-01 -5.11365153e-03 
 1.31219990e+01  2.74084237e-08 -4.97566886e-07  2.74745922e-08 -5.05942072e-07  2.76387900e-08 -5.40901973e-07  2.75108485e-08 -5.45146763e-07  9.03010787e-01  7.13427548e-03  5.88964612e-01  2.76621661e-03  1.69508522e-01 -5.10912459e-03 
 1.31371149e+01  2.73449400e-08 -4.96931190e-07  2.74110947e-08 -5.05316152e-07  2.75751500e-08 -5.40318855e-07  2.74471745e-08 -5.44568879e-07  9.03024616e-01  7.12457350e-03  5.89007168e-01  2.76063729e-03  1.69522239e-01 -5.10460460e-03 
 1.31522483e+01  2.72816020e-08 -4.96296130e-07  2.73477427e-08 -5.04690880e-07  2.75116553e-08 -5.39736442e-07  2.73836456e-08 -5.43991707e-07  9.03038475e-01  7.11488046e-03  5.89049826e-01  2.75506084e-03  1.69535992e-01 -5.10009155e-03 
 1.31673991e+01  2.72184092e-08 -4.95661705e-07  2.72845361e-08 -5.04066255e-07  2.74483054e-08 -5.39154735e-07  2.73202616e-08 -5.43415248e-07  9.03052363e-01  7.10519634e-03  5.89092586e-01  2.74948724e-03  1.69549782e-01 -5.09558545e-03 
 1.31825674e+01  2.71553615e-08 -4.95027915e-07  2.72214743e-08 -5.03442275e-07  2.73851002e-08 -5.38573732e-07  2.72570220e-08 -5.42839501e-07  9.03066280e-01  7.09552114e-03  5.89135448e-01  2.74391648e-03  1.69563608e-01 -5.09108628e-03 
 1.31977531e+01  2.70924584e-08 -4.94394757e-07  2.71585573e-08 -5.02818941e-07  2.73220392e-08 -5.37993432e-07  2.71939266e-08 -5.42264464e-07  9.03080226e-01  7.08585484e-03  5.89178413e-01  2.73834856e-03  1.69577470e-01 -5.08659405e-03 
 1.32129563e+01  2.70296997e-08 -4.93762232e-07  2.70957845e-08 -5.02196251e-07  2.72591221e-08 -5.37413835e-07  2.71309750e-08 -5.41690138e-07  9.03094202e-01  7.07619743e-03  5.89221481e-01  2.73278346e-03  1.69591369e-01 -5.08210875e-03 
 1.32281771e+01  2.69670849e-08 -4.93130338e-07  2.70331556e-08 -5.01574204e-07  2.71963486e-08 -5.36834941e-07  2.70681670e-08 -5.41116521e-07  9.03108207e-01  7.06654889e-03  5.89264652e-01  2.72722117e-03  1.69605304e-01 -5.07763038e-03 
 1.32434154e+01  2.69046139e-08 -4.92499076e-07  2.69706705e-08 -5.00952799e-07  2.71337183e-08 -5.36256748e-07  2.70055021e-08 -5.40543614e-07  9.03122242e-01  7.05690921e-03  5.89307926e-01  2.72166168e-03  1.69619277e-01 -5.07315893e-03 
 1.32586712e+01  2.68422862e-08 -4.91868443e-07  2.69083286e-08 -5.00332037e-07  2.70712310e-08 -5.35679256e-07  2.69429800e-08 -5.39971414e-07  9.03136306e-01  7.04727838e-03  5.89351304e-01  2.71610499e-03  1.69633286e-01 -5.06869440e-03 
 1.32739446e+01  2.67801015e-08 -4.91238440e-07  2.68461297e-08 -4.99711915e-07  2.70088863e-08 -5.35102463e-07  2.68806005e-08 -5.39399922e-07  9.03150400e-01  7.03765639e-03  5.89394787e-01  2.71055109e-03  1.69647332e-01 -5.06423678e-03 
 1.32892356e+01  2.67180595e-08 -4.90609065e-07  2.67840735e-08 -4.99092434e-07  2.69466839e-08 -5.34526371e-07  2.68183632e-08 -5.38829137e-07  9.03164524e-01  7.02804322e-03  5.89438373e-01  2.70499996e-03  1.69661415e-01 -5.05978606e-03 
 1.33045442e+01  2.66561600e-08 -4.89980317e-07  2.67221597e-08 -4.98473592e-07  2.68846234e-08 -5.33950977e-07  2.67562677e-08 -5.38259058e-07  9.03178678e-01  7.01843885e-03  5.89482064e-01  2.69945160e-03  1.69675535e-01 -5.05534226e-03 
 1.33198704e+01  2.65944024e-08 -4.89352197e-07  2.66603878e-08 -4.97855389e-07  2.68227046e-08 -5.33376281e-07  2.66943138e-08 -5.37689685e-07  9.03192861e-01  7.00884329e-03  5.89525860e-01  2.69390599e-03  1.69689692e-01 -5.05090535e-03 
 1.33352143e+01  2.65327866e-08 -4.88724702e-07  2.65987577e-08 -4.97237824e-07  2.67609271e-08 -5.32802282e-07  2.66325011e-08 -5.37121016e-07  9.03207075e-01  6.99925650e-03  5.89569761e-01  2.68836313e-03  1.69703886e-01 -5.04647534e-03 
 1.33505759e+01  2.64713123e-08 -4.88097833e-07  2.65372689e-08 -4.96620895e-07  2.66992906e-08 -5.32228980e-07  2.65708294e-08 -5.36553052e-07  9.03221319e-01  6.98967849e-03  5.89613767e-01  2.68282300e-03  1.69718118e-01 -5.04205222e-03 
 1.33659552e+01  2.64099790e-08 -4.87471588e-07  2.64759212e-08 -4.96004603e-07  2.66377947e-08 -5.31656374e-07  2.65092982e-08 -5.35985791e-07  9.03235593e-01  6.98010923e-03  5.89657879e-01  2.67728561e-03  1.69732387e-01 -5.03763599e-03 
 1.33813522e+01  2.63487865e-08 -4.86845966e-07  2.64147143e-08 -4.95388947e-07  2.65764392e-08 -5.31084463e-07  2.64479072e-08 -5.35419233e-07  9.03249897e-01  6.97054872e-03  5.89702097e-01  2.67175093e-03  1.69746694e-01 -5.03322665e-03 
 1.33967669e+01  2.62877344e-08 -4.86220967e-07  2.63536477e-08 -4.94773925e-07  2.65152237e-08 -5.30513247e-07  2.63866562e-08 -5.34853377e-07  9.03264232e-01  6.96099694e-03  5.89746421e-01  2.66621895e-03  1.69761039e-01 -5.02882418e-03 
 1.34121994e+01  2.62268225e-08 -4.85596590e-07  2.62927213e-08 -4.94159537e-07  2.64541479e-08 -5.29942725e-07  2.63255448e-08 -5.34288222e-07  9.03278597e-01  6.95145387e-03  5.89790852e-01  2.66068967e-03  1.69775421e-01 -5.02442859e-03 
 1.34276496e+01  2.61660504e-08 -4.84972834e-07  2.62319346e-08 -4.93545782e-07  2.63932115e-08 -5.29372895e-07  2.62645728e-08 -5.33723768e-07  9.03292993e-01  6.94191951e-03  5.89835389e-01  2.65516309e-03  1.69789841e-01 -5.02003987e-03 
 1.34431177e+01  2.61054179e-08 -4.84349699e-07  2.61712874e-08 -4.92932659e-07  2.63324142e-08 -5.28803759e-07  2.62037397e-08 -5.33160015e-07  9.03307419e-01  6.93239384e-03  5.89880033e-01  2.64963918e-03  1.69804298e-01 -5.01565801e-03 
 1.34586035e+01  2.60449245e-08 -4.83727183e-07  2.61107794e-08 -4.92320168e-07  2.62717556e-08 -5.28235314e-07  2.61430452e-08 -5.32596960e-07  9.03321877e-01  6.92287685e-03  5.89924785e-01  2.64411793e-03  1.69818794e-01 -5.01128302e-03 
 1.34741073e+01  2.59845699e-08 -4.83105286e-07  2.60504102e-08 -4.91708307e-07  2.62112355e-08 -5.27667560e-07  2.60824891e-08 -5.32034605e-07  9.03336365e-01  6.91336853e-03  5.89969644e-01  2.63859935e-03  1.69833328e-01 -5.00691489e-03 
 1.34896288e+01  2.59243540e-08 -4.82484006e-07  2.59901795e-08 -4.91097076e-07  2.61508535e-08 -5.27100497e-07  2.60220711e-08 -5.31472947e-07  9.03350884e-01  6.90386886e-03  5.90014612e-01  2.63308341e-03  1.69847900e-01 -5.00255362e-03 
 1.35051683e+01  2.58642763e-08 -4.81863344e-07  2.59300870e-08 -4.90486475e-07  2.60906092e-08 -5.26534124e-07  2.59617907e-08 -5.30911987e-07  9.03365434e-01  6.89437783e-03  5.90059687e-01  2.62757012e-03  1.69862511e-01 -4.99819919e-03 
 1.35207256e+01  2.58043365e-08 -4.81243298e-07  2.58701324e-08 -4.89876502e-07  2.60305025e-08 -5.25968439e-07  2.59016478e-08 -5.30351724e-07  9.03380015e-01  6.88489542e-03  5.90104871e-01  2.62205945e-03  1.69877159e-01 -4.99385161e-03 
 1.35363009e+01  2.57445343e-08 -4.80623867e-07  2.58103153e-08 -4.89267156e-07  2.59705330e-08 -5.25403443e-07  2.58416419e-08 -5.29792157e-07  9.03394627e-01  6.87542163e-03  5.90150164e-01  2.61655140e-03  1.69891846e-01 -4.98951088e-03 
 1.35518941e+01  2.56848694e-08 -4.80005052e-07  2.57506356e-08 -4.88658437e-07  2.59107003e-08 -5.24839135e-07  2.57817729e-08 -5.29233285e-07  9.03409271e-01  6.86595644e-03  5.90195565e-01  2.61104596e-03  1.69906572e-01 -4.98517698e-03 
 1.35675053e+01  2.56253415e-08 -4.79386850e-07  2.56910928e-08 -4.88050344e-07  2.58510041e-08 -5.24275514e-07  2.57220402e-08 -5.28675108e-07  9.03423945e-01  6.85649984e-03  5.90241076e-01  2.60554312e-03  1.69921337e-01 -4.98084992e-03 
 1.35831345e+01  2.55659504e-08 -4.78769261e-07  2.56316866e-08 -4.87442876e-07  2.57914442e-08 -5.23712579e-07  2.56624438e-08 -5.28117625e-07  9.03438652e-01  6.84705182e-03  5.90286697e-01  2.60004287e-03  1.69936140e-01 -4.97652969e-03 
 1.35987816e+01  2.55066955e-08 -4.78152284e-07  2.55724168e-08 -4.86836033e-07  2.57320203e-08 -5.23150330e-07  2.56029831e-08 -5.27560835e-07  9.03453390e-01  6.83761235e-03  5.90332427e-01  2.59454520e-03  1.69950982e-01 -4.97221628e-03 
 1.36144468e+01  2.54475768e-08 -4.77535919e-07  2.55132830e-08 -4.86229813e-07  2.56727319e-08 -5.22588765e-07  2.55436580e-08 -5.27004738e-07  9.03468159e-01  6.82818144e-03  5.90378268e-01  2.58905011e-03  1.69965863e-01 -4.96790970e-03 
 1.36301301e+01  2.53885938e-08 -4.76920164e-07  2.54542849e-08 -4.85624216e-07  2.56135788e-08 -5.22027886e-07  2.54844681e-08 -5.26449334e-07  9.03482961e-01  6.81875906e-03  5.90424219e-01  2.58355757e-03  1.69980783e-01 -4.96360993e-03 
 1.36458314e+01  2.53297462e-08 -4.76305020e-07  2.53954223e-08 -4.85019241e-07  2.55545608e-08 -5.21467690e-07  2.54254131e-08 -5.25894620e-07  9.03497794e-01  6.80934520e-03  5.90470281e-01  2.57806758e-03  1.69995742e-01 -4.95931699e-03 
 1.36615508e+01  2.52710338e-08 -4.75690484e-07  2.53366947e-08 -4.84414888e-07  2.54956774e-08 -5.20908176e-07  2.53664927e-08 -5.25340598e-07  9.03512659e-01  6.79993985e-03  5.90516454e-01  2.57258013e-03  1.70010740e-01 -4.95503085e-03 
 1.36772883e+01  2.52124563e-08 -4.75076557e-07  2.52781019e-08 -4.83811155e-07  2.54369284e-08 -5.20349345e-07  2.53077066e-08 -5.24787265e-07  9.03527556e-01  6.79054300e-03  5.90562739e-01  2.56709521e-03  1.70025778e-01 -4.95075152e-03 
 1.36930439e+01  2.51540132e-08 -4.74463237e-07  2.52196437e-08 -4.83208041e-07  2.53783135e-08 -5.19791196e-07  2.52490545e-08 -5.24234622e-07  9.03542485e-01  6.78115464e-03  5.90609135e-01  2.56161281e-03  1.70040855e-01 -4.94647899e-03 
 1.37088177e+01  2.50957044e-08 -4.73850524e-07  2.51613196e-08 -4.82605547e-07  2.53198324e-08 -5.19233728e-07  2.51905361e-08 -5.23682668e-07  9.03557446e-01  6.77177474e-03  5.90655643e-01  2.55613293e-03  1.70055971e-01 -4.94221326e-03 
 1.37246096e+01  2.50375295e-08 -4.73238417e-07  2.51031293e-08 -4.82003670e-07  2.52614847e-08 -5.18676940e-07  2.51321510e-08 -5.23131402e-07  9.03572440e-01  6.76240331e-03  5.90702263e-01  2.55065554e-03  1.70071127e-01 -4.93795433e-03 
 1.37404198e+01  2.49794883e-08 -4.72626914e-07  2.50450727e-08 -4.81402411e-07  2.52032702e-08 -5.18120831e-07  2.50738990e-08 -5.22580824e-07  9.03587466e-01  6.75304032e-03  5.90748996e-01  2.54518065e-03  1.70086323e-01 -4.93370218e-03 
 1.37562481e+01  2.49215803e-08 -4.72016017e-07  2.49871493e-08 -4.80801769e-07  2.51451885e-08 -5.17565402e-07  2.50157798e-08 -5.22030932e-07  9.03602524e-01  6.74368576e-03  5.90795842e-01  2.53970823e-03  1.70101559e-01 -4.92945683e-03 
 1.37720947e+01  2.48638054e-08 -4.71405722e-07  2.49293590e-08 -4.80201742e-07  2.50872394e-08 -5.17010651e-07  2.49577930e-08 -5.21481726e-07  9.03617615e-01  6.73433962e-03  5.90842801e-01  2.53423829e-03  1.70116834e-01 -4.92521826e-03 
 1.37879595e+01  2.48061631e-08 -4.70796030e-07  2.48717012e-08 -4.79602330e-07  2.50294226e-08 -5.16456577e-07  2.48999384e-08 -5.20933206e-07  9.03632739e-01  6.72500189e-03  5.90889873e-01  2.52877081e-03  1.70132150e-01 -4.92098647e-03 
 1.38038426e+01  2.47486533e-08 -4.70186941e-07  2.48141759e-08 -4.79003533e-07  2.49717377e-08 -5.15903181e-07  2.48422156e-08 -5.20385371e-07  9.03647895e-01  6.71567255e-03  5.90937059e-01  2.52330578e-03  1.70147506e-01 -4.91676145e-03 
 1.38197441e+01  2.46912756e-08 -4.69578452e-07  2.47567826e-08 -4.78405349e-07  2.49141844e-08 -5.15350460e-07  2.47846244e-08 -5.19838220e-07  9.03663084e-01  6.70635160e-03  5.90984359e-01  2.51784319e-03  1.70162902e-01 -4.91254321e-03 
 1.38356638e+01  2.46340297e-08 -4.68970563e-07  2.46995211e-08 -4.77807777e-07  2.48567625e-08 -5.14798416e-07  2.47271644e-08 -5.19291752e-07  9.03678306e-01  6.69703901e-03  5.91031774e-01  2.51238303e-03  1.70178338e-01 -4.90833173e-03 
 1.38516019e+01  2.45769153e-08 -4.68363274e-07  2.46423911e-08 -4.77210818e-07  2.47994716e-08 -5.14247046e-07  2.46698354e-08 -5.18745968e-07  9.03693561e-01  6.68773477e-03  5.91079303e-01  2.50692529e-03  1.70193814e-01 -4.90412702e-03 
 1.38675583e+01  2.45199321e-08 -4.67756584e-07  2.45853922e-08 -4.76614469e-07  2.47423115e-08 -5.13696350e-07  2.46126370e-08 -5.18200866e-07  9.03708850e-01  6.67843888e-03  5.91126947e-01  2.50146996e-03  1.70209332e-01 -4.89992907e-03 
 1.38835331e+01  2.44630799e-08 -4.67150492e-07  2.45285242e-08 -4.76018731e-07  2.46852818e-08 -5.13146328e-07  2.45555690e-08 -5.17656445e-07  9.03724171e-01  6.66915132e-03  5.91174706e-01  2.49601704e-03  1.70224889e-01 -4.89573788e-03 
 1.38995263e+01  2.44063582e-08 -4.66544997e-07  2.44717868e-08 -4.75423603e-07  2.46283822e-08 -5.12596979e-07  2.44986310e-08 -5.17112705e-07  9.03739526e-01  6.65987207e-03  5.91222581e-01  2.49056650e-03  1.70240488e-01 -4.89155344e-03 
 1.39155379e+01  2.43497669e-08 -4.65940098e-07  2.44151796e-08 -4.74829083e-07  2.45716125e-08 -5.12048303e-07  2.44418228e-08 -5.16569646e-07  9.03754914e-01  6.65060113e-03  5.91270572e-01  2.48511835e-03  1.70256127e-01 -4.88737575e-03 
 1.39315680e+01  2.42933056e-08 -4.65335795e-07  2.43587025e-08 -4.74235172e-07  2.45149724e-08 -5.11500298e-07  2.43851440e-08 -5.16027266e-07  9.03770335e-01  6.64133848e-03  5.91318678e-01  2.47967257e-03  1.70271807e-01 -4.88320480e-03 
 1.39476166e+01  2.42369741e-08 -4.64732087e-07  2.43023550e-08 -4.73641867e-07  2.44584615e-08 -5.10952964e-07  2.43285944e-08 -5.15485565e-07  9.03785791e-01  6.63208411e-03  5.91366902e-01  2.47422914e-03  1.70287528e-01 -4.87904060e-03 
 1.39636836e+01  2.41807719e-08 -4.64128972e-07  2.42461370e-08 -4.73049169e-07  2.44020796e-08 -5.10406300e-07  2.42721737e-08 -5.14944543e-07  9.03801280e-01  6.62283800e-03  5.91415242e-01  2.46878807e-03  1.70303290e-01 -4.87488314e-03 
 1.39797692e+01  2.41246990e-08 -4.63526451e-07  2.41900480e-08 -4.72457077e-07  2.43458264e-08 -5.09860306e-07  2.42158815e-08 -5.14404198e-07  9.03816802e-01  6.61360014e-03  5.91463699e-01  2.46334934e-03  1.70319094e-01 -4.87073241e-03 
 1.39958732e+01  2.40687549e-08 -4.62924522e-07  2.41340879e-08 -4.71865590e-07  2.42897015e-08 -5.09314981e-07  2.41597177e-08 -5.13864531e-07  9.03832359e-01  6.60437052e-03  5.91512274e-01  2.45791294e-03  1.70334939e-01 -4.86658841e-03 
 1.40119958e+01  2.40129393e-08 -4.62323185e-07  2.40782563e-08 -4.71274707e-07  2.42337047e-08 -5.08770324e-07  2.41036818e-08 -5.13325540e-07  9.03847949e-01  6.59514913e-03  5.91560966e-01  2.45247886e-03  1.70350825e-01 -4.86245114e-03 
 1.40281370e+01  2.39572520e-08 -4.61722438e-07  2.40225529e-08 -4.70684427e-07  2.41778357e-08 -5.08226335e-07  2.40477736e-08 -5.12787224e-07  9.03863574e-01  6.58593595e-03  5.91609777e-01  2.44704709e-03  1.70366753e-01 -4.85832059e-03 
 1.40442968e+01  2.39016927e-08 -4.61122282e-07  2.39669774e-08 -4.70094750e-07  2.41220942e-08 -5.07683013e-07  2.39919927e-08 -5.12249584e-07  9.03879232e-01  6.57673097e-03  5.91658706e-01  2.44161762e-03  1.70382722e-01 -4.85419677e-03 
 1.40604752e+01  2.38462611e-08 -4.60522715e-07  2.39115296e-08 -4.69505675e-07  2.40664799e-08 -5.07140357e-07  2.39363390e-08 -5.11712619e-07  9.03894925e-01  6.56753418e-03  5.91707753e-01  2.43619044e-03  1.70398733e-01 -4.85007966e-03 
 1.40766723e+01  2.37909569e-08 -4.59923736e-07  2.38562092e-08 -4.68917200e-07  2.40109925e-08 -5.06598367e-07  2.38808122e-08 -5.11176327e-07  9.03910653e-01  6.55834557e-03  5.91756920e-01  2.43076554e-03  1.70414786e-01 -4.84596926e-03 
 1.40928880e+01  2.37357798e-08 -4.59325345e-07  2.38010158e-08 -4.68329326e-07  2.39556317e-08 -5.06057042e-07  2.38254118e-08 -5.10640708e-07  9.03926414e-01  6.54916511e-03  5.91806205e-01  2.42534291e-03  1.70430881e-01 -4.84186557e-03 
 1.41091224e+01  2.36807295e-08 -4.58727541e-07  2.37459492e-08 -4.67742052e-07  2.39003973e-08 -5.05516382e-07  2.37701377e-08 -5.10105763e-07  9.03942211e-01  6.53999281e-03  5.91855611e-01  2.41992254e-03  1.70447018e-01 -4.83776859e-03 
 1.41253754e+01  2.36258058e-08 -4.58130323e-07  2.36910091e-08 -4.67155376e-07  2.38452889e-08 -5.04976385e-07  2.37149895e-08 -5.09571489e-07  9.03958042e-01  6.53082864e-03  5.91905136e-01  2.41450442e-03  1.70463197e-01 -4.83367831e-03 
 1.41416473e+01  2.35710083e-08 -4.57533690e-07  2.36361952e-08 -4.66569299e-07  2.37903062e-08 -5.04437051e-07  2.36599669e-08 -5.09037886e-07  9.03973907e-01  6.52167260e-03  5.91954782e-01  2.40908853e-03  1.70479418e-01 -4.82959473e-03 
 1.41579378e+01  2.35163368e-08 -4.56937642e-07  2.35815072e-08 -4.65983818e-07  2.37354491e-08 -5.03898380e-07  2.36050698e-08 -5.08504954e-07  9.03989808e-01  6.51252466e-03  5.92004548e-01  2.40367488e-03  1.70495682e-01 -4.82551785e-03 
 1.41742471e+01  2.34617909e-08 -4.56342178e-07  2.35269449e-08 -4.65398934e-07  2.36807171e-08 -5.03360371e-07  2.35502977e-08 -5.07972693e-07  9.04005743e-01  6.50338483e-03  5.92054435e-01  2.39826345e-03  1.70511988e-01 -4.82144765e-03 
 1.41905752e+01  2.34073704e-08 -4.55747296e-07  2.34725079e-08 -4.64814646e-07  2.36261100e-08 -5.02823022e-07  2.34956504e-08 -5.07441100e-07  9.04021714e-01  6.49425308e-03  5.92104443e-01  2.39285422e-03  1.70528337e-01 -4.81738415e-03 
 1.42069221e+01  2.33530751e-08 -4.55152997e-07  2.34181960e-08 -4.64230953e-07  2.35716275e-08 -5.02286335e-07  2.34411277e-08 -5.06910177e-07  9.04037720e-01  6.48512940e-03  5.92154573e-01  2.38744719e-03  1.70544728e-01 -4.81332733e-03 
 1.42232879e+01  2.32989046e-08 -4.54559279e-07  2.33640088e-08 -4.63647854e-07  2.35172694e-08 -5.01750307e-07  2.33867291e-08 -5.06379922e-07  9.04053761e-01  6.47601378e-03  5.92204824e-01  2.38204235e-03  1.70561162e-01 -4.80927719e-03 
 1.42396725e+01  2.32448586e-08 -4.53966142e-07  2.33099462e-08 -4.63065348e-07  2.34630353e-08 -5.01214938e-07  2.33324545e-08 -5.05850334e-07  9.04069837e-01  6.46690621e-03  5.92255198e-01  2.37663969e-03  1.70577639e-01 -4.80523373e-03 
 1.42560759e+01  2.31909369e-08 -4.53373585e-07  2.32560077e-08 -4.62483435e-07  2.34089249e-08 -5.00680228e-07  2.32783036e-08 -5.05321413e-07  9.04085948e-01  6.45780667e-03  5.92305694e-01  2.37123919e-03  1.70594159e-01 -4.80119694e-03 
 1.42724983e+01  2.31371391e-08 -4.52781606e-07  2.32021932e-08 -4.61902114e-07  2.33549381e-08 -5.00146176e-07  2.32242760e-08 -5.04793158e-07  9.04102096e-01  6.44871515e-03  5.92356314e-01  2.36584085e-03  1.70610722e-01 -4.79716682e-03 
 1.42889396e+01  2.30834651e-08 -4.52190207e-07  2.31485024e-08 -4.61321383e-07  2.33010744e-08 -4.99612781e-07  2.31703715e-08 -5.04265570e-07  9.04118279e-01  6.43963164e-03  5.92407056e-01  2.36044466e-03  1.70627329e-01 -4.79314337e-03 
 1.43053998e+01  2.30299144e-08 -4.51599384e-07  2.30949349e-08 -4.60741244e-07  2.32473336e-08 -4.99080043e-07  2.31165898e-08 -5.03738646e-07  9.04134497e-01  6.43055613e-03  5.92457922e-01  2.35505060e-03  1.70643978e-01 -4.78912659e-03 
 1.43218790e+01  2.29764870e-08 -4.51009138e-07  2.30414905e-08 -4.60161693e-07  2.31937155e-08 -4.98547961e-07  2.30629307e-08 -5.03212386e-07  9.04150752e-01  6.42148860e-03  5.92508911e-01  2.34965867e-03  1.70660672e-01 -4.78511646e-03 
 1.43383772e+01  2.29231823e-08 -4.50419469e-07  2.29881690e-08 -4.59582732e-07  2.31402197e-08 -4.98016534e-07  2.30093938e-08 -5.02686791e-07  9.04167042e-01  6.41242903e-03  5.92560025e-01  2.34426886e-03  1.70677408e-01 -4.78111299e-03 
 1.43548943e+01  2.28700003e-08 -4.49830374e-07  2.29349699e-08 -4.59004359e-07  2.30868459e-08 -4.97485762e-07  2.29559788e-08 -5.02161858e-07  9.04183368e-01  6.40337743e-03  5.92611263e-01  2.33888115e-03  1.70694189e-01 -4.77711618e-03 
 1.43714305e+01  2.28169405e-08 -4.49241854e-07  2.28818932e-08 -4.58426573e-07  2.30335940e-08 -4.96955644e-07  2.29026856e-08 -5.01637588e-07  9.04199731e-01  6.39433377e-03  5.92662626e-01  2.33349554e-03  1.70711013e-01 -4.77312602e-03 
 1.43879858e+01  2.27640028e-08 -4.48653907e-07  2.28289384e-08 -4.57849373e-07  2.29804636e-08 -4.96426179e-07  2.28495137e-08 -5.01113980e-07  9.04216130e-01  6.38529804e-03  5.92714114e-01  2.32811201e-03  1.70727881e-01 -4.76914250e-03 
 1.44045601e+01  2.27111868e-08 -4.48066533e-07  2.27761053e-08 -4.57272760e-07  2.29274544e-08 -4.95897368e-07  2.27964630e-08 -5.00591034e-07  9.04232565e-01  6.37627023e-03  5.92765728e-01  2.32273055e-03  1.70744793e-01 -4.76516563e-03 
 1.44211535e+01  2.26584923e-08 -4.47479732e-07  2.27233936e-08 -4.56696731e-07  2.28745661e-08 -4.95369208e-07  2.27435331e-08 -5.00068747e-07  9.04249037e-01  6.36725032e-03  5.92817468e-01  2.31735116e-03  1.70761749e-01 -4.76119540e-03 
 1.44377660e+01  2.26059190e-08 -4.46893501e-07  2.26708031e-08 -4.56121287e-07  2.28217986e-08 -4.94841700e-07  2.26907238e-08 -4.99547122e-07  9.04265545e-01  6.35823831e-03  5.92869333e-01  2.31197383e-03  1.70778749e-01 -4.75723181e-03 
 1.44543977e+01  2.25534666e-08 -4.46307841e-07  2.26183335e-08 -4.55546426e-07  2.27691514e-08 -4.94314843e-07  2.26380349e-08 -4.99026155e-07  9.04282089e-01  6.34923418e-03  5.92921325e-01  2.30659853e-03  1.70795794e-01 -4.75327485e-03 
 1.44710485e+01  2.25011349e-08 -4.45722751e-07  2.25659845e-08 -4.54972148e-07  2.27166244e-08 -4.93788636e-07  2.25854659e-08 -4.98505847e-07  9.04298671e-01  6.34023792e-03  5.92973444e-01  2.30122527e-03  1.70812883e-01 -4.74932452e-03 
 1.44877185e+01  2.24489235e-08 -4.45138230e-07  2.25137558e-08 -4.54398452e-07  2.26642172e-08 -4.93263079e-07  2.25330167e-08 -4.97986198e-07  9.04315289e-01  6.33124951e-03  5.93025690e-01  2.29585403e-03  1.70830016e-01 -4.74538082e-03 
 1.45044077e+01  2.23968323e-08 -4.44554277e-07  2.24616471e-08 -4.53825337e-07  2.26119296e-08 -4.92738171e-07  2.24806869e-08 -4.97467206e-07  9.04331945e-01  6.32226894e-03  5.93078064e-01  2.29048480e-03  1.70847194e-01 -4.74144374e-03 
 1.45211162e+01  2.23448609e-08 -4.43970892e-07  2.24096583e-08 -4.53252802e-07  2.25597613e-08 -4.92213911e-07  2.24284763e-08 -4.96948871e-07  9.04348637e-01  6.31329620e-03  5.93130565e-01  2.28511757e-03  1.70864418e-01 -4.73751328e-03 
 1.45378439e+01  2.22930090e-08 -4.43388073e-07  2.23577889e-08 -4.52680848e-07  2.25077121e-08 -4.91690299e-07  2.23763847e-08 -4.96431192e-07  9.04365367e-01  6.30433128e-03  5.93183195e-01  2.27975234e-03  1.70881685e-01 -4.73358945e-03 
 1.45545908e+01  2.22412764e-08 -4.42805820e-07  2.23060389e-08 -4.52109472e-07  2.24557816e-08 -4.91167334e-07  2.23244117e-08 -4.95914170e-07  9.04382134e-01  6.29537416e-03  5.93235953e-01  2.27438908e-03  1.70898998e-01 -4.72967222e-03 
 1.45713570e+01  2.21896629e-08 -4.42224132e-07  2.22544077e-08 -4.51538675e-07  2.24039696e-08 -4.90645015e-07  2.22725571e-08 -4.95397802e-07  9.04398938e-01  6.28642484e-03  5.93288840e-01  2.26902779e-03  1.70916356e-01 -4.72576161e-03 
 1.45881426e+01  2.21381681e-08 -4.41643008e-07  2.22028953e-08 -4.50968455e-07  2.23522758e-08 -4.90123343e-07  2.22208206e-08 -4.94882089e-07  9.04415780e-01  6.27748329e-03  5.93341856e-01  2.26366847e-03  1.70933760e-01 -4.72185761e-03 
 1.46049475e+01  2.20867917e-08 -4.41062448e-07  2.21515013e-08 -4.50398811e-07  2.23006999e-08 -4.89602315e-07  2.21692020e-08 -4.94367030e-07  9.04432659e-01  6.26854951e-03  5.93395002e-01  2.25831109e-03  1.70951208e-01 -4.71796021e-03 
 1.46217717e+01  2.20355336e-08 -4.40482451e-07  2.21002255e-08 -4.49829744e-07  2.22492417e-08 -4.89081932e-07  2.21177009e-08 -4.93852624e-07  9.04449577e-01  6.25962348e-03  5.93448278e-01  2.25295564e-03  1.70968702e-01 -4.71406941e-03 
 1.46386154e+01  2.19843934e-08 -4.39903016e-07  2.20490676e-08 -4.49261252e-07  2.21979010e-08 -4.88562193e-07  2.20663171e-08 -4.93338870e-07  9.04466531e-01  6.25070518e-03  5.93501684e-01  2.24760213e-03  1.70986242e-01 -4.71018522e-03 
 1.46554784e+01  2.19333709e-08 -4.39324142e-07  2.19980273e-08 -4.48693334e-07  2.21466773e-08 -4.88043098e-07  2.20150503e-08 -4.92825769e-07  9.04483524e-01  6.24179462e-03  5.93555220e-01  2.24225053e-03  1.71003827e-01 -4.70630761e-03 
 1.46723609e+01  2.18824659e-08 -4.38745828e-07  2.19471043e-08 -4.48125990e-07  2.20955706e-08 -4.87524645e-07  2.19639003e-08 -4.92313319e-07  9.04500555e-01  6.23289177e-03  5.93608888e-01  2.23690084e-03  1.71021458e-01 -4.70243661e-03 
 1.46892628e+01  2.18316779e-08 -4.38168075e-07  2.18962985e-08 -4.47559219e-07  2.20445804e-08 -4.87006834e-07  2.19128668e-08 -4.91801521e-07  9.04517624e-01  6.22399663e-03  5.93662686e-01  2.23155304e-03  1.71039135e-01 -4.69857219e-03 
 1.47061842e+01  2.17810068e-08 -4.37590880e-07  2.18456095e-08 -4.46993021e-07  2.19937066e-08 -4.86489665e-07  2.18619495e-08 -4.91290372e-07  9.04534731e-01  6.21510917e-03  5.93716617e-01  2.22620713e-03  1.71056858e-01 -4.69471435e-03 
 1.47231250e+01  2.17304524e-08 -4.37014243e-07  2.17950370e-08 -4.46427393e-07  2.19429488e-08 -4.85973137e-07  2.18111482e-08 -4.90779873e-07  9.04551877e-01  6.20622939e-03  5.93770679e-01  2.22086310e-03  1.71074627e-01 -4.69086310e-03 
 1.47400854e+01  2.16800143e-08 -4.36438164e-07  2.17445809e-08 -4.45862337e-07  2.18923069e-08 -4.85457249e-07  2.17604626e-08 -4.90270023e-07  9.04569061e-01  6.19735727e-03  5.93824874e-01  2.21552092e-03  1.71092443e-01 -4.68701844e-03 
 1.47570653e+01  2.16296923e-08 -4.35862641e-07  2.16942408e-08 -4.45297850e-07  2.18417804e-08 -4.84942000e-07  2.17098924e-08 -4.89760822e-07  9.04586283e-01  6.18849280e-03  5.93879202e-01  2.21018060e-03  1.71110305e-01 -4.68318035e-03 
 1.47740648e+01  2.15794861e-08 -4.35287675e-07  2.16440165e-08 -4.44733932e-07  2.17913693e-08 -4.84427391e-07  2.16594373e-08 -4.89252268e-07  9.04603545e-01  6.17963597e-03  5.93933662e-01  2.20484212e-03  1.71128213e-01 -4.67934883e-03 
 1.47910839e+01  2.15293954e-08 -4.34713263e-07  2.15939076e-08 -4.44170583e-07  2.17410732e-08 -4.83913420e-07  2.16090972e-08 -4.88744362e-07  9.04620845e-01  6.17078677e-03  5.93988256e-01  2.19950548e-03  1.71146168e-01 -4.67552388e-03 
 1.48081226e+01  2.14794201e-08 -4.34139406e-07  2.15439141e-08 -4.43607802e-07  2.16908918e-08 -4.83400086e-07  2.15588716e-08 -4.88237103e-07  9.04638184e-01  6.16194517e-03  5.94042984e-01  2.19417065e-03  1.71164170e-01 -4.67170551e-03 
 1.48251809e+01  2.14295598e-08 -4.33566102e-07  2.14940355e-08 -4.43045588e-07  2.16408249e-08 -4.82887390e-07  2.15087605e-08 -4.87730489e-07  9.04655561e-01  6.15311118e-03  5.94097846e-01  2.18883763e-03  1.71182219e-01 -4.66789370e-03 
 1.48422588e+01  2.13798142e-08 -4.32993351e-07  2.14442717e-08 -4.42483940e-07  2.15908722e-08 -4.82375330e-07  2.14587634e-08 -4.87224521e-07  9.04672978e-01  6.14428478e-03  5.94152842e-01  2.18350642e-03  1.71200314e-01 -4.66408845e-03 
 1.48593564e+01  2.13301832e-08 -4.32421153e-07  2.13946223e-08 -4.41922857e-07  2.15410334e-08 -4.81863906e-07  2.14088802e-08 -4.86719198e-07  9.04690435e-01  6.13546595e-03  5.94207974e-01  2.17817699e-03  1.71218457e-01 -4.66028976e-03 
 1.48764737e+01  2.12806665e-08 -4.31849505e-07  2.13450871e-08 -4.41362339e-07  2.14913084e-08 -4.81353118e-07  2.13591106e-08 -4.86214519e-07  9.04707930e-01  6.12665468e-03  5.94263240e-01  2.17284934e-03  1.71236647e-01 -4.65649763e-03 
 1.48936108e+01  2.12312637e-08 -4.31278408e-07  2.12956659e-08 -4.40802385e-07  2.14416968e-08 -4.80842964e-07  2.13094543e-08 -4.85710483e-07  9.04725465e-01  6.11785096e-03  5.94318642e-01  2.16752345e-03  1.71254884e-01 -4.65271205e-03 
 1.49107676e+01  2.11819747e-08 -4.30707861e-07  2.12463583e-08 -4.40242994e-07  2.13921984e-08 -4.80333444e-07  2.12599111e-08 -4.85207091e-07  9.04743040e-01  6.10905478e-03  5.94374180e-01  2.16219932e-03  1.71273169e-01 -4.64893302e-03 
 1.49279441e+01  2.11327992e-08 -4.30137863e-07  2.11971643e-08 -4.39684166e-07  2.13428129e-08 -4.79824558e-07  2.12104807e-08 -4.84704341e-07  9.04760654e-01  6.10026612e-03  5.94429855e-01  2.15687694e-03  1.71291502e-01 -4.64516054e-03 
 1.49451404e+01  2.10837369e-08 -4.29568413e-07  2.11480833e-08 -4.39125899e-07  2.12935400e-08 -4.79316305e-07  2.11611628e-08 -4.84202233e-07  9.04778308e-01  6.09148497e-03  5.94485666e-01  2.15155629e-03  1.71309882e-01 -4.64139461e-03 
 1.49623566e+01  2.10347875e-08 -4.28999511e-07  2.10991153e-08 -4.38568194e-07  2.12443796e-08 -4.78808683e-07  2.11119572e-08 -4.83700767e-07  9.04796001e-01  6.08271132e-03  5.94541614e-01  2.14623737e-03  1.71328310e-01 -4.63763522e-03 
 1.49795925e+01  2.09859509e-08 -4.28431155e-07  2.10502600e-08 -4.38011049e-07  2.11953313e-08 -4.78301694e-07  2.10628637e-08 -4.83199941e-07  9.04813735e-01  6.07394516e-03  5.94597699e-01  2.14092016e-03  1.71346786e-01 -4.63388237e-03 
 1.49968484e+01  2.09372267e-08 -4.27863345e-07  2.10015171e-08 -4.37454463e-07  2.11463949e-08 -4.77795335e-07  2.10138819e-08 -4.82699755e-07  9.04831509e-01  6.06518646e-03  5.94653923e-01  2.13560465e-03  1.71365310e-01 -4.63013605e-03 
 1.50141241e+01  2.08886148e-08 -4.27296081e-07  2.09528863e-08 -4.36898436e-07  2.10975701e-08 -4.77289607e-07  2.09650116e-08 -4.82200209e-07  9.04849323e-01  6.05643523e-03  5.94710284e-01  2.13029083e-03  1.71383882e-01 -4.62639627e-03 
 1.50314197e+01  2.08401148e-08 -4.26729361e-07  2.09043674e-08 -4.36342967e-07  2.10488567e-08 -4.76784509e-07  2.09162526e-08 -4.81701301e-07  9.04867178e-01  6.04769145e-03  5.94766784e-01  2.12497869e-03  1.71402502e-01 -4.62266302e-03 
 1.50487352e+01  2.07917264e-08 -4.26163184e-07  2.08559602e-08 -4.35788055e-07  2.10002544e-08 -4.76280040e-07  2.08676046e-08 -4.81203032e-07  9.04885073e-01  6.03895510e-03  5.94823423e-01  2.11966822e-03  1.71421171e-01 -4.61893630e-03 
 1.50660707e+01  2.07434496e-08 -4.25597551e-07  2.08076644e-08 -4.35233700e-07  2.09517630e-08 -4.75776199e-07  2.08190673e-08 -4.80705401e-07  9.04903008e-01  6.03022617e-03  5.94880201e-01  2.11435940e-03  1.71439889e-01 -4.61521610e-03 
 1.50834261e+01  2.06952839e-08 -4.25032459e-07  2.07594797e-08 -4.34679901e-07  2.09033822e-08 -4.75272987e-07  2.07706405e-08 -4.80208407e-07  9.04920984e-01  6.02150465e-03  5.94937119e-01  2.10905224e-03  1.71458655e-01 -4.61150243e-03 
 1.51008015e+01  2.06472291e-08 -4.24467909e-07  2.07114059e-08 -4.34126657e-07  2.08551117e-08 -4.74770401e-07  2.07223240e-08 -4.79712049e-07  9.04939001e-01  6.01279053e-03  5.94994177e-01  2.10374671e-03  1.71477470e-01 -4.60779528e-03 
 1.51181970e+01  2.05992851e-08 -4.23903900e-07  2.06634427e-08 -4.33573967e-07  2.08069514e-08 -4.74268443e-07  2.06741174e-08 -4.79216327e-07  9.04957059e-01  6.00408379e-03  5.95051376e-01  2.09844281e-03  1.71496335e-01 -4.60409465e-03 
 1.51356125e+01  2.05514514e-08 -4.23340431e-07  2.06155899e-08 -4.33021831e-07  2.07589009e-08 -4.73767111e-07  2.06260206e-08 -4.78721241e-07  9.04975158e-01  5.99538442e-03  5.95108715e-01  2.09314052e-03  1.71515248e-01 -4.60040053e-03 
 1.51530480e+01  2.05037280e-08 -4.22777500e-07  2.05678473e-08 -4.32470247e-07  2.07109600e-08 -4.73266404e-07  2.05780333e-08 -4.78226790e-07  9.04993297e-01  5.98669242e-03  5.95166195e-01  2.08783983e-03  1.71534210e-01 -4.59671292e-03 
 1.51705037e+01  2.04561145e-08 -4.22215109e-07  2.05202145e-08 -4.31919216e-07  2.06631284e-08 -4.72766323e-07  2.05301552e-08 -4.77732973e-07  9.05011479e-01  5.97800775e-03  5.95223817e-01  2.08254074e-03  1.71553222e-01 -4.59303182e-03 
 1.51879794e+01  2.04086107e-08 -4.21653254e-07  2.04726914e-08 -4.31368736e-07  2.06154059e-08 -4.72266865e-07  2.04823861e-08 -4.77239789e-07  9.05029701e-01  5.96933042e-03  5.95281581e-01  2.07724322e-03  1.71572283e-01 -4.58935723e-03 
 1.52054753e+01  2.03612163e-08 -4.21091937e-07  2.04252776e-08 -4.30818807e-07  2.05677923e-08 -4.71768032e-07  2.04347257e-08 -4.76747239e-07  9.05047965e-01  5.96066041e-03  5.95339487e-01  2.07194728e-03  1.71591394e-01 -4.58568914e-03 
 1.52229913e+01  2.03139311e-08 -4.20531156e-07  2.03779730e-08 -4.30269427e-07  2.05202873e-08 -4.71269821e-07  2.03871737e-08 -4.76255321e-07  9.05066271e-01  5.95199771e-03  5.95397535e-01  2.06665290e-03  1.71610554e-01 -4.58202756e-03 
 1.52405275e+01  2.02667549e-08 -4.19970910e-07  2.03307773e-08 -4.29720597e-07  2.04728907e-08 -4.70772234e-07  2.03397300e-08 -4.75764035e-07  9.05084618e-01  5.94334231e-03  5.95455727e-01  2.06136006e-03  1.71629765e-01 -4.57837247e-03 
 1.52580839e+01  2.02196873e-08 -4.19411198e-07  2.02836903e-08 -4.29172315e-07  2.04256021e-08 -4.70275268e-07  2.02923943e-08 -4.75273381e-07  9.05103007e-01  5.93469418e-03  5.95514062e-01  2.05606876e-03  1.71649025e-01 -4.57472388e-03 
 1.52756606e+01  2.01727283e-08 -4.18852021e-07  2.02367116e-08 -4.28624581e-07  2.03784214e-08 -4.69778924e-07  2.02451664e-08 -4.74783357e-07  9.05121438e-01  5.92605333e-03  5.95572542e-01  2.05077898e-03  1.71668336e-01 -4.57108179e-03 
 1.52932575e+01  2.01258774e-08 -4.18293377e-07  2.01898411e-08 -4.28077394e-07  2.03313483e-08 -4.69283200e-07  2.01980459e-08 -4.74293963e-07  9.05139911e-01  5.91741973e-03  5.95631165e-01  2.04549072e-03  1.71687696e-01 -4.56744618e-03 
 1.53108746e+01  2.00791344e-08 -4.17735265e-07  2.01430785e-08 -4.27530753e-07  2.02843826e-08 -4.68788097e-07  2.01510326e-08 -4.73805199e-07  9.05158426e-01  5.90879338e-03  5.95689933e-01  2.04020397e-03  1.71707107e-01 -4.56381707e-03 
 1.53285121e+01  2.00324992e-08 -4.17177684e-07  2.00964236e-08 -4.26984658e-07  2.02375239e-08 -4.68293613e-07  2.01041263e-08 -4.73317064e-07  9.05176984e-01  5.90017426e-03  5.95748846e-01  2.03491870e-03  1.71726569e-01 -4.56019444e-03 
 1.53461698e+01  1.99859715e-08 -4.16620635e-07  2.00498761e-08 -4.26439107e-07  2.01907722e-08 -4.67799748e-07  2.00573268e-08 -4.72829558e-07  9.05195584e-01  5.89156236e-03  5.95807905e-01  2.02963492e-03  1.71746081e-01 -4.55657829e-03 
 1.53638479e+01  1.99395510e-08 -4.16064115e-07  2.00034358e-08 -4.25894101e-07  2.01441270e-08 -4.67306502e-07  2.00106338e-08 -4.72342679e-07  9.05214226e-01  5.88295766e-03  5.95867109e-01  2.02435260e-03  1.71765644e-01 -4.55296863e-03 
 1.53815464e+01  1.98932375e-08 -4.15508125e-07  1.99571024e-08 -4.25349637e-07  2.00975883e-08 -4.66813873e-07  1.99640470e-08 -4.71856428e-07  9.05232912e-01  5.87436016e-03  5.95926459e-01  2.01907175e-03  1.71785258e-01 -4.54936544e-03 
 1.53992653e+01  1.98470307e-08 -4.14952663e-07  1.99108757e-08 -4.24805717e-07  2.00511556e-08 -4.66321862e-07  1.99175662e-08 -4.71370803e-07  9.05251639e-01  5.86576984e-03  5.95985957e-01  2.01379234e-03  1.71804923e-01 -4.54576873e-03 
 1.54170045e+01  1.98009305e-08 -4.14397730e-07  1.98647554e-08 -4.24262338e-07  2.00048289e-08 -4.65830467e-07  1.98711912e-08 -4.70885805e-07  9.05270410e-01  5.85718668e-03  5.96045601e-01  2.00851436e-03  1.71824639e-01 -4.54217850e-03 
 1.54347642e+01  1.97549364e-08 -4.13843323e-07  1.98187414e-08 -4.23719500e-07  1.99586078e-08 -4.65339689e-07  1.98249218e-08 -4.70401432e-07  9.05289224e-01  5.84861069e-03  5.96105392e-01  2.00323781e-03  1.71844406e-01 -4.53859473e-03 
 1.54525444e+01  1.97090485e-08 -4.13289443e-07  1.97728333e-08 -4.23177203e-07  1.99124921e-08 -4.64849526e-07  1.97787576e-08 -4.69917684e-07  9.05308081e-01  5.84004183e-03  5.96165332e-01  1.99796267e-03  1.71864225e-01 -4.53501744e-03 
 1.54703450e+01  1.96632663e-08 -4.12736088e-07  1.97270310e-08 -4.22635445e-07  1.98664816e-08 -4.64359978e-07  1.97326984e-08 -4.69434561e-07  9.05326981e-01  5.83148011e-03  5.96225419e-01  1.99268894e-03  1.71884095e-01 -4.53144661e-03 
 1.54881662e+01  1.96175896e-08 -4.12183258e-07  1.96813341e-08 -4.22094226e-07  1.98205760e-08 -4.63871044e-07  1.96867440e-08 -4.68952062e-07  9.05345925e-01  5.82292550e-03  5.96285655e-01  1.98741659e-03  1.71904017e-01 -4.52788225e-03 
 1.55060079e+01  1.95720182e-08 -4.11630952e-07  1.96357425e-08 -4.21553545e-07  1.97747751e-08 -4.63382724e-07  1.96408942e-08 -4.68470186e-07  9.05364912e-01  5.81437800e-03  5.96346040e-01  1.98214563e-03  1.71923991e-01 -4.52432435e-03 
 1.55238701e+01  1.95265519e-08 -4.11079170e-07  1.95902559e-08 -4.21013402e-07  1.97290786e-08 -4.62895017e-07  1.95951487e-08 -4.67988933e-07  9.05383943e-01  5.80583759e-03  5.96406575e-01  1.97687603e-03  1.71944017e-01 -4.52077291e-03 
 1.55417529e+01  1.94811905e-08 -4.10527910e-07  1.95448741e-08 -4.20473795e-07  1.96834863e-08 -4.62407923e-07  1.95495073e-08 -4.67508302e-07  9.05403017e-01  5.79730426e-03  5.96467259e-01  1.97160779e-03  1.71964095e-01 -4.51722793e-03 
 1.55596563e+01  1.94359336e-08 -4.09977172e-07  1.94995968e-08 -4.19934725e-07  1.96379980e-08 -4.61921440e-07  1.95039697e-08 -4.67028293e-07  9.05422135e-01  5.78877799e-03  5.96528094e-01  1.96634089e-03  1.71984225e-01 -4.51368940e-03 
 1.55775803e+01  1.93907811e-08 -4.09426955e-07  1.94544238e-08 -4.19396190e-07  1.95926134e-08 -4.61435569e-07  1.94585357e-08 -4.66548905e-07  9.05441297e-01  5.78025879e-03  5.96589079e-01  1.96107533e-03  1.72004408e-01 -4.51015732e-03 
 1.55955250e+01  1.93457327e-08 -4.08877259e-07  1.94093549e-08 -4.18858189e-07  1.95473323e-08 -4.60950309e-07  1.94132051e-08 -4.66070137e-07  9.05460504e-01  5.77174662e-03  5.96650215e-01  1.95581109e-03  1.72024643e-01 -4.50663170e-03 
 1.56134904e+01  1.93007881e-08 -4.08328082e-07  1.93643898e-08 -4.18320722e-07  1.95021544e-08 -4.60465659e-07  1.93679776e-08 -4.65591989e-07  9.05479754e-01  5.76324148e-03  5.96711503e-01  1.95054816e-03  1.72044931e-01 -4.50311252e-03 
 1.56314764e+01  1.92559472e-08 -4.07779424e-07  1.93195283e-08 -4.17783788e-07  1.94570795e-08 -4.59981619e-07  1.93228529e-08 -4.65114461e-07  9.05499049e-01  5.75474336e-03  5.96772942e-01  1.94528652e-03  1.72065271e-01 -4.49959979e-03 
 1.56494832e+01  1.92112098e-08 -4.07231284e-07  1.92747701e-08 -4.17247387e-07  1.94121074e-08 -4.59498187e-07  1.92778309e-08 -4.64637552e-07  9.05518389e-01  5.74625224e-03  5.96834534e-01  1.94002618e-03  1.72085665e-01 -4.49609350e-03 
 1.56675107e+01  1.91665755e-08 -4.06683661e-07  1.92301151e-08 -4.16711517e-07  1.93672379e-08 -4.59015365e-07  1.92329114e-08 -4.64161261e-07  9.05537773e-01  5.73776811e-03  5.96896278e-01  1.93476711e-03  1.72106111e-01 -4.49259366e-03 
 1.56855590e+01  1.91220441e-08 -4.06136555e-07  1.91855630e-08 -4.16176178e-07  1.93224707e-08 -4.58533150e-07  1.91880939e-08 -4.63685587e-07  9.05557202e-01  5.72929096e-03  5.96958176e-01  1.92950930e-03  1.72126611e-01 -4.48910025e-03 
 1.57036280e+01  1.90776155e-08 -4.05589965e-07  1.91411135e-08 -4.15641369e-07  1.92778055e-08 -4.58051542e-07  1.91433785e-08 -4.63210531e-07  9.05576675e-01  5.72082077e-03  5.97020227e-01  1.92425275e-03  1.72147164e-01 -4.48561328e-03 
 1.57217179e+01  1.90332893e-08 -4.05043890e-07  1.90967664e-08 -4.15107090e-07  1.92332421e-08 -4.57570542e-07  1.90987647e-08 -4.62736092e-07  9.05596194e-01  5.71235754e-03  5.97082432e-01  1.91899744e-03  1.72167771e-01 -4.48213275e-03 
 1.57398286e+01  1.89890654e-08 -4.04498330e-07  1.90525215e-08 -4.14573340e-07  1.91887804e-08 -4.57090147e-07  1.90542524e-08 -4.62262268e-07  9.05615757e-01  5.70390125e-03  5.97144791e-01  1.91374336e-03  1.72188431e-01 -4.47865865e-03 
 1.57579602e+01  1.89449435e-08 -4.03953283e-07  1.90083786e-08 -4.14040117e-07  1.91444200e-08 -4.56610358e-07  1.90098413e-08 -4.61789060e-07  9.05635366e-01  5.69545189e-03  5.97207305e-01  1.90849049e-03  1.72209145e-01 -4.47519098e-03 
 1.57761127e+01  1.89009234e-08 -4.03408749e-07  1.89643375e-08 -4.13507422e-07  1.91001608e-08 -4.56131174e-07  1.89655313e-08 -4.61316467e-07  9.05655021e-01  5.68700944e-03  5.97269974e-01  1.90323883e-03  1.72229913e-01 -4.47172973e-03 
 1.57942861e+01  1.88570049e-08 -4.02864727e-07  1.89203978e-08 -4.12975253e-07  1.90560024e-08 -4.55652595e-07  1.89213220e-08 -4.60844489e-07  9.05674720e-01  5.67857389e-03  5.97332799e-01  1.89798837e-03  1.72250735e-01 -4.46827492e-03 
 1.58124804e+01  1.88131876e-08 -4.02321217e-07  1.88765594e-08 -4.12443611e-07  1.90119448e-08 -4.55174620e-07  1.88772132e-08 -4.60373124e-07  9.05694466e-01  5.67014523e-03  5.97395780e-01  1.89273909e-03  1.72271611e-01 -4.46482653e-03 
 1.58306957e+01  1.87694715e-08 -4.01778217e-07  1.88328220e-08 -4.11912493e-07  1.89679875e-08 -4.54697248e-07  1.88332048e-08 -4.59902373e-07  9.05714257e-01  5.66172345e-03  5.97458918e-01  1.88749098e-03  1.72292541e-01 -4.46138456e-03 
 1.58489319e+01  1.87258562e-08 -4.01235728e-07  1.87891854e-08 -4.11381900e-07  1.89241305e-08 -4.54220478e-07  1.87892964e-08 -4.59432234e-07  9.05734094e-01  5.65330853e-03  5.97522212e-01  1.88224403e-03  1.72313526e-01 -4.45794901e-03 
 1.58671892e+01  1.86823416e-08 -4.00693747e-07  1.87456495e-08 -4.10851830e-07  1.88803734e-08 -4.53744311e-07  1.87454878e-08 -4.58962708e-07  9.05753977e-01  5.64490047e-03  5.97585664e-01  1.87699823e-03  1.72334566e-01 -4.45451988e-03 
 1.58854675e+01  1.86389274e-08 -4.00152275e-07  1.87022138e-08 -4.10322283e-07  1.88367161e-08 -4.53268746e-07  1.87017789e-08 -4.58493793e-07  9.05773906e-01  5.63649924e-03  5.97649273e-01  1.87175356e-03  1.72355660e-01 -4.45109717e-03 
 1.59037668e+01  1.85956133e-08 -3.99611311e-07  1.86588784e-08 -4.09793259e-07  1.87931584e-08 -4.52793781e-07  1.86581694e-08 -4.58025490e-07  9.05793881e-01  5.62810484e-03  5.97713041e-01  1.86651002e-03  1.72376809e-01 -4.44768087e-03 
 1.59220873e+01  1.85523992e-08 -3.99070853e-07  1.86156428e-08 -4.09264756e-07  1.87496999e-08 -4.52319417e-07  1.86146590e-08 -4.57557797e-07  9.05813903e-01  5.61971725e-03  5.97776967e-01  1.86126759e-03  1.72398014e-01 -4.44427099e-03 
 1.59404288e+01  1.85092849e-08 -3.98530902e-07  1.85725068e-08 -4.08736774e-07  1.87063404e-08 -4.51845653e-07  1.85712475e-08 -4.57090714e-07  9.05833971e-01  5.61133646e-03  5.97841052e-01  1.85602625e-03  1.72419273e-01 -4.44086751e-03 
 1.59587915e+01  1.84662701e-08 -3.97991457e-07  1.85294704e-08 -4.08209312e-07  1.86630798e-08 -4.51372489e-07  1.85279348e-08 -4.56624241e-07  9.05854086e-01  5.60296246e-03  5.97905297e-01  1.85078601e-03  1.72440588e-01 -4.43747045e-03 
 1.59771753e+01  1.84233545e-08 -3.97452516e-07  1.84865331e-08 -4.07682370e-07  1.86199178e-08 -4.50899923e-07  1.84847205e-08 -4.56158376e-07  9.05874247e-01  5.59459524e-03  5.97969701e-01  1.84554685e-03  1.72461958e-01 -4.43407979e-03 
 1.59955803e+01  1.83805380e-08 -3.96914079e-07  1.84436949e-08 -4.07155946e-07  1.85768542e-08 -4.50427955e-07  1.84416044e-08 -4.55693120e-07  9.05894456e-01  5.58623478e-03  5.98034266e-01  1.84030875e-03  1.72483384e-01 -4.43069553e-03 
 1.60140065e+01  1.83378203e-08 -3.96376146e-07  1.84009554e-08 -4.06630040e-07  1.85338888e-08 -4.49956586e-07  1.83985864e-08 -4.55228472e-07  9.05914712e-01  5.57788107e-03  5.98098992e-01  1.83507170e-03  1.72504866e-01 -4.42731768e-03 
 1.60324539e+01  1.82952012e-08 -3.95838715e-07  1.83583145e-08 -4.06104651e-07  1.84910212e-08 -4.49485813e-07  1.83556662e-08 -4.54764431e-07  9.05935014e-01  5.56953409e-03  5.98163879e-01  1.82983569e-03  1.72526404e-01 -4.42394623e-03 
 1.60509226e+01  1.82526806e-08 -3.95301786e-07  1.83157719e-08 -4.05579778e-07  1.84482514e-08 -4.49015637e-07  1.83128435e-08 -4.54300997e-07  9.05955364e-01  5.56119384e-03  5.98228927e-01  1.82460071e-03  1.72547997e-01 -4.42058117e-03 
 1.60694125e+01  1.82102580e-08 -3.94765358e-07  1.82733274e-08 -4.05055422e-07  1.84055791e-08 -4.48546056e-07  1.82701182e-08 -4.53838169e-07  9.05975762e-01  5.55286031e-03  5.98294138e-01  1.81936675e-03  1.72569647e-01 -4.41722252e-03 
 1.60879238e+01  1.81679335e-08 -3.94229430e-07  1.82309808e-08 -4.04531580e-07  1.83630040e-08 -4.48077072e-07  1.82274899e-08 -4.53375947e-07  9.05996207e-01  5.54453347e-03  5.98359511e-01  1.81413380e-03  1.72591354e-01 -4.41387026e-03 
 1.61064564e+01  1.81257066e-08 -3.93694002e-07  1.81887318e-08 -4.04008253e-07  1.83205259e-08 -4.47608682e-07  1.81849586e-08 -4.52914331e-07  9.06016699e-01  5.53621332e-03  5.98425048e-01  1.80890183e-03  1.72613117e-01 -4.41052439e-03 
 1.61250103e+01  1.80835772e-08 -3.93159072e-07  1.81465803e-08 -4.03485439e-07  1.82781447e-08 -4.47140886e-07  1.81425240e-08 -4.52453318e-07  9.06037240e-01  5.52789984e-03  5.98490747e-01  1.80367085e-03  1.72634936e-01 -4.40718492e-03 
 1.61435856e+01  1.80415452e-08 -3.92624641e-07  1.81045260e-08 -4.02963139e-07  1.82358600e-08 -4.46673685e-07  1.81001858e-08 -4.51992910e-07  9.06057829e-01  5.51959302e-03  5.98556611e-01  1.79844083e-03  1.72656813e-01 -4.40385183e-03 
 1.61621823e+01  1.79996101e-08 -3.92090708e-07  1.80625687e-08 -4.02441350e-07  1.81936717e-08 -4.46207076e-07  1.80579438e-08 -4.51533106e-07  9.06078465e-01  5.51129285e-03  5.98622639e-01  1.79321178e-03  1.72678746e-01 -4.40052514e-03 
 1.61808004e+01  1.79577720e-08 -3.91557271e-07  1.80207082e-08 -4.01920073e-07  1.81515796e-08 -4.45741060e-07  1.80157978e-08 -4.51073904e-07  9.06099150e-01  5.50299932e-03  5.98688832e-01  1.78798366e-03  1.72700737e-01 -4.39720483e-03 
 1.61994399e+01  1.79160304e-08 -3.91024330e-07  1.79789443e-08 -4.01399307e-07  1.81095833e-08 -4.45275637e-07  1.79737476e-08 -4.50615306e-07  9.06119883e-01  5.49471241e-03  5.98755190e-01  1.78275648e-03  1.72722785e-01 -4.39389090e-03 
 1.62181010e+01  1.78743852e-08 -3.90491884e-07  1.79372767e-08 -4.00879051e-07  1.80676828e-08 -4.44810804e-07  1.79317930e-08 -4.50157309e-07  9.06140665e-01  5.48643211e-03  5.98821713e-01  1.77753022e-03  1.72744890e-01 -4.39058336e-03 
 1.62367835e+01  1.78328362e-08 -3.89959932e-07  1.78957052e-08 -4.00359304e-07  1.80258777e-08 -4.44346563e-07  1.78899337e-08 -4.49699913e-07  9.06161495e-01  5.47815841e-03  5.98888403e-01  1.77230487e-03  1.72767053e-01 -4.38728220e-03 
 1.62554876e+01  1.77913832e-08 -3.89428475e-07  1.78542296e-08 -3.99840066e-07  1.79841679e-08 -4.43882913e-07  1.78481695e-08 -4.49243119e-07  9.06182374e-01  5.46989130e-03  5.98955260e-01  1.76708041e-03  1.72789273e-01 -4.38398742e-03 
 1.62742132e+01  1.77500260e-08 -3.88897510e-07  1.78128497e-08 -3.99321336e-07  1.79425532e-08 -4.43419852e-07  1.78065002e-08 -4.48786924e-07  9.06203303e-01  5.46163075e-03  5.99022283e-01  1.76185684e-03  1.72811552e-01 -4.38069902e-03 
 1.62929603e+01  1.77087642e-08 -3.88367037e-07  1.77715653e-08 -3.98803113e-07  1.79010333e-08 -4.42957380e-07  1.77649256e-08 -4.48331330e-07  9.06224280e-01  5.45337677e-03  5.99089474e-01  1.75663414e-03  1.72833889e-01 -4.37741700e-03 
 1.63117291e+01  1.76675978e-08 -3.87837057e-07  1.77303761e-08 -3.98285396e-07  1.78596079e-08 -4.42495498e-07  1.77234454e-08 -4.47876335e-07  9.06245306e-01  5.44512933e-03  5.99156833e-01  1.75141230e-03  1.72856283e-01 -4.37414135e-03 
 1.63305195e+01  1.76265265e-08 -3.87307566e-07  1.76892820e-08 -3.97768185e-07  1.78182770e-08 -4.42034203e-07  1.76820595e-08 -4.47421939e-07  9.06266382e-01  5.43688843e-03  5.99224361e-01  1.74619130e-03  1.72878736e-01 -4.37087207e-03 
 1.63493315e+01  1.75855501e-08 -3.86778566e-07  1.76482827e-08 -3.97251479e-07  1.77770402e-08 -4.41573497e-07  1.76407677e-08 -4.46968141e-07  9.06287507e-01  5.42865405e-03  5.99292057e-01  1.74097114e-03  1.72901248e-01 -4.36760917e-03 
 1.63681652e+01  1.75446683e-08 -3.86250056e-07  1.76073781e-08 -3.96735278e-07  1.77358974e-08 -4.41113377e-07  1.75995696e-08 -4.46514941e-07  9.06308681e-01  5.42042617e-03  5.99359923e-01  1.73575180e-03  1.72923819e-01 -4.36435264e-03 
 1.63870206e+01  1.75038810e-08 -3.85722034e-07  1.75665678e-08 -3.96219580e-07  1.76948484e-08 -4.40653845e-07  1.75584651e-08 -4.46062338e-07  9.06329906e-01  5.41220479e-03  5.99427959e-01  1.73053327e-03  1.72946448e-01 -4.36110247e-03 
 1.64058977e+01  1.74631880e-08 -3.85194499e-07  1.75258517e-08 -3.95704385e-07  1.76538928e-08 -4.40194898e-07  1.75174540e-08 -4.45610332e-07  9.06351180e-01  5.40398990e-03  5.99496165e-01  1.72531554e-03  1.72969136e-01 -4.35785867e-03 
 1.64247966e+01  1.74225890e-08 -3.84667452e-07  1.74852295e-08 -3.95189693e-07  1.76130306e-08 -4.39736537e-07  1.74765361e-08 -4.45158923e-07  9.06372504e-01  5.39578148e-03  5.99564542e-01  1.72009859e-03  1.72991883e-01 -4.35462124e-03 
 1.64437172e+01  1.73820838e-08 -3.84140892e-07  1.74447012e-08 -3.94675502e-07  1.75722614e-08 -4.39278760e-07  1.74357111e-08 -4.44708108e-07  9.06393879e-01  5.38757951e-03  5.99633089e-01  1.71488242e-03  1.73014690e-01 -4.35139017e-03 
 1.64626597e+01  1.73416722e-08 -3.83614817e-07  1.74042664e-08 -3.94161812e-07  1.75315852e-08 -4.38821569e-07  1.73949788e-08 -4.44257889e-07  9.06415304e-01  5.37938399e-03  5.99701809e-01  1.70966700e-03  1.73037556e-01 -4.34816547e-03 
 1.64816239e+01  1.73013540e-08 -3.83089227e-07  1.73639249e-08 -3.93648621e-07  1.74910015e-08 -4.38364961e-07  1.73543391e-08 -4.43808265e-07  9.06436779e-01  5.37119491e-03  5.99770701e-01  1.70445233e-03  1.73060482e-01 -4.34494713e-03 
 1.65006100e+01  1.72611290e-08 -3.82564121e-07  1.73236765e-08 -3.93135931e-07  1.74505104e-08 -4.37908936e-07  1.73137917e-08 -4.43359235e-07  9.06458305e-01  5.36301224e-03  5.99839766e-01  1.69923840e-03  1.73083467e-01 -4.34173514e-03 
 1.65196180e+01  1.72209969e-08 -3.82039499e-07  1.72835210e-08 -3.92623738e-07  1.74101115e-08 -4.37453495e-07  1.72733363e-08 -4.42910798e-07  9.06479881e-01  5.35483598e-03  5.99909003e-01  1.69402519e-03  1.73106513e-01 -4.33852952e-03 
 1.65386478e+01  1.71809576e-08 -3.81515359e-07  1.72434583e-08 -3.92112044e-07  1.73698046e-08 -4.36998635e-07  1.72329728e-08 -4.42462955e-07  9.06501509e-01  5.34666611e-03  5.99978415e-01  1.68881269e-03  1.73129618e-01 -4.33533025e-03 
 1.65576996e+01  1.71410109e-08 -3.80991702e-07  1.72034880e-08 -3.91600847e-07  1.73295895e-08 -4.36544358e-07  1.71927010e-08 -4.42015704e-07  9.06523187e-01  5.33850263e-03  6.00048000e-01  1.68360089e-03  1.73152784e-01 -4.33213734e-03 
 1.65767734e+01  1.71011566e-08 -3.80468525e-07  1.71636101e-08 -3.91090147e-07  1.72894660e-08 -4.36090661e-07  1.71525207e-08 -4.41569045e-07  9.06544917e-01  5.33034551e-03  6.00117760e-01  1.67838977e-03  1.73176010e-01 -4.32895078e-03 
 1.65958691e+01  1.70613943e-08 -3.79945830e-07  1.71238242e-08 -3.90579943e-07  1.72494340e-08 -4.35637546e-07  1.71124316e-08 -4.41122978e-07  9.06566697e-01  5.32219475e-03  6.00187695e-01  1.67317932e-03  1.73199297e-01 -4.32577058e-03 
 1.66149868e+01  1.70217240e-08 -3.79423614e-07  1.70841301e-08 -3.90070233e-07  1.72094931e-08 -4.35185010e-07  1.70724335e-08 -4.40677501e-07  9.06588530e-01  5.31405033e-03  6.00257806e-01  1.66796954e-03  1.73222645e-01 -4.32259673e-03 
 1.66341265e+01  1.69821454e-08 -3.78901877e-07  1.70445278e-08 -3.89561018e-07  1.71696431e-08 -4.34733054e-07  1.70325262e-08 -4.40232616e-07  9.06610414e-01  5.30591225e-03  6.00328093e-01  1.66276040e-03  1.73246053e-01 -4.31942923e-03 
 1.66532883e+01  1.69426584e-08 -3.78380619e-07  1.70050168e-08 -3.89052297e-07  1.71298840e-08 -4.34281678e-07  1.69927095e-08 -4.39788320e-07  9.06632349e-01  5.29778048e-03  6.00398556e-01  1.65755189e-03  1.73269523e-01 -4.31626808e-03 
 1.66724721e+01  1.69032626e-08 -3.77859839e-07  1.69655971e-08 -3.88544069e-07  1.70902153e-08 -4.33830879e-07  1.69529833e-08 -4.39344614e-07  9.06654337e-01  5.28965502e-03  6.00469196e-01  1.65234401e-03  1.73293054e-01 -4.31311327e-03 
 1.66916781e+01  1.68639579e-08 -3.77339535e-07  1.69262685e-08 -3.88036333e-07  1.70506371e-08 -4.33380659e-07  1.69133472e-08 -4.38901497e-07  9.06676376e-01  5.28153585e-03  6.00540014e-01  1.64713673e-03  1.73316646e-01 -4.30996482e-03 
 1.67109061e+01  1.68247442e-08 -3.76819708e-07  1.68870307e-08 -3.87529089e-07  1.70111489e-08 -4.32931016e-07  1.68738012e-08 -4.38458968e-07  9.06698468e-01  5.27342296e-03  6.00611009e-01  1.64193005e-03  1.73340300e-01 -4.30682270e-03 
 1.67301564e+01  1.67856211e-08 -3.76300356e-07  1.68478835e-08 -3.87022336e-07  1.69717507e-08 -4.32481950e-07  1.68343449e-08 -4.38017027e-07  9.06720612e-01  5.26531633e-03  6.00682184e-01  1.63672395e-03  1.73364016e-01 -4.30368694e-03 
 1.67494288e+01  1.67465885e-08 -3.75781479e-07  1.68088268e-08 -3.86516073e-07  1.69324423e-08 -4.32033461e-07  1.67949781e-08 -4.37575674e-07  9.06742808e-01  5.25721596e-03  6.00753537e-01  1.63151842e-03  1.73387793e-01 -4.30055751e-03 
 1.67687234e+01  1.67076462e-08 -3.75263076e-07  1.67698602e-08 -3.86010299e-07  1.68932233e-08 -4.31585548e-07  1.67557007e-08 -4.37134908e-07  9.06765057e-01  5.24912183e-03  6.00825069e-01  1.62631345e-03  1.73411633e-01 -4.29743443e-03 
 1.67880402e+01  1.66687940e-08 -3.74745146e-07  1.67309837e-08 -3.85505015e-07  1.68540936e-08 -4.31138210e-07  1.67165125e-08 -4.36694728e-07  9.06787359e-01  5.24103393e-03  6.00896782e-01  1.62110903e-03  1.73435535e-01 -4.29431769e-03 
 1.68073793e+01  1.66300316e-08 -3.74227689e-07  1.66921970e-08 -3.85000218e-07  1.68150531e-08 -4.30691446e-07  1.66774132e-08 -4.36255135e-07  9.06809714e-01  5.23295225e-03  6.00968675e-01  1.61590513e-03  1.73459499e-01 -4.29120729e-03 
 1.68267406e+01  1.65913589e-08 -3.73710704e-07  1.66534998e-08 -3.84495909e-07  1.67761014e-08 -4.30245257e-07  1.66384027e-08 -4.35816126e-07  9.06832122e-01  5.22487677e-03  6.01040749e-01  1.61070176e-03  1.73483526e-01 -4.28810323e-03 
 1.68461243e+01  1.65527757e-08 -3.73194190e-07  1.66148921e-08 -3.83992086e-07  1.67372385e-08 -4.29799642e-07  1.65994807e-08 -4.35377703e-07  9.06854583e-01  5.21680748e-03  6.01113005e-01  1.60549889e-03  1.73507616e-01 -4.28500551e-03 
 1.68655303e+01  1.65142818e-08 -3.72678146e-07  1.65763736e-08 -3.83488750e-07  1.66984640e-08 -4.29354600e-07  1.65606471e-08 -4.34939864e-07  9.06877097e-01  5.20874436e-03  6.01185442e-01  1.60029651e-03  1.73531768e-01 -4.28191412e-03 
 1.68849586e+01  1.64758769e-08 -3.72162572e-07  1.65379441e-08 -3.82985898e-07  1.66597778e-08 -4.28910131e-07  1.65219015e-08 -4.34502609e-07  9.06899665e-01  5.20068742e-03  6.01258062e-01  1.59509461e-03  1.73555984e-01 -4.27882907e-03 
 1.69044093e+01  1.64375609e-08 -3.71647467e-07  1.64996034e-08 -3.82483532e-07  1.66211797e-08 -4.28466234e-07  1.64832439e-08 -4.34065938e-07  9.06922286e-01  5.19263662e-03  6.01330865e-01  1.58989318e-03  1.73580263e-01 -4.27575035e-03 
 1.69238824e+01  1.63993335e-08 -3.71132830e-07  1.64613513e-08 -3.81981649e-07  1.65826695e-08 -4.28022909e-07  1.64446740e-08 -4.33629850e-07  9.06944962e-01  5.18459196e-03  6.01403852e-01  1.58469220e-03  1.73604605e-01 -4.27267797e-03 
 1.69433780e+01  1.63611947e-08 -3.70618661e-07  1.64231876e-08 -3.81480249e-07  1.65442469e-08 -4.27580155e-07  1.64061916e-08 -4.33194344e-07  9.06967691e-01  5.17655343e-03  6.01477022e-01  1.57949166e-03  1.73629011e-01 -4.26961192e-03 
 1.69628960e+01  1.63231440e-08 -3.70104959e-07  1.63851121e-08 -3.80979332e-07  1.65059119e-08 -4.27137972e-07  1.63677966e-08 -4.32759420e-07  9.06990474e-01  5.16852101e-03  6.01550377e-01  1.57429155e-03  1.73653481e-01 -4.26655220e-03 
 1.69824365e+01  1.62851815e-08 -3.69591723e-07  1.63471246e-08 -3.80478897e-07  1.64676641e-08 -4.26696359e-07  1.63294886e-08 -4.32325077e-07  9.07013312e-01  5.16049470e-03  6.01623917e-01  1.56909185e-03  1.73678015e-01 -4.26349881e-03 
 1.70019995e+01  1.62473068e-08 -3.69078952e-07  1.63092248e-08 -3.79978943e-07  1.64295033e-08 -4.26255315e-07  1.62912676e-08 -4.31891316e-07  9.07036204e-01  5.15247447e-03  6.01697643e-01  1.56389255e-03  1.73702612e-01 -4.26045176e-03 
 1.70215851e+01  1.62095198e-08 -3.68566646e-07  1.62714127e-08 -3.79479469e-07  1.63914295e-08 -4.25814841e-07  1.62531333e-08 -4.31458135e-07  9.07059150e-01  5.14446031e-03  6.01771554e-01  1.55869364e-03  1.73727275e-01 -4.25741103e-03 
 1.70411932e+01  1.61718202e-08 -3.68054803e-07  1.62336880e-08 -3.78980475e-07  1.63534423e-08 -4.25374935e-07  1.62150854e-08 -4.31025534e-07  9.07082152e-01  5.13645222e-03  6.01845652e-01  1.55349511e-03  1.73752001e-01 -4.25437662e-03 
 1.70608239e+01  1.61342079e-08 -3.67543424e-07  1.61960505e-08 -3.78481959e-07  1.63155415e-08 -4.24935597e-07  1.61771239e-08 -4.30593513e-07  9.07105208e-01  5.12845018e-03  6.01919938e-01  1.54829693e-03  1.73776792e-01 -4.25134855e-03 
 1.70804772e+01  1.60966827e-08 -3.67032508e-07  1.61585000e-08 -3.77983922e-07  1.62777271e-08 -4.24496827e-07  1.61392485e-08 -4.30162070e-07  9.07128319e-01  5.12045418e-03  6.01994411e-01  1.54309911e-03  1.73801649e-01 -4.24832680e-03 
 1.71001532e+01  1.60592444e-08 -3.66522053e-07  1.61210364e-08 -3.77486363e-07  1.62399987e-08 -4.24058623e-07  1.61014590e-08 -4.29731206e-07  9.07151485e-01  5.11246420e-03  6.02069072e-01  1.53790161e-03  1.73826570e-01 -4.24531138e-03 
 1.71198518e+01  1.60218928e-08 -3.66012059e-07  1.60836593e-08 -3.76989281e-07  1.62023562e-08 -4.23620987e-07  1.60637552e-08 -4.29300921e-07  9.07174707e-01  5.10448023e-03  6.02143922e-01  1.53270444e-03  1.73851556e-01 -4.24230228e-03 
 1.71395731e+01  1.59846276e-08 -3.65502525e-07  1.60463687e-08 -3.76492675e-07  1.61647994e-08 -4.23183916e-07  1.60261370e-08 -4.28871212e-07  9.07197984e-01  5.09650225e-03  6.02218960e-01  1.52750758e-03  1.73876608e-01 -4.23929951e-03 
 1.71593171e+01  1.59474488e-08 -3.64993452e-07  1.60091642e-08 -3.75996544e-07  1.61273280e-08 -4.22747411e-07  1.59886040e-08 -4.28442081e-07  9.07221317e-01  5.08853027e-03  6.02294189e-01  1.52231101e-03  1.73901725e-01 -4.23630306e-03 
 1.71790839e+01  1.59103560e-08 -3.64484837e-07  1.59720459e-08 -3.75500888e-07  1.60899420e-08 -4.22311471e-07  1.59511561e-08 -4.28013527e-07  9.07244706e-01  5.08056426e-03  6.02369608e-01  1.51711472e-03  1.73926908e-01 -4.23331293e-03 
 1.71988734e+01  1.58733492e-08 -3.63976680e-07  1.59350133e-08 -3.75005706e-07  1.60526410e-08 -4.21876095e-07  1.59137932e-08 -4.27585548e-07  9.07268150e-01  5.07260420e-03  6.02445218e-01  1.51191870e-03  1.73952157e-01 -4.23032913e-03 
 1.72186857e+01  1.58364281e-08 -3.63468980e-07  1.58980664e-08 -3.74510998e-07  1.60154249e-08 -4.21441284e-07  1.58765150e-08 -4.27158146e-07  9.07291651e-01  5.06465009e-03  6.02521019e-01  1.50672293e-03  1.73977472e-01 -4.22735164e-03 
 1.72385209e+01  1.57995924e-08 -3.62961738e-07  1.58612050e-08 -3.74016762e-07  1.59782935e-08 -4.21007035e-07  1.58393213e-08 -4.26731318e-07  9.07315208e-01  5.05670192e-03  6.02597012e-01  1.50152740e-03  1.74002853e-01 -4.22438048e-03 
 1.72583789e+01  1.57628422e-08 -3.62454951e-07  1.58244288e-08 -3.73522998e-07  1.59412465e-08 -4.20573350e-07  1.58022120e-08 -4.26305065e-07  9.07338821e-01  5.04875967e-03  6.02673197e-01  1.49633210e-03  1.74028300e-01 -4.22141564e-03 
 1.72782598e+01  1.57261770e-08 -3.61948620e-07  1.57877376e-08 -3.73029706e-07  1.59042839e-08 -4.20140227e-07  1.57651868e-08 -4.25879386e-07  9.07362491e-01  5.04082333e-03  6.02749575e-01  1.49113701e-03  1.74053815e-01 -4.21845711e-03 
 1.72981636e+01  1.56895968e-08 -3.61442743e-07  1.57511314e-08 -3.72536884e-07  1.58674054e-08 -4.19707667e-07  1.57282455e-08 -4.25454281e-07  9.07386218e-01  5.03289288e-03  6.02826147e-01  1.48594212e-03  1.74079396e-01 -4.21550490e-03 
 1.73180903e+01  1.56531013e-08 -3.60937320e-07  1.57146098e-08 -3.72044532e-07  1.58306108e-08 -4.19275667e-07  1.56913879e-08 -4.25029749e-07  9.07410002e-01  5.02496831e-03  6.02902912e-01  1.48074742e-03  1.74105044e-01 -4.21255901e-03 
 1.73380400e+01  1.56166904e-08 -3.60432351e-07  1.56781727e-08 -3.71552650e-07  1.57939000e-08 -4.18844229e-07  1.56546139e-08 -4.24605790e-07  9.07433843e-01  5.01704962e-03  6.02979873e-01  1.47555289e-03  1.74130759e-01 -4.20961944e-03 
 1.73580126e+01  1.55803639e-08 -3.59927833e-07  1.56418199e-08 -3.71061236e-07  1.57572726e-08 -4.18413351e-07  1.56179233e-08 -4.24182403e-07  9.07457741e-01  5.00913678e-03  6.03057028e-01  1.47035851e-03  1.74156542e-01 -4.20668619e-03 
 1.73780083e+01  1.55441215e-08 -3.59423768e-07  1.56055512e-08 -3.70570290e-07  1.57207286e-08 -4.17983033e-07  1.55813158e-08 -4.23759588e-07  9.07481696e-01  5.00122978e-03  6.03134379e-01  1.46516429e-03  1.74182392e-01 -4.20375925e-03 
 1.73980270e+01  1.55079631e-08 -3.58920153e-07  1.55693664e-08 -3.70079811e-07  1.56842677e-08 -4.17553274e-07  1.55447914e-08 -4.23337345e-07  9.07505709e-01  4.99332862e-03  6.03211926e-01  1.45997019e-03  1.74208310e-01 -4.20083863e-03 
 1.74180687e+01  1.54718886e-08 -3.58416989e-07  1.55332654e-08 -3.69589798e-07  1.56478898e-08 -4.17124075e-07  1.55083496e-08 -4.22915672e-07  9.07529780e-01  4.98543327e-03  6.03289670e-01  1.45477621e-03  1.74234295e-01 -4.19792432e-03 
 1.74381336e+01  1.54358976e-08 -3.57914274e-07  1.54972479e-08 -3.69100251e-07  1.56115947e-08 -4.16695433e-07  1.54719905e-08 -4.22494569e-07  9.07553908e-01  4.97754373e-03  6.03367611e-01  1.44958233e-03  1.74260349e-01 -4.19501633e-03 
 1.74582215e+01  1.53999901e-08 -3.57412008e-07  1.54613137e-08 -3.68611170e-07  1.55753821e-08 -4.16267350e-07  1.54357138e-08 -4.22074036e-07  9.07578095e-01  4.96965999e-03  6.03445750e-01  1.44438854e-03  1.74286472e-01 -4.19211465e-03 
 1.74783326e+01  1.53641658e-08 -3.56910190e-07  1.54254628e-08 -3.68122552e-07  1.55392518e-08 -4.15839824e-07  1.53995192e-08 -4.21654073e-07  9.07602339e-01  4.96178202e-03  6.03524088e-01  1.43919483e-03  1.74312662e-01 -4.18921929e-03 
 1.74984669e+01  1.53284245e-08 -3.56408820e-07  1.53896947e-08 -3.67634399e-07  1.55032038e-08 -4.15412855e-07  1.53634067e-08 -4.21234679e-07  9.07626643e-01  4.95390982e-03  6.03602624e-01  1.43400118e-03  1.74338922e-01 -4.18633024e-03 
 1.75186243e+01  1.52927661e-08 -3.55907896e-07  1.53540095e-08 -3.67146708e-07  1.54672378e-08 -4.14986443e-07  1.53273760e-08 -4.20815853e-07  9.07651004e-01  4.94604337e-03  6.03681360e-01  1.42880757e-03  1.74365250e-01 -4.18344750e-03 
 1.75388050e+01  1.52571904e-08 -3.55407418e-07  1.53184069e-08 -3.66659480e-07  1.54313535e-08 -4.14560586e-07  1.52914269e-08 -4.20397595e-07  9.07675425e-01  4.93818266e-03  6.03760296e-01  1.42361400e-03  1.74391647e-01 -4.18057108e-03 
 1.75590089e+01  1.52216971e-08 -3.54907386e-07  1.52828867e-08 -3.66172713e-07  1.53955509e-08 -4.14135285e-07  1.52555593e-08 -4.19979905e-07  9.07699904e-01  4.93032768e-03  6.03839433e-01  1.41842045e-03  1.74418113e-01 -4.17770096e-03 
 1.75792361e+01  1.51862862e-08 -3.54407798e-07  1.52474487e-08 -3.65686407e-07  1.53598297e-08 -4.13710539e-07  1.52197729e-08 -4.19562782e-07  9.07724442e-01  4.92247841e-03  6.03918770e-01  1.41322691e-03  1.74444649e-01 -4.17483717e-03 
 1.75994866e+01  1.51509574e-08 -3.53908654e-07  1.52120928e-08 -3.65200561e-07  1.53241898e-08 -4.13286348e-07  1.51840676e-08 -4.19146226e-07  9.07749040e-01  4.91463485e-03  6.03998310e-01  1.40803335e-03  1.74471255e-01 -4.17197968e-03 
 1.76197605e+01  1.51157105e-08 -3.53409953e-07  1.51768187e-08 -3.64715175e-07  1.52886309e-08 -4.12862710e-07  1.51484431e-08 -4.18730235e-07  9.07773697e-01  4.90679698e-03  6.04078052e-01  1.40283977e-03  1.74497930e-01 -4.16912850e-03 
 1.76400576e+01  1.50805453e-08 -3.52911695e-07  1.51416263e-08 -3.64230248e-07  1.52531528e-08 -4.12439626e-07  1.51128994e-08 -4.18314811e-07  9.07798413e-01  4.89896478e-03  6.04157997e-01  1.39764616e-03  1.74524675e-01 -4.16628364e-03 
 1.76603782e+01  1.50454618e-08 -3.52413878e-07  1.51065154e-08 -3.63745779e-07  1.52177555e-08 -4.12017095e-07  1.50774361e-08 -4.17899951e-07  9.07823189e-01  4.89113824e-03  6.04238145e-01  1.39245249e-03  1.74551491e-01 -4.16344509e-03 
 1.76807222e+01  1.50104595e-08 -3.51916502e-07  1.50714858e-08 -3.63261767e-07  1.51824386e-08 -4.11595116e-07  1.50420532e-08 -4.17485656e-07  9.07848025e-01  4.88331736e-03  6.04318498e-01  1.38725876e-03  1.74578377e-01 -4.16061284e-03 
 1.77010896e+01  1.49755385e-08 -3.51419566e-07  1.50365373e-08 -3.62778212e-07  1.51472021e-08 -4.11173689e-07  1.50067504e-08 -4.17071926e-07  9.07872921e-01  4.87550211e-03  6.04399055e-01  1.38206495e-03  1.74605333e-01 -4.15778691e-03 
 1.77214805e+01  1.49406985e-08 -3.50923070e-07  1.50016697e-08 -3.62295114e-07  1.51120456e-08 -4.10752814e-07  1.49715275e-08 -4.16658760e-07  9.07897877e-01  4.86769249e-03  6.04479817e-01  1.37687105e-03  1.74632361e-01 -4.15496729e-03 
 1.77418948e+01  1.49059394e-08 -3.50427013e-07  1.49668829e-08 -3.61812470e-07  1.50769691e-08 -4.10332490e-07  1.49363844e-08 -4.16246156e-07  9.07922894e-01  4.85988847e-03  6.04560785e-01  1.37167703e-03  1.74659459e-01 -4.15215398e-03 
 1.77623327e+01  1.48712609e-08 -3.49931394e-07  1.49321767e-08 -3.61330281e-07  1.50419724e-08 -4.09912717e-07  1.49013209e-08 -4.15834116e-07  9.07947971e-01  4.85209006e-03  6.04641959e-01  1.36648290e-03  1.74686628e-01 -4.14934698e-03 
 1.77827941e+01  1.48366628e-08 -3.49436212e-07  1.48975509e-08 -3.60848547e-07  1.50070552e-08 -4.09493493e-07  1.48663367e-08 -4.15422638e-07  9.07973109e-01  4.84429723e-03  6.04723341e-01  1.36128862e-03  1.74713869e-01 -4.14654630e-03 
 1.78032791e+01  1.48021451e-08 -3.48941467e-07  1.48630053e-08 -3.60367265e-07  1.49722174e-08 -4.09074819e-07  1.48314317e-08 -4.15011723e-07  9.07998308e-01  4.83650997e-03  6.04804929e-01  1.35609420e-03  1.74741182e-01 -4.14375192e-03 
 1.78237877e+01  1.47677074e-08 -3.48447158e-07  1.48285397e-08 -3.59886437e-07  1.49374588e-08 -4.08656695e-07  1.47966058e-08 -4.14601368e-07  9.08023568e-01  4.82872827e-03  6.04886726e-01  1.35089961e-03  1.74768566e-01 -4.14096385e-03 
 1.78443199e+01  1.47333497e-08 -3.47953285e-07  1.47941540e-08 -3.59406060e-07  1.49027792e-08 -4.08239119e-07  1.47618587e-08 -4.14191575e-07  9.08048889e-01  4.82095212e-03  6.04968732e-01  1.34570484e-03  1.74796022e-01 -4.13818209e-03 
 1.78648757e+01  1.46990717e-08 -3.47459846e-07  1.47598479e-08 -3.58926134e-07  1.48681785e-08 -4.07822091e-07  1.47271902e-08 -4.13782343e-07  9.08074271e-01  4.81318150e-03  6.05050947e-01  1.34050987e-03  1.74823550e-01 -4.13540664e-03 
 1.78854553e+01  1.46648733e-08 -3.46966840e-07  1.47256214e-08 -3.58446660e-07  1.48336564e-08 -4.07405610e-07  1.46926002e-08 -4.13373670e-07  9.08099716e-01  4.80541640e-03  6.05133372e-01  1.33531469e-03  1.74851151e-01 -4.13263751e-03 
 1.79060585e+01  1.46307542e-08 -3.46474268e-07  1.46914741e-08 -3.57967634e-07  1.47992128e-08 -4.06989677e-07  1.46580885e-08 -4.12965558e-07  9.08125221e-01  4.79765681e-03  6.05216008e-01  1.33011929e-03  1.74878824e-01 -4.12987468e-03 
 1.79266855e+01  1.45967144e-08 -3.45982129e-07  1.46574060e-08 -3.57489059e-07  1.47648474e-08 -4.06574291e-07  1.46236549e-08 -4.12558005e-07  9.08150789e-01  4.78990271e-03  6.05298854e-01  1.32492365e-03  1.74906570e-01 -4.12711816e-03 
 1.79473363e+01  1.45627536e-08 -3.45490421e-07  1.46234168e-08 -3.57010931e-07  1.47305602e-08 -4.06159451e-07  1.45892992e-08 -4.12151010e-07  9.08176419e-01  4.78215409e-03  6.05381912e-01  1.31972776e-03  1.74934389e-01 -4.12436796e-03 
 1.79680108e+01  1.45288717e-08 -3.44999144e-07  1.45895064e-08 -3.56533252e-07  1.46963509e-08 -4.05745156e-07  1.45550213e-08 -4.11744574e-07  9.08202111e-01  4.77441094e-03  6.05465183e-01  1.31453160e-03  1.74962282e-01 -4.12162406e-03 
 1.79887092e+01  1.44950684e-08 -3.44508297e-07  1.45556746e-08 -3.56056019e-07  1.46622193e-08 -4.05331407e-07  1.45208209e-08 -4.11338696e-07  9.08227866e-01  4.76667325e-03  6.05548666e-01  1.30933515e-03  1.74990247e-01 -4.11888647e-03 
 1.80094313e+01  1.44613437e-08 -3.44017880e-07  1.45219212e-08 -3.55579233e-07  1.46281653e-08 -4.04918203e-07  1.44866979e-08 -4.10933376e-07  9.08253683e-01  4.75894099e-03  6.05632363e-01  1.30413841e-03  1.75018286e-01 -4.11615520e-03 
 1.80301774e+01  1.44276972e-08 -3.43527892e-07  1.44882461e-08 -3.55102893e-07  1.45941887e-08 -4.04505542e-07  1.44526521e-08 -4.10528612e-07  9.08279564e-01  4.75121417e-03  6.05716274e-01  1.29894135e-03  1.75046399e-01 -4.11343024e-03 
 1.80509474e+01  1.43941289e-08 -3.43038332e-07  1.44546491e-08 -3.54626998e-07  1.45602893e-08 -4.04093426e-07  1.44186833e-08 -4.10124405e-07  9.08305507e-01  4.74349276e-03  6.05800399e-01  1.29374397e-03  1.75074586e-01 -4.11071159e-03 
 1.80717413e+01  1.43606386e-08 -3.42549199e-07  1.44211299e-08 -3.54151547e-07  1.45264669e-08 -4.03681853e-07  1.43847913e-08 -4.09720754e-07  9.08331513e-01  4.73577675e-03  6.05884740e-01  1.28854625e-03  1.75102847e-01 -4.10799925e-03 
 1.80925591e+01  1.43272261e-08 -3.42060493e-07  1.43876885e-08 -3.53676540e-07  1.44927214e-08 -4.03270823e-07  1.43509760e-08 -4.09317659e-07  9.08357583e-01  4.72806613e-03  6.05969297e-01  1.28334816e-03  1.75131183e-01 -4.10529322e-03 
 1.81134009e+01  1.42938912e-08 -3.41572214e-07  1.43543245e-08 -3.53201976e-07  1.44590525e-08 -4.02860336e-07  1.43172372e-08 -4.08915120e-07  9.08383716e-01  4.72036089e-03  6.06054070e-01  1.27814971e-03  1.75159593e-01 -4.10259350e-03 
 1.81342668e+01  1.42606337e-08 -3.41084359e-07  1.43210380e-08 -3.52727854e-07  1.44254602e-08 -4.02450390e-07  1.42835747e-08 -4.08513135e-07  9.08409913e-01  4.71266101e-03  6.06139061e-01  1.27295087e-03  1.75188078e-01 -4.09990010e-03 
 1.81551566e+01  1.42274536e-08 -3.40596929e-07  1.42878287e-08 -3.52254174e-07  1.43919441e-08 -4.02040986e-07  1.42499883e-08 -4.08111704e-07  9.08436174e-01  4.70496648e-03  6.06224269e-01  1.26775162e-03  1.75216638e-01 -4.09721301e-03 
 1.81760706e+01  1.41943505e-08 -3.40109923e-07  1.42546964e-08 -3.51780935e-07  1.43585042e-08 -4.01632123e-07  1.42164778e-08 -4.07710827e-07  9.08462499e-01  4.69727729e-03  6.06309696e-01  1.26255196e-03  1.75245274e-01 -4.09453223e-03 
 1.81970086e+01  1.41613243e-08 -3.39623341e-07  1.42216409e-08 -3.51308137e-07  1.43251403e-08 -4.01223801e-07  1.41830432e-08 -4.07310504e-07  9.08488888e-01  4.68959342e-03  6.06395342e-01  1.25735186e-03  1.75273985e-01 -4.09185777e-03 
 1.82179707e+01  1.41283749e-08 -3.39137181e-07  1.41886621e-08 -3.50835777e-07  1.42918521e-08 -4.00816018e-07  1.41496841e-08 -4.06910734e-07  9.08515342e-01  4.68191487e-03  6.06481207e-01  1.25215132e-03  1.75302771e-01 -4.08918962e-03 
 1.82389570e+01  1.40955021e-08 -3.38651442e-07  1.41557598e-08 -3.50363857e-07  1.42586396e-08 -4.00408775e-07  1.41164004e-08 -4.06511517e-07  9.08541860e-01  4.67424161e-03  6.06567292e-01  1.24695031e-03  1.75331633e-01 -4.08652778e-03 
 1.82599675e+01  1.40627056e-08 -3.38166125e-07  1.41229338e-08 -3.49892375e-07  1.42255025e-08 -4.00002072e-07  1.40831920e-08 -4.06112852e-07  9.08568443e-01  4.66657363e-03  6.06653599e-01  1.24174883e-03  1.75360572e-01 -4.08387226e-03 
 1.82810022e+01  1.40299855e-08 -3.37681228e-07  1.40901840e-08 -3.49421330e-07  1.41924407e-08 -3.99595907e-07  1.40500587e-08 -4.05714738e-07  9.08595091e-01  4.65891092e-03  6.06740127e-01  1.23654685e-03  1.75389587e-01 -4.08122306e-03 
 1.83020611e+01  1.39973414e-08 -3.37196750e-07  1.40575102e-08 -3.48950723e-07  1.41594539e-08 -3.99190280e-07  1.40170002e-08 -4.05317176e-07  9.08621805e-01  4.65125348e-03  6.06826877e-01  1.23134437e-03  1.75418678e-01 -4.07858017e-03 
 1.83231442e+01  1.39647731e-08 -3.36712692e-07  1.40249122e-08 -3.48480551e-07  1.41265421e-08 -3.98785191e-07  1.39840165e-08 -4.04920165e-07  9.08648583e-01  4.64360128e-03  6.06913850e-01  1.22614135e-03  1.75447846e-01 -4.07594359e-03 
 1.83442517e+01  1.39322806e-08 -3.36229052e-07  1.39923898e-08 -3.48010815e-07  1.40937050e-08 -3.98380639e-07  1.39511073e-08 -4.04523705e-07  9.08675428e-01  4.63595430e-03  6.07001046e-01  1.22093780e-03  1.75477091e-01 -4.07331334e-03 
 1.83653834e+01  1.38998637e-08 -3.35745829e-07  1.39599429e-08 -3.47541514e-07  1.40609425e-08 -3.97976625e-07  1.39182725e-08 -4.04127794e-07  9.08702338e-01  4.62831255e-03  6.07088467e-01  1.21573370e-03  1.75506413e-01 -4.07068940e-03 
 1.83865395e+01  1.38675221e-08 -3.35263023e-07  1.39275713e-08 -3.47072647e-07  1.40282543e-08 -3.97573146e-07  1.38855118e-08 -4.03732433e-07  9.08729313e-01  4.62067600e-03  6.07176112e-01  1.21052902e-03  1.75535813e-01 -4.06807178e-03 
 1.84077200e+01  1.38352558e-08 -3.34780634e-07  1.38952749e-08 -3.46604213e-07  1.39956404e-08 -3.97170204e-07  1.38528252e-08 -4.03337621e-07  9.08756355e-01  4.61304465e-03  6.07263982e-01  1.20532376e-03  1.75565290e-01 -4.06546048e-03 
 1.84289249e+01  1.38030645e-08 -3.34298659e-07  1.38630534e-08 -3.46136212e-07  1.39631006e-08 -3.96767797e-07  1.38202125e-08 -4.02943358e-07  9.08783464e-01  4.60541847e-03  6.07352079e-01  1.20011790e-03  1.75594845e-01 -4.06285549e-03 
 1.84501542e+01  1.37709481e-08 -3.33817100e-07  1.38309067e-08 -3.45668643e-07  1.39306346e-08 -3.96365925e-07  1.37876734e-08 -4.02549644e-07  9.08810639e-01  4.59779746e-03  6.07440402e-01  1.19491142e-03  1.75624478e-01 -4.06025683e-03 
 1.84714079e+01  1.37389064e-08 -3.33335954e-07  1.37988346e-08 -3.45201506e-07  1.38982423e-08 -3.95964587e-07  1.37552078e-08 -4.02156477e-07  9.08837880e-01  4.59018160e-03  6.07528952e-01  1.18970430e-03  1.75654190e-01 -4.05766449e-03 
 1.84926862e+01  1.37069392e-08 -3.32855222e-07  1.37668370e-08 -3.44734799e-07  1.38659236e-08 -3.95563784e-07  1.37228156e-08 -4.01763857e-07  9.08865188e-01  4.58257088e-03  6.07617730e-01  1.18449654e-03  1.75683980e-01 -4.05507847e-03 
 1.85139889e+01  1.36750465e-08 -3.32374902e-07  1.37349137e-08 -3.44268522e-07  1.38336782e-08 -3.95163514e-07  1.36904965e-08 -4.01371785e-07  9.08892564e-01  4.57496528e-03  6.07706737e-01  1.17928811e-03  1.75713848e-01 -4.05249877e-03 
 1.85353162e+01  1.36432279e-08 -3.31894994e-07  1.37030645e-08 -3.43802674e-07  1.38015060e-08 -3.94763777e-07  1.36582504e-08 -4.00980259e-07  9.08920006e-01  4.56736480e-03  6.07795973e-01  1.17407901e-03  1.75743796e-01 -4.04992539e-03 
 1.85566681e+01  1.36114834e-08 -3.31415497e-07  1.36712893e-08 -3.43337256e-07  1.37694069e-08 -3.94364573e-07  1.36260772e-08 -4.00589280e-07  9.08947517e-01  4.55976941e-03  6.07885440e-01  1.16886920e-03  1.75773823e-01 -4.04735834e-03 
 1.85780446e+01  1.35798127e-08 -3.30936411e-07  1.36395879e-08 -3.42872265e-07  1.37373806e-08 -3.93965902e-07  1.35939765e-08 -4.00198846e-07  9.08975094e-01  4.55217911e-03  6.07975136e-01  1.16365869e-03  1.75803929e-01 -4.04479761e-03 
 1.85994456e+01  1.35482158e-08 -3.30457735e-07  1.36079601e-08 -3.42407701e-07  1.37054270e-08 -3.93567762e-07  1.35619484e-08 -3.99808958e-07  9.09002740e-01  4.54459389e-03  6.08065064e-01  1.15844745e-03  1.75834114e-01 -4.04224321e-03 
 1.86208714e+01  1.35166924e-08 -3.29979467e-07  1.35764057e-08 -3.41943565e-07  1.36735459e-08 -3.93170154e-07  1.35299926e-08 -3.99419615e-07  9.09030454e-01  4.53701372e-03  6.08155224e-01  1.15323546e-03  1.75864380e-01 -4.03969514e-03 
 1.86423218e+01  1.34852424e-08 -3.29501608e-07  1.35449247e-08 -3.41479854e-07  1.36417372e-08 -3.92773076e-07  1.34981089e-08 -3.99030816e-07  9.09058236e-01  4.52943860e-03  6.08245616e-01  1.14802272e-03  1.75894726e-01 -4.03715339e-03 
 1.86637969e+01  1.34538656e-08 -3.29024156e-07  1.35135168e-08 -3.41016568e-07  1.36100007e-08 -3.92376529e-07  1.34662972e-08 -3.98642562e-07  9.09086086e-01  4.52186851e-03  6.08336241e-01  1.14280920e-03  1.75925152e-01 -4.03461797e-03 
 1.86852968e+01  1.34225618e-08 -3.28547112e-07  1.34821819e-08 -3.40553707e-07  1.35783361e-08 -3.91980512e-07  1.34345574e-08 -3.98254851e-07  9.09114005e-01  4.51430344e-03  6.08427101e-01  1.13759489e-03  1.75955658e-01 -4.03208888e-03 
 1.87068214e+01  1.33913310e-08 -3.28070474e-07  1.34509197e-08 -3.40091269e-07  1.35467435e-08 -3.91585025e-07  1.34028891e-08 -3.97867683e-07  9.09141992e-01  4.50674337e-03  6.08518195e-01  1.13237977e-03  1.75986245e-01 -4.02956612e-03 
 1.87283708e+01  1.33601728e-08 -3.27594241e-07  1.34197302e-08 -3.39629255e-07  1.35152225e-08 -3.91190067e-07  1.33712923e-08 -3.97481058e-07  9.09170049e-01  4.49918830e-03  6.08609524e-01  1.12716382e-03  1.76016913e-01 -4.02704969e-03 
 1.87499451e+01  1.33290873e-08 -3.27118413e-07  1.33886132e-08 -3.39167664e-07  1.34837730e-08 -3.90795637e-07  1.33397669e-08 -3.97094976e-07  9.09198175e-01  4.49163821e-03  6.08701089e-01  1.12194704e-03  1.76047663e-01 -4.02453959e-03 
 1.87715442e+01  1.32980741e-08 -3.26642989e-07  1.33575685e-08 -3.38706494e-07  1.34523948e-08 -3.90401736e-07  1.33083125e-08 -3.96709436e-07  9.09226370e-01  4.48409308e-03  6.08792890e-01  1.11672940e-03  1.76078494e-01 -4.02203583e-03 
 1.87931682e+01  1.32671332e-08 -3.26167968e-07  1.33265960e-08 -3.38245746e-07  1.34210879e-08 -3.90008362e-07  1.32769292e-08 -3.96324437e-07  9.09254635e-01  4.47655290e-03  6.08884929e-01  1.11151089e-03  1.76109406e-01 -4.01953840e-03 
 1.88148171e+01  1.32362643e-08 -3.25693350e-07  1.32956954e-08 -3.37785418e-07  1.33898520e-08 -3.89615516e-07  1.32456166e-08 -3.95939980e-07  9.09282970e-01  4.46901766e-03  6.08977206e-01  1.10629149e-03  1.76140400e-01 -4.01704730e-03 
 1.88364909e+01  1.32054674e-08 -3.25219134e-07  1.32648667e-08 -3.37325509e-07  1.33586869e-08 -3.89223197e-07  1.32143747e-08 -3.95556063e-07  9.09311375e-01  4.46148735e-03  6.09069722e-01  1.10107118e-03  1.76171477e-01 -4.01456255e-03 
 1.88581897e+01  1.31747422e-08 -3.24745320e-07  1.32341096e-08 -3.36866020e-07  1.33275925e-08 -3.88831404e-07  1.31832033e-08 -3.95172687e-07  9.09339849e-01  4.45396195e-03  6.09162477e-01  1.09584995e-03  1.76202636e-01 -4.01208413e-03 
 1.88799135e+01  1.31440886e-08 -3.24271905e-07  1.32034241e-08 -3.36406950e-07  1.32965686e-08 -3.88440138e-07  1.31521022e-08 -3.94789851e-07  9.09368395e-01  4.44644145e-03  6.09255472e-01  1.09062779e-03  1.76233877e-01 -4.00961205e-03 
 1.89016623e+01  1.31135065e-08 -3.23798891e-07  1.31728099e-08 -3.35948297e-07  1.32656151e-08 -3.88049397e-07  1.31210712e-08 -3.94407554e-07  9.09397011e-01  4.43892583e-03  6.09348707e-01  1.08540467e-03  1.76265202e-01 -4.00714631e-03 
 1.89234362e+01  1.30829956e-08 -3.23326276e-07  1.31422668e-08 -3.35490061e-07  1.32347318e-08 -3.87659181e-07  1.30901102e-08 -3.94025797e-07  9.09425697e-01  4.43141509e-03  6.09442184e-01  1.08018058e-03  1.76296609e-01 -4.00468691e-03 
 1.89452351e+01  1.30525558e-08 -3.22854060e-07  1.31117948e-08 -3.35032242e-07  1.32039186e-08 -3.87269490e-07  1.30592190e-08 -3.93644578e-07  9.09454455e-01  4.42390920e-03  6.09535903e-01  1.07495550e-03  1.76328100e-01 -4.00223385e-03 
 1.89670592e+01  1.30221870e-08 -3.22382241e-07  1.30813937e-08 -3.34574838e-07  1.31731752e-08 -3.86880323e-07  1.30283975e-08 -3.93263898e-07  9.09483284e-01  4.41640816e-03  6.09629865e-01  1.06972942e-03  1.76359674e-01 -3.99978714e-03 
 1.89889084e+01  1.29918890e-08 -3.21910819e-07  1.30510633e-08 -3.34117849e-07  1.31425015e-08 -3.86491680e-07  1.29976455e-08 -3.92883756e-07  9.09512184e-01  4.40891195e-03  6.09724071e-01  1.06450231e-03  1.76391332e-01 -3.99734677e-03 
 1.90107828e+01  1.29616616e-08 -3.21439793e-07  1.30208034e-08 -3.33661275e-07  1.31118973e-08 -3.86103560e-07  1.29669628e-08 -3.92504151e-07  9.09541156e-01  4.40142055e-03  6.09818521e-01  1.05927417e-03  1.76423074e-01 -3.99491275e-03 
 1.90326824e+01  1.29315047e-08 -3.20969164e-07  1.29906139e-08 -3.33205115e-07  1.30813626e-08 -3.85715964e-07  1.29363492e-08 -3.92125084e-07  9.09570200e-01  4.39393396e-03  6.09913215e-01  1.05404497e-03  1.76454901e-01 -3.99248508e-03 
 1.90546072e+01  1.29014182e-08 -3.20498929e-07  1.29604947e-08 -3.32749367e-07  1.30508970e-08 -3.85328890e-07  1.29058047e-08 -3.91746553e-07  9.09599316e-01  4.38645216e-03  6.10008155e-01  1.04881471e-03  1.76486812e-01 -3.99006376e-03 
 1.90765572e+01  1.28714018e-08 -3.20029088e-07  1.29304455e-08 -3.32294032e-07  1.30205006e-08 -3.84942338e-07  1.28753290e-08 -3.91368559e-07  9.09628504e-01  4.37897514e-03  6.10103342e-01  1.04358335e-03  1.76518807e-01 -3.98764879e-03 
 1.90985326e+01  1.28414554e-08 -3.19559641e-07  1.29004663e-08 -3.31839108e-07  1.29901730e-08 -3.84556308e-07  1.28449220e-08 -3.90991101e-07  9.09657765e-01  4.37150288e-03  6.10198776e-01  1.03835089e-03  1.76550888e-01 -3.98524017e-03 
 1.91205332e+01  1.28115788e-08 -3.19090586e-07  1.28705568e-08 -3.31384596e-07  1.29599142e-08 -3.84170799e-07  1.28145835e-08 -3.90614178e-07  9.09687098e-01  4.36403537e-03  6.10294457e-01  1.03311731e-03  1.76583054e-01 -3.98283790e-03 
 1.91425593e+01  1.27817719e-08 -3.18621924e-07  1.28407169e-08 -3.30930493e-07  1.29297239e-08 -3.83785811e-07  1.27843134e-08 -3.90237791e-07  9.09716504e-01  4.35657260e-03  6.10390387e-01  1.02788258e-03  1.76615306e-01 -3.98044200e-03 
 1.91646106e+01  1.27520346e-08 -3.18153653e-07  1.28109464e-08 -3.30476801e-07  1.28996021e-08 -3.83401343e-07  1.27541114e-08 -3.89861938e-07  9.09745983e-01  4.34911455e-03  6.10486567e-01  1.02264670e-03  1.76647643e-01 -3.97805244e-03 
 1.91866874e+01  1.27223667e-08 -3.17685773e-07  1.27812453e-08 -3.30023517e-07  1.28695486e-08 -3.83017395e-07  1.27239775e-08 -3.89486620e-07  9.09775535e-01  4.34166121e-03  6.10582996e-01  1.01740965e-03  1.76680066e-01 -3.97566925e-03 
 1.92087896e+01  1.26927680e-08 -3.17218283e-07  1.27516133e-08 -3.29570641e-07  1.28395631e-08 -3.82633967e-07  1.26939115e-08 -3.89111836e-07  9.09805161e-01  4.33421256e-03  6.10679676e-01  1.01217141e-03  1.76712575e-01 -3.97329242e-03 
 1.92309173e+01  1.26632384e-08 -3.16751182e-07  1.27220503e-08 -3.29118174e-07  1.28096456e-08 -3.82251058e-07  1.26639133e-08 -3.88737585e-07  9.09834861e-01  4.32676860e-03  6.10776607e-01  1.00693196e-03  1.76745171e-01 -3.97092195e-03 
 1.92530705e+01  1.26337777e-08 -3.16284469e-07  1.26925561e-08 -3.28666113e-07  1.27797959e-08 -3.81868668e-07  1.26339825e-08 -3.88363868e-07  9.09864634e-01  4.31932930e-03  6.10873790e-01  1.00169129e-03  1.76777854e-01 -3.96855784e-03 
 1.92752491e+01  1.26043857e-08 -3.15818145e-07  1.26631306e-08 -3.28214458e-07  1.27500138e-08 -3.81486796e-07  1.26041192e-08 -3.87990684e-07  9.09894482e-01  4.31189466e-03  6.10971226e-01  9.96449368e-04  1.76810623e-01 -3.96620010e-03 
 1.92974534e+01  1.25750624e-08 -3.15352207e-07  1.26337736e-08 -3.27763209e-07  1.27202992e-08 -3.81105441e-07  1.25743231e-08 -3.87618032e-07  9.09924404e-01  4.30446466e-03  6.11068916e-01  9.91206191e-04  1.76843480e-01 -3.96384872e-03 
 1.93196832e+01  1.25458075e-08 -3.14886657e-07  1.26044849e-08 -3.27312364e-07  1.26906519e-08 -3.80724605e-07  1.25445941e-08 -3.87245912e-07  9.09954400e-01  4.29703928e-03  6.11166860e-01  9.85961737e-04  1.76876424e-01 -3.96150372e-03 
 1.93419386e+01  1.25166210e-08 -3.14421491e-07  1.25752645e-08 -3.26861924e-07  1.26610718e-08 -3.80344285e-07  1.25149321e-08 -3.86874324e-07  9.09984472e-01  4.28961852e-03  6.11265060e-01  9.80715989e-04  1.76909457e-01 -3.95916508e-03 
 1.93642196e+01  1.24875026e-08 -3.13956711e-07  1.25461121e-08 -3.26411888e-07  1.26315587e-08 -3.79964482e-07  1.24853368e-08 -3.86503267e-07  9.10014618e-01  4.28220236e-03  6.11363515e-01  9.75468929e-04  1.76942577e-01 -3.95683282e-03 
 1.93865264e+01  1.24584521e-08 -3.13492316e-07  1.25170277e-08 -3.25962254e-07  1.26021124e-08 -3.79585195e-07  1.24558081e-08 -3.86132741e-07  9.10044840e-01  4.27479079e-03  6.11462227e-01  9.70220539e-04  1.76975785e-01 -3.95450693e-03 
 1.94088588e+01  1.24294696e-08 -3.13028304e-07  1.24880110e-08 -3.25513022e-07  1.25727328e-08 -3.79206424e-07  1.24263459e-08 -3.85762745e-07  9.10075137e-01  4.26738379e-03  6.11561196e-01  9.64970802e-04  1.77009082e-01 -3.95218742e-03 
 1.94312169e+01  1.24005547e-08 -3.12564674e-07  1.24590619e-08 -3.25064192e-07  1.25434198e-08 -3.78828168e-07  1.23969500e-08 -3.85393280e-07  9.10105509e-01  4.25998134e-03  6.11660423e-01  9.59719700e-04  1.77042467e-01 -3.94987429e-03 
 1.94536008e+01  1.23717074e-08 -3.12101428e-07  1.24301803e-08 -3.24615763e-07  1.25141731e-08 -3.78450427e-07  1.23676202e-08 -3.85024345e-07  9.10135958e-01  4.25258345e-03  6.11759909e-01  9.54467215e-04  1.77075942e-01 -3.94756753e-03 
 1.94760105e+01  1.23429275e-08 -3.11638562e-07  1.24013660e-08 -3.24167733e-07  1.24849926e-08 -3.78073201e-07  1.23383565e-08 -3.84655939e-07  9.10166482e-01  4.24519008e-03  6.11859654e-01  9.49213331e-04  1.77109505e-01 -3.94526716e-03 
 1.94984460e+01  1.23142149e-08 -3.11176078e-07  1.23726188e-08 -3.23720104e-07  1.24558783e-08 -3.77696488e-07  1.23091585e-08 -3.84288062e-07  9.10197083e-01  4.23780123e-03  6.11959660e-01  9.43958028e-04  1.77143159e-01 -3.94297317e-03 
 1.95209073e+01  1.22855693e-08 -3.10713973e-07  1.23439386e-08 -3.23272873e-07  1.24268298e-08 -3.77320290e-07  1.22800263e-08 -3.83920713e-07  9.10227760e-01  4.23041688e-03  6.12059927e-01  9.38701289e-04  1.77176902e-01 -3.94068557e-03 
 1.95433946e+01  1.22569907e-08 -3.10252248e-07  1.23153253e-08 -3.22826040e-07  1.23978471e-08 -3.76944604e-07  1.22509596e-08 -3.83553893e-07  9.10258514e-01  4.22303703e-03  6.12160456e-01  9.33443096e-04  1.77210735e-01 -3.93840436e-03 
 1.95659077e+01  1.22284789e-08 -3.09790902e-07  1.22867787e-08 -3.22379604e-07  1.23689300e-08 -3.76569432e-07  1.22219582e-08 -3.83187601e-07  9.10289345e-01  4.21566165e-03  6.12261247e-01  9.28183431e-04  1.77244659e-01 -3.93612953e-03 
 1.95884467e+01  1.22000337e-08 -3.09329934e-07  1.22582986e-08 -3.21933566e-07  1.23400784e-08 -3.76194772e-07  1.21930221e-08 -3.82821836e-07  9.10320254e-01  4.20829073e-03  6.12362302e-01  9.22922276e-04  1.77278673e-01 -3.93386110e-03 
 1.96110118e+01  1.21716550e-08 -3.08869343e-07  1.22298850e-08 -3.21487923e-07  1.23112921e-08 -3.75820624e-07  1.21641510e-08 -3.82456599e-07  9.10351239e-01  4.20092426e-03  6.12463621e-01  9.17659613e-04  1.77312777e-01 -3.93159907e-03 
 1.96336028e+01  1.21433427e-08 -3.08409128e-07  1.22015375e-08 -3.21042676e-07  1.22825710e-08 -3.75446988e-07  1.21353449e-08 -3.82091888e-07  9.10382303e-01  4.19356222e-03  6.12565206e-01  9.12395424e-04  1.77346973e-01 -3.92934343e-03 
 1.96562198e+01  1.21150966e-08 -3.07949290e-07  1.21732563e-08 -3.20597823e-07  1.22539148e-08 -3.75073862e-07  1.21066035e-08 -3.81727704e-07  9.10413444e-01  4.18620461e-03  6.12667055e-01  9.07129691e-04  1.77381261e-01 -3.92709418e-03 
 1.96788629e+01  1.20869165e-08 -3.07489826e-07  1.21450409e-08 -3.20153364e-07  1.22253235e-08 -3.74701248e-07  1.20779267e-08 -3.81364045e-07  9.10444663e-01  4.17885140e-03  6.12769172e-01  9.01862395e-04  1.77415640e-01 -3.92485134e-03 
 1.97015321e+01  1.20588024e-08 -3.07030737e-07  1.21168914e-08 -3.19709299e-07  1.21967969e-08 -3.74329144e-07  1.20493144e-08 -3.81000913e-07  9.10475961e-01  4.17150258e-03  6.12871555e-01  8.96593518e-04  1.77450111e-01 -3.92261491e-03 
 1.97242274e+01  1.20307540e-08 -3.06572022e-07  1.20888075e-08 -3.19265627e-07  1.21683348e-08 -3.73957550e-07  1.20207664e-08 -3.80638305e-07  9.10507337e-01  4.16415814e-03  6.12974207e-01  8.91323041e-04  1.77484674e-01 -3.92038488e-03 
 1.97469488e+01  1.20027712e-08 -3.06113680e-07  1.20607892e-08 -3.18822346e-07  1.21399372e-08 -3.73586466e-07  1.19922825e-08 -3.80276223e-07  9.10538792e-01  4.15681807e-03  6.13077128e-01  8.86050947e-04  1.77519329e-01 -3.91816125e-03 
 1.97696964e+01  1.19748539e-08 -3.05655711e-07  1.20328362e-08 -3.18379457e-07  1.21116037e-08 -3.73215891e-07  1.19638627e-08 -3.79914665e-07  9.10570325e-01  4.14948235e-03  6.13180318e-01  8.80777217e-04  1.77554077e-01 -3.91594404e-03 
 1.97924702e+01  1.19470020e-08 -3.05198113e-07  1.20049485e-08 -3.17936958e-07  1.20833344e-08 -3.72845825e-07  1.19355067e-08 -3.79553632e-07  9.10601939e-01  4.14215096e-03  6.13283779e-01  8.75501832e-04  1.77588919e-01 -3.91373324e-03 
 1.98152703e+01  1.19192152e-08 -3.04740886e-07  1.19771258e-08 -3.17494850e-07  1.20551290e-08 -3.72476267e-07  1.19072144e-08 -3.79193122e-07  9.10633631e-01  4.13482390e-03  6.13387511e-01  8.70224774e-04  1.77623853e-01 -3.91152886e-03 
 1.98380966e+01  1.18914934e-08 -3.04284029e-07  1.19493681e-08 -3.17053131e-07  1.20269875e-08 -3.72107217e-07  1.18789856e-08 -3.78833136e-07  9.10665403e-01  4.12750115e-03  6.13491515e-01  8.64946024e-04  1.77658881e-01 -3.90933089e-03 
 1.98609492e+01  1.18638366e-08 -3.03827542e-07  1.19216752e-08 -3.16611800e-07  1.19989095e-08 -3.71738674e-07  1.18508203e-08 -3.78473672e-07  9.10697255e-01  4.12018269e-03  6.13595792e-01  8.59665563e-04  1.77694003e-01 -3.90713934e-03 
 1.98838281e+01  1.18362444e-08 -3.03371423e-07  1.18940469e-08 -3.16170857e-07  1.19708951e-08 -3.71370639e-07  1.18227182e-08 -3.78114732e-07  9.10729188e-01  4.11286851e-03  6.13700342e-01  8.54383373e-04  1.77729219e-01 -3.90495422e-03 
 1.99067334e+01  1.18087169e-08 -3.02915673e-07  1.18664831e-08 -3.15730302e-07  1.19429441e-08 -3.71003111e-07  1.17946792e-08 -3.77756314e-07  9.10761200e-01  4.10555860e-03  6.13805167e-01  8.49099434e-04  1.77764529e-01 -3.90277552e-03 
 1.99296651e+01  1.17812539e-08 -3.02460290e-07  1.18389837e-08 -3.15290133e-07  1.19150562e-08 -3.70636089e-07  1.17667031e-08 -3.77398418e-07  9.10793294e-01  4.09825294e-03  6.13910268e-01  8.43813728e-04  1.77799934e-01 -3.90060325e-03 
 1.99526231e+01  1.17538551e-08 -3.02005274e-07  1.18115485e-08 -3.14850350e-07  1.18872314e-08 -3.70269573e-07  1.17387899e-08 -3.77041044e-07  9.10825468e-01  4.09095152e-03  6.14015644e-01  8.38526237e-04  1.77835433e-01 -3.89843741e-03 
 1.99756077e+01  1.17265206e-08 -3.01550624e-07  1.17841774e-08 -3.14410952e-07  1.18594695e-08 -3.69903563e-07  1.17109393e-08 -3.76684191e-07  9.10857723e-01  4.08365433e-03  6.14121297e-01  8.33236940e-04  1.77871028e-01 -3.89627800e-03 
 1.99986187e+01  1.16992500e-08 -3.01096339e-07  1.17568701e-08 -3.13971939e-07  1.18317703e-08 -3.69538058e-07  1.16831512e-08 -3.76327859e-07  9.10890060e-01  4.07636134e-03  6.14227228e-01  8.27945820e-04  1.77906718e-01 -3.89412503e-03 
 2.00216562e+01  1.16720434e-08 -3.00642419e-07  1.17296267e-08 -3.13533310e-07  1.18041338e-08 -3.69173058e-07  1.16554255e-08 -3.75972047e-07  9.10922478e-01  4.06907255e-03  6.14333438e-01  8.22652856e-04  1.77942504e-01 -3.89197850e-03 
 2.00447203e+01  1.16449005e-08 -3.00188863e-07  1.17024469e-08 -3.13095064e-07  1.17765598e-08 -3.68808562e-07  1.16277620e-08 -3.75616756e-07  9.10954978e-01  4.06178795e-03  6.14439927e-01  8.17358030e-04  1.77978387e-01 -3.88983841e-03 
 2.00678109e+01  1.16178211e-08 -2.99735670e-07  1.16753307e-08 -3.12657200e-07  1.17490480e-08 -3.68444570e-07  1.16001606e-08 -3.75261985e-07  9.10987560e-01  4.05450751e-03  6.14546696e-01  8.12061322e-04  1.78014365e-01 -3.88770476e-03 
 2.00909281e+01  1.15908053e-08 -2.99282839e-07  1.16482777e-08 -3.12219718e-07  1.17215985e-08 -3.68081082e-07  1.15726211e-08 -3.74907733e-07  9.11020224e-01  4.04723123e-03  6.14653746e-01  8.06762714e-04  1.78050440e-01 -3.88557756e-03 
 2.01140720e+01  1.15638528e-08 -2.98830370e-07  1.16212880e-08 -3.11782618e-07  1.16942109e-08 -3.67718097e-07  1.15451434e-08 -3.74554001e-07  9.11052971e-01  4.03995908e-03  6.14761079e-01  8.01462185e-04  1.78086612e-01 -3.88345681e-03 
 2.01372425e+01  1.15369634e-08 -2.98378263e-07  1.15943614e-08 -3.11345898e-07  1.16668853e-08 -3.67355615e-07  1.15177273e-08 -3.74200788e-07  9.11085800e-01  4.03269106e-03  6.14868693e-01  7.96159717e-04  1.78122881e-01 -3.88134251e-03 
 2.01604397e+01  1.15101371e-08 -2.97926515e-07  1.15674977e-08 -3.10909558e-07  1.16396214e-08 -3.66993635e-07  1.14903727e-08 -3.73848092e-07  9.11118713e-01  4.02542716e-03  6.14976592e-01  7.90855290e-04  1.78159247e-01 -3.87923467e-03 
 2.01836636e+01  1.14833737e-08 -2.97475127e-07  1.15406968e-08 -3.10473596e-07  1.16124191e-08 -3.66632158e-07  1.14630794e-08 -3.73495916e-07  9.11151708e-01  4.01816735e-03  6.15084774e-01  7.85548884e-04  1.78195711e-01 -3.87713329e-03 
 2.02069143e+01  1.14566731e-08 -2.97024099e-07  1.15139586e-08 -3.10038014e-07  1.15852783e-08 -3.66271182e-07  1.14358473e-08 -3.73144257e-07  9.11184788e-01  4.01091162e-03  6.15193242e-01  7.80240480e-04  1.78232273e-01 -3.87503837e-03 
 2.02301918e+01  1.14300351e-08 -2.96573428e-07  1.14872829e-08 -3.09602809e-07  1.15581988e-08 -3.65910708e-07  1.14086762e-08 -3.72793115e-07  9.11217950e-01  4.00365996e-03  6.15301996e-01  7.74930058e-04  1.78268934e-01 -3.87294991e-03 
 2.02534961e+01  1.14034596e-08 -2.96123115e-07  1.14606695e-08 -3.09167981e-07  1.15311804e-08 -3.65550734e-07  1.13815661e-08 -3.72442491e-07  9.11251197e-01  3.99641235e-03  6.15411037e-01  7.69617598e-04  1.78305693e-01 -3.87086792e-03 
 2.02768272e+01  1.13769464e-08 -2.95673159e-07  1.14341184e-08 -3.08733530e-07  1.15042231e-08 -3.65191262e-07  1.13545167e-08 -3.72092383e-07  9.11284529e-01  3.98916879e-03  6.15520366e-01  7.64303081e-04  1.78342551e-01 -3.86879240e-03 
 2.03001852e+01  1.13504954e-08 -2.95223559e-07  1.14076294e-08 -3.08299454e-07  1.14773266e-08 -3.64832289e-07  1.13275280e-08 -3.71742792e-07  9.11317944e-01  3.98192925e-03  6.15629984e-01  7.58986488e-04  1.78379508e-01 -3.86672335e-03 
 2.03235701e+01  1.13241065e-08 -2.94774315e-07  1.13812024e-08 -3.07865754e-07  1.14504909e-08 -3.64473816e-07  1.13005997e-08 -3.71393717e-07  9.11351444e-01  3.97469372e-03  6.15739891e-01  7.53667797e-04  1.78416565e-01 -3.86466079e-03 
 2.03469820e+01  1.12977795e-08 -2.94325425e-07  1.13548372e-08 -3.07432428e-07  1.14237157e-08 -3.64115842e-07  1.12737317e-08 -3.71045158e-07  9.11385030e-01  3.96746219e-03  6.15850088e-01  7.48346988e-04  1.78453721e-01 -3.86260470e-03 
 2.03704208e+01  1.12715143e-08 -2.93876889e-07  1.13285337e-08 -3.06999475e-07  1.13970011e-08 -3.63758368e-07  1.12469240e-08 -3.70697114e-07  9.11418700e-01  3.96023464e-03  6.15960576e-01  7.43024043e-04  1.78490978e-01 -3.86055509e-03 
 2.03938866e+01  1.12453108e-08 -2.93428706e-07  1.13022917e-08 -3.06566896e-07  1.13703467e-08 -3.63401392e-07  1.12201762e-08 -3.70349585e-07  9.11452456e-01  3.95301106e-03  6.16071357e-01  7.37698941e-04  1.78528335e-01 -3.85851198e-03 
 2.04173794e+01  1.12191687e-08 -2.92980876e-07  1.12761111e-08 -3.06134689e-07  1.13437525e-08 -3.63044915e-07  1.11934884e-08 -3.70002571e-07  9.11486298e-01  3.94579143e-03  6.16182431e-01  7.32371661e-04  1.78565792e-01 -3.85647535e-03 
 2.04408994e+01  1.11930881e-08 -2.92533398e-07  1.12499918e-08 -3.05702854e-07  1.13172184e-08 -3.62688935e-07  1.11668603e-08 -3.69656071e-07  9.11520225e-01  3.93857574e-03  6.16293798e-01  7.27042184e-04  1.78603351e-01 -3.85444522e-03 
 2.04644464e+01  1.11670687e-08 -2.92086271e-07  1.12239337e-08 -3.05271389e-07  1.12907441e-08 -3.62333453e-07  1.11402919e-08 -3.69310086e-07  9.11554239e-01  3.93136398e-03  6.16405460e-01  7.21710489e-04  1.78641010e-01 -3.85242158e-03 
 2.04880205e+01  1.11411105e-08 -2.91639495e-07  1.11979366e-08 -3.04840296e-07  1.12643296e-08 -3.61978468e-07  1.11137829e-08 -3.68964614e-07  9.11588340e-01  3.92415613e-03  6.16517418e-01  7.16376556e-04  1.78678772e-01 -3.85040444e-03 
 2.05116218e+01  1.11152132e-08 -2.91193068e-07  1.11720003e-08 -3.04409571e-07  1.12379747e-08 -3.61623980e-07  1.10873333e-08 -3.68619656e-07  9.11622527e-01  3.91695217e-03  6.16629672e-01  7.11040364e-04  1.78716635e-01 -3.84839381e-03 
 2.05352503e+01  1.10893767e-08 -2.90746991e-07  1.11461247e-08 -3.03979216e-07  1.12116792e-08 -3.61269989e-07  1.10609429e-08 -3.68275211e-07  9.11656801e-01  3.90975209e-03  6.16742224e-01  7.05701893e-04  1.78754600e-01 -3.84638968e-03 
 2.05589060e+01  1.10636010e-08 -2.90301262e-07  1.11203098e-08 -3.03549229e-07  1.11854431e-08 -3.60916493e-07  1.10346115e-08 -3.67931279e-07  9.11691162e-01  3.90255588e-03  6.16855074e-01  7.00361122e-04  1.78792668e-01 -3.84439207e-03 
 2.05825889e+01  1.10378858e-08 -2.89855880e-07  1.10945553e-08 -3.03119610e-07  1.11592662e-08 -3.60563493e-07  1.10083390e-08 -3.67587859e-07  9.11725611e-01  3.89536352e-03  6.16968223e-01  6.95018031e-04  1.78830838e-01 -3.84240096e-03 
 2.06062991e+01  1.10122311e-08 -2.89410845e-07  1.10688612e-08 -3.02690357e-07  1.11331483e-08 -3.60210989e-07  1.09821253e-08 -3.67244951e-07  9.11760147e-01  3.88817500e-03  6.17081672e-01  6.89672599e-04  1.78869112e-01 -3.84041638e-03 
 2.06300367e+01  1.09866367e-08 -2.88966157e-07  1.10432272e-08 -3.02261471e-07  1.11070893e-08 -3.59858979e-07  1.09559703e-08 -3.66902555e-07  9.11794772e-01  3.88099031e-03  6.17195422e-01  6.84324805e-04  1.78907489e-01 -3.83843832e-03 
 2.06538016e+01  1.09611024e-08 -2.88521814e-07  1.10176533e-08 -3.01832950e-07  1.10810892e-08 -3.59507464e-07  1.09298737e-08 -3.66560671e-07  9.11829484e-01  3.87380942e-03  6.17309474e-01  6.78974628e-04  1.78945970e-01 -3.83646678e-03 
 2.06775938e+01  1.09356282e-08 -2.88077816e-07  1.09921394e-08 -3.01404795e-07  1.10551476e-08 -3.59156443e-07  1.09038355e-08 -3.66219297e-07  9.11864286e-01  3.86663232e-03  6.17423828e-01  6.73622048e-04  1.78984555e-01 -3.83450177e-03 
 2.07014135e+01  1.09102139e-08 -2.87634162e-07  1.09666852e-08 -3.00977003e-07  1.10292646e-08 -3.58805916e-07  1.08778555e-08 -3.65878435e-07  9.11899176e-01  3.85945901e-03  6.17538487e-01  6.68267043e-04  1.79023244e-01 -3.83254330e-03 
 2.07252606e+01  1.08848594e-08 -2.87190851e-07  1.09412907e-08 -3.00549575e-07  1.10034399e-08 -3.58455883e-07  1.08519336e-08 -3.65538083e-07  9.11934155e-01  3.85228946e-03  6.17653450e-01  6.62909593e-04  1.79062037e-01 -3.83059136e-03 
 2.07491352e+01  1.08595645e-08 -2.86747883e-07  1.09159557e-08 -3.00122510e-07  1.09776734e-08 -3.58106342e-07  1.08260697e-08 -3.65198241e-07  9.11969223e-01  3.84512366e-03  6.17768718e-01  6.57549676e-04  1.79100936e-01 -3.82864596e-03 
 2.07730373e+01  1.08343291e-08 -2.86305257e-07  1.08906802e-08 -2.99695808e-07  1.09519650e-08 -3.57757294e-07  1.08002635e-08 -3.64858909e-07  9.12004381e-01  3.83796159e-03  6.17884293e-01  6.52187272e-04  1.79139940e-01 -3.82670710e-03 
 2.07969669e+01  1.08091531e-08 -2.85862972e-07  1.08654638e-08 -2.99269466e-07  1.09263146e-08 -3.57408739e-07  1.07745150e-08 -3.64520087e-07  9.12039629e-01  3.83080324e-03  6.18000175e-01  6.46822358e-04  1.79179049e-01 -3.82477479e-03 
 2.08209241e+01  1.07840363e-08 -2.85421028e-07  1.08403067e-08 -2.98843486e-07  1.09007220e-08 -3.57060676e-07  1.07488241e-08 -3.64181774e-07  9.12074967e-01  3.82364860e-03  6.18116366e-01  6.41454914e-04  1.79218265e-01 -3.82284904e-03 
 2.08449088e+01  1.07589787e-08 -2.84979424e-07  1.08152085e-08 -2.98417865e-07  1.08751871e-08 -3.56713104e-07  1.07231905e-08 -3.63843970e-07  9.12110395e-01  3.81649765e-03  6.18232866e-01  6.36084918e-04  1.79257586e-01 -3.82092983e-03 
 2.08689212e+01  1.07339801e-08 -2.84538158e-07  1.07901692e-08 -2.97992605e-07  1.08497097e-08 -3.56366024e-07  1.06976142e-08 -3.63506674e-07  9.12145914e-01  3.80935038e-03  6.18349675e-01  6.30712349e-04  1.79297015e-01 -3.81901719e-03 
 2.08929613e+01  1.07090403e-08 -2.84097232e-07  1.07651887e-08 -2.97567703e-07  1.08242897e-08 -3.56019435e-07  1.06720950e-08 -3.63169887e-07  9.12181524e-01  3.80220677e-03  6.18466796e-01  6.25337185e-04  1.79336550e-01 -3.81711112e-03 
 2.09170291e+01  1.06841592e-08 -2.83656642e-07  1.07402667e-08 -2.97143159e-07  1.07989270e-08 -3.55673336e-07  1.06466328e-08 -3.62833608e-07  9.12217225e-01  3.79506680e-03  6.18584229e-01  6.19959405e-04  1.79376192e-01 -3.81521161e-03 
 2.09411246e+01  1.06593368e-08 -2.83216390e-07  1.07154033e-08 -2.96718972e-07  1.07736215e-08 -3.55327728e-07  1.06212275e-08 -3.62497836e-07  9.12253017e-01  3.78793047e-03  6.18701975e-01  6.14578986e-04  1.79415941e-01 -3.81331867e-03 
 2.09652478e+01  1.06345728e-08 -2.82776474e-07  1.06905982e-08 -2.96295142e-07  1.07483729e-08 -3.54982609e-07  1.05958788e-08 -3.62162572e-07  9.12288902e-01  3.78079775e-03  6.18820035e-01  6.09195908e-04  1.79455799e-01 -3.81143231e-03 
 2.09893988e+01  1.06098671e-08 -2.82336894e-07  1.06658513e-08 -2.95871669e-07  1.07231812e-08 -3.54637980e-07  1.05705868e-08 -3.61827815e-07  9.12324878e-01  3.77366863e-03  6.18938410e-01  6.03810148e-04  1.79495764e-01 -3.80955253e-03 
 2.10135777e+01  1.05852197e-08 -2.81897649e-07  1.06411625e-08 -2.95448550e-07  1.06980463e-08 -3.54293840e-07  1.05453512e-08 -3.61493564e-07  9.12360946e-01  3.76654310e-03  6.19057100e-01  5.98421684e-04  1.79535838e-01 -3.80767933e-03 
 2.10377844e+01  1.05606303e-08 -2.81458737e-07  1.06165317e-08 -2.95025787e-07  1.06729679e-08 -3.53950189e-07  1.05201719e-08 -3.61159820e-07  9.12397107e-01  3.75942114e-03  6.19176107e-01  5.93030495e-04  1.79576021e-01 -3.80581272e-03 
 2.10620190e+01  1.05360989e-08 -2.81020160e-07  1.05919587e-08 -2.94603377e-07  1.06479460e-08 -3.53607027e-07  1.04950487e-08 -3.60826583e-07  9.12433361e-01  3.75230274e-03  6.19295432e-01  5.87636558e-04  1.79616313e-01 -3.80395271e-03 
 2.10862815e+01  1.05116253e-08 -2.80581914e-07  1.05674434e-08 -2.94181321e-07  1.06229805e-08 -3.53264352e-07  1.04699816e-08 -3.60493851e-07  9.12469708e-01  3.74518788e-03  6.19415076e-01  5.82239851e-04  1.79656715e-01 -3.80209929e-03 
 2.11105720e+01  1.04872094e-08 -2.80144001e-07  1.05429857e-08 -2.93759618e-07  1.05980712e-08 -3.52922166e-07  1.04449705e-08 -3.60161624e-07  9.12506148e-01  3.73807655e-03  6.19535039e-01  5.76840353e-04  1.79697226e-01 -3.80025248e-03 
 2.11348904e+01  1.04628511e-08 -2.79706419e-07  1.05185855e-08 -2.93338266e-07  1.05732179e-08 -3.52580467e-07  1.04200151e-08 -3.59829903e-07  9.12542682e-01  3.73096873e-03  6.19655323e-01  5.71438040e-04  1.79737847e-01 -3.79841227e-03 
 2.11592369e+01  1.04385503e-08 -2.79269168e-07  1.04942426e-08 -2.92917266e-07  1.05484206e-08 -3.52239255e-07  1.03951153e-08 -3.59498687e-07  9.12579309e-01  3.72386441e-03  6.19775928e-01  5.66032890e-04  1.79778579e-01 -3.79657867e-03 
 2.11836114e+01  1.04143068e-08 -2.78832247e-07  1.04699569e-08 -2.92496616e-07  1.05236791e-08 -3.51898529e-07  1.03702710e-08 -3.59167975e-07  9.12616031e-01  3.71676357e-03  6.19896856e-01  5.60624882e-04  1.79819422e-01 -3.79475169e-03 
 2.12080139e+01  1.03901204e-08 -2.78395655e-07  1.04457283e-08 -2.92076317e-07  1.04989932e-08 -3.51558291e-07  1.03454822e-08 -3.58837768e-07  9.12652848e-01  3.70966619e-03  6.20018108e-01  5.55213992e-04  1.79860375e-01 -3.79293132e-03 
 2.12324446e+01  1.03659911e-08 -2.77959391e-07  1.04215566e-08 -2.91656366e-07  1.04743629e-08 -3.51218538e-07  1.03207485e-08 -3.58508065e-07  9.12689759e-01  3.70257227e-03  6.20139684e-01  5.49800197e-04  1.79901441e-01 -3.79111759e-03 
 2.12569035e+01  1.03419188e-08 -2.77523455e-07  1.03974418e-08 -2.91236765e-07  1.04497881e-08 -3.50879271e-07  1.02960700e-08 -3.58178865e-07  9.12726765e-01  3.69548178e-03  6.20261585e-01  5.44383476e-04  1.79942618e-01 -3.78931048e-03 
 2.12813905e+01  1.03179033e-08 -2.77087846e-07  1.03733836e-08 -2.90817511e-07  1.04252685e-08 -3.50540489e-07  1.02714465e-08 -3.57850169e-07  9.12763866e-01  3.68839471e-03  6.20383813e-01  5.38963805e-04  1.79983907e-01 -3.78751000e-03 
 2.13059057e+01  1.02939445e-08 -2.76652563e-07  1.03493820e-08 -2.90398604e-07  1.04008040e-08 -3.50202192e-07  1.02468778e-08 -3.57521976e-07  9.12801064e-01  3.68131105e-03  6.20506369e-01  5.33541162e-04  1.80025308e-01 -3.78571616e-03 
 2.13304491e+01  1.02700422e-08 -2.76217606e-07  1.03254369e-08 -2.89980044e-07  1.03763946e-08 -3.49864380e-07  1.02223638e-08 -3.57194286e-07  9.12838357e-01  3.67423078e-03  6.20629253e-01  5.28115524e-04  1.80066823e-01 -3.78392897e-03 
 2.13550209e+01  1.02461964e-08 -2.75782974e-07  1.03015481e-08 -2.89561830e-07  1.03520401e-08 -3.49527053e-07  1.01979044e-08 -3.56867099e-07  9.12875746e-01  3.66715389e-03  6.20752467e-01  5.22686867e-04  1.80108450e-01 -3.78214842e-03 
 2.13796209e+01  1.02224069e-08 -2.75348665e-07  1.02777155e-08 -2.89143961e-07  1.03277403e-08 -3.49190209e-07  1.01734994e-08 -3.56540414e-07  9.12913231e-01  3.66008035e-03  6.20876011e-01  5.17255168e-04  1.80150191e-01 -3.78037453e-03 
 2.14042493e+01  1.01986737e-08 -2.74914681e-07  1.02539389e-08 -2.88726436e-07  1.03034952e-08 -3.48853849e-07  1.01491488e-08 -3.56214231e-07  9.12950814e-01  3.65301016e-03  6.20999887e-01  5.11820405e-04  1.80192046e-01 -3.77860730e-03 
 2.14289060e+01  1.01749965e-08 -2.74481019e-07  1.02302184e-08 -2.88309256e-07  1.02793046e-08 -3.48517973e-07  1.01248524e-08 -3.55888549e-07  9.12988493e-01  3.64594330e-03  6.21124095e-01  5.06382555e-04  1.80234015e-01 -3.77684672e-03 
 2.14535912e+01  1.01513752e-08 -2.74047679e-07  1.02065536e-08 -2.87892418e-07  1.02551684e-08 -3.48182579e-07  1.01006101e-08 -3.55563369e-07  9.13026270e-01  3.63887976e-03  6.21248637e-01  5.00941593e-04  1.80276099e-01 -3.77509282e-03 
 2.14783047e+01  1.01278098e-08 -2.73614660e-07  1.01829446e-08 -2.87475923e-07  1.02310864e-08 -3.47847669e-07  1.00764216e-08 -3.55238691e-07  9.13064144e-01  3.63181951e-03  6.21373513e-01  4.95497496e-04  1.80318297e-01 -3.77334559e-03 
 2.15030468e+01  1.01043000e-08 -2.73181962e-07  1.01593911e-08 -2.87059769e-07  1.02070585e-08 -3.47513240e-07  1.00522870e-08 -3.54914513e-07  9.13102117e-01  3.62476254e-03  6.21498725e-01  4.90050242e-04  1.80360611e-01 -3.77160503e-03 
 2.15278173e+01  1.00808459e-08 -2.72749584e-07  1.01358931e-08 -2.86643957e-07  1.01830846e-08 -3.47179294e-07  1.00282061e-08 -3.54590835e-07  9.13140187e-01  3.61770885e-03  6.21624273e-01  4.84599806e-04  1.80403040e-01 -3.76987116e-03 
 2.15526164e+01  1.00574472e-08 -2.72317525e-07  1.01124504e-08 -2.86228485e-07  1.01591646e-08 -3.46845829e-07  1.00041787e-08 -3.54267658e-07  9.13178356e-01  3.61065841e-03  6.21750159e-01  4.79146165e-04  1.80445586e-01 -3.76814398e-03 
 2.15774441e+01  1.00341039e-08 -2.71885784e-07  1.00890630e-08 -2.85813353e-07  1.01352984e-08 -3.46512846e-07  9.98020476e-09 -3.53944981e-07  9.13216624e-01  3.60361120e-03  6.21876384e-01  4.73689294e-04  1.80488247e-01 -3.76642349e-03 
 2.16023003e+01  1.00108158e-08 -2.71454361e-07  1.00657306e-08 -2.85398559e-07  1.01114857e-08 -3.46180343e-07  9.95628409e-09 -3.53622804e-07  9.13254991e-01  3.59656722e-03  6.22002949e-01  4.68229171e-04  1.80531026e-01 -3.76470969e-03 
 2.16271852e+01  9.98758274e-09 -2.71023255e-07  1.00424532e-08 -2.84984105e-07  1.00877265e-08 -3.45848322e-07  9.93241659e-09 -3.53301126e-07  9.13293457e-01  3.58952644e-03  6.22129854e-01  4.62765772e-04  1.80573921e-01 -3.76300260e-03 
 2.16520988e+01  9.96440470e-09 -2.70592465e-07  1.00192307e-08 -2.84569987e-07  1.00640207e-08 -3.45516780e-07  9.90860212e-09 -3.52979948e-07  9.13332023e-01  3.58248885e-03  6.22257101e-01  4.57299071e-04  1.80616934e-01 -3.76130223e-03 
 2.16770410e+01  9.94128152e-09 -2.70161991e-07  9.99606287e-09 -2.84156207e-07  1.00403681e-08 -3.45185719e-07  9.88484057e-09 -3.52659268e-07  9.13370689e-01  3.57545444e-03  6.22384691e-01  4.51829046e-04  1.80660064e-01 -3.75960856e-03 
 2.17020120e+01  9.91821307e-09 -2.69731831e-07  9.97294968e-09 -2.83742763e-07  1.00167686e-08 -3.44855138e-07  9.86113179e-09 -3.52339087e-07  9.13409455e-01  3.56842318e-03  6.22512625e-01  4.46355672e-04  1.80703313e-01 -3.75792161e-03 
 2.17270118e+01  9.89519925e-09 -2.69301986e-07  9.94989098e-09 -2.83329655e-07  9.99322214e-09 -3.44525036e-07  9.83747568e-09 -3.52019404e-07  9.13448322e-01  3.56139507e-03  6.22640904e-01  4.40878924e-04  1.80746679e-01 -3.75624139e-03 
 2.17520403e+01  9.87223992e-09 -2.68872454e-07  9.92688665e-09 -2.82916881e-07  9.96972850e-09 -3.44195413e-07  9.81387209e-09 -3.51700220e-07  9.13487289e-01  3.55437009e-03  6.22769529e-01  4.35398779e-04  1.80790165e-01 -3.75456791e-03 
 2.17770977e+01  9.84933497e-09 -2.68443235e-07  9.90393657e-09 -2.82504442e-07  9.94628758e-09 -3.43866269e-07  9.79032090e-09 -3.51381533e-07  9.13526358e-01  3.54734822e-03  6.22898501e-01  4.29915213e-04  1.80833770e-01 -3.75290115e-03 
 2.18021840e+01  9.82648429e-09 -2.68014328e-07  9.88104062e-09 -2.82092336e-07  9.92289927e-09 -3.43537603e-07  9.76682200e-09 -3.51063344e-07  9.13565529e-01  3.54032945e-03  6.23027822e-01  4.24428199e-04  1.80877495e-01 -3.75124114e-03 
 2.18272991e+01  9.80368775e-09 -2.67585732e-07  9.85819869e-09 -2.81680563e-07  9.89956345e-09 -3.43209416e-07  9.74337524e-09 -3.50745652e-07  9.13604801e-01  3.53331376e-03  6.23157491e-01  4.18937715e-04  1.80921339e-01 -3.74958788e-03 
 2.18524432e+01  9.78094523e-09 -2.67157446e-07  9.83541065e-09 -2.81269122e-07  9.87627997e-09 -3.42881706e-07  9.71998051e-09 -3.50428457e-07  9.13644175e-01  3.52630113e-03  6.23287511e-01  4.13443734e-04  1.80965304e-01 -3.74794137e-03 
 2.18776162e+01  9.75825662e-09 -2.66729470e-07  9.81267639e-09 -2.80858013e-07  9.85304873e-09 -3.42554474e-07  9.69663768e-09 -3.50111759e-07  9.13683652e-01  3.51929155e-03  6.23417882e-01  4.07946234e-04  1.81009389e-01 -3.74630161e-03 
 2.19028183e+01  9.73562179e-09 -2.66301804e-07  9.78999579e-09 -2.80447234e-07  9.82986960e-09 -3.42227719e-07  9.67334663e-09 -3.49795557e-07  9.13723231e-01  3.51228501e-03  6.23548606e-01  4.02445187e-04  1.81053596e-01 -3.74466863e-03 
 2.19280494e+01  9.71304064e-09 -2.65874445e-07  9.76736873e-09 -2.80036786e-07  9.80674245e-09 -3.41901441e-07  9.65010722e-09 -3.49479852e-07  9.13762913e-01  3.50528148e-03  6.23679683e-01  3.96940571e-04  1.81097924e-01 -3.74304241e-03 
 2.19533095e+01  9.69051305e-09 -2.65447395e-07  9.74479509e-09 -2.79626667e-07  9.78366717e-09 -3.41575639e-07  9.62691935e-09 -3.49164643e-07  9.13802699e-01  3.49828096e-03  6.23811115e-01  3.91432358e-04  1.81142373e-01 -3.74142297e-03 
 2.19785987e+01  9.66803889e-09 -2.65020651e-07  9.72227476e-09 -2.79216877e-07  9.76064362e-09 -3.41250314e-07  9.60378287e-09 -3.48849929e-07  9.13842589e-01  3.49128342e-03  6.23942903e-01  3.85920525e-04  1.81186945e-01 -3.73981031e-03 
 2.20039171e+01  9.64561806e-09 -2.64594213e-07  9.69980762e-09 -2.78807414e-07  9.73767169e-09 -3.40925465e-07  9.58069768e-09 -3.48535711e-07  9.13882582e-01  3.48428885e-03  6.24075048e-01  3.80405047e-04  1.81231640e-01 -3.73820444e-03 
 2.20292646e+01  9.62325043e-09 -2.64168081e-07  9.67739355e-09 -2.78398279e-07  9.71475125e-09 -3.40601091e-07  9.55766364e-09 -3.48221988e-07  9.13922680e-01  3.47729723e-03  6.24207550e-01  3.74885897e-04  1.81276457e-01 -3.73660536e-03 
 2.20546414e+01  9.60093589e-09 -2.63742253e-07  9.65503244e-09 -2.77989471e-07  9.69188218e-09 -3.40277192e-07  9.53468063e-09 -3.47908760e-07  9.13962882e-01  3.47030856e-03  6.24340412e-01  3.69363050e-04  1.81321397e-01 -3.73501309e-03 
 2.20800473e+01  9.57867432e-09 -2.63316730e-07  9.63272417e-09 -2.77580989e-07  9.66906436e-09 -3.39953769e-07  9.51174853e-09 -3.47596027e-07  9.14003189e-01  3.46332280e-03  6.24473634e-01  3.63836481e-04  1.81366462e-01 -3.73342762e-03 
 2.21054826e+01  9.55646562e-09 -2.62891509e-07  9.61046862e-09 -2.77172832e-07  9.64629767e-09 -3.39630820e-07  9.48886722e-09 -3.47283788e-07  9.14043602e-01  3.45633995e-03  6.24607217e-01  3.58306164e-04  1.81411650e-01 -3.73184896e-03 
 2.21309471e+01  9.53430965e-09 -2.62466592e-07  9.58826569e-09 -2.76764999e-07  9.62358199e-09 -3.39308346e-07  9.46603656e-09 -3.46972043e-07  9.14084120e-01  3.44935999e-03  6.24741163e-01  3.52772074e-04  1.81456963e-01 -3.73027712e-03 
 2.21564410e+01  9.51220632e-09 -2.62041976e-07  9.56611525e-09 -2.76357490e-07  9.60091719e-09 -3.38986346e-07  9.44325645e-09 -3.46660793e-07  9.14124743e-01  3.44238291e-03  6.24875473e-01  3.47234184e-04  1.81502400e-01 -3.72871211e-03 
 2.21819642e+01  9.49015550e-09 -2.61617661e-07  9.54401718e-09 -2.75950305e-07  9.57830315e-09 -3.38664820e-07  9.42052676e-09 -3.46350036e-07  9.14165473e-01  3.43540868e-03  6.25010147e-01  3.41692469e-04  1.81547963e-01 -3.72715392e-03 
 2.22075168e+01  9.46815708e-09 -2.61193646e-07  9.52197139e-09 -2.75543442e-07  9.55573976e-09 -3.38343767e-07  9.39784736e-09 -3.46039772e-07  9.14206310e-01  3.42843729e-03  6.25145186e-01  3.36146903e-04  1.81593652e-01 -3.72560258e-03 
 2.22330989e+01  9.44621095e-09 -2.60769931e-07  9.49997774e-09 -2.75136901e-07  9.53322689e-09 -3.38023187e-07  9.37521814e-09 -3.45730002e-07  9.14247253e-01  3.42146873e-03  6.25280593e-01  3.30597459e-04  1.81639466e-01 -3.72405808e-03 
 2.22587104e+01  9.42431700e-09 -2.60346515e-07  9.47803613e-09 -2.74730681e-07  9.51076442e-09 -3.37703080e-07  9.35263897e-09 -3.45420724e-07  9.14288304e-01  3.41450298e-03  6.25416368e-01  3.25044112e-04  1.81685407e-01 -3.72252043e-03 
 2.22843515e+01  9.40247510e-09 -2.59923398e-07  9.45614645e-09 -2.74324781e-07  9.48835224e-09 -3.37383446e-07  9.33010973e-09 -3.45111940e-07  9.14329462e-01  3.40754001e-03  6.25552512e-01  3.19486834e-04  1.81731474e-01 -3.72098963e-03 
 2.23100221e+01  9.38068515e-09 -2.59500577e-07  9.43430857e-09 -2.73919202e-07  9.46599022e-09 -3.37064284e-07  9.30763030e-09 -3.44803648e-07  9.14370728e-01  3.40057983e-03  6.25689027e-01  3.13925601e-04  1.81777669e-01 -3.71946570e-03 
 2.23357222e+01  9.35894704e-09 -2.59078054e-07  9.41252239e-09 -2.73513941e-07  9.44367824e-09 -3.36745594e-07  9.28520057e-09 -3.44495848e-07  9.14412102e-01  3.39362241e-03  6.25825913e-01  3.08360384e-04  1.81823992e-01 -3.71794864e-03 
 2.23614520e+01  9.33726065e-09 -2.58655826e-07  9.39078779e-09 -2.73108998e-07  9.42141619e-09 -3.36427376e-07  9.26282040e-09 -3.44188540e-07  9.14453584e-01  3.38666773e-03  6.25963172e-01  3.02791159e-04  1.81870442e-01 -3.71643846e-03 
 2.23872114e+01  9.31562587e-09 -2.58233894e-07  9.36910467e-09 -2.72704373e-07  9.39920394e-09 -3.36109629e-07  9.24048968e-09 -3.43881723e-07  9.14495175e-01  3.37971577e-03  6.26100805e-01  2.97217897e-04  1.81917021e-01 -3.71493516e-03 
 2.24130005e+01  9.29404258e-09 -2.57812256e-07  9.34747290e-09 -2.72300066e-07  9.37704138e-09 -3.35792354e-07  9.21820830e-09 -3.43575399e-07  9.14536876e-01  3.37276653e-03  6.26238813e-01  2.91640572e-04  1.81963728e-01 -3.71343874e-03 
 2.24388192e+01  9.27251069e-09 -2.57390912e-07  9.32589238e-09 -2.71896074e-07  9.35492839e-09 -3.35475549e-07  9.19597612e-09 -3.43269565e-07  9.14578685e-01  3.36581998e-03  6.26377198e-01  2.86059157e-04  1.82010565e-01 -3.71194923e-03 
 2.24646678e+01  9.25103006e-09 -2.56969861e-07  9.30436300e-09 -2.71492398e-07  9.33286485e-09 -3.35159215e-07  9.17379304e-09 -3.42964223e-07  9.14620605e-01  3.35887611e-03  6.26515959e-01  2.80473625e-04  1.82057531e-01 -3.71046662e-03 
 2.24905461e+01  9.22960061e-09 -2.56549103e-07  9.28288464e-09 -2.71089037e-07  9.31085064e-09 -3.34843351e-07  9.15165892e-09 -3.42659371e-07  9.14662635e-01  3.35193490e-03  6.26655099e-01  2.74883950e-04  1.82104628e-01 -3.70899092e-03 
 2.25164542e+01  9.20822221e-09 -2.56128636e-07  9.26145719e-09 -2.70685990e-07  9.28888565e-09 -3.34527957e-07  9.12957367e-09 -3.42355010e-07  9.14704775e-01  3.34499634e-03  6.26794620e-01  2.69290103e-04  1.82151854e-01 -3.70752214e-03 
 2.25423921e+01  9.18689475e-09 -2.55708459e-07  9.24008055e-09 -2.70283256e-07  9.26696976e-09 -3.34213032e-07  9.10753714e-09 -3.42051139e-07  9.14747026e-01  3.33806040e-03  6.26934521e-01  2.63692057e-04  1.82199212e-01 -3.70606028e-03 
 2.25683600e+01  9.16561812e-09 -2.55288573e-07  9.21875459e-09 -2.69880836e-07  9.24510285e-09 -3.33898577e-07  9.08554923e-09 -3.41747759e-07  9.14789388e-01  3.33112708e-03  6.27074804e-01  2.58089786e-04  1.82246701e-01 -3.70460535e-03 
 2.25943577e+01  9.14439222e-09 -2.54868977e-07  9.19747922e-09 -2.69478727e-07  9.22328480e-09 -3.33584591e-07  9.06360982e-09 -3.41444868e-07  9.14831862e-01  3.32419635e-03  6.27215471e-01  2.52483261e-04  1.82294321e-01 -3.70315736e-03 
 2.26203854e+01  9.12321693e-09 -2.54449669e-07  9.17625432e-09 -2.69076930e-07  9.20151550e-09 -3.33271074e-07  9.04171879e-09 -3.41142467e-07  9.14874447e-01  3.31726820e-03  6.27356522e-01  2.46872455e-04  1.82342073e-01 -3.70171632e-03 
 2.26464431e+01  9.10209215e-09 -2.54030649e-07  9.15507977e-09 -2.68675443e-07  9.17979483e-09 -3.32958026e-07  9.01987602e-09 -3.40840556e-07  9.14917145e-01  3.31034261e-03  6.27497959e-01  2.41257340e-04  1.82389958e-01 -3.70028223e-03 
 2.26725308e+01  9.08101776e-09 -2.53611916e-07  9.13395548e-09 -2.68274267e-07  9.15812267e-09 -3.32645445e-07  8.99808139e-09 -3.40539133e-07  9.14959955e-01  3.30341956e-03  6.27639783e-01  2.35637889e-04  1.82437976e-01 -3.69885510e-03 
 2.26986485e+01  9.05999366e-09 -2.53193470e-07  9.11288133e-09 -2.67873399e-07  9.13649892e-09 -3.32333333e-07  8.97633479e-09 -3.40238200e-07  9.15002878e-01  3.29649905e-03  6.27781995e-01  2.30014072e-04  1.82486127e-01 -3.69743494e-03 
 2.27247964e+01  9.03901974e-09 -2.52775309e-07  9.09185722e-09 -2.67472841e-07  9.11492344e-09 -3.32021688e-07  8.95463610e-09 -3.39937755e-07  9.15045914e-01  3.28958104e-03  6.27924597e-01  2.24385863e-04  1.82534412e-01 -3.69602175e-03 
 2.27509743e+01  9.01809589e-09 -2.52357434e-07  9.07088303e-09 -2.67072590e-07  9.09339614e-09 -3.31710511e-07  8.93298521e-09 -3.39637799e-07  9.15089064e-01  3.28266553e-03  6.28067589e-01  2.18753233e-04  1.82582831e-01 -3.69461555e-03 
 2.27771824e+01  8.99722200e-09 -2.51939843e-07  9.04995865e-09 -2.66672646e-07  9.07191689e-09 -3.31399801e-07  8.91138199e-09 -3.39338331e-07  9.15132328e-01  3.27575250e-03  6.28210974e-01  2.13116153e-04  1.82631384e-01 -3.69321633e-03 
 2.28034207e+01  8.97639796e-09 -2.51522535e-07  9.02908399e-09 -2.66273009e-07  9.05048557e-09 -3.31089558e-07  8.88982634e-09 -3.39039352e-07  9.15175705e-01  3.26884192e-03  6.28354751e-01  2.07474596e-04  1.82680073e-01 -3.69182411e-03 
 2.28296892e+01  8.95562368e-09 -2.51105510e-07  9.00825892e-09 -2.65873678e-07  9.02910208e-09 -3.30779781e-07  8.86831812e-09 -3.38740860e-07  9.15219198e-01  3.26193379e-03  6.28498923e-01  2.01828533e-04  1.82728897e-01 -3.69043890e-03 
 2.28559880e+01  8.93489903e-09 -2.50688767e-07  8.98748335e-09 -2.65474652e-07  9.00776630e-09 -3.30470471e-07  8.84685724e-09 -3.38442856e-07  9.15262805e-01  3.25502809e-03  6.28643491e-01  1.96177934e-04  1.82777856e-01 -3.68906070e-03 
 2.28823171e+01  8.91422392e-09 -2.50272305e-07  8.96675716e-09 -2.65075930e-07  8.98647811e-09 -3.30161626e-07  8.82544357e-09 -3.38145339e-07  9.15306528e-01  3.24812479e-03  6.28788455e-01  1.90522773e-04  1.82826952e-01 -3.68768952e-03 
 2.29086765e+01  8.89359823e-09 -2.49856124e-07  8.94608025e-09 -2.64677512e-07  8.96523741e-09 -3.29853248e-07  8.80407700e-09 -3.37848310e-07  9.15350366e-01  3.24122389e-03  6.28933818e-01  1.84863018e-04  1.82876185e-01 -3.68632537e-03 
 2.29350663e+01  8.87302187e-09 -2.49440223e-07  8.92545251e-09 -2.64279396e-07  8.94404407e-09 -3.29545335e-07  8.78275741e-09 -3.37551768e-07  9.15394321e-01  3.23432536e-03  6.29079580e-01  1.79198643e-04  1.82925555e-01 -3.68496825e-03 
 2.29614865e+01  8.85249472e-09 -2.49024600e-07  8.90487384e-09 -2.63881584e-07  8.92289798e-09 -3.29237887e-07  8.76148469e-09 -3.37255712e-07  9.15438392e-01  3.22742919e-03  6.29225743e-01  1.73529617e-04  1.82975062e-01 -3.68361818e-03 
 2.29879371e+01  8.83201667e-09 -2.48609257e-07  8.88434413e-09 -2.63484072e-07  8.90179904e-09 -3.28930904e-07  8.74025872e-09 -3.36960144e-07  9.15482579e-01  3.22053536e-03  6.29372308e-01  1.67855911e-04  1.83024708e-01 -3.68227516e-03 
 2.30144182e+01  8.81158764e-09 -2.48194190e-07  8.86386326e-09 -2.63086862e-07  8.88074712e-09 -3.28624386e-07  8.71907939e-09 -3.36665061e-07  9.15526884e-01  3.21364386e-03  6.29519275e-01  1.62177496e-04  1.83074492e-01 -3.68093919e-03 
 2.30409298e+01  8.79120750e-09 -2.47779401e-07  8.84343115e-09 -2.62689951e-07  8.85974211e-09 -3.28318332e-07  8.69794658e-09 -3.36370465e-07  9.15571306e-01  3.20675466e-03  6.29666648e-01  1.56494343e-04  1.83124414e-01 -3.67961030e-03 
 2.30674719e+01  8.77087615e-09 -2.47364887e-07  8.82304768e-09 -2.62293341e-07  8.83878391e-09 -3.28012742e-07  8.67686019e-09 -3.36076355e-07  9.15615845e-01  3.19986775e-03  6.29814426e-01  1.50806422e-04  1.83174477e-01 -3.67828848e-03 
 2.30940446e+01  8.75059350e-09 -2.46950650e-07  8.80271274e-09 -2.61897028e-07  8.81787240e-09 -3.27707617e-07  8.65582009e-09 -3.35782731e-07  9.15660503e-01  3.19298311e-03  6.29962611e-01  1.45113703e-04  1.83224678e-01 -3.67697375e-03 
 2.31206479e+01  8.73035942e-09 -2.46536686e-07  8.78242624e-09 -2.61501014e-07  8.79700747e-09 -3.27402955e-07  8.63482618e-09 -3.35489592e-07  9.15705280e-01  3.18610073e-03  6.30111205e-01  1.39416157e-04  1.83275020e-01 -3.67566610e-03 
 2.31472819e+01  8.71017383e-09 -2.46122997e-07  8.76218806e-09 -2.61105298e-07  8.77618900e-09 -3.27098756e-07  8.61387833e-09 -3.35196939e-07  9.15750175e-01  3.17922058e-03  6.30260209e-01  1.33713753e-04  1.83325503e-01 -3.67436556e-03 
 2.31739465e+01  8.69003662e-09 -2.45709580e-07  8.74199811e-09 -2.60709878e-07  8.75541688e-09 -3.26795020e-07  8.59297645e-09 -3.34904771e-07  9.15795190e-01  3.17234266e-03  6.30409623e-01  1.28006462e-04  1.83376127e-01 -3.67307212e-03 
 2.32006419e+01  8.66994768e-09 -2.45296436e-07  8.72185627e-09 -2.60314753e-07  8.73469101e-09 -3.26491748e-07  8.57212040e-09 -3.34613088e-07  9.15840324e-01  3.16546693e-03  6.30559450e-01  1.22294254e-04  1.83426893e-01 -3.67178581e-03 
 2.32273680e+01  8.64990691e-09 -2.44883564e-07  8.70176245e-09 -2.59919924e-07  8.71401127e-09 -3.26188937e-07  8.55131009e-09 -3.34321890e-07  9.15885579e-01  3.15859339e-03  6.30709690e-01  1.16577097e-04  1.83477800e-01 -3.67050661e-03 
 2.32541249e+01  8.62991420e-09 -2.44470963e-07  8.68171655e-09 -2.59525390e-07  8.69337756e-09 -3.25886590e-07  8.53054540e-09 -3.34031176e-07  9.15930953e-01  3.15172202e-03  6.30860345e-01  1.10854963e-04  1.83528850e-01 -3.66923455e-03 
 2.32809126e+01  8.60996946e-09 -2.44058631e-07  8.66171845e-09 -2.59131149e-07  8.67278975e-09 -3.25584704e-07  8.50982622e-09 -3.33740947e-07  9.15976449e-01  3.14485279e-03  6.31011417e-01  1.05127820e-04  1.83580043e-01 -3.66796964e-03 
 2.33077312e+01  8.59007259e-09 -2.43646569e-07  8.64176805e-09 -2.58737202e-07  8.65224774e-09 -3.25283280e-07  8.48915243e-09 -3.33451202e-07  9.16022066e-01  3.13798570e-03  6.31162906e-01  9.93956371e-05  1.83631379e-01 -3.66671187e-03 
 2.33345806e+01  8.57022347e-09 -2.43234776e-07  8.62186526e-09 -2.58343547e-07  8.63175142e-09 -3.24982318e-07  8.46852392e-09 -3.33161941e-07  9.16067804e-01  3.13112072e-03  6.31314814e-01  9.36583845e-05  1.83682859e-01 -3.66546127e-03 
 2.33614610e+01  8.55042201e-09 -2.42823251e-07  8.60200997e-09 -2.57950183e-07  8.61130068e-09 -3.24681817e-07  8.44794059e-09 -3.32873164e-07  9.16113664e-01  3.12425784e-03  6.31467142e-01  8.79160310e-05  1.83734483e-01 -3.66421783e-03 
 2.33883724e+01  8.53066810e-09 -2.42411992e-07  8.58220208e-09 -2.57557111e-07  8.59089541e-09 -3.24381777e-07  8.42740231e-09 -3.32584871e-07  9.16159646e-01  3.11739704e-03  6.31619892e-01  8.21685454e-05  1.83786253e-01 -3.66298157e-03 
 2.34153148e+01  8.51096165e-09 -2.42001001e-07  8.56244148e-09 -2.57164328e-07  8.57053551e-09 -3.24082198e-07  8.40690899e-09 -3.32297062e-07  9.16205751e-01  3.11053829e-03  6.31773065e-01  7.64158968e-05  1.83838167e-01 -3.66175249e-03 
 2.34422882e+01  8.49130256e-09 -2.41590274e-07  8.54272807e-09 -2.56771836e-07  8.55022085e-09 -3.23783079e-07  8.38646050e-09 -3.32009735e-07  9.16251979e-01  3.10368159e-03  6.31926662e-01  7.06580537e-05  1.83890227e-01 -3.66053061e-03 
 2.34692926e+01  8.47169071e-09 -2.41179813e-07  8.52306176e-09 -2.56379632e-07  8.52995133e-09 -3.23484421e-07  8.36605675e-09 -3.31722892e-07  9.16298330e-01  3.09682691e-03  6.32080685e-01  6.48949849e-05  1.83942433e-01 -3.65931594e-03 
 2.34963282e+01  8.45212602e-09 -2.40769616e-07  8.50344244e-09 -2.55987716e-07  8.50972685e-09 -3.23186223e-07  8.34569761e-09 -3.31436532e-07  9.16344805e-01  3.08997425e-03  6.32235135e-01  5.91266587e-05  1.83994786e-01 -3.65810847e-03 
 2.35233949e+01  8.43260838e-09 -2.40359682e-07  8.48387001e-09 -2.55596087e-07  8.48954729e-09 -3.22888485e-07  8.32538298e-09 -3.31150654e-07  9.16391405e-01  3.08312356e-03  6.32390014e-01  5.33530436e-05  1.84047286e-01 -3.65690823e-03 
 2.35504928e+01  8.41313769e-09 -2.39950011e-07  8.46434438e-09 -2.55204745e-07  8.46941255e-09 -3.22591206e-07  8.30511274e-09 -3.30865260e-07  9.16438129e-01  3.07627486e-03  6.32545322e-01  4.75741077e-05  1.84099934e-01 -3.65571522e-03 
 2.35776220e+01  8.39371386e-09 -2.39540601e-07  8.44486543e-09 -2.54813689e-07  8.44932252e-09 -3.22294387e-07  8.28488680e-09 -3.30580347e-07  9.16484978e-01  3.06942810e-03  6.32701061e-01  4.17898192e-05  1.84152729e-01 -3.65452945e-03 
 2.36047823e+01  8.37433677e-09 -2.39131453e-07  8.42543307e-09 -2.54422919e-07  8.42927708e-09 -3.21998027e-07  8.26470503e-09 -3.30295917e-07  9.16531952e-01  3.06258328e-03  6.32857233e-01  3.60001460e-05  1.84205674e-01 -3.65335094e-03 
 2.36319740e+01  8.35500634e-09 -2.38722565e-07  8.40604720e-09 -2.54032433e-07  8.40927614e-09 -3.21702125e-07  8.24456733e-09 -3.30011969e-07  9.16579052e-01  3.05574037e-03  6.33013839e-01  3.02050559e-05  1.84258767e-01 -3.65217967e-03 
 2.36591970e+01  8.33572247e-09 -2.38313937e-07  8.38670772e-09 -2.53642230e-07  8.38931959e-09 -3.21406683e-07  8.22447359e-09 -3.29728503e-07  9.16626278e-01  3.04889936e-03  6.33170881e-01  2.44045166e-05  1.84312009e-01 -3.65101568e-03 
 2.36864513e+01  8.31648504e-09 -2.37905567e-07  8.36741453e-09 -2.53252311e-07  8.36940731e-09 -3.21111698e-07  8.20442371e-09 -3.29445519e-07  9.16673630e-01  3.04206024e-03  6.33328359e-01  1.85984956e-05  1.84365402e-01 -3.64985897e-03 
 2.37137371e+01  8.29729398e-09 -2.37497456e-07  8.34816754e-09 -2.52862674e-07  8.34953920e-09 -3.20817172e-07  8.18441756e-09 -3.29163016e-07  9.16721110e-01  3.03522297e-03  6.33486275e-01  1.27869604e-05  1.84418945e-01 -3.64870954e-03 
 2.37410542e+01  8.27814917e-09 -2.37089602e-07  8.32896663e-09 -2.52473319e-07  8.32971516e-09 -3.20523104e-07  8.16445505e-09 -3.28880994e-07  9.16768717e-01  3.02838755e-03  6.33644631e-01  6.96987831e-06  1.84472639e-01 -3.64756741e-03 
 2.37684029e+01  8.25905053e-09 -2.36682004e-07  8.30981172e-09 -2.52084245e-07  8.30993507e-09 -3.20229494e-07  8.14453607e-09 -3.28599454e-07  9.16816451e-01  3.02155395e-03  6.33803428e-01  1.14721639e-06  1.84526485e-01 -3.64643259e-03 
 2.37957830e+01  8.23999794e-09 -2.36274663e-07  8.29070271e-09 -2.51695451e-07  8.29019883e-09 -3.19936341e-07  8.12466050e-09 -3.28318395e-07  9.16864314e-01  3.01472216e-03  6.33962668e-01 -4.68105831e-06  1.84580482e-01 -3.64530508e-03 
 2.38231947e+01  8.22099133e-09 -2.35867576e-07  8.27163950e-09 -2.51306936e-07  8.27050634e-09 -3.19643645e-07  8.10482824e-09 -3.28037817e-07  9.16912305e-01  3.00789216e-03  6.34122351e-01 -1.05149789e-05  1.84634632e-01 -3.64418490e-03 
 2.38506380e+01  8.20203058e-09 -2.35460743e-07  8.25262198e-09 -2.50918700e-07  8.25085749e-09 -3.19351406e-07  8.08503919e-09 -3.27757720e-07  9.16960425e-01  3.00106393e-03  6.34282479e-01 -1.63545787e-05  1.84688935e-01 -3.64307206e-03 
 2.38781128e+01  8.18311560e-09 -2.35054164e-07  8.23365007e-09 -2.50530743e-07  8.23125217e-09 -3.19059624e-07  8.06529323e-09 -3.27478103e-07  9.17008675e-01  2.99423745e-03  6.34443055e-01 -2.21998911e-05  1.84743391e-01 -3.64196656e-03 
 2.39056194e+01  8.16424630e-09 -2.34647838e-07  8.21472367e-09 -2.50143062e-07  8.21169028e-09 -3.18768299e-07  8.04559026e-09 -3.27198967e-07  9.17057054e-01  2.98741270e-03  6.34604079e-01 -2.80509497e-05  1.84798001e-01 -3.64086842e-03 
 2.39331576e+01  8.14542257e-09 -2.34241764e-07  8.19584267e-09 -2.49755658e-07  8.19217170e-09 -3.18477430e-07  8.02593016e-09 -3.26920311e-07  9.17105563e-01  2.98058967e-03  6.34765552e-01 -3.39077881e-05  1.84852766e-01 -3.63977765e-03 
 2.39607275e+01  8.12664433e-09 -2.33835941e-07  8.17700699e-09 -2.49368530e-07  8.17269635e-09 -3.18187017e-07  8.00631285e-09 -3.26642135e-07  9.17154203e-01  2.97376833e-03  6.34927476e-01 -3.97704401e-05  1.84907685e-01 -3.63869425e-03 
 2.39883292e+01  8.10791147e-09 -2.33430368e-07  8.15821652e-09 -2.48981677e-07  8.15326411e-09 -3.17897060e-07  7.98673820e-09 -3.26364439e-07  9.17202974e-01  2.96694866e-03  6.35089854e-01 -4.56389398e-05  1.84962760e-01 -3.63761824e-03 
 2.40159627e+01  8.08922390e-09 -2.33025045e-07  8.13947117e-09 -2.48595099e-07  8.13387487e-09 -3.17607559e-07  7.96720611e-09 -3.26087223e-07  9.17251876e-01  2.96013066e-03  6.35252685e-01 -5.15133212e-05  1.85017991e-01 -3.63654962e-03 
 2.40436280e+01  8.07058153e-09 -2.32619971e-07  8.12077084e-09 -2.48208794e-07  8.11452854e-09 -3.17318513e-07  7.94771647e-09 -3.25810487e-07  9.17300910e-01  2.95331429e-03  6.35415971e-01 -5.73936187e-05  1.85073378e-01 -3.63548841e-03 
 2.40713252e+01  8.05198426e-09 -2.32215145e-07  8.10211544e-09 -2.47822762e-07  8.09522500e-09 -3.17029922e-07  7.92826919e-09 -3.25534230e-07  9.17350077e-01  2.94649955e-03  6.35579715e-01 -6.32798666e-05  1.85128923e-01 -3.63443462e-03 
 2.40990543e+01  8.03343200e-09 -2.31810567e-07  8.08350487e-09 -2.47437003e-07  8.07596416e-09 -3.16741786e-07  7.90886414e-09 -3.25258453e-07  9.17399376e-01  2.93968640e-03  6.35743918e-01 -6.91720995e-05  1.85184624e-01 -3.63338826e-03 
 2.41268153e+01  8.01492464e-09 -2.31406235e-07  8.06493904e-09 -2.47051515e-07  8.05674591e-09 -3.16454106e-07  7.88950124e-09 -3.24983154e-07  9.17448807e-01  2.93287484e-03  6.35908580e-01 -7.50703521e-05  1.85240484e-01 -3.63234934e-03 
 2.41546083e+01  7.99646210e-09 -2.31002148e-07  8.04641785e-09 -2.46666298e-07  8.03757015e-09 -3.16166879e-07  7.87018036e-09 -3.24708335e-07  9.17498373e-01  2.92606484e-03  6.36073704e-01 -8.09746592e-05  1.85296502e-01 -3.63131786e-03 
 2.41824334e+01  7.97804428e-09 -2.30598307e-07  8.02794120e-09 -2.46281350e-07  8.01843677e-09 -3.15880107e-07  7.85090142e-09 -3.24433995e-07  9.17548072e-01  2.91925638e-03  6.36239291e-01 -8.68850559e-05  1.85352679e-01 -3.63029385e-03 
 2.42102905e+01  7.95967109e-09 -2.30194710e-07  8.00950901e-09 -2.45896672e-07  7.99934568e-09 -3.15593789e-07  7.83166429e-09 -3.24160134e-07  9.17597906e-01  2.91244945e-03  6.36405342e-01 -9.28015773e-05  1.85409016e-01 -3.62927730e-03 
 2.42381796e+01  7.94134244e-09 -2.29791357e-07  7.99112118e-09 -2.45512263e-07  7.98029676e-09 -3.15307926e-07  7.81246888e-09 -3.23886752e-07  9.17647874e-01  2.90564403e-03  6.36571860e-01 -9.87242587e-05  1.85465513e-01 -3.62826824e-03 
 2.42661010e+01  7.92305823e-09 -2.29388246e-07  7.97277761e-09 -2.45128121e-07  7.96128991e-09 -3.15022515e-07  7.79331509e-09 -3.23613848e-07  9.17697977e-01  2.89884009e-03  6.36738845e-01 -1.04653136e-04  1.85522170e-01 -3.62726667e-03 
 2.42940544e+01  7.90481836e-09 -2.28985378e-07  7.95447822e-09 -2.44744247e-07  7.94232504e-09 -3.14737559e-07  7.77420280e-09 -3.23341422e-07  9.17748217e-01  2.89203761e-03  6.36906300e-01 -1.10588244e-04  1.85578989e-01 -3.62627260e-03 
 2.43220401e+01  7.88662275e-09 -2.28582750e-07  7.93622290e-09 -2.44360639e-07  7.92340203e-09 -3.14453055e-07  7.75513192e-09 -3.23069475e-07  9.17798592e-01  2.88523659e-03  6.37074225e-01 -1.16529618e-04  1.85635969e-01 -3.62528605e-03 
 2.43500580e+01  7.86847131e-09 -2.28180363e-07  7.91801156e-09 -2.43977297e-07  7.90452079e-09 -3.14169005e-07  7.73610234e-09 -3.22798006e-07  9.17849103e-01  2.87843699e-03  6.37242622e-01 -1.22477296e-04  1.85693111e-01 -3.62430703e-03 
 2.43781082e+01  7.85036393e-09 -2.27778215e-07  7.89984411e-09 -2.43594219e-07  7.88568122e-09 -3.13885408e-07  7.71711395e-09 -3.22527015e-07  9.17899752e-01  2.87163881e-03  6.37411493e-01 -1.28431312e-04  1.85750417e-01 -3.62333554e-03 
 2.44061907e+01  7.83230053e-09 -2.27376307e-07  7.88172047e-09 -2.43211406e-07  7.86688322e-09 -3.13602263e-07  7.69816666e-09 -3.22256501e-07  9.17950537e-01  2.86484201e-03  6.37580840e-01 -1.34391704e-04  1.85807885e-01 -3.62237160e-03 
 2.44343055e+01  7.81428102e-09 -2.26974636e-07  7.86364053e-09 -2.42828856e-07  7.84812667e-09 -3.13319571e-07  7.67926036e-09 -3.21986466e-07  9.18001461e-01  2.85804658e-03  6.37750663e-01 -1.40358507e-04  1.85865517e-01 -3.62141521e-03 
 2.44624528e+01  7.79630530e-09 -2.26573203e-07  7.84560420e-09 -2.42446569e-07  7.82941149e-09 -3.13037331e-07  7.66039494e-09 -3.21716908e-07  9.18052523e-01  2.85125250e-03  6.37920965e-01 -1.46331758e-04  1.85923313e-01 -3.62046640e-03 
 2.44906324e+01  7.77837329e-09 -2.26172006e-07  7.82761139e-09 -2.42064544e-07  7.81073756e-09 -3.12755544e-07  7.64157031e-09 -3.21447828e-07  9.18103723e-01  2.84445976e-03  6.38091747e-01 -1.52311493e-04  1.85981275e-01 -3.61952518e-03 
 2.45188445e+01  7.76048489e-09 -2.25771045e-07  7.80966202e-09 -2.41682780e-07  7.79210480e-09 -3.12474208e-07  7.62278635e-09 -3.21179225e-07  9.18155062e-01  2.83766832e-03  6.38263010e-01 -1.58297750e-04  1.86039401e-01 -3.61859154e-03 
 2.45470892e+01  7.74264001e-09 -2.25370318e-07  7.79175598e-09 -2.41301276e-07  7.77351309e-09 -3.12193324e-07  7.60404298e-09 -3.20911100e-07  9.18206541e-01  2.83087818e-03  6.38434757e-01 -1.64290566e-04  1.86097694e-01 -3.61766551e-03 
 2.45753663e+01  7.72483856e-09 -2.24969826e-07  7.77389319e-09 -2.40920032e-07  7.75496234e-09 -3.11912891e-07  7.58534008e-09 -3.20643451e-07  9.18258160e-01  2.82408930e-03  6.38606988e-01 -1.70289977e-04  1.86156153e-01 -3.61674710e-03 
 2.46036760e+01  7.70708046e-09 -2.24569567e-07  7.75607355e-09 -2.40539048e-07  7.73645244e-09 -3.11632910e-07  7.56667755e-09 -3.20376280e-07  9.18309920e-01  2.81730168e-03  6.38779706e-01 -1.76296022e-04  1.86214780e-01 -3.61583632e-03 
 2.46320184e+01  7.68936560e-09 -2.24169541e-07  7.73829698e-09 -2.40158321e-07  7.71798331e-09 -3.11353380e-07  7.54805530e-09 -3.20109585e-07  9.18361820e-01  2.81051529e-03  6.38952912e-01 -1.82308737e-04  1.86273573e-01 -3.61493318e-03 
 2.46603934e+01  7.67169391e-09 -2.23769747e-07  7.72056339e-09 -2.39777852e-07  7.69955483e-09 -3.11074301e-07  7.52947321e-09 -3.19843368e-07  9.18413861e-01  2.80373012e-03  6.39126608e-01 -1.88328161e-04  1.86332536e-01 -3.61403769e-03 
 2.46888010e+01  7.65406529e-09 -2.23370183e-07  7.70287268e-09 -2.39397640e-07  7.68116691e-09 -3.10795672e-07  7.51093119e-09 -3.19577627e-07  9.18466045e-01  2.79694613e-03  6.39300795e-01 -1.94354331e-04  1.86391666e-01 -3.61314987e-03 
 2.47172415e+01  7.63647964e-09 -2.22970850e-07  7.68522476e-09 -2.39017684e-07  7.66281944e-09 -3.10517494e-07  7.49242914e-09 -3.19312362e-07  9.18518370e-01  2.79016331e-03  6.39475475e-01 -2.00387285e-04  1.86450966e-01 -3.61226972e-03 
 2.47457146e+01  7.61893690e-09 -2.22571746e-07  7.66761955e-09 -2.38637983e-07  7.64451234e-09 -3.10239767e-07  7.47396696e-09 -3.19047575e-07  9.18570838e-01  2.78338165e-03  6.39650649e-01 -2.06427061e-04  1.86510436e-01 -3.61139726e-03 
 2.47742206e+01  7.60143695e-09 -2.22172871e-07  7.65005696e-09 -2.38258536e-07  7.62624549e-09 -3.09962489e-07  7.45554453e-09 -3.18783263e-07  9.18623450e-01  2.77660112e-03  6.39826319e-01 -2.12473698e-04  1.86570077e-01 -3.61053251e-03 
 2.48027594e+01  7.58397973e-09 -2.21774223e-07  7.63253689e-09 -2.37879344e-07  7.60801880e-09 -3.09685662e-07  7.43716177e-09 -3.18519428e-07  9.18676205e-01  2.76982170e-03  6.40002488e-01 -2.18527234e-04  1.86629888e-01 -3.60967546e-03 
 2.48313311e+01  7.56656513e-09 -2.21375803e-07  7.61505926e-09 -2.37500404e-07  7.58983218e-09 -3.09409284e-07  7.41881858e-09 -3.18256069e-07  9.18729104e-01  2.76304337e-03  6.40179155e-01 -2.24587709e-04  1.86689871e-01 -3.60882615e-03 
 2.48599356e+01  7.54919306e-09 -2.20977609e-07  7.59762398e-09 -2.37121717e-07  7.57168552e-09 -3.09133356e-07  7.40051484e-09 -3.17993186e-07  9.18782147e-01  2.75626611e-03  6.40356324e-01 -2.30655160e-04  1.86750026e-01 -3.60798457e-03 
 2.48885732e+01  7.53186345e-09 -2.20579640e-07  7.58023095e-09 -2.36743281e-07  7.55357872e-09 -3.08857878e-07  7.38225047e-09 -3.17730779e-07  9.18835336e-01  2.74948990e-03  6.40533996e-01 -2.36729627e-04  1.86810354e-01 -3.60715075e-03 
 2.49172437e+01  7.51457621e-09 -2.20181896e-07  7.56288010e-09 -2.36365096e-07  7.53551169e-09 -3.08582849e-07  7.36402535e-09 -3.17468848e-07  9.18888670e-01  2.74271472e-03  6.40712172e-01 -2.42811149e-04  1.86870855e-01 -3.60632469e-03 
 2.49459473e+01  7.49733124e-09 -2.19784375e-07  7.54557134e-09 -2.35987160e-07  7.51748433e-09 -3.08308269e-07  7.34583940e-09 -3.17207393e-07  9.18942149e-01  2.73594055e-03  6.40890855e-01 -2.48899765e-04  1.86931530e-01 -3.60550640e-03 
 2.49746839e+01  7.48012846e-09 -2.19387078e-07  7.52830456e-09 -2.35609475e-07  7.49949653e-09 -3.08034138e-07  7.32769251e-09 -3.16946413e-07  9.18995776e-01  2.72916736e-03  6.41070045e-01 -2.54995516e-04  1.86992379e-01 -3.60469591e-03 
 2.50034536e+01  7.46296778e-09 -2.18990003e-07  7.51107970e-09 -2.35232037e-07  7.48154822e-09 -3.07760455e-07  7.30958458e-09 -3.16685909e-07  9.19049549e-01  2.72239515e-03  6.41249745e-01 -2.61098440e-04  1.87053404e-01 -3.60389322e-03 
 2.50322565e+01  7.44584912e-09 -2.18593149e-07  7.49389666e-09 -2.34854848e-07  7.46363927e-09 -3.07487221e-07  7.29151552e-09 -3.16425881e-07  9.19103469e-01  2.71562388e-03  6.41429956e-01 -2.67208578e-04  1.87114604e-01 -3.60309834e-03 
 2.50610925e+01  7.42877239e-09 -2.18196516e-07  7.47675535e-09 -2.34477905e-07  7.44576961e-09 -3.07214436e-07  7.27348521e-09 -3.16166328e-07  9.19157538e-01  2.70885354e-03  6.41610680e-01 -2.73325970e-04  1.87175980e-01 -3.60231129e-03 
 2.50899618e+01  7.41173750e-09 -2.17800103e-07  7.45965569e-09 -2.34101209e-07  7.42793912e-09 -3.06942099e-07  7.25549358e-09 -3.15907250e-07  9.19211754e-01  2.70208410e-03  6.41791919e-01 -2.79450656e-04  1.87237533e-01 -3.60153208e-03 
 2.51188643e+01  7.39474437e-09 -2.17403909e-07  7.44259759e-09 -2.33724758e-07  7.41014772e-09 -3.06670210e-07  7.23754050e-09 -3.15648647e-07  9.19266120e-01  2.69531555e-03  6.41973674e-01 -2.85582676e-04  1.87299264e-01 -3.60076073e-03 
 2.51478001e+01  7.37779291e-09 -2.17007933e-07  7.42558096e-09 -2.33348552e-07  7.39239531e-09 -3.06398768e-07  7.21962590e-09 -3.15390520e-07  9.19320634e-01  2.68854786e-03  6.42155947e-01 -2.91722072e-04  1.87361172e-01 -3.59999725e-03 
 2.51767693e+01  7.36088304e-09 -2.16612174e-07  7.40860572e-09 -2.32972590e-07  7.37468179e-09 -3.06127775e-07  7.20174966e-09 -3.15132868e-07  9.19375298e-01  2.68178101e-03  6.42338740e-01 -2.97868884e-04  1.87423259e-01 -3.59924165e-03 
 2.52057718e+01  7.34401467e-09 -2.16216632e-07  7.39167178e-09 -2.32596871e-07  7.35700707e-09 -3.05857229e-07  7.18391169e-09 -3.14875690e-07  9.19430113e-01  2.67501499e-03  6.42522055e-01 -3.04023152e-04  1.87485526e-01 -3.59849394e-03 
 2.52348077e+01  7.32718772e-09 -2.15821306e-07  7.37477906e-09 -2.32221394e-07  7.33937104e-09 -3.05587131e-07  7.16611189e-09 -3.14618988e-07  9.19485078e-01  2.66824976e-03  6.42705893e-01 -3.10184919e-04  1.87547972e-01 -3.59775415e-03 
 2.52638771e+01  7.31040210e-09 -2.15426195e-07  7.35792748e-09 -2.31846160e-07  7.32177362e-09 -3.05317479e-07  7.14835017e-09 -3.14362761e-07  9.19540195e-01  2.66148531e-03  6.42890256e-01 -3.16354226e-04  1.87610598e-01 -3.59702227e-03 
 2.52929800e+01  7.29365772e-09 -2.15031298e-07  7.34111693e-09 -2.31471166e-07  7.30421470e-09 -3.05048275e-07  7.13062642e-09 -3.14107008e-07  9.19595463e-01  2.65472163e-03  6.43075147e-01 -3.22531114e-04  1.87673406e-01 -3.59629834e-03 
 2.53221164e+01  7.27695451e-09 -2.14636614e-07  7.32434735e-09 -2.31096412e-07  7.28669420e-09 -3.04779518e-07  7.11294055e-09 -3.13851730e-07  9.19650883e-01  2.64795867e-03  6.43260565e-01 -3.28715625e-04  1.87736395e-01 -3.59558235e-03 
 2.53512863e+01  7.26029238e-09 -2.14242143e-07  7.30761865e-09 -2.30721897e-07  7.26921201e-09 -3.04511208e-07  7.09529246e-09 -3.13596926e-07  9.19706456e-01  2.64119644e-03  6.43446515e-01 -3.34907802e-04  1.87799566e-01 -3.59487432e-03 
 2.53804899e+01  7.24367125e-09 -2.13847883e-07  7.29093073e-09 -2.30347622e-07  7.25176804e-09 -3.04243344e-07  7.07768205e-09 -3.13342597e-07  9.19762182e-01  2.63443489e-03  6.43632996e-01 -3.41107685e-04  1.87862920e-01 -3.59417428e-03 
 2.54097271e+01  7.22709103e-09 -2.13453835e-07  7.27428353e-09 -2.29973584e-07  7.23436220e-09 -3.03975927e-07  7.06010923e-09 -3.13088743e-07  9.19818062e-01  2.62767402e-03  6.43820012e-01 -3.47315318e-04  1.87926458e-01 -3.59348223e-03 
 2.54389979e+01  7.21055163e-09 -2.13059996e-07  7.25767695e-09 -2.29599783e-07  7.21699439e-09 -3.03708956e-07  7.04257390e-09 -3.12835363e-07  9.19874096e-01  2.62091380e-03  6.44007563e-01 -3.53530742e-04  1.87990180e-01 -3.59279818e-03 
 2.54683025e+01  7.19405299e-09 -2.12666367e-07  7.24111090e-09 -2.29226218e-07  7.19966452e-09 -3.03442431e-07  7.02507596e-09 -3.12582458e-07  9.19930285e-01  2.61415421e-03  6.44195652e-01 -3.59754002e-04  1.88054087e-01 -3.59212215e-03 
 2.54976409e+01  7.17759500e-09 -2.12272947e-07  7.22458532e-09 -2.28852889e-07  7.18237249e-09 -3.03176352e-07  7.00761531e-09 -3.12330026e-07  9.19986628e-01  2.60739523e-03  6.44384281e-01 -3.65985140e-04  1.88118178e-01 -3.59145416e-03 
 2.55270130e+01  7.16117760e-09 -2.11879733e-07  7.20810011e-09 -2.28479795e-07  7.16511821e-09 -3.02910719e-07  6.99019187e-09 -3.12078069e-07  9.20043128e-01  2.60063683e-03  6.44573451e-01 -3.72224198e-04  1.88182456e-01 -3.59079422e-03 
 2.55564190e+01  7.14480070e-09 -2.11486727e-07  7.19165519e-09 -2.28106934e-07  7.14790158e-09 -3.02645532e-07  6.97280552e-09 -3.11826587e-07  9.20099784e-01  2.59387899e-03  6.44763164e-01 -3.78471221e-04  1.88246921e-01 -3.59014235e-03 
 2.55858589e+01  7.12846421e-09 -2.11093927e-07  7.17525048e-09 -2.27734307e-07  7.13072251e-09 -3.02380790e-07  6.95545619e-09 -3.11575578e-07  9.20156596e-01  2.58712169e-03  6.44953422e-01 -3.84726251e-04  1.88311573e-01 -3.58949855e-03 
 2.56153326e+01  7.11216806e-09 -2.10701332e-07  7.15888589e-09 -2.27361913e-07  7.11358091e-09 -3.02116494e-07  6.93814376e-09 -3.11325043e-07  9.20213566e-01  2.58036492e-03  6.45144227e-01 -3.90989333e-04  1.88376412e-01 -3.58886284e-03 
 2.56448404e+01  7.09591216e-09 -2.10308941e-07  7.14256134e-09 -2.26989750e-07  7.09647668e-09 -3.01852643e-07  6.92086815e-09 -3.11074983e-07  9.20270693e-01  2.57360864e-03  6.45335580e-01 -3.97260510e-04  1.88441440e-01 -3.58823525e-03 
 2.56743821e+01  7.07969644e-09 -2.09916754e-07  7.12627676e-09 -2.26617817e-07  7.07940973e-09 -3.01589237e-07  6.90362926e-09 -3.10825396e-07  9.20327979e-01  2.56685284e-03  6.45527484e-01 -4.03539827e-04  1.88506658e-01 -3.58761577e-03 
 2.57039578e+01  7.06352081e-09 -2.09524769e-07  7.11003205e-09 -2.26246115e-07  7.06237997e-09 -3.01326276e-07  6.88642699e-09 -3.10576283e-07  9.20385423e-01  2.56009749e-03  6.45719941e-01 -4.09827328e-04  1.88572065e-01 -3.58700444e-03 
 2.57335676e+01  7.04738518e-09 -2.09132986e-07  7.09382715e-09 -2.25874643e-07  7.04538730e-09 -3.01063761e-07  6.86926126e-09 -3.10327645e-07  9.20443027e-01  2.55334257e-03  6.45912952e-01 -4.16123058e-04  1.88637663e-01 -3.58640126e-03 
 2.57632116e+01  7.03128949e-09 -2.08741405e-07  7.07766196e-09 -2.25503398e-07  7.02843163e-09 -3.00801690e-07  6.85213195e-09 -3.10079480e-07  9.20500790e-01  2.54658806e-03  6.46106519e-01 -4.22427061e-04  1.88703451e-01 -3.58580625e-03 
 2.57928896e+01  7.01523365e-09 -2.08350023e-07  7.06153640e-09 -2.25132382e-07  7.01151287e-09 -3.00540063e-07  6.83503898e-09 -3.09831788e-07  9.20558714e-01  2.53983394e-03  6.46300644e-01 -4.28739382e-04  1.88769432e-01 -3.58521942e-03 
 2.58226019e+01  6.99921757e-09 -2.07958841e-07  7.04545040e-09 -2.24761592e-07  6.99463092e-09 -3.00278881e-07  6.81798226e-09 -3.09584571e-07  9.20616799e-01  2.53308018e-03  6.46495329e-01 -4.35060067e-04  1.88835605e-01 -3.58464079e-03 
 2.58523484e+01  6.98324119e-09 -2.07567857e-07  7.02940387e-09 -2.24391029e-07  6.97778570e-09 -3.00018143e-07  6.80096169e-09 -3.09337827e-07  9.20675045e-01  2.52632676e-03  6.46690576e-01 -4.41389161e-04  1.88901971e-01 -3.58407038e-03 
 2.58821292e+01  6.96730442e-09 -2.07177071e-07  7.01339674e-09 -2.24020691e-07  6.96097710e-09 -2.99757850e-07  6.78397717e-09 -3.09091557e-07  9.20733453e-01  2.51957365e-03  6.46886387e-01 -4.47726709e-04  1.88968531e-01 -3.58350820e-03 
 2.59119442e+01  6.95140718e-09 -2.06786482e-07  6.99742892e-09 -2.23650578e-07  6.94420505e-09 -2.99498000e-07  6.76702861e-09 -3.08845761e-07  9.20792023e-01  2.51282085e-03  6.47082764e-01 -4.54072757e-04  1.89035285e-01 -3.58295426e-03 
 2.59417936e+01  6.93554939e-09 -2.06396089e-07  6.98150033e-09 -2.23280688e-07  6.92746944e-09 -2.99238595e-07  6.75011592e-09 -3.08600438e-07  9.20850757e-01  2.50606832e-03  6.47279708e-01 -4.60427353e-04  1.89102235e-01 -3.58240859e-03 
 2.59716774e+01  6.91973097e-09 -2.06005891e-07  6.96561089e-09 -2.22911021e-07  6.91077018e-09 -2.98979634e-07  6.73323900e-09 -3.08355589e-07  9.20909654e-01  2.49931603e-03  6.47477222e-01 -4.66790540e-04  1.89169380e-01 -3.58187119e-03 
 2.60015956e+01  6.90395185e-09 -2.05615887e-07  6.94976053e-09 -2.22541577e-07  6.89410720e-09 -2.98721116e-07  6.71639775e-09 -3.08111213e-07  9.20968715e-01  2.49256398e-03  6.47675308e-01 -4.73162367e-04  1.89236721e-01 -3.58134209e-03 
 2.60315483e+01  6.88821194e-09 -2.05226077e-07  6.93394916e-09 -2.22172354e-07  6.87748038e-09 -2.98463041e-07  6.69959209e-09 -3.07867311e-07  9.21027941e-01  2.48581213e-03  6.47873967e-01 -4.79542880e-04  1.89304260e-01 -3.58082130e-03 
 2.60615355e+01  6.87251117e-09 -2.04836459e-07  6.91817671e-09 -2.21803352e-07  6.86088964e-09 -2.98205411e-07  6.68282193e-09 -3.07623883e-07  9.21087332e-01  2.47906046e-03  6.48073202e-01 -4.85932126e-04  1.89371997e-01 -3.58030883e-03 
 2.60915572e+01  6.85684946e-09 -2.04447033e-07  6.90244310e-09 -2.21434570e-07  6.84433490e-09 -2.97948223e-07  6.66608716e-09 -3.07380928e-07  9.21146888e-01  2.47230894e-03  6.48273014e-01 -4.92330152e-04  1.89439931e-01 -3.57980471e-03 
 2.61216135e+01  6.84122673e-09 -2.04057799e-07  6.88674824e-09 -2.21066006e-07  6.82781605e-09 -2.97691479e-07  6.64938769e-09 -3.07138446e-07  9.21206611e-01  2.46555757e-03  6.48473406e-01 -4.98737006e-04  1.89508066e-01 -3.57930895e-03 
 2.61517045e+01  6.82564291e-09 -2.03668754e-07  6.87109207e-09 -2.20697661e-07  6.81133302e-09 -2.97435178e-07  6.63272344e-09 -3.06896438e-07  9.21266501e-01  2.45880630e-03  6.48674379e-01 -5.05152734e-04  1.89576400e-01 -3.57882156e-03 
 2.61818301e+01  6.81009792e-09 -2.03279898e-07  6.85547449e-09 -2.20329534e-07  6.79488570e-09 -2.97179320e-07  6.61609430e-09 -3.06654903e-07  9.21326558e-01  2.45205512e-03  6.48875936e-01 -5.11577385e-04  1.89644934e-01 -3.57834256e-03 
 2.62119904e+01  6.79459167e-09 -2.02891231e-07  6.83989545e-09 -2.19961623e-07  6.77847401e-09 -2.96923905e-07  6.59950019e-09 -3.06413842e-07  9.21386783e-01  2.44530401e-03  6.49078078e-01 -5.18011007e-04  1.89713670e-01 -3.57787198e-03 
 2.62421854e+01  6.77912410e-09 -2.02502751e-07  6.82435484e-09 -2.19593928e-07  6.76209785e-09 -2.96668933e-07  6.58294101e-09 -3.06173254e-07  9.21447176e-01  2.43855294e-03  6.49280808e-01 -5.24453649e-04  1.89782608e-01 -3.57740982e-03 
 2.62724153e+01  6.76369513e-09 -2.02114458e-07  6.80885261e-09 -2.19226448e-07  6.74575715e-09 -2.96414403e-07  6.56641668e-09 -3.05933140e-07  9.21507738e-01  2.43180188e-03  6.49484127e-01 -5.30905358e-04  1.89851748e-01 -3.57695610e-03 
 2.63026799e+01  6.74830468e-09 -2.01726351e-07  6.79338867e-09 -2.18859182e-07  6.72945180e-09 -2.96160316e-07  6.54992709e-09 -3.05693499e-07  9.21568471e-01  2.42505082e-03  6.49688038e-01 -5.37366184e-04  1.89921092e-01 -3.57651084e-03 
 2.63329794e+01  6.73295267e-09 -2.01338429e-07  6.77796294e-09 -2.18492129e-07  6.71318173e-09 -2.95906672e-07  6.53347216e-09 -3.05454331e-07  9.21629373e-01  2.41829973e-03  6.49892543e-01 -5.43836175e-04  1.89990639e-01 -3.57607406e-03 
 2.63633139e+01  6.71763903e-09 -2.00950691e-07  6.76257536e-09 -2.18125290e-07  6.69694683e-09 -2.95653470e-07  6.51705179e-09 -3.05215637e-07  9.21690446e-01  2.41154858e-03  6.50097643e-01 -5.50315381e-04  1.90060392e-01 -3.57564578e-03 
 2.63936832e+01  6.70236369e-09 -2.00563136e-07  6.74722583e-09 -2.17758662e-07  6.68074702e-09 -2.95400710e-07  6.50066589e-09 -3.04977416e-07  9.21751690e-01  2.40479736e-03  6.50303341e-01 -5.56803852e-04  1.90130350e-01 -3.57522600e-03 
 2.64240876e+01  6.68712656e-09 -2.00175764e-07  6.73191429e-09 -2.17392245e-07  6.66458221e-09 -2.95148392e-07  6.48431438e-09 -3.04739668e-07  9.21813106e-01  2.39804604e-03  6.50509639e-01 -5.63301636e-04  1.90200514e-01 -3.57481475e-03 
 2.64545269e+01  6.67192758e-09 -1.99788573e-07  6.71664066e-09 -2.17026038e-07  6.64845232e-09 -2.94896517e-07  6.46799715e-09 -3.04502394e-07  9.21874695e-01  2.39129459e-03  6.50716539e-01 -5.69808785e-04  1.90270885e-01 -3.57441206e-03 
 2.64850014e+01  6.65676667e-09 -1.99401563e-07  6.70140487e-09 -2.16660041e-07  6.63235724e-09 -2.94645083e-07  6.45171413e-09 -3.04265593e-07  9.21936456e-01  2.38454299e-03  6.50924043e-01 -5.76325347e-04  1.90341464e-01 -3.57401792e-03 
 2.65155109e+01  6.64164375e-09 -1.99014732e-07  6.68620683e-09 -2.16294252e-07  6.61629691e-09 -2.94394091e-07  6.43546520e-09 -3.04029266e-07  9.21998391e-01  2.37779121e-03  6.51132153e-01 -5.82851374e-04  1.90412251e-01 -3.57363237e-03 
 2.65460556e+01  6.62655875e-09 -1.98628081e-07  6.67104648e-09 -2.15928671e-07  6.60027121e-09 -2.94143541e-07  6.41925030e-09 -3.03793412e-07  9.22060501e-01  2.37103924e-03  6.51340871e-01 -5.89386917e-04  1.90483247e-01 -3.57325541e-03 
 2.65766355e+01  6.61151159e-09 -1.98241607e-07  6.65592373e-09 -2.15563297e-07  6.58428008e-09 -2.93893433e-07  6.40306931e-09 -3.03558031e-07  9.22122785e-01  2.36428704e-03  6.51550200e-01 -5.95932026e-04  1.90554453e-01 -3.57288708e-03 
 2.66072506e+01  6.59650221e-09 -1.97855311e-07  6.64083852e-09 -2.15198129e-07  6.56832341e-09 -2.93643766e-07  6.38692217e-09 -3.03323124e-07  9.22185245e-01  2.35753460e-03  6.51760141e-01 -6.02486752e-04  1.90625870e-01 -3.57252738e-03 
 2.66379010e+01  6.58153052e-09 -1.97469191e-07  6.62579077e-09 -2.14833167e-07  6.55240113e-09 -2.93394541e-07  6.37080876e-09 -3.03088690e-07  9.22247880e-01  2.35078188e-03  6.51970696e-01 -6.09051147e-04  1.90697498e-01 -3.57217634e-03 
 2.66685866e+01  6.56659646e-09 -1.97083246e-07  6.61078040e-09 -2.14468409e-07  6.53651313e-09 -2.93145758e-07  6.35472900e-09 -3.02854730e-07  9.22310692e-01  2.34402887e-03  6.52181869e-01 -6.15625263e-04  1.90769338e-01 -3.57183397e-03 
 2.66993077e+01  6.55169994e-09 -1.96697476e-07  6.59580734e-09 -2.14103854e-07  6.52065935e-09 -2.92897415e-07  6.33868281e-09 -3.02621243e-07  9.22373681e-01  2.33727553e-03  6.52393660e-01 -6.22209151e-04  1.90841390e-01 -3.57150029e-03 
 2.67300641e+01  6.53684091e-09 -1.96311880e-07  6.58087152e-09 -2.13739503e-07  6.50483968e-09 -2.92649514e-07  6.32267009e-09 -3.02388230e-07  9.22436848e-01  2.33052185e-03  6.52606073e-01 -6.28802864e-04  1.90913656e-01 -3.57117531e-03 
 2.67608559e+01  6.52201928e-09 -1.95926456e-07  6.56597286e-09 -2.13375353e-07  6.48905404e-09 -2.92402055e-07  6.30669075e-09 -3.02155691e-07  9.22500193e-01  2.32376780e-03  6.52819109e-01 -6.35406454e-04  1.90986137e-01 -3.57085907e-03 
 2.67916832e+01  6.50723499e-09 -1.95541205e-07  6.55111129e-09 -2.13011405e-07  6.47330234e-09 -2.92155036e-07  6.29074471e-09 -3.01923624e-07  9.22563717e-01  2.31701335e-03  6.53032770e-01 -6.42019974e-04  1.91058832e-01 -3.57055158e-03 
 2.68225461e+01  6.49248795e-09 -1.95156124e-07  6.53628674e-09 -2.12647657e-07  6.45758450e-09 -2.91908458e-07  6.27483186e-09 -3.01692032e-07  9.22627421e-01  2.31025848e-03  6.53247059e-01 -6.48643477e-04  1.91131744e-01 -3.57025285e-03 
 2.68534445e+01  6.47777810e-09 -1.94771213e-07  6.52149913e-09 -2.12284108e-07  6.44190044e-09 -2.91662322e-07  6.25895212e-09 -3.01460913e-07  9.22691305e-01  2.30350317e-03  6.53461977e-01 -6.55277016e-04  1.91204872e-01 -3.56996291e-03 
 2.68843784e+01  6.46310537e-09 -1.94386472e-07  6.50674839e-09 -2.11920758e-07  6.42625005e-09 -2.91416626e-07  6.24310541e-09 -3.01230268e-07  9.22755369e-01  2.29674738e-03  6.53677528e-01 -6.61920645e-04  1.91278217e-01 -3.56968177e-03 
 2.69153480e+01  6.44846969e-09 -1.94001899e-07  6.49203445e-09 -2.11557606e-07  6.41063326e-09 -2.91171371e-07  6.22729163e-09 -3.01000096e-07  9.22819615e-01  2.28999109e-03  6.53893713e-01 -6.68574417e-04  1.91351780e-01 -3.56940946e-03 
 2.69463533e+01  6.43387098e-09 -1.93617494e-07  6.47735723e-09 -2.11194651e-07  6.39504997e-09 -2.90926557e-07  6.21151070e-09 -3.00770398e-07  9.22884043e-01  2.28323428e-03  6.54110535e-01 -6.75238387e-04  1.91425562e-01 -3.56914598e-03 
 2.69773943e+01  6.41930917e-09 -1.93233255e-07  6.46271667e-09 -2.10831893e-07  6.37950011e-09 -2.90682183e-07  6.19576252e-09 -3.00541174e-07  9.22948654e-01  2.27647692e-03  6.54327995e-01 -6.81912608e-04  1.91499564e-01 -3.56889138e-03 
 2.70084711e+01  6.40478419e-09 -1.92849182e-07  6.44811268e-09 -2.10469329e-07  6.36398359e-09 -2.90438250e-07  6.18004700e-09 -3.00312424e-07  9.23013447e-01  2.26971899e-03  6.54546096e-01 -6.88597136e-04  1.91573786e-01 -3.56864565e-03 
 2.70395836e+01  6.39029597e-09 -1.92465274e-07  6.43354521e-09 -2.10106961e-07  6.34850032e-09 -2.90194758e-07  6.16436407e-09 -3.00084148e-07  9.23078425e-01  2.26296046e-03  6.54764841e-01 -6.95292025e-04  1.91648229e-01 -3.56840883e-03 
 2.70707320e+01  6.37584445e-09 -1.92081529e-07  6.41901418e-09 -2.09744785e-07  6.33305021e-09 -2.89951706e-07  6.14871361e-09 -2.99856345e-07  9.23143587e-01  2.25620130e-03  6.54984231e-01 -7.01997331e-04  1.91722895e-01 -3.56818092e-03 
 2.71019163e+01  6.36142954e-09 -1.91697948e-07  6.40451952e-09 -2.09382803e-07  6.31763318e-09 -2.89709094e-07  6.13309556e-09 -2.99629017e-07  9.23208934e-01  2.24944149e-03  6.55204269e-01 -7.08713108e-04  1.91797783e-01 -3.56796197e-03 
 2.71331365e+01  6.34705119e-09 -1.91314529e-07  6.39006115e-09 -2.09021013e-07  6.30224915e-09 -2.89466923e-07  6.11750982e-09 -2.99402163e-07  9.23274466e-01  2.24268101e-03  6.55424957e-01 -7.15439413e-04  1.91872895e-01 -3.56775197e-03 
 2.71643927e+01  6.33270931e-09 -1.90931271e-07  6.37563900e-09 -2.08659414e-07  6.28689802e-09 -2.89225193e-07  6.10195630e-09 -2.99175782e-07  9.23340186e-01  2.23591982e-03  6.55646298e-01 -7.22176301e-04  1.91948231e-01 -3.56755095e-03 
 2.71956849e+01  6.31840385e-09 -1.90548173e-07  6.36125301e-09 -2.08298005e-07  6.27157972e-09 -2.88983902e-07  6.08643492e-09 -2.98949876e-07  9.23406092e-01  2.22915790e-03  6.55868293e-01 -7.28923829e-04  1.92023792e-01 -3.56735894e-03 
 2.72270131e+01  6.30413473e-09 -1.90165234e-07  6.34690311e-09 -2.07936785e-07  6.25629415e-09 -2.88743052e-07  6.07094558e-09 -2.98724444e-07  9.23472185e-01  2.22239522e-03  6.56090945e-01 -7.35682053e-04  1.92099579e-01 -3.56717595e-03 
 2.72583774e+01  6.28990188e-09 -1.89782455e-07  6.33258922e-09 -2.07575754e-07  6.24104123e-09 -2.88502642e-07  6.05548820e-09 -2.98499486e-07  9.23538467e-01  2.21563176e-03  6.56314257e-01 -7.42451030e-04  1.92175593e-01 -3.56700201e-03 
 2.72897778e+01  6.27570524e-09 -1.89399832e-07  6.31831128e-09 -2.07214911e-07  6.22582089e-09 -2.88262672e-07  6.04006269e-09 -2.98275002e-07  9.23604938e-01  2.20886749e-03  6.56538230e-01 -7.49230818e-04  1.92251834e-01 -3.56683713e-03 
 2.73212144e+01  6.26154473e-09 -1.89017367e-07  6.30406921e-09 -2.06854255e-07  6.21063302e-09 -2.88023142e-07  6.02466897e-09 -2.98050993e-07  9.23671598e-01  2.20210239e-03  6.56762868e-01 -7.56021472e-04  1.92328304e-01 -3.56668134e-03 
 2.73526873e+01  6.24742029e-09 -1.88635057e-07  6.28986295e-09 -2.06493785e-07  6.19547755e-09 -2.87784052e-07  6.00930693e-09 -2.97827459e-07  9.23738449e-01  2.19533642e-03  6.56988172e-01 -7.62823052e-04  1.92405003e-01 -3.56653465e-03 
 2.73841963e+01  6.23333185e-09 -1.88252902e-07  6.27569243e-09 -2.06133500e-07  6.18035440e-09 -2.87545402e-07  5.99397651e-09 -2.97604398e-07  9.23805490e-01  2.18856957e-03  6.57214144e-01 -7.69635616e-04  1.92481932e-01 -3.56639709e-03 
 2.74157417e+01  6.21927934e-09 -1.87870901e-07  6.26155757e-09 -2.05773399e-07  6.16526348e-09 -2.87307192e-07  5.97867761e-09 -2.97381813e-07  9.23872723e-01  2.18180179e-03  6.57440788e-01 -7.76459221e-04  1.92559092e-01 -3.56626869e-03 
 2.74473234e+01  6.20526270e-09 -1.87489052e-07  6.24745832e-09 -2.05413482e-07  6.15020470e-09 -2.87069421e-07  5.96341013e-09 -2.97159702e-07  9.23940148e-01  2.17503308e-03  6.57668106e-01 -7.83293925e-04  1.92636484e-01 -3.56614945e-03 
 2.74789415e+01  6.19128185e-09 -1.87107356e-07  6.23339459e-09 -2.05053747e-07  6.13517798e-09 -2.86832091e-07  5.94817401e-09 -2.96938066e-07  9.24007766e-01  2.16826339e-03  6.57896100e-01 -7.90139789e-04  1.92714108e-01 -3.56603940e-03 
 2.75105960e+01  6.17733673e-09 -1.86725811e-07  6.21936633e-09 -2.04694195e-07  6.12018324e-09 -2.86595200e-07  5.93296914e-09 -2.96716904e-07  9.24075577e-01  2.16149271e-03  6.58124772e-01 -7.96996871e-04  1.92791966e-01 -3.56593857e-03 
 2.75422870e+01  6.16342727e-09 -1.86344417e-07  6.20537346e-09 -2.04334823e-07  6.10522040e-09 -2.86358750e-07  5.91779545e-09 -2.96496218e-07  9.24143583e-01  2.15472100e-03  6.58354124e-01 -8.03865231e-04  1.92870057e-01 -3.56584697e-03 
 2.75740145e+01  6.14955341e-09 -1.85963171e-07  6.19141592e-09 -2.03975631e-07  6.09028936e-09 -2.86122739e-07  5.90265284e-09 -2.96276007e-07  9.24211783e-01  2.14794824e-03  6.58584161e-01 -8.10744928e-04  1.92948384e-01 -3.56576464e-03 
 2.76057786e+01  6.13571507e-09 -1.85582074e-07  6.17749364e-09 -2.03616618e-07  6.07539005e-09 -2.85887167e-07  5.88754123e-09 -2.96056270e-07  9.24280179e-01  2.14117440e-03  6.58814882e-01 -8.17636022e-04  1.93026947e-01 -3.56569158e-03 
 2.76375792e+01  6.12191220e-09 -1.85201125e-07  6.16360655e-09 -2.03257783e-07  6.06052238e-09 -2.85652036e-07  5.87246053e-09 -2.95837009e-07  9.24348771e-01  2.13439945e-03  6.59046293e-01 -8.24538574e-04  1.93105746e-01 -3.56562782e-03 
 2.76694165e+01  6.10814473e-09 -1.84820322e-07  6.14975459e-09 -2.02899126e-07  6.04568628e-09 -2.85417344e-07  5.85741066e-09 -2.95618223e-07  9.24417560e-01  2.12762337e-03  6.59278393e-01 -8.31452645e-04  1.93184783e-01 -3.56557339e-03 
 2.77012904e+01  6.09441259e-09 -1.84439665e-07  6.13593769e-09 -2.02540645e-07  6.03088165e-09 -2.85183091e-07  5.84239153e-09 -2.95399913e-07  9.24486546e-01  2.12084613e-03  6.59511187e-01 -8.38378295e-04  1.93264058e-01 -3.56552831e-03 
 2.77332010e+01  6.08071571e-09 -1.84059152e-07  6.12215577e-09 -2.02182340e-07  6.01610841e-09 -2.84949279e-07  5.82740305e-09 -2.95182078e-07  9.24555730e-01  2.11406769e-03  6.59744677e-01 -8.45315587e-04  1.93343573e-01 -3.56549259e-03 
 2.77651485e+01  6.06705404e-09 -1.83678783e-07  6.10840879e-09 -2.01824210e-07  6.00136648e-09 -2.84715906e-07  5.81244514e-09 -2.94964718e-07  9.24625114e-01  2.10728803e-03  6.59978865e-01 -8.52264581e-04  1.93423328e-01 -3.56546627e-03 
 2.77971327e+01  6.05342749e-09 -1.83298556e-07  6.09469666e-09 -2.01466253e-07  5.98665579e-09 -2.84482972e-07  5.79751771e-09 -2.94747834e-07  9.24694697e-01  2.10050713e-03  6.60213753e-01 -8.59225339e-04  1.93503324e-01 -3.56544937e-03 
 2.78291537e+01  6.03983602e-09 -1.82918472e-07  6.08101932e-09 -2.01108470e-07  5.97197624e-09 -2.84250478e-07  5.78262068e-09 -2.94531426e-07  9.24764480e-01  2.09372495e-03  6.60449345e-01 -8.66197925e-04  1.93583562e-01 -3.56544190e-03 
 2.78612117e+01  6.02627956e-09 -1.82538528e-07  6.06737672e-09 -2.00750858e-07  5.95732775e-09 -2.84018424e-07  5.76775395e-09 -2.94315494e-07  9.24834464e-01  2.08694147e-03  6.60685642e-01 -8.73182400e-04  1.93664043e-01 -3.56544390e-03 
 2.78933066e+01  6.01275804e-09 -1.82158725e-07  6.05376877e-09 -2.00393418e-07  5.94271024e-09 -2.83786809e-07  5.75291745e-09 -2.94100038e-07  9.24904650e-01  2.08015665e-03  6.60922648e-01 -8.80178827e-04  1.93744767e-01 -3.56545538e-03 
 2.79254384e+01  5.99927139e-09 -1.81779060e-07  6.04019542e-09 -2.00036148e-07  5.92812363e-09 -2.83555633e-07  5.73811110e-09 -2.93885058e-07  9.24975038e-01  2.07337048e-03  6.61160364e-01 -8.87187270e-04  1.93825736e-01 -3.56547636e-03 
 2.79576073e+01  5.98581956e-09 -1.81399533e-07  6.02665661e-09 -1.99679048e-07  5.91356784e-09 -2.83324897e-07  5.72333479e-09 -2.93670554e-07  9.25045629e-01  2.06658291e-03  6.61398794e-01 -8.94207793e-04  1.93906950e-01 -3.56550688e-03 
 2.79898132e+01  5.97240247e-09 -1.81020144e-07  6.01315226e-09 -1.99322116e-07  5.89904279e-09 -2.83094601e-07  5.70858845e-09 -2.93456527e-07  9.25116424e-01  2.05979393e-03  6.61637940e-01 -9.01240459e-04  1.93988411e-01 -3.56554696e-03 
 2.80220562e+01  5.95902008e-09 -1.80640890e-07  5.99968231e-09 -1.98965352e-07  5.88454839e-09 -2.82864744e-07  5.69387200e-09 -2.93242976e-07  9.25187423e-01  2.05300350e-03  6.61877805e-01 -9.08285332e-04  1.94070119e-01 -3.56559662e-03 
 2.80543364e+01  5.94567230e-09 -1.80261772e-07  5.98624670e-09 -1.98608754e-07  5.87008455e-09 -2.82635327e-07  5.67918535e-09 -2.93029902e-07  9.25258628e-01  2.04621159e-03  6.62118391e-01 -9.15342477e-04  1.94152075e-01 -3.56565588e-03 
 2.80866537e+01  5.93235909e-09 -1.79882788e-07  5.97284536e-09 -1.98252323e-07  5.85565121e-09 -2.82406349e-07  5.66452841e-09 -2.92817304e-07  9.25330038e-01  2.03941818e-03  6.62359700e-01 -9.22411960e-04  1.94234280e-01 -3.56572477e-03 
 2.81190083e+01  5.91908037e-09 -1.79503937e-07  5.95947824e-09 -1.97896056e-07  5.84124828e-09 -2.82177811e-07  5.64990110e-09 -2.92605183e-07  9.25401655e-01  2.03262323e-03  6.62601736e-01 -9.29493845e-04  1.94316735e-01 -3.56580332e-03 
 2.81514002e+01  5.90583609e-09 -1.79125218e-07  5.94614526e-09 -1.97539954e-07  5.82687568e-09 -2.81949712e-07  5.63530333e-09 -2.92393540e-07  9.25473480e-01  2.02582672e-03  6.62844502e-01 -9.36588198e-04  1.94399441e-01 -3.56589154e-03 
 2.81838293e+01  5.89262618e-09 -1.78746631e-07  5.93284636e-09 -1.97184014e-07  5.81253332e-09 -2.81722052e-07  5.62073502e-09 -2.92182373e-07  9.25545512e-01  2.01902861e-03  6.63087999e-01 -9.43695086e-04  1.94482399e-01 -3.56598946e-03 
 2.82162958e+01  5.87945058e-09 -1.78368174e-07  5.91958148e-09 -1.96828237e-07  5.79822113e-09 -2.81494833e-07  5.60619609e-09 -2.91971684e-07  9.25617754e-01  2.01222889e-03  6.63332230e-01 -9.50814573e-04  1.94565610e-01 -3.56609711e-03 
 2.82487997e+01  5.86630923e-09 -1.77989846e-07  5.90635056e-09 -1.96472621e-07  5.78393902e-09 -2.81268052e-07  5.59168645e-09 -2.91761472e-07  9.25690204e-01  2.00542750e-03  6.63577199e-01 -9.57946728e-04  1.94649074e-01 -3.56621451e-03 
 2.82813411e+01  5.85320207e-09 -1.77611647e-07  5.89315353e-09 -1.96117166e-07  5.76968692e-09 -2.81041711e-07  5.57720601e-09 -2.91551737e-07  9.25762865e-01  1.99862444e-03  6.63822907e-01 -9.65091617e-04  1.94732793e-01 -3.56634169e-03 
 2.83139200e+01  5.84012903e-09 -1.77233575e-07  5.87999034e-09 -1.95761870e-07  5.75546474e-09 -2.80815810e-07  5.56275470e-09 -2.91342481e-07  9.25835737e-01  1.99181966e-03  6.64069358e-01 -9.72249308e-04  1.94816767e-01 -3.56647868e-03 
 2.83465363e+01  5.82709006e-09 -1.76855630e-07  5.86686091e-09 -1.95406732e-07  5.74127240e-09 -2.80590349e-07  5.54833243e-09 -2.91133702e-07  9.25908821e-01  1.98501314e-03  6.64316554e-01 -9.79419867e-04  1.94900998e-01 -3.56662549e-03 
 2.83791903e+01  5.81408509e-09 -1.76477810e-07  5.85376519e-09 -1.95051753e-07  5.72710982e-09 -2.80365327e-07  5.53393911e-09 -2.90925401e-07  9.25982118e-01  1.97820484e-03  6.64564499e-01 -9.86603365e-04  1.94985487e-01 -3.56678215e-03 
 2.84118818e+01  5.80111406e-09 -1.76100114e-07  5.84070311e-09 -1.94696930e-07  5.71297693e-09 -2.80140744e-07  5.51957466e-09 -2.90717579e-07  9.26055627e-01  1.97139474e-03  6.64813193e-01 -9.93799868e-04  1.95070233e-01 -3.56694870e-03 
 2.84446111e+01  5.78817692e-09 -1.75722543e-07  5.82767462e-09 -1.94342263e-07  5.69887364e-09 -2.79916601e-07  5.50523900e-09 -2.90510234e-07  9.26129351e-01  1.96458281e-03  6.65062642e-01 -1.00100945e-03  1.95155239e-01 -3.56712514e-03 
 2.84773780e+01  5.77527360e-09 -1.75345093e-07  5.81467965e-09 -1.93987751e-07  5.68479987e-09 -2.79692898e-07  5.49093205e-09 -2.90303368e-07  9.26203289e-01  1.95776901e-03  6.65312847e-01 -1.00823217e-03  1.95240506e-01 -3.56731153e-03 
 2.85101827e+01  5.76240404e-09 -1.74967765e-07  5.80171814e-09 -1.93633393e-07  5.67075554e-09 -2.79469635e-07  5.47665371e-09 -2.90096981e-07  9.26277443e-01  1.95095331e-03  6.65563810e-01 -1.01546810e-03  1.95326033e-01 -3.56750787e-03 
 2.85430251e+01  5.74956818e-09 -1.74590558e-07  5.78879003e-09 -1.93279188e-07  5.65674058e-09 -2.79246811e-07  5.46240391e-09 -2.89891073e-07  9.26351813e-01  1.94413569e-03  6.65815536e-01 -1.02271732e-03  1.95411823e-01 -3.56771419e-03 
 2.85759054e+01  5.73676597e-09 -1.74213470e-07  5.77589526e-09 -1.92925135e-07  5.64275489e-09 -2.79024427e-07  5.44818256e-09 -2.89685643e-07  9.26426400e-01  1.93731611e-03  6.66068026e-01 -1.02997989e-03  1.95497876e-01 -3.56793053e-03 
 2.86088236e+01  5.72399734e-09 -1.73836501e-07  5.76303376e-09 -1.92571233e-07  5.62879841e-09 -2.78802483e-07  5.43398958e-09 -2.89480693e-07  9.26501204e-01  1.93049455e-03  6.66321284e-01 -1.03725589e-03  1.95584193e-01 -3.56815690e-03 
 2.86417797e+01  5.71126223e-09 -1.73459649e-07  5.75020549e-09 -1.92217481e-07  5.61487106e-09 -2.78580979e-07  5.41982489e-09 -2.89276222e-07  9.26576228e-01  1.92367096e-03  6.66575311e-01 -1.04454538e-03  1.95670775e-01 -3.56839334e-03 
 2.86747738e+01  5.69856059e-09 -1.73082913e-07  5.73741037e-09 -1.91863879e-07  5.60097274e-09 -2.78359915e-07  5.40568840e-09 -2.89072231e-07  9.26651470e-01  1.91684532e-03  6.66830113e-01 -1.05184844e-03  1.95757624e-01 -3.56863987e-03 
 2.87078058e+01  5.68589236e-09 -1.72706294e-07  5.72464835e-09 -1.91510426e-07  5.58710339e-09 -2.78139290e-07  5.39158003e-09 -2.88868719e-07  9.26726933e-01  1.91001760e-03  6.67085690e-01 -1.05916514e-03  1.95844739e-01 -3.56889652e-03 
 2.87408759e+01  5.67325748e-09 -1.72329788e-07  5.71191937e-09 -1.91157119e-07  5.57326293e-09 -2.77919106e-07  5.37749970e-09 -2.88665687e-07  9.26802617e-01  1.90318776e-03  6.67342045e-01 -1.06649555e-03  1.95932123e-01 -3.56916331e-03 
 2.87739841e+01  5.66065589e-09 -1.71953397e-07  5.69922337e-09 -1.90803960e-07  5.55945128e-09 -2.77699361e-07  5.36344733e-09 -2.88463135e-07  9.26878522e-01  1.89635578e-03  6.67599183e-01 -1.07383975e-03  1.96019776e-01 -3.56944028e-03 
 2.88071305e+01  5.64808753e-09 -1.71577117e-07  5.68656029e-09 -1.90450945e-07  5.54566835e-09 -2.77480057e-07  5.34942283e-09 -2.88261064e-07  9.26954650e-01  1.88952162e-03  6.67857105e-01 -1.08119780e-03  1.96107698e-01 -3.56972745e-03 
 2.88403150e+01  5.63555235e-09 -1.71200949e-07  5.67393007e-09 -1.90098076e-07  5.53191407e-09 -2.77261192e-07  5.33542611e-09 -2.88059473e-07  9.27031001e-01  1.88268525e-03  6.68115815e-01 -1.08856978e-03  1.96195892e-01 -3.57002486e-03 
 2.88735378e+01  5.62305028e-09 -1.70824892e-07  5.66133265e-09 -1.89745350e-07  5.51818836e-09 -2.77042768e-07  5.32145711e-09 -2.87858362e-07  9.27107577e-01  1.87584664e-03  6.68375316e-01 -1.09595577e-03  1.96284359e-01 -3.57033252e-03 
 2.89067988e+01  5.61058128e-09 -1.70448944e-07  5.64876798e-09 -1.89392766e-07  5.50449115e-09 -2.76824784e-07  5.30751573e-09 -2.87657733e-07  9.27184377e-01  1.86900575e-03  6.68635610e-01 -1.10335583e-03  1.96373098e-01 -3.57065047e-03 
 2.89400982e+01  5.59814528e-09 -1.70073105e-07  5.63623599e-09 -1.89040325e-07  5.49082235e-09 -2.76607240e-07  5.29360189e-09 -2.87457584e-07  9.27261402e-01  1.86216255e-03  6.68896700e-01 -1.11077005e-03  1.96462111e-01 -3.57097873e-03 
 2.89734359e+01  5.58574223e-09 -1.69697372e-07  5.62373663e-09 -1.88688024e-07  5.47718188e-09 -2.76390137e-07  5.27971551e-09 -2.87257917e-07  9.27338655e-01  1.85531702e-03  6.69158590e-01 -1.11819849e-03  1.96551400e-01 -3.57131734e-03 
 2.90068120e+01  5.57337207e-09 -1.69321747e-07  5.61126984e-09 -1.88335863e-07  5.46356967e-09 -2.76173474e-07  5.26585651e-09 -2.87058731e-07  9.27416134e-01  1.84846911e-03  6.69421282e-01 -1.12564124e-03  1.96640965e-01 -3.57166632e-03 
 2.90402265e+01  5.56103474e-09 -1.68946226e-07  5.59883556e-09 -1.87983841e-07  5.44998564e-09 -2.75957251e-07  5.25202481e-09 -2.86860027e-07  9.27493842e-01  1.84161880e-03  6.69684779e-01 -1.13309837e-03  1.96730807e-01 -3.57202570e-03 
 2.90736796e+01  5.54873019e-09 -1.68570810e-07  5.58643374e-09 -1.87631957e-07  5.43642971e-09 -2.75741469e-07  5.23822031e-09 -2.86661804e-07  9.27571778e-01  1.83476604e-03  6.69949085e-01 -1.14056996e-03  1.96820928e-01 -3.57239551e-03 
 2.91071712e+01  5.53645837e-09 -1.68195497e-07  5.57406431e-09 -1.87280210e-07  5.42290180e-09 -2.75526128e-07  5.22444296e-09 -2.86464064e-07  9.27649944e-01  1.82791082e-03  6.70214202e-01 -1.14805608e-03  1.96911328e-01 -3.57277578e-03 
 2.91407013e+01  5.52421921e-09 -1.67820286e-07  5.56172723e-09 -1.86928599e-07  5.40940184e-09 -2.75311227e-07  5.21069265e-09 -2.86266806e-07  9.27728341e-01  1.82105309e-03  6.70480133e-01 -1.15555680e-03  1.97002009e-01 -3.57316655e-03 
 2.91742701e+01  5.51201267e-09 -1.67445177e-07  5.54942243e-09 -1.86577123e-07  5.39592974e-09 -2.75096767e-07  5.19696931e-09 -2.86070031e-07  9.27806969e-01  1.81419282e-03  6.70746882e-01 -1.16307222e-03  1.97092971e-01 -3.57356783e-03 
 2.92078776e+01  5.49983868e-09 -1.67070168e-07  5.53714986e-09 -1.86225780e-07  5.38248544e-09 -2.74882748e-07  5.18327285e-09 -2.85873738e-07  9.27885830e-01  1.80732999e-03  6.71014452e-01 -1.17060240e-03  1.97184215e-01 -3.57397966e-03 
 2.92415238e+01  5.48769719e-09 -1.66695257e-07  5.52490946e-09 -1.85874571e-07  5.36906885e-09 -2.74669169e-07  5.16960320e-09 -2.85677929e-07  9.27964923e-01  1.80046454e-03  6.71282845e-01 -1.17814742e-03  1.97275743e-01 -3.57440208e-03 
 2.92752087e+01  5.47558816e-09 -1.66320445e-07  5.51270117e-09 -1.85523494e-07  5.35567989e-09 -2.74456032e-07  5.15596028e-09 -2.85482603e-07  9.28044250e-01  1.79359646e-03  6.71552065e-01 -1.18570737e-03  1.97367556e-01 -3.57483510e-03 
 2.93089325e+01  5.46351151e-09 -1.65945730e-07  5.50052495e-09 -1.85172548e-07  5.34231849e-09 -2.74243336e-07  5.14234400e-09 -2.85287760e-07  9.28123812e-01  1.78672570e-03  6.71822114e-01 -1.19328231e-03  1.97459655e-01 -3.57527876e-03 
 2.93426950e+01  5.45146721e-09 -1.65571110e-07  5.48838073e-09 -1.84821732e-07  5.32898457e-09 -2.74031081e-07  5.12875428e-09 -2.85093401e-07  9.28203610e-01  1.77985223e-03  6.72092997e-01 -1.20087234e-03  1.97552040e-01 -3.57573310e-03 
 2.93764965e+01  5.43945519e-09 -1.65196586e-07  5.47626846e-09 -1.84471045e-07  5.31567806e-09 -2.73819267e-07  5.11519103e-09 -2.84899525e-07  9.28283644e-01  1.77297602e-03  6.72364716e-01 -1.20847754e-03  1.97644714e-01 -3.57619814e-03 
 2.94103369e+01  5.42747540e-09 -1.64822155e-07  5.46418808e-09 -1.84120486e-07  5.30239887e-09 -2.73607894e-07  5.10165419e-09 -2.84706134e-07  9.28363915e-01  1.76609704e-03  6.72637274e-01 -1.21609797e-03  1.97737676e-01 -3.57667391e-03 
 2.94442163e+01  5.41552779e-09 -1.64447817e-07  5.45213954e-09 -1.83770055e-07  5.28914693e-09 -2.73396963e-07  5.08814366e-09 -2.84513228e-07  9.28444425e-01  1.75921524e-03  6.72910674e-01 -1.22373373e-03  1.97830929e-01 -3.57716045e-03 
 2.94781348e+01  5.40361231e-09 -1.64073571e-07  5.44012279e-09 -1.83419749e-07  5.27592216e-09 -2.73186473e-07  5.07465937e-09 -2.84320806e-07  9.28525173e-01  1.75233060e-03  6.73184921e-01 -1.23138489e-03  1.97924473e-01 -3.57765778e-03 
 2.95120923e+01  5.39172890e-09 -1.63699415e-07  5.42813777e-09 -1.83069569e-07  5.26272449e-09 -2.72976425e-07  5.06120123e-09 -2.84128869e-07  9.28606162e-01  1.74544307e-03  6.73460016e-01 -1.23905154e-03  1.98018309e-01 -3.57816594e-03 
 2.95460889e+01  5.37987751e-09 -1.63325349e-07  5.41618443e-09 -1.82719512e-07  5.24955384e-09 -2.72766819e-07  5.04776917e-09 -2.83937418e-07  9.28687391e-01  1.73855263e-03  6.73735963e-01 -1.24673376e-03  1.98112439e-01 -3.57868496e-03 
 2.95801247e+01  5.36805809e-09 -1.62951371e-07  5.40426270e-09 -1.82369579e-07  5.23641013e-09 -2.72557655e-07  5.03436310e-09 -2.83746452e-07  9.28768862e-01  1.73165924e-03  6.74012765e-01 -1.25443163e-03  1.98206863e-01 -3.57921488e-03 
 2.96141997e+01  5.35627058e-09 -1.62577481e-07  5.39237255e-09 -1.82019768e-07  5.22329329e-09 -2.72348932e-07  5.02098295e-09 -2.83555971e-07  9.28850575e-01  1.72476286e-03  6.74290426e-01 -1.26214524e-03  1.98301583e-01 -3.57975572e-03 
 2.96483139e+01  5.34451494e-09 -1.62203677e-07  5.38051391e-09 -1.81670078e-07  5.21020324e-09 -2.72140652e-07  5.00762862e-09 -2.83365977e-07  9.28932532e-01  1.71786346e-03  6.74568948e-01 -1.26987467e-03  1.98396600e-01 -3.58030751e-03 
 2.96824674e+01  5.33279110e-09 -1.61829958e-07  5.36868674e-09 -1.81320508e-07  5.19713991e-09 -2.71932813e-07  4.99430005e-09 -2.83176469e-07  9.29014733e-01  1.71096100e-03  6.74848336e-01 -1.27762000e-03  1.98491915e-01 -3.58087030e-03 
 2.97166603e+01  5.32109903e-09 -1.61456323e-07  5.35689097e-09 -1.80971057e-07  5.18410321e-09 -2.71725417e-07  4.98099715e-09 -2.82987447e-07  9.29097179e-01  1.70405545e-03  6.75128592e-01 -1.28538132e-03  1.98587529e-01 -3.58144410e-03 
 2.97508926e+01  5.30943867e-09 -1.61082771e-07  5.34512656e-09 -1.80621725e-07  5.17109307e-09 -2.71518464e-07  4.96771984e-09 -2.82798913e-07  9.29179872e-01  1.69714676e-03  6.75409720e-01 -1.29315872e-03  1.98683443e-01 -3.58202897e-03 
 2.97851643e+01  5.29780996e-09 -1.60709301e-07  5.33339345e-09 -1.80272509e-07  5.15810942e-09 -2.71311953e-07  4.95446803e-09 -2.82610865e-07  9.29262811e-01  1.69023491e-03  6.75691723e-01 -1.30095227e-03  1.98779659e-01 -3.58262492e-03 
 2.98194755e+01  5.28621286e-09 -1.60335912e-07  5.32169160e-09 -1.79923409e-07  5.14515218e-09 -2.71105884e-07  4.94124166e-09 -2.82423305e-07  9.29345998e-01  1.68331986e-03  6.75974604e-01 -1.30876208e-03  1.98876178e-01 -3.58323200e-03 
 2.98538262e+01  5.27464732e-09 -1.59962603e-07  5.31002095e-09 -1.79574424e-07  5.13222127e-09 -2.70900259e-07  4.92804064e-09 -2.82236233e-07  9.29429434e-01  1.67640157e-03  6.76258367e-01 -1.31658821e-03  1.98973000e-01 -3.58385023e-03 
 2.98882165e+01  5.26311329e-09 -1.59589372e-07  5.29838144e-09 -1.79225553e-07  5.11931662e-09 -2.70695076e-07  4.91486488e-09 -2.82049648e-07  9.29513120e-01  1.66948000e-03  6.76543015e-01 -1.32443077e-03  1.99070127e-01 -3.58447965e-03 
 2.99226464e+01  5.25161071e-09 -1.59216219e-07  5.28677303e-09 -1.78876795e-07  5.10643816e-09 -2.70490336e-07  4.90171431e-09 -2.81863552e-07  9.29597056e-01  1.66255511e-03  6.76828551e-01 -1.33228983e-03  1.99167560e-01 -3.58512030e-03 
 2.99571159e+01  5.24013953e-09 -1.58843142e-07  5.27519566e-09 -1.78528149e-07  5.09358580e-09 -2.70286039e-07  4.88858885e-09 -2.81677945e-07  9.29681244e-01  1.65562688e-03  6.77114980e-01 -1.34016549e-03  1.99265301e-01 -3.58577221e-03 
 2.99916252e+01  5.22869972e-09 -1.58470141e-07  5.26364929e-09 -1.78179614e-07  5.08075948e-09 -2.70082186e-07  4.87548842e-09 -2.81492827e-07  9.29765684e-01  1.64869526e-03  6.77402303e-01 -1.34805783e-03  1.99363350e-01 -3.58643541e-03 
 3.00261742e+01  5.21729121e-09 -1.58097213e-07  5.25213386e-09 -1.77831188e-07  5.06795911e-09 -2.69878776e-07  4.86241294e-09 -2.81308197e-07  9.29850377e-01  1.64176021e-03  6.77690526e-01 -1.35596695e-03  1.99461709e-01 -3.58710994e-03 
 3.00607630e+01  5.20591396e-09 -1.57724359e-07  5.24064933e-09 -1.77482872e-07  5.05518462e-09 -2.69675810e-07  4.84936233e-09 -2.81124058e-07  9.29935325e-01  1.63482171e-03  6.77979651e-01 -1.36389293e-03  1.99560378e-01 -3.58779583e-03 
 3.00953917e+01  5.19456792e-09 -1.57351576e-07  5.22919564e-09 -1.77134663e-07  5.04243594e-09 -2.69473287e-07  4.83633650e-09 -2.80940408e-07  9.30020529e-01  1.62787970e-03  6.78269681e-01 -1.37183587e-03  1.99659360e-01 -3.58849312e-03 
 3.01300602e+01  5.18325304e-09 -1.56978865e-07  5.21777273e-09 -1.76786560e-07  5.02971299e-09 -2.69271209e-07  4.82333538e-09 -2.80757248e-07  9.30105988e-01  1.62093415e-03  6.78560621e-01 -1.37979585e-03  1.99758655e-01 -3.58920185e-03 
 3.01647687e+01  5.17196928e-09 -1.56606223e-07  5.20638057e-09 -1.76438563e-07  5.01701570e-09 -2.69069574e-07  4.81035889e-09 -2.80574579e-07  9.30191705e-01  1.61398503e-03  6.78852473e-01 -1.38777297e-03  1.99858265e-01 -3.58992205e-03 
 3.01995172e+01  5.16071658e-09 -1.56233649e-07  5.19501911e-09 -1.76090671e-07  5.00434399e-09 -2.68868383e-07  4.79740695e-09 -2.80392400e-07  9.30277679e-01  1.60703229e-03  6.79145241e-01 -1.39576732e-03  1.99958190e-01 -3.59065375e-03 
 3.02343057e+01  5.14949490e-09 -1.55861143e-07  5.18368828e-09 -1.75742882e-07  4.99169778e-09 -2.68667637e-07  4.78447948e-09 -2.80210713e-07  9.30363913e-01  1.60007590e-03  6.79438930e-01 -1.40377899e-03  2.00058432e-01 -3.59139699e-03 
 3.02691343e+01  5.13830418e-09 -1.55488704e-07  5.17238805e-09 -1.75395196e-07  4.97907701e-09 -2.68467335e-07  4.77157640e-09 -2.80029518e-07  9.30450407e-01  1.59311582e-03  6.79733542e-01 -1.41180807e-03  2.00158993e-01 -3.59215182e-03 
 3.03040030e+01  5.12714439e-09 -1.55116329e-07  5.16111837e-09 -1.75047611e-07  4.96648159e-09 -2.68267478e-07  4.75869763e-09 -2.79848814e-07  9.30537162e-01  1.58615200e-03  6.80029080e-01 -1.41985466e-03  2.00259873e-01 -3.59291826e-03 
 3.03389118e+01  5.11601548e-09 -1.54744018e-07  5.14987917e-09 -1.74700126e-07  4.95391146e-09 -2.68068066e-07  4.74584309e-09 -2.79668602e-07  9.30624179e-01  1.57918442e-03  6.80325549e-01 -1.42791885e-03  2.00361073e-01 -3.59369635e-03 
 3.03738609e+01  5.10491739e-09 -1.54371770e-07  5.13867043e-09 -1.74352740e-07  4.94136654e-09 -2.67869099e-07  4.73301269e-09 -2.79488883e-07  9.30711458e-01  1.57221303e-03  6.80622953e-01 -1.43600074e-03  2.00462596e-01 -3.59448613e-03 
 3.04088503e+01  5.09385009e-09 -1.53999584e-07  5.12749209e-09 -1.74005453e-07  4.92884674e-09 -2.67670577e-07  4.72020638e-09 -2.79309656e-07  9.30799002e-01  1.56523779e-03  6.80921294e-01 -1.44410041e-03  2.00564442e-01 -3.59528764e-03 
 3.04438799e+01  5.08281352e-09 -1.53627458e-07  5.11634409e-09 -1.73658262e-07  4.91635201e-09 -2.67472500e-07  4.70742405e-09 -2.79130923e-07  9.30886811e-01  1.55825866e-03  6.81220576e-01 -1.45221798e-03  2.00666612e-01 -3.59610091e-03 
 3.04789499e+01  5.07180763e-09 -1.53255391e-07  5.10522641e-09 -1.73311167e-07  4.90388226e-09 -2.67274869e-07  4.69466563e-09 -2.78952684e-07  9.30974885e-01  1.55127561e-03  6.81520804e-01 -1.46035352e-03  2.00769108e-01 -3.59692599e-03 
 3.05140603e+01  5.06083240e-09 -1.52883383e-07  5.09413897e-09 -1.72964168e-07  4.89143742e-09 -2.67077683e-07  4.68193105e-09 -2.78774938e-07  9.31063226e-01  1.54428859e-03  6.81821980e-01 -1.46850715e-03  2.00871931e-01 -3.59776291e-03 
 3.05492111e+01  5.04988776e-09 -1.52511432e-07  5.08308175e-09 -1.72617262e-07  4.87901742e-09 -2.66880943e-07  4.66922022e-09 -2.78597687e-07  9.31151836e-01  1.53729755e-03  6.82124109e-01 -1.47667895e-03  2.00975083e-01 -3.59861170e-03 
 3.05844025e+01  5.03897367e-09 -1.52139536e-07  5.07205468e-09 -1.72270449e-07  4.86662218e-09 -2.66684650e-07  4.65653307e-09 -2.78420930e-07  9.31240714e-01  1.53030248e-03  6.82427194e-01 -1.48486903e-03  2.01078564e-01 -3.59947241e-03 
 3.06196343e+01  5.02809009e-09 -1.51767695e-07  5.06105773e-09 -1.71923727e-07  4.85425163e-09 -2.66488802e-07  4.64386951e-09 -2.78244668e-07  9.31329862e-01  1.52330331e-03  6.82731239e-01 -1.49307748e-03  2.01182376e-01 -3.60034508e-03 
 3.06549068e+01  5.01723697e-09 -1.51395908e-07  5.05009085e-09 -1.71577096e-07  4.84190570e-09 -2.66293401e-07  4.63122947e-09 -2.78068902e-07  9.31419281e-01  1.51630001e-03  6.83036248e-01 -1.50130441e-03  2.01286520e-01 -3.60122975e-03 
 3.06902199e+01  5.00641427e-09 -1.51024172e-07  5.03915399e-09 -1.71230554e-07  4.82958430e-09 -2.66098447e-07  4.61861287e-09 -2.77893632e-07  9.31508971e-01  1.50929255e-03  6.83342224e-01 -1.50954990e-03  2.01390998e-01 -3.60212645e-03 
 3.07255737e+01  4.99562195e-09 -1.50652488e-07  5.02824711e-09 -1.70884100e-07  4.81728737e-09 -2.65903939e-07  4.60601962e-09 -2.77718857e-07  9.31598935e-01  1.50228087e-03  6.83649171e-01 -1.51781407e-03  2.01495810e-01 -3.60303522e-03 
 3.07609681e+01  4.98485995e-09 -1.50280854e-07  5.01737015e-09 -1.70537734e-07  4.80501483e-09 -2.65709879e-07  4.59344965e-09 -2.77544580e-07  9.31689173e-01  1.49526494e-03  6.83957094e-01 -1.52609701e-03  2.01600959e-01 -3.60395611e-03 
 3.07964034e+01  4.97412824e-09 -1.49909268e-07  5.00652308e-09 -1.70191454e-07  4.79276662e-09 -2.65516265e-07  4.58090289e-09 -2.77370799e-07  9.31779686e-01  1.48824471e-03  6.84265996e-01 -1.53439883e-03  2.01706445e-01 -3.60488915e-03 
 3.08318795e+01  4.96342677e-09 -1.49537730e-07  4.99570585e-09 -1.69845258e-07  4.78054264e-09 -2.65323100e-07  4.56837924e-09 -2.77197516e-07  9.31870474e-01  1.48122015e-03  6.84575880e-01 -1.54271962e-03  2.01812271e-01 -3.60583438e-03 
 3.08673965e+01  4.95275550e-09 -1.49166239e-07  4.98491841e-09 -1.69499147e-07  4.76834284e-09 -2.65130381e-07  4.55587864e-09 -2.77024730e-07  9.31961540e-01  1.47419121e-03  6.84886751e-01 -1.55105949e-03  2.01918436e-01 -3.60679186e-03 
 3.09029543e+01  4.94211438e-09 -1.48794792e-07  4.97416072e-09 -1.69153118e-07  4.75616714e-09 -2.64938111e-07  4.54340100e-09 -2.76852443e-07  9.32052884e-01  1.46715785e-03  6.85198613e-01 -1.55941855e-03  2.02024943e-01 -3.60776160e-03 
 3.09385532e+01  4.93150338e-09 -1.48423389e-07  4.96343273e-09 -1.68807170e-07  4.74401547e-09 -2.64746289e-07  4.53094624e-09 -2.76680654e-07  9.32144508e-01  1.46012003e-03  6.85511469e-01 -1.56779689e-03  2.02131793e-01 -3.60874367e-03 
 3.09741930e+01  4.92092245e-09 -1.48052029e-07  4.95273440e-09 -1.68461303e-07  4.73188774e-09 -2.64554915e-07  4.51851429e-09 -2.76509364e-07  9.32236411e-01  1.45307770e-03  6.85825323e-01 -1.57619462e-03  2.02238987e-01 -3.60973809e-03 
 3.10098739e+01  4.91037155e-09 -1.47680710e-07  4.94206569e-09 -1.68115516e-07  4.71978390e-09 -2.64363989e-07  4.50610506e-09 -2.76338574e-07  9.32328596e-01  1.44603082e-03  6.86140180e-01 -1.58461185e-03  2.02346527e-01 -3.61074491e-03 
 3.10455959e+01  4.89985063e-09 -1.47309431e-07  4.93142655e-09 -1.67769806e-07  4.70770386e-09 -2.64173512e-07  4.49371848e-09 -2.76168283e-07  9.32421063e-01  1.43897936e-03  6.86456044e-01 -1.59304868e-03  2.02454413e-01 -3.61176418e-03 
 3.10813590e+01  4.88935965e-09 -1.46938192e-07  4.92081694e-09 -1.67424174e-07  4.69564755e-09 -2.63983485e-07  4.48135448e-09 -2.75998493e-07  9.32513814e-01  1.43192326e-03  6.86772917e-01 -1.60150522e-03  2.02562649e-01 -3.61279593e-03 
 3.11171634e+01  4.87889858e-09 -1.46566990e-07  4.91023681e-09 -1.67078617e-07  4.68361490e-09 -2.63793906e-07  4.46901296e-09 -2.75829203e-07  9.32606849e-01  1.42486248e-03  6.87090806e-01 -1.60998158e-03  2.02671234e-01 -3.61384021e-03 
 3.11530090e+01  4.86846737e-09 -1.46195825e-07  4.89968612e-09 -1.66733135e-07  4.67160583e-09 -2.63604777e-07  4.45669385e-09 -2.75660414e-07  9.32700169e-01  1.41779698e-03  6.87409712e-01 -1.61847785e-03  2.02780170e-01 -3.61489705e-03 
 3.11888958e+01  4.85806598e-09 -1.45824695e-07  4.88916484e-09 -1.66387726e-07  4.65962028e-09 -2.63416097e-07  4.44439708e-09 -2.75492127e-07  9.32793777e-01  1.41072672e-03  6.87729641e-01 -1.62699416e-03  2.02889459e-01 -3.61596651e-03 
 3.12248241e+01  4.84769437e-09 -1.45453599e-07  4.87867290e-09 -1.66042390e-07  4.64765817e-09 -2.63227868e-07  4.43212255e-09 -2.75324342e-07  9.32887672e-01  1.40365164e-03  6.88050596e-01 -1.63553061e-03  2.02999102e-01 -3.61704863e-03 
 3.12607937e+01  4.83735250e-09 -1.45082535e-07  4.86821028e-09 -1.65697125e-07  4.63571943e-09 -2.63040089e-07  4.41987021e-09 -2.75157060e-07  9.32981856e-01  1.39657172e-03  6.88372582e-01 -1.64408731e-03  2.03109100e-01 -3.61814344e-03 
 3.12968047e+01  4.82704032e-09 -1.44711504e-07  4.85777693e-09 -1.65351931e-07  4.62380398e-09 -2.62852760e-07  4.40763996e-09 -2.74990280e-07  9.33076330e-01  1.38948689e-03  6.88695603e-01 -1.65266437e-03  2.03219455e-01 -3.61925100e-03 
 3.13328572e+01  4.81675781e-09 -1.44340502e-07  4.84737281e-09 -1.65006805e-07  4.61191175e-09 -2.62665881e-07  4.39543173e-09 -2.74824004e-07  9.33171096e-01  1.38239712e-03  6.89019663e-01 -1.66126190e-03  2.03330169e-01 -3.62037134e-03 
 3.13689513e+01  4.80650491e-09 -1.43969530e-07  4.83699788e-09 -1.64661746e-07  4.60004267e-09 -2.62479454e-07  4.38324544e-09 -2.74658232e-07  9.33266153e-01  1.37530237e-03  6.89344766e-01 -1.66988001e-03  2.03441242e-01 -3.62150452e-03 
 3.14050869e+01  4.79628159e-09 -1.43598585e-07  4.82665209e-09 -1.64316755e-07  4.58819666e-09 -2.62293478e-07  4.37108101e-09 -2.74492963e-07  9.33361504e-01  1.36820258e-03  6.89670916e-01 -1.67851882e-03  2.03552677e-01 -3.62265058e-03 
 3.14412642e+01  4.78608782e-09 -1.43227667e-07  4.81633541e-09 -1.63971828e-07  4.57637366e-09 -2.62107953e-07  4.35893836e-09 -2.74328200e-07  9.33457149e-01  1.36109772e-03  6.89998117e-01 -1.68717844e-03  2.03664474e-01 -3.62380955e-03 
 3.14774831e+01  4.77592354e-09 -1.42856774e-07  4.80604779e-09 -1.63626966e-07  4.56457359e-09 -2.61922880e-07  4.34681741e-09 -2.74163942e-07  9.33553090e-01  1.35398773e-03  6.90326375e-01 -1.69585897e-03  2.03776636e-01 -3.62498150e-03 
 3.15137438e+01  4.76578873e-09 -1.42485904e-07  4.79578919e-09 -1.63282167e-07  4.55279638e-09 -2.61738259e-07  4.33471809e-09 -2.74000189e-07  9.33649328e-01  1.34687257e-03  6.90655692e-01 -1.70456055e-03  2.03889163e-01 -3.62616645e-03 
 3.15500462e+01  4.75568334e-09 -1.42115058e-07  4.78555958e-09 -1.62937430e-07  4.54104195e-09 -2.61554090e-07  4.32264031e-09 -2.73836943e-07  9.33745863e-01  1.33975219e-03  6.90986073e-01 -1.71328327e-03  2.04002057e-01 -3.62736447e-03 
 3.15863905e+01  4.74560733e-09 -1.41744233e-07  4.77535891e-09 -1.62592753e-07  4.52931024e-09 -2.61370374e-07  4.31058401e-09 -2.73674203e-07  9.33842698e-01  1.33262655e-03  6.91317523e-01 -1.72202727e-03  2.04115320e-01 -3.62857559e-03 
 3.16227766e+01  4.73556068e-09 -1.41373428e-07  4.76518714e-09 -1.62248135e-07  4.51760117e-09 -2.61187110e-07  4.29854909e-09 -2.73511971e-07  9.33939832e-01  1.32549560e-03  6.91650045e-01 -1.73079264e-03  2.04228953e-01 -3.62979986e-03 
 3.16592046e+01  4.72554333e-09 -1.41002641e-07  4.75504423e-09 -1.61903576e-07  4.50591466e-09 -2.61004300e-07  4.28653548e-09 -2.73350246e-07  9.34037269e-01  1.31835930e-03  6.91983645e-01 -1.73957952e-03  2.04342958e-01 -3.63103733e-03 
 3.16956746e+01  4.71555526e-09 -1.40631872e-07  4.74493015e-09 -1.61559074e-07  4.49425065e-09 -2.60821943e-07  4.27454310e-09 -2.73189030e-07  9.34135007e-01  1.31121759e-03  6.92318326e-01 -1.74838801e-03  2.04457335e-01 -3.63228804e-03 
 3.17321866e+01  4.70559643e-09 -1.40261119e-07  4.73484485e-09 -1.61214627e-07  4.48260907e-09 -2.60640040e-07  4.26257188e-09 -2.73028322e-07  9.34233049e-01  1.30407044e-03  6.92654093e-01 -1.75721825e-03  2.04572088e-01 -3.63355205e-03 
 3.17687407e+01  4.69566679e-09 -1.39890382e-07  4.72478830e-09 -1.60870235e-07  4.47098984e-09 -2.60458590e-07  4.25062173e-09 -2.72868123e-07  9.34331397e-01  1.29691778e-03  6.92990950e-01 -1.76607034e-03  2.04687216e-01 -3.63482940e-03 
 3.18053369e+01  4.68576631e-09 -1.39519657e-07  4.71476046e-09 -1.60525896e-07  4.45939288e-09 -2.60277595e-07  4.23869258e-09 -2.72708434e-07  9.34430050e-01  1.28975958e-03  6.93328902e-01 -1.77494440e-03  2.04802723e-01 -3.63612014e-03 
 3.18419752e+01  4.67589497e-09 -1.39148945e-07  4.70476128e-09 -1.60181609e-07  4.44781814e-09 -2.60097055e-07  4.22678435e-09 -2.72549255e-07  9.34529010e-01  1.28259579e-03  6.93667952e-01 -1.78384057e-03  2.04918608e-01 -3.63742431e-03 
 3.18786558e+01  4.66605271e-09 -1.38778244e-07  4.69479073e-09 -1.59837373e-07  4.43626552e-09 -2.59916969e-07  4.21489696e-09 -2.72390587e-07  9.34628279e-01  1.27542635e-03  6.94008107e-01 -1.79275895e-03  2.05034875e-01 -3.63874197e-03 
 3.19153786e+01  4.65623951e-09 -1.38407552e-07  4.68484878e-09 -1.59493187e-07  4.42473498e-09 -2.59737339e-07  4.20303032e-09 -2.72232430e-07  9.34727858e-01  1.26825122e-03  6.94349370e-01 -1.80169967e-03  2.05151523e-01 -3.64007317e-03 
 3.19521436e+01  4.64645532e-09 -1.38036868e-07  4.67493538e-09 -1.59149049e-07  4.41322642e-09 -2.59558163e-07  4.19118437e-09 -2.72074785e-07  9.34827747e-01  1.26107036e-03  6.94691745e-01 -1.81066286e-03  2.05268556e-01 -3.64141795e-03 
 3.19889511e+01  4.63670013e-09 -1.37666192e-07  4.66505050e-09 -1.58804958e-07  4.40173978e-09 -2.59379444e-07  4.17935902e-09 -2.71917653e-07  9.34927949e-01  1.25388370e-03  6.95035237e-01 -1.81964864e-03  2.05385974e-01 -3.64277636e-03 
 3.20258009e+01  4.62697388e-09 -1.37295520e-07  4.65519410e-09 -1.58460913e-07  4.39027499e-09 -2.59201181e-07  4.16755420e-09 -2.71761033e-07  9.35028464e-01  1.24669121e-03  6.95379851e-01 -1.82865713e-03  2.05503780e-01 -3.64414845e-03 
 3.20626932e+01  4.61727654e-09 -1.36924853e-07  4.64536614e-09 -1.58116913e-07  4.37883197e-09 -2.59023374e-07  4.15576982e-09 -2.71604927e-07  9.35129293e-01  1.23949283e-03  6.95725592e-01 -1.83768846e-03  2.05621974e-01 -3.64553428e-03 
 3.20996280e+01  4.60760808e-09 -1.36554189e-07  4.63556659e-09 -1.57772956e-07  4.36741066e-09 -2.58846025e-07  4.14400581e-09 -2.71449334e-07  9.35230438e-01  1.23228851e-03  6.96072463e-01 -1.84674276e-03  2.05740558e-01 -3.64693390e-03 
 3.21366054e+01  4.59796848e-09 -1.36183527e-07  4.62579541e-09 -1.57429041e-07  4.35601098e-09 -2.58669132e-07  4.13226209e-09 -2.71294257e-07  9.35331900e-01  1.22507820e-03  6.96420470e-01 -1.85582015e-03  2.05859534e-01 -3.64834735e-03 
 3.21736253e+01  4.58835768e-09 -1.35812864e-07  4.61605256e-09 -1.57085167e-07  4.34463285e-09 -2.58492696e-07  4.12053858e-09 -2.71139694e-07  9.35433680e-01  1.21786185e-03  6.96769617e-01 -1.86492075e-03  2.05978904e-01 -3.64977469e-03 
 3.22106879e+01  4.57877566e-09 -1.35442200e-07  4.60633802e-09 -1.56741332e-07  4.33327622e-09 -2.58316719e-07  4.10883520e-09 -2.70985647e-07  9.35535780e-01  1.21063942e-03  6.97119909e-01 -1.87404471e-03  2.06098669e-01 -3.65121596e-03 
 3.22477932e+01  4.56922239e-09 -1.35071534e-07  4.59665173e-09 -1.56397536e-07  4.32194100e-09 -2.58141199e-07  4.09715188e-09 -2.70832117e-07  9.35638200e-01  1.20341085e-03  6.97471350e-01 -1.88319214e-03  2.06218831e-01 -3.65267123e-03 
 3.22849412e+01  4.55969783e-09 -1.34700863e-07  4.58699368e-09 -1.56053777e-07  4.31062712e-09 -2.57966138e-07  4.08548853e-09 -2.70679103e-07  9.35740943e-01  1.19617608e-03  6.97823946e-01 -1.89236319e-03  2.06339392e-01 -3.65414054e-03 
 3.23221320e+01  4.55020195e-09 -1.34330187e-07  4.57736382e-09 -1.55710053e-07  4.29933452e-09 -2.57791536e-07  4.07384507e-09 -2.70526607e-07  9.35844009e-01  1.18893507e-03  6.98177701e-01 -1.90155797e-03  2.06460352e-01 -3.65562395e-03 
 3.23593657e+01  4.54073472e-09 -1.33959505e-07  4.56776212e-09 -1.55366364e-07  4.28806311e-09 -2.57617393e-07  4.06222144e-09 -2.70374629e-07  9.35947399e-01  1.18168777e-03  6.98532620e-01 -1.91077662e-03  2.06581714e-01 -3.65712150e-03 
 3.23966422e+01  4.53129610e-09 -1.33588814e-07  4.55818854e-09 -1.55022707e-07  4.27681284e-09 -2.57443710e-07  4.05061754e-09 -2.70223169e-07  9.36051115e-01  1.17443412e-03  6.98888708e-01 -1.92001928e-03  2.06703480e-01 -3.65863326e-03 
 3.24339617e+01  4.52188607e-09 -1.33218113e-07  4.54864305e-09 -1.54679083e-07  4.26558362e-09 -2.57270486e-07  4.03903330e-09 -2.70072229e-07  9.36155158e-01  1.16717408e-03  6.99245969e-01 -1.92928607e-03  2.06825651e-01 -3.66015927e-03 
 3.24713242e+01  4.51250459e-09 -1.32847402e-07  4.53912562e-09 -1.54335489e-07  4.25437539e-09 -2.57097723e-07  4.02746864e-09 -2.69921808e-07  9.36259530e-01  1.15990758e-03  6.99604409e-01 -1.93857714e-03  2.06948229e-01 -3.66169960e-03 
 3.25087297e+01  4.50315163e-09 -1.32476678e-07  4.52963621e-09 -1.53991924e-07  4.24318807e-09 -2.56925420e-07  4.01592348e-09 -2.69771908e-07  9.36364231e-01  1.15263457e-03  6.99964032e-01 -1.94789261e-03  2.07071215e-01 -3.66325429e-03 
 3.25461783e+01  4.49382716e-09 -1.32105940e-07  4.52017479e-09 -1.53648387e-07  4.23202159e-09 -2.56753578e-07  4.00439775e-09 -2.69622529e-07  9.36469264e-01  1.14535501e-03  7.00324843e-01 -1.95723263e-03  2.07194611e-01 -3.66482339e-03 
 3.25836701e+01  4.48453115e-09 -1.31735187e-07  4.51074133e-09 -1.53304877e-07  4.22087589e-09 -2.56582198e-07  3.99289136e-09 -2.69473672e-07  9.36574629e-01  1.13806884e-03  7.00686847e-01 -1.96659732e-03  2.07318420e-01 -3.66640698e-03 
 3.26212050e+01  4.47526356e-09 -1.31364418e-07  4.50133579e-09 -1.52961392e-07  4.20975088e-09 -2.56411279e-07  3.98140424e-09 -2.69325337e-07  9.36680327e-01  1.13077600e-03  7.01050049e-01 -1.97598684e-03  2.07442642e-01 -3.66800509e-03 
 3.26587832e+01  4.46602438e-09 -1.30993630e-07  4.49195814e-09 -1.52617931e-07  4.19864650e-09 -2.56240823e-07  3.96993630e-09 -2.69177525e-07  9.36786361e-01  1.12347645e-03  7.01414455e-01 -1.98540131e-03  2.07567280e-01 -3.66961779e-03 
 3.26964047e+01  4.45681357e-09 -1.30622823e-07  4.48260835e-09 -1.52274492e-07  4.18756267e-09 -2.56070829e-07  3.95848747e-09 -2.69030237e-07  9.36892730e-01  1.11617012e-03  7.01780068e-01 -1.99484088e-03  2.07692334e-01 -3.67124513e-03 
 3.27340695e+01  4.44763109e-09 -1.30251995e-07  4.47328639e-09 -1.51931074e-07  4.17649933e-09 -2.55901298e-07  3.94705767e-09 -2.68883473e-07  9.36999438e-01  1.10885696e-03  7.02146895e-01 -2.00430568e-03  2.07817808e-01 -3.67288717e-03 
 3.27717777e+01  4.43847693e-09 -1.29881144e-07  4.46399222e-09 -1.51587677e-07  4.16545641e-09 -2.55732230e-07  3.93564682e-09 -2.68737233e-07  9.37106485e-01  1.10153692e-03  7.02514940e-01 -2.01379586e-03  2.07943702e-01 -3.67454397e-03 
 3.28095293e+01  4.42935105e-09 -1.29510270e-07  4.45472582e-09 -1.51244297e-07  4.15443382e-09 -2.55563626e-07  3.92425483e-09 -2.68591520e-07  9.37213872e-01  1.09420994e-03  7.02884208e-01 -2.02331157e-03  2.08070019e-01 -3.67621558e-03 
 3.28473244e+01  4.42025342e-09 -1.29139370e-07  4.44548715e-09 -1.50900935e-07  4.14343150e-09 -2.55395486e-07  3.91288164e-09 -2.68446332e-07  9.37321600e-01  1.08687597e-03  7.03254705e-01 -2.03285294e-03  2.08196760e-01 -3.67790206e-03 
 3.28851631e+01  4.41118401e-09 -1.28768443e-07  4.43627618e-09 -1.50557589e-07  4.13244938e-09 -2.55227811e-07  3.90152716e-09 -2.68301672e-07  9.37429672e-01  1.07953494e-03  7.03626435e-01 -2.04242011e-03  2.08323927e-01 -3.67960347e-03 
 3.29230453e+01  4.40214280e-09 -1.28397488e-07  4.42709288e-09 -1.50214257e-07  4.12148739e-09 -2.55060601e-07  3.89019132e-09 -2.68157539e-07  9.37538089e-01  1.07218681e-03  7.03999405e-01 -2.05201324e-03  2.08451522e-01 -3.68131987e-03 
 3.29609712e+01  4.39312976e-09 -1.28026504e-07  4.41793723e-09 -1.49870938e-07  4.11054545e-09 -2.54893856e-07  3.87887403e-09 -2.68013934e-07  9.37646851e-01  1.06483152e-03  7.04373618e-01 -2.06163247e-03  2.08579547e-01 -3.68305132e-03 
 3.29989408e+01  4.38414486e-09 -1.27655488e-07  4.40880918e-09 -1.49527631e-07  4.09962350e-09 -2.54727577e-07  3.86757521e-09 -2.67870858e-07  9.37755961e-01  1.05746901e-03  7.04749080e-01 -2.07127795e-03  2.08708003e-01 -3.68479788e-03 
 3.30369541e+01  4.37518808e-09 -1.27284439e-07  4.39970872e-09 -1.49184334e-07  4.08872145e-09 -2.54561764e-07  3.85629478e-09 -2.67728312e-07  9.37865419e-01  1.05009922e-03  7.05125798e-01 -2.08094982e-03  2.08836893e-01 -3.68655960e-03 
 3.30750112e+01  4.36625938e-09 -1.26913356e-07  4.39063581e-09 -1.48841046e-07  4.07783925e-09 -2.54396418e-07  3.84503268e-09 -2.67586296e-07  9.37975227e-01  1.04272210e-03  7.05503774e-01 -2.09064823e-03  2.08966217e-01 -3.68833655e-03 
 3.31131121e+01  4.35735874e-09 -1.26542238e-07  4.38159042e-09 -1.48497766e-07  4.06697682e-09 -2.54231539e-07  3.83378881e-09 -2.67444811e-07  9.38085387e-01  1.03533758e-03  7.05883017e-01 -2.10037334e-03  2.09095979e-01 -3.69012879e-03 
 3.31512570e+01  4.34848614e-09 -1.26171082e-07  4.37257253e-09 -1.48154491e-07  4.05613408e-09 -2.54067127e-07  3.82256309e-09 -2.67303858e-07  9.38195900e-01  1.02794562e-03  7.06263529e-01 -2.11012529e-03  2.09226180e-01 -3.69193638e-03 
 3.31894458e+01  4.33964155e-09 -1.25799888e-07  4.36358210e-09 -1.47811221e-07  4.04531097e-09 -2.53903184e-07  3.81135545e-09 -2.67163437e-07  9.38306768e-01  1.02054615e-03  7.06645318e-01 -2.11990424e-03  2.09356821e-01 -3.69375938e-03 
 3.32276785e+01  4.33082494e-09 -1.25428653e-07  4.35461911e-09 -1.47467955e-07  4.03450742e-09 -2.53739709e-07  3.80016581e-09 -2.67023549e-07  9.38417991e-01  1.01313910e-03  7.07028388e-01 -2.12971034e-03  2.09487905e-01 -3.69559785e-03 
 3.32659553e+01  4.32203629e-09 -1.25057376e-07  4.34568353e-09 -1.47124690e-07  4.02372335e-09 -2.53576703e-07  3.78899409e-09 -2.66884196e-07  9.38529571e-01  1.00572444e-03  7.07412744e-01 -2.13954373e-03  2.09619434e-01 -3.69745185e-03 
 3.33042762e+01  4.31327557e-09 -1.24686056e-07  4.33677533e-09 -1.46781426e-07  4.01295868e-09 -2.53414166e-07  3.77784020e-09 -2.66745376e-07  9.38641510e-01  9.98302082e-04  7.07798393e-01 -2.14940459e-03  2.09751409e-01 -3.69932145e-03 
 3.33426413e+01  4.30454276e-09 -1.24314692e-07  4.32789449e-09 -1.46438160e-07  4.00221336e-09 -2.53252099e-07  3.76670407e-09 -2.66607093e-07  9.38753809e-01  9.90871982e-04  7.08185340e-01 -2.15929306e-03  2.09883832e-01 -3.70120671e-03 
 3.33810505e+01  4.29583783e-09 -1.23943280e-07  4.31904097e-09 -1.46094892e-07  3.99148731e-09 -2.53090502e-07  3.75558563e-09 -2.66469345e-07  9.38866470e-01  9.83434076e-04  7.08573590e-01 -2.16920930e-03  2.10016706e-01 -3.70310770e-03 
 3.34195040e+01  4.28716076e-09 -1.23571821e-07  4.31021475e-09 -1.45751621e-07  3.98078045e-09 -2.52929377e-07  3.74448477e-09 -2.66332134e-07  9.38979495e-01  9.75988302e-04  7.08963148e-01 -2.17915347e-03  2.10150032e-01 -3.70502448e-03 
 3.34580018e+01  4.27851153e-09 -1.23200313e-07  4.30141581e-09 -1.45408344e-07  3.97009272e-09 -2.52768722e-07  3.73340144e-09 -2.66195461e-07  9.39092883e-01  9.68534602e-04  7.09354021e-01 -2.18912573e-03  2.10283812e-01 -3.70695710e-03 
 3.34965439e+01  4.26989012e-09 -1.22828753e-07  4.29264412e-09 -1.45065060e-07  3.95942405e-09 -2.52608539e-07  3.72233555e-09 -2.66059326e-07  9.39206638e-01  9.61072913e-04  7.09746215e-01 -2.19912623e-03  2.10418048e-01 -3.70890565e-03 
 3.35351304e+01  4.26129649e-09 -1.22457141e-07  4.28389965e-09 -1.44721768e-07  3.94877435e-09 -2.52448829e-07  3.71128701e-09 -2.65923730e-07  9.39320760e-01  9.53603173e-04  7.10139733e-01 -2.20915515e-03  2.10552742e-01 -3.71087018e-03 
 3.35737614e+01  4.25273063e-09 -1.22085474e-07  4.27518238e-09 -1.44378466e-07  3.93814356e-09 -2.52289591e-07  3.70025575e-09 -2.65788674e-07  9.39435252e-01  9.46125321e-04  7.10534584e-01 -2.21921263e-03  2.10687897e-01 -3.71285076e-03 
 3.36124369e+01  4.24419251e-09 -1.21713752e-07  4.26649227e-09 -1.44035153e-07  3.92753162e-09 -2.52130826e-07  3.68924169e-09 -2.65654159e-07  9.39550114e-01  9.38639295e-04  7.10930771e-01 -2.22929885e-03  2.10823513e-01 -3.71484745e-03 
 3.36511569e+01  4.23568212e-09 -1.21341972e-07  4.25782932e-09 -1.43691827e-07  3.91693844e-09 -2.51972535e-07  3.67824475e-09 -2.65520185e-07  9.39665349e-01  9.31145031e-04  7.11328302e-01 -2.23941396e-03  2.10959594e-01 -3.71686032e-03 
 3.36899216e+01  4.22719942e-09 -1.20970133e-07  4.24919348e-09 -1.43348487e-07  3.90636396e-09 -2.51814718e-07  3.66726484e-09 -2.65386754e-07  9.39780957e-01  9.23642467e-04  7.11727181e-01 -2.24955814e-03  2.11096140e-01 -3.71888944e-03 
 3.37287309e+01  4.21874441e-09 -1.20598234e-07  4.24058475e-09 -1.43005132e-07  3.89580810e-09 -2.51657376e-07  3.65630189e-09 -2.65253866e-07  9.39896940e-01  9.16131540e-04  7.12127414e-01 -2.25973155e-03  2.11233155e-01 -3.72093488e-03 
 3.37675849e+01  4.21031705e-09 -1.20226272e-07  4.23200308e-09 -1.42661759e-07  3.88527079e-09 -2.51500510e-07  3.64535582e-09 -2.65121521e-07  9.40013300e-01  9.08612185e-04  7.12529008e-01 -2.26993436e-03  2.11370640e-01 -3.72299671e-03 
 3.38064836e+01  4.20191734e-09 -1.19854247e-07  4.22344847e-09 -1.42318368e-07  3.87475196e-09 -2.51344119e-07  3.63442654e-09 -2.64989722e-07  9.40130038e-01  9.01084339e-04  7.12931968e-01 -2.28016673e-03  2.11508597e-01 -3.72507499e-03 
 3.38454272e+01  4.19354523e-09 -1.19482156e-07  4.21492089e-09 -1.41974957e-07  3.86425154e-09 -2.51188204e-07  3.62351397e-09 -2.64858467e-07  9.40247157e-01  8.93547937e-04  7.13336300e-01 -2.29042884e-03  2.11647028e-01 -3.72716979e-03 
 3.38844156e+01  4.18520073e-09 -1.19109998e-07  4.20642030e-09 -1.41631523e-07  3.85376946e-09 -2.51032767e-07  3.61261804e-09 -2.64727760e-07  9.40364657e-01  8.86002915e-04  7.13742010e-01 -2.30072086e-03  2.11785936e-01 -3.72928118e-03 
 3.39234490e+01  4.17688380e-09 -1.18737771e-07  4.19794670e-09 -1.41288067e-07  3.84330564e-09 -2.50877806e-07  3.60173865e-09 -2.64597599e-07  9.40482540e-01  8.78449206e-04  7.14149104e-01 -2.31104296e-03  2.11925322e-01 -3.73140923e-03 
 3.39625273e+01  4.16859443e-09 -1.18365474e-07  4.18950006e-09 -1.40944586e-07  3.83286002e-09 -2.50723324e-07  3.59087574e-09 -2.64467987e-07  9.40600807e-01  8.70886745e-04  7.14557588e-01 -2.32139531e-03  2.12065189e-01 -3.73355402e-03 
 3.40016506e+01  4.16033260e-09 -1.17993105e-07  4.18108035e-09 -1.40601079e-07  3.82243251e-09 -2.50569320e-07  3.58002923e-09 -2.64338923e-07  9.40719461e-01  8.63315467e-04  7.14967469e-01 -2.33177809e-03  2.12205538e-01 -3.73571561e-03 
 3.40408190e+01  4.15209828e-09 -1.17620663e-07  4.17268755e-09 -1.40257544e-07  3.81202306e-09 -2.50415795e-07  3.56919901e-09 -2.64210409e-07  9.40838503e-01  8.55735304e-04  7.15378751e-01 -2.34219147e-03  2.12346372e-01 -3.73789407e-03 
 3.40800325e+01  4.14389147e-09 -1.17248145e-07  4.16432165e-09 -1.39913979e-07  3.80163158e-09 -2.50262750e-07  3.55838503e-09 -2.64082446e-07  9.40957934e-01  8.48146191e-04  7.15791442e-01 -2.35263563e-03  2.12487693e-01 -3.74008948e-03 
 3.41192912e+01  4.13571214e-09 -1.16875550e-07  4.15598262e-09 -1.39570384e-07  3.79125801e-09 -2.50110185e-07  3.54758719e-09 -2.63955034e-07  9.41077756e-01  8.40548059e-04  7.16205547e-01 -2.36311075e-03  2.12629503e-01 -3.74230192e-03 
 3.41585951e+01  4.12756028e-09 -1.16502876e-07  4.14767045e-09 -1.39226756e-07  3.78090227e-09 -2.49958100e-07  3.53680542e-09 -2.63828174e-07  9.41197971e-01  8.32940841e-04  7.16621073e-01 -2.37361701e-03  2.12771804e-01 -3.74453144e-03 
 3.41979443e+01  4.11943586e-09 -1.16130122e-07  4.13938510e-09 -1.38883094e-07  3.77056430e-09 -2.49806497e-07  3.52603963e-09 -2.63701868e-07  9.41318581e-01  8.25324470e-04  7.17038026e-01 -2.38415458e-03  2.12914598e-01 -3.74677813e-03 
 3.42373388e+01  4.11133888e-09 -1.15757286e-07  4.13112656e-09 -1.38539397e-07  3.76024401e-09 -2.49655376e-07  3.51528974e-09 -2.63576116e-07  9.41439587e-01  8.17698876e-04  7.17456411e-01 -2.39472366e-03  2.13057888e-01 -3.74904206e-03 
 3.42767787e+01  4.10326931e-09 -1.15384366e-07  4.12289481e-09 -1.38195662e-07  3.74994134e-09 -2.49504737e-07  3.50455567e-09 -2.63450919e-07  9.41560990e-01  8.10063991e-04  7.17876237e-01 -2.40532442e-03  2.13201676e-01 -3.75132330e-03 
 3.43162640e+01  4.09522713e-09 -1.15011360e-07  4.11468983e-09 -1.37851888e-07  3.73965621e-09 -2.49354581e-07  3.49383734e-09 -2.63326278e-07  9.41682793e-01  8.02419746e-04  7.18297507e-01 -2.41595704e-03  2.13345963e-01 -3.75362193e-03 
 3.43557948e+01  4.08721234e-09 -1.14638268e-07  4.10651161e-09 -1.37508074e-07  3.72938856e-09 -2.49204909e-07  3.48313466e-09 -2.63202193e-07  9.41804996e-01  7.94766070e-04  7.18720230e-01 -2.42662172e-03  2.13490753e-01 -3.75593803e-03 
 3.43953711e+01  4.07922491e-09 -1.14265086e-07  4.09836011e-09 -1.37164219e-07  3.71913830e-09 -2.49055722e-07  3.47244755e-09 -2.63078667e-07  9.41927603e-01  7.87102895e-04  7.19144412e-01 -2.43731864e-03  2.13636047e-01 -3.75827167e-03 
 3.44349931e+01  4.07126484e-09 -1.13891814e-07  4.09023533e-09 -1.36820319e-07  3.70890538e-09 -2.48907019e-07  3.46177594e-09 -2.62955699e-07  9.42050614e-01  7.79430148e-04  7.19570058e-01 -2.44804798e-03  2.13781848e-01 -3.76062293e-03 
 3.44746607e+01  4.06333210e-09 -1.13518449e-07  4.08213725e-09 -1.36476374e-07  3.69868971e-09 -2.48758801e-07  3.45111973e-09 -2.62833291e-07  9.42174031e-01  7.71747760e-04  7.19997176e-01 -2.45880995e-03  2.13928157e-01 -3.76299188e-03 
 3.45143739e+01  4.05542668e-09 -1.13144990e-07  4.07406584e-09 -1.36132383e-07  3.68849122e-09 -2.48611070e-07  3.44047885e-09 -2.62711443e-07  9.42297856e-01  7.64055658e-04  7.20425771e-01 -2.46960471e-03  2.14074978e-01 -3.76537861e-03 
 3.45541330e+01  4.04754856e-09 -1.12771436e-07  4.06602110e-09 -1.35788343e-07  3.67830984e-09 -2.48463825e-07  3.42985321e-09 -2.62590157e-07  9.42422091e-01  7.56353772e-04  7.20855851e-01 -2.48043248e-03  2.14222311e-01 -3.76778318e-03 
 3.45939378e+01  4.03969774e-09 -1.12397783e-07  4.05800300e-09 -1.35444253e-07  3.66814551e-09 -2.48317068e-07  3.41924273e-09 -2.62469433e-07  9.42546737e-01  7.48642029e-04  7.21287422e-01 -2.49129344e-03  2.14370161e-01 -3.77020569e-03 
 3.46337885e+01  4.03187420e-09 -1.12024031e-07  4.05001152e-09 -1.35100111e-07  3.65799813e-09 -2.48170798e-07  3.40864733e-09 -2.62349273e-07  9.42671796e-01  7.40920355e-04  7.21720491e-01 -2.50218779e-03  2.14518529e-01 -3.77264620e-03 
 3.46736850e+01  4.02407793e-09 -1.11650178e-07  4.04204665e-09 -1.34755915e-07  3.64786765e-09 -2.48025018e-07  3.39806692e-09 -2.62229677e-07  9.42797270e-01  7.33188679e-04  7.22155064e-01 -2.51311572e-03  2.14667417e-01 -3.77510481e-03 
 3.47136276e+01  4.01630891e-09 -1.11276222e-07  4.03410838e-09 -1.34411665e-07  3.63775399e-09 -2.47879726e-07  3.38750142e-09 -2.62110647e-07  9.42923161e-01  7.25446925e-04  7.22591148e-01 -2.52407744e-03  2.14816827e-01 -3.77758158e-03 
 3.47536161e+01  4.00856713e-09 -1.10902161e-07  4.02619669e-09 -1.34067358e-07  3.62765708e-09 -2.47734925e-07  3.37695075e-09 -2.61992183e-07  9.43049470e-01  7.17695022e-04  7.23028749e-01 -2.53507313e-03  2.14966763e-01 -3.78007661e-03 
 3.47936508e+01  4.00085258e-09 -1.10527994e-07  4.01831155e-09 -1.33722992e-07  3.61757684e-09 -2.47590614e-07  3.36641482e-09 -2.61874286e-07  9.43176200e-01  7.09932892e-04  7.23467876e-01 -2.54610300e-03  2.15117226e-01 -3.78258996e-03 
 3.48337315e+01  3.99316524e-09 -1.10153718e-07  4.01045297e-09 -1.33378566e-07  3.60751320e-09 -2.47446794e-07  3.35589355e-09 -2.61756958e-07  9.43303351e-01  7.02160463e-04  7.23908533e-01 -2.55716725e-03  2.15268219e-01 -3.78512173e-03 
 3.48738584e+01  3.98550511e-09 -1.09779332e-07  4.00262092e-09 -1.33034079e-07  3.59746609e-09 -2.47303466e-07  3.34538686e-09 -2.61640199e-07  9.43430926e-01  6.94377658e-04  7.24350729e-01 -2.56826609e-03  2.15419743e-01 -3.78767200e-03 
 3.49140315e+01  3.97787218e-09 -1.09404834e-07  3.99481538e-09 -1.32689528e-07  3.58743544e-09 -2.47160631e-07  3.33489466e-09 -2.61524011e-07  9.43558927e-01  6.86584401e-04  7.24794469e-01 -2.57939971e-03  2.15571803e-01 -3.79024085e-03 
 3.49542510e+01  3.97026643e-09 -1.09030221e-07  3.98703635e-09 -1.32344911e-07  3.57742116e-09 -2.47018289e-07  3.32441687e-09 -2.61408394e-07  9.43687355e-01  6.78780616e-04  7.25239762e-01 -2.59056833e-03  2.15724399e-01 -3.79282837e-03 
 3.49945167e+01  3.96268786e-09 -1.08655493e-07  3.97928381e-09 -1.32000228e-07  3.56742320e-09 -2.46876441e-07  3.31395341e-09 -2.61293350e-07  9.43816213e-01  6.70966226e-04  7.25686613e-01 -2.60177215e-03  2.15877535e-01 -3.79543463e-03 
 3.50348288e+01  3.95513645e-09 -1.08280648e-07  3.97155775e-09 -1.31655476e-07  3.55744147e-09 -2.46735087e-07  3.30350418e-09 -2.61178879e-07  9.43945501e-01  6.63141154e-04  7.26135031e-01 -2.61301137e-03  2.16031212e-01 -3.79805973e-03 
 3.50751874e+01  3.94761220e-09 -1.07905683e-07  3.96385815e-09 -1.31310654e-07  3.54747591e-09 -2.46594229e-07  3.29306911e-09 -2.61064982e-07  9.44075223e-01  6.55305322e-04  7.26585021e-01 -2.62428622e-03  2.16185434e-01 -3.80070375e-03 
 3.51155925e+01  3.94011509e-09 -1.07530596e-07  3.95618500e-09 -1.30965759e-07  3.53752643e-09 -2.46453867e-07  3.28264810e-09 -2.60951662e-07  9.44205379e-01  6.47458652e-04  7.27036592e-01 -2.63559690e-03  2.16340203e-01 -3.80336678e-03 
 3.51560441e+01  3.93264512e-09 -1.07155387e-07  3.94853829e-09 -1.30620791e-07  3.52759297e-09 -2.46314002e-07  3.27224109e-09 -2.60838918e-07  9.44335973e-01  6.39601064e-04  7.27489750e-01 -2.64694362e-03  2.16495520e-01 -3.80604890e-03 
 3.51965423e+01  3.92520228e-09 -1.06780052e-07  3.94091801e-09 -1.30275747e-07  3.51767545e-09 -2.46174635e-07  3.26184797e-09 -2.60726752e-07  9.44467005e-01  6.31732480e-04  7.27944502e-01 -2.65832661e-03  2.16651390e-01 -3.80875021e-03 
 3.52370871e+01  3.91778656e-09 -1.06404590e-07  3.93332415e-09 -1.29930625e-07  3.50777380e-09 -2.46035765e-07  3.25146867e-09 -2.60615164e-07  9.44598477e-01  6.23852819e-04  7.28400856e-01 -2.66974606e-03  2.16807814e-01 -3.81147078e-03 
 3.52776787e+01  3.91039795e-09 -1.06028999e-07  3.92575669e-09 -1.29585425e-07  3.49788794e-09 -2.45897395e-07  3.24110310e-09 -2.60504157e-07  9.44730392e-01  6.15962002e-04  7.28858819e-01 -2.68120221e-03  2.16964794e-01 -3.81421071e-03 
 3.53183170e+01  3.90303646e-09 -1.05653277e-07  3.91821562e-09 -1.29240143e-07  3.48801780e-09 -2.45759524e-07  3.23075117e-09 -2.60393731e-07  9.44862751e-01  6.08059947e-04  7.29318398e-01 -2.69269528e-03  2.17122334e-01 -3.81697010e-03 
 3.53590021e+01  3.89570206e-09 -1.05277423e-07  3.91070094e-09 -1.28894779e-07  3.47816331e-09 -2.45622153e-07  3.22041281e-09 -2.60283887e-07  9.44995557e-01  6.00146573e-04  7.29779601e-01 -2.70422547e-03  2.17280436e-01 -3.81974902e-03 
 3.53997341e+01  3.88839476e-09 -1.04901434e-07  3.90321263e-09 -1.28549330e-07  3.46832439e-09 -2.45485284e-07  3.21008791e-09 -2.60174626e-07  9.45128811e-01  5.92221799e-04  7.30242434e-01 -2.71579302e-03  2.17439103e-01 -3.82254757e-03 
 3.54405130e+01  3.88111455e-09 -1.04525308e-07  3.89575069e-09 -1.28203794e-07  3.45850097e-09 -2.45348917e-07  3.19977640e-09 -2.60065950e-07  9.45262515e-01  5.84285541e-04  7.30706906e-01 -2.72739815e-03  2.17598336e-01 -3.82536584e-03 
 3.54813389e+01  3.87386142e-09 -1.04149043e-07  3.88831510e-09 -1.27858171e-07  3.44869297e-09 -2.45213052e-07  3.18947819e-09 -2.59957859e-07  9.45396671e-01  5.76337717e-04  7.31173024e-01 -2.73904108e-03  2.17758139e-01 -3.82820393e-03 
 3.55222118e+01  3.86663537e-09 -1.03772638e-07  3.88090586e-09 -1.27512457e-07  3.43890033e-09 -2.45077691e-07  3.17919320e-09 -2.59850355e-07  9.45531282e-01  5.68378244e-04  7.31640796e-01 -2.75072205e-03  2.17918515e-01 -3.83106192e-03 
 3.55631319e+01  3.85943639e-09 -1.03396091e-07  3.87352296e-09 -1.27166652e-07  3.42912295e-09 -2.44942834e-07  3.16892133e-09 -2.59743439e-07  9.45666348e-01  5.60407037e-04  7.32110228e-01 -2.76244127e-03  2.18079465e-01 -3.83393991e-03 
 3.56040990e+01  3.85226448e-09 -1.03019398e-07  3.86616638e-09 -1.26820753e-07  3.41936078e-09 -2.44808482e-07  3.15866250e-09 -2.59637112e-07  9.45801873e-01  5.52424012e-04  7.32581329e-01 -2.77419899e-03  2.18240993e-01 -3.83683800e-03 
 3.56451133e+01  3.84511964e-09 -1.02642560e-07  3.85883613e-09 -1.26474758e-07  3.40961374e-09 -2.44674636e-07  3.14841663e-09 -2.59531376e-07  9.45937858e-01  5.44429085e-04  7.33054106e-01 -2.78599543e-03  2.18403102e-01 -3.83975628e-03 
 3.56861749e+01  3.83800187e-09 -1.02265572e-07  3.85153219e-09 -1.26128666e-07  3.39988174e-09 -2.44541297e-07  3.13818362e-09 -2.59426230e-07  9.46074305e-01  5.36422168e-04  7.33528567e-01 -2.79783082e-03  2.18565793e-01 -3.84269484e-03 
 3.57272838e+01  3.83091115e-09 -1.01888434e-07  3.84425456e-09 -1.25782475e-07  3.39016472e-09 -2.44408465e-07  3.12796340e-09 -2.59321678e-07  9.46211216e-01  5.28403176e-04  7.34004720e-01 -2.80970541e-03  2.18729070e-01 -3.84565378e-03 
 3.57684401e+01  3.82384749e-09 -1.01511144e-07  3.83700323e-09 -1.25436183e-07  3.38046260e-09 -2.44276141e-07  3.11775586e-09 -2.59217719e-07  9.46348594e-01  5.20372023e-04  7.34482572e-01 -2.82161943e-03  2.18892936e-01 -3.84863321e-03 
 3.58096437e+01  3.81681088e-09 -1.01133699e-07  3.82977820e-09 -1.25089787e-07  3.37077531e-09 -2.44144327e-07  3.10756092e-09 -2.59114355e-07  9.46486440e-01  5.12328620e-04  7.34962132e-01 -2.83357311e-03  2.19057392e-01 -3.85163320e-03 
 3.58508948e+01  3.80980133e-09 -1.00756097e-07  3.82257946e-09 -1.24743286e-07  3.36110277e-09 -2.44013022e-07  3.09737851e-09 -2.59011587e-07  9.46624756e-01  5.04272881e-04  7.35443406e-01 -2.84556671e-03  2.19222443e-01 -3.85465388e-03 
 3.58921935e+01  3.80281884e-09 -1.00378337e-07  3.81540700e-09 -1.24396679e-07  3.35144490e-09 -2.43882228e-07  3.08720851e-09 -2.58909417e-07  9.46763545e-01  4.96204717e-04  7.35926404e-01 -2.85760045e-03  2.19388090e-01 -3.85769533e-03 
 3.59335397e+01  3.79586339e-09 -1.00000415e-07  3.80826082e-09 -1.24049963e-07  3.34180164e-09 -2.43751946e-07  3.07705086e-09 -2.58807846e-07  9.46902809e-01  4.88124038e-04  7.36411133e-01 -2.86967459e-03  2.19554336e-01 -3.86075765e-03 
 3.59749335e+01  3.78893500e-09 -9.96223313e-08  3.80114092e-09 -1.23703136e-07  3.33217289e-09 -2.43622176e-07  3.06690546e-09 -2.58706874e-07  9.47042549e-01  4.80030755e-04  7.36897602e-01 -2.88178937e-03  2.19721185e-01 -3.86384094e-03 
 3.60163750e+01  3.78203366e-09 -9.92440823e-08  3.79404729e-09 -1.23356197e-07  3.32255860e-09 -2.43492919e-07  3.05677222e-09 -2.58606504e-07  9.47182768e-01  4.71924777e-04  7.37385817e-01 -2.89394504e-03  2.19888639e-01 -3.86694531e-03 
 3.60578643e+01  3.77515937e-09 -9.88656663e-08  3.78697992e-09 -1.23009143e-07  3.31295868e-09 -2.43364176e-07  3.04665105e-09 -2.58506736e-07  9.47323468e-01  4.63806015e-04  7.37875788e-01 -2.90614184e-03  2.20056701e-01 -3.87007086e-03 
 3.60994014e+01  3.76831213e-09 -9.84870811e-08  3.77993882e-09 -1.22661972e-07  3.30337306e-09 -2.43235949e-07  3.03654186e-09 -2.58407572e-07  9.47464651e-01  4.55674376e-04  7.38367523e-01 -2.91838004e-03  2.20225374e-01 -3.87321769e-03 
 3.61409863e+01  3.76149196e-09 -9.81083247e-08  3.77292399e-09 -1.22314683e-07  3.29380165e-09 -2.43108237e-07  3.02644456e-09 -2.58309013e-07  9.47606319e-01  4.47529769e-04  7.38861030e-01 -2.93065988e-03  2.20394660e-01 -3.87638591e-03 
 3.61826191e+01  3.75469884e-09 -9.77293950e-08  3.76593541e-09 -1.21967273e-07  3.28424439e-09 -2.42981042e-07  3.01635907e-09 -2.58211060e-07  9.47748475e-01  4.39372101e-04  7.39356316e-01 -2.94298161e-03  2.20564563e-01 -3.87957561e-03 
 3.62242998e+01  3.74793277e-09 -9.73502897e-08  3.75897309e-09 -1.21619741e-07  3.27470120e-09 -2.42854364e-07  3.00628529e-09 -2.58113715e-07  9.47891120e-01  4.31201278e-04  7.39853391e-01 -2.95534550e-03  2.20735085e-01 -3.88278691e-03 
 3.62660286e+01  3.74119378e-09 -9.69710067e-08  3.75203703e-09 -1.21272085e-07  3.26517201e-09 -2.42728205e-07  2.99622314e-09 -2.58016979e-07  9.48034257e-01  4.23017207e-04  7.40352263e-01 -2.96775181e-03  2.20906230e-01 -3.88601991e-03 
 3.63078055e+01  3.73448185e-09 -9.65915440e-08  3.74512722e-09 -1.20924302e-07  3.25565672e-09 -2.42602566e-07  2.98617251e-09 -2.57920854e-07  9.48177889e-01  4.14819794e-04  7.40852940e-01 -2.98020079e-03  2.21077999e-01 -3.88927472e-03 
 3.63496305e+01  3.72779699e-09 -9.62118993e-08  3.73824367e-09 -1.20576390e-07  3.24615528e-09 -2.42477447e-07  2.97613333e-09 -2.57825340e-07  9.48322016e-01  4.06608942e-04  7.41355431e-01 -2.99269270e-03  2.21250398e-01 -3.89255144e-03 
 3.63915036e+01  3.72113920e-09 -9.58320704e-08  3.73138637e-09 -1.20228348e-07  3.23666759e-09 -2.42352849e-07  2.96610550e-09 -2.57730439e-07  9.48466642e-01  3.98384557e-04  7.41859744e-01 -3.00522781e-03  2.21423427e-01 -3.89585019e-03 
 3.64334250e+01  3.71450849e-09 -9.54520551e-08  3.72455533e-09 -1.19880173e-07  3.22719359e-09 -2.42228774e-07  2.95608893e-09 -2.57636152e-07  9.48611769e-01  3.90146542e-04  7.42365887e-01 -3.01780640e-03  2.21597091e-01 -3.89917106e-03 
 3.64753947e+01  3.70790487e-09 -9.50718513e-08  3.71775054e-09 -1.19531864e-07  3.21773319e-09 -2.42105221e-07  2.94608352e-09 -2.57542481e-07  9.48757399e-01  3.81894800e-04  7.42873871e-01 -3.03042872e-03  2.21771392e-01 -3.90251418e-03 
 3.65174127e+01  3.70132834e-09 -9.46914567e-08  3.71097201e-09 -1.19183418e-07  3.20828633e-09 -2.41982193e-07  2.93608919e-09 -2.57449428e-07  9.48903534e-01  3.73629234e-04  7.43383702e-01 -3.04309504e-03  2.21946333e-01 -3.90587965e-03 
 3.65594792e+01  3.69477891e-09 -9.43108691e-08  3.70421974e-09 -1.18834834e-07  3.19885292e-09 -2.41859690e-07  2.92610584e-09 -2.57356992e-07  9.49050176e-01  3.65349744e-04  7.43895391e-01 -3.05580565e-03  2.22121918e-01 -3.90926759e-03 
 3.66015941e+01  3.68825658e-09 -9.39300863e-08  3.69749373e-09 -1.18486108e-07  3.18943288e-09 -2.41737713e-07  2.91613339e-09 -2.57265177e-07  9.49197329e-01  3.57056232e-04  7.44408945e-01 -3.06856081e-03  2.22298149e-01 -3.91267811e-03 
 3.66437575e+01  3.68176136e-09 -9.35491060e-08  3.69079398e-09 -1.18137240e-07  3.18002613e-09 -2.41616262e-07  2.90617173e-09 -2.57173983e-07  9.49344994e-01  3.48748598e-04  7.44924374e-01 -3.08136080e-03  2.22475029e-01 -3.91611131e-03 
 3.66859694e+01  3.67529326e-09 -9.31679259e-08  3.68412050e-09 -1.17788227e-07  3.17063261e-09 -2.41495340e-07  2.89622078e-09 -2.57083412e-07  9.49493173e-01  3.40426742e-04  7.45441686e-01 -3.09420590e-03  2.22652563e-01 -3.91956732e-03 
 3.67282300e+01  3.66885228e-09 -9.27865438e-08  3.67747329e-09 -1.17439066e-07  3.16125222e-09 -2.41374947e-07  2.88628044e-09 -2.56993465e-07  9.49641869e-01  3.32090563e-04  7.45960891e-01 -3.10709638e-03  2.22830752e-01 -3.92304625e-03 
 3.67705393e+01  3.66243844e-09 -9.24049574e-08  3.67085235e-09 -1.17089756e-07  3.15188490e-09 -2.41255083e-07  2.87635062e-09 -2.56904143e-07  9.49791084e-01  3.23739958e-04  7.46481998e-01 -3.12003255e-03  2.23009600e-01 -3.92654822e-03 
 3.68128974e+01  3.65605175e-09 -9.20231644e-08  3.66425770e-09 -1.16740295e-07  3.14253056e-09 -2.41135751e-07  2.86643123e-09 -2.56815449e-07  9.49940821e-01  3.15374826e-04  7.47005015e-01 -3.13301467e-03  2.23189110e-01 -3.93007334e-03 
 3.68553042e+01  3.64969221e-09 -9.16411625e-08  3.65768932e-09 -1.16390681e-07  3.13318912e-09 -2.41016950e-07  2.85652217e-09 -2.56727383e-07  9.50091082e-01  3.06995063e-04  7.47529951e-01 -3.14604303e-03  2.23369285e-01 -3.93362173e-03 
 3.68977599e+01  3.64335984e-09 -9.12589494e-08  3.65114723e-09 -1.16040910e-07  3.12386051e-09 -2.40898683e-07  2.84662334e-09 -2.56639948e-07  9.50241870e-01  2.98600566e-04  7.48056817e-01 -3.15911793e-03  2.23550129e-01 -3.93719351e-03 
 3.69402644e+01  3.63705464e-09 -9.08765227e-08  3.64463144e-09 -1.15690982e-07  3.11454464e-09 -2.40780949e-07  2.83673465e-09 -2.56553143e-07  9.50393186e-01  2.90191229e-04  7.48585621e-01 -3.17223966e-03  2.23731644e-01 -3.94078880e-03 
 3.69828180e+01  3.63077663e-09 -9.04938801e-08  3.63814195e-09 -1.15340894e-07  3.10524145e-09 -2.40663751e-07  2.82685602e-09 -2.56466972e-07  9.50545033e-01  2.81766948e-04  7.49116372e-01 -3.18540850e-03  2.23913835e-01 -3.94440772e-03 
 3.70254205e+01  3.62452582e-09 -9.01110192e-08  3.63167877e-09 -1.14990644e-07  3.09595083e-09 -2.40547088e-07  2.81698733e-09 -2.56381436e-07  9.50697415e-01  2.73327617e-04  7.49649080e-01 -3.19862476e-03  2.24096703e-01 -3.94805038e-03 
 3.70680722e+01  3.61830222e-09 -8.97279377e-08  3.62524190e-09 -1.14640229e-07  3.08667273e-09 -2.40430963e-07  2.80712850e-09 -2.56296535e-07  9.50850332e-01  2.64873128e-04  7.50183754e-01 -3.21188874e-03  2.24280254e-01 -3.95171693e-03 
 3.71107729e+01  3.61210585e-09 -8.93446332e-08  3.61883136e-09 -1.14289647e-07  3.07740705e-09 -2.40315376e-07  2.79727944e-09 -2.56212272e-07  9.51003788e-01  2.56403374e-04  7.50720404e-01 -3.22520073e-03  2.24464489e-01 -3.95540746e-03 
 3.71535229e+01  3.60593671e-09 -8.89611032e-08  3.61244715e-09 -1.13938897e-07  3.06815372e-09 -2.40200328e-07  2.78744003e-09 -2.56128649e-07  9.51157785e-01  2.47918247e-04  7.51259039e-01 -3.23856104e-03  2.24649412e-01 -3.95912212e-03 
 3.71963221e+01  3.59979482e-09 -8.85773454e-08  3.60608927e-09 -1.13587975e-07  3.05891266e-09 -2.40085821e-07  2.77761020e-09 -2.56045666e-07  9.51312326e-01  2.39417638e-04  7.51799669e-01 -3.25196997e-03  2.24835027e-01 -3.96286102e-03 
 3.72391706e+01  3.59368021e-09 -8.81933573e-08  3.59975775e-09 -1.13236880e-07  3.04968379e-09 -2.39971855e-07  2.76778983e-09 -2.55963325e-07  9.51467413e-01  2.30901437e-04  7.52342304e-01 -3.26542783e-03  2.25021337e-01 -3.96662430e-03 
 3.72820685e+01  3.58759287e-09 -8.78091366e-08  3.59345259e-09 -1.12885610e-07  3.04046702e-09 -2.39858431e-07  2.75797884e-09 -2.55881628e-07  9.51623049e-01  2.22369534e-04  7.52886953e-01 -3.27893493e-03  2.25208345e-01 -3.97041207e-03 
 3.73250158e+01  3.58153283e-09 -8.74246807e-08  3.58717379e-09 -1.12534162e-07  3.03126228e-09 -2.39745551e-07  2.74817712e-09 -2.55800577e-07  9.51779236e-01  2.13821816e-04  7.53433626e-01 -3.29249159e-03  2.25396055e-01 -3.97422447e-03 
 3.73680125e+01  3.57550010e-09 -8.70399873e-08  3.58092138e-09 -1.12182533e-07  3.02206948e-09 -2.39633216e-07  2.73838459e-09 -2.55720173e-07  9.51935977e-01  2.05258173e-04  7.53982333e-01 -3.30609811e-03  2.25584470e-01 -3.97806162e-03 
 3.74110588e+01  3.56949470e-09 -8.66550537e-08  3.57469536e-09 -1.11830722e-07  3.01288854e-09 -2.39521427e-07  2.72860113e-09 -2.55640417e-07  9.52093274e-01  1.96678491e-04  7.54533084e-01 -3.31975482e-03  2.25773593e-01 -3.98192366e-03 
 3.74541547e+01  3.56351665e-09 -8.62698776e-08  3.56849575e-09 -1.11478726e-07  3.00371939e-09 -2.39410185e-07  2.71882665e-09 -2.55561312e-07  9.52251130e-01  1.88082657e-04  7.55085889e-01 -3.33346202e-03  2.25963429e-01 -3.98581071e-03 
 3.74973002e+01  3.55756597e-09 -8.58844564e-08  3.56232255e-09 -1.11126543e-07  2.99456193e-09 -2.39299490e-07  2.70906106e-09 -2.55482859e-07  9.52409548e-01  1.79470555e-04  7.55640757e-01 -3.34722006e-03  2.26153980e-01 -3.98972292e-03 
 3.75404954e+01  3.55164267e-09 -8.54987876e-08  3.55617578e-09 -1.10774170e-07  2.98541609e-09 -2.39189346e-07  2.69930425e-09 -2.55405060e-07  9.52568530e-01  1.70842072e-04  7.56197699e-01 -3.36102924e-03  2.26345251e-01 -3.99366040e-03 
 3.75837404e+01  3.54574677e-09 -8.51128687e-08  3.55005545e-09 -1.10421606e-07  2.97628179e-09 -2.39079751e-07  2.68955613e-09 -2.55327916e-07  9.52728080e-01  1.62197089e-04  7.56756726e-01 -3.37488991e-03  2.26537244e-01 -3.99762330e-03 
 3.76270352e+01  3.53987829e-09 -8.47266972e-08  3.54396158e-09 -1.10068847e-07  2.96715894e-09 -2.38970709e-07  2.67981659e-09 -2.55251429e-07  9.52888198e-01  1.53535492e-04  7.57317847e-01 -3.38880237e-03  2.26729964e-01 -4.00161175e-03 
 3.76703799e+01  3.53403726e-09 -8.43402704e-08  3.53789419e-09 -1.09715892e-07  2.95804746e-09 -2.38862219e-07  2.67008553e-09 -2.55175601e-07  9.53048890e-01  1.44857161e-04  7.57881072e-01 -3.40276698e-03  2.26923413e-01 -4.00562589e-03 
 3.77137745e+01  3.52822369e-09 -8.39535858e-08  3.53185328e-09 -1.09362738e-07  2.94894727e-09 -2.38754283e-07  2.66036285e-09 -2.55100433e-07  9.53210156e-01  1.36161978e-04  7.58446413e-01 -3.41678406e-03  2.27117596e-01 -4.00966585e-03 
 3.77572191e+01  3.52243760e-09 -8.35666409e-08  3.52583887e-09 -1.09009382e-07  2.93985828e-09 -2.38646902e-07  2.65064846e-09 -2.55025927e-07  9.53372000e-01  1.27449824e-04  7.59013878e-01 -3.43085395e-03  2.27312516e-01 -4.01373178e-03 
 3.78007137e+01  3.51667903e-09 -8.31794330e-08  3.51985098e-09 -1.08655823e-07  2.93078042e-09 -2.38540078e-07  2.64094224e-09 -2.54952086e-07  9.53534424e-01  1.18720578e-04  7.59583480e-01 -3.44497700e-03  2.27508177e-01 -4.01782380e-03 
 3.78442585e+01  3.51094798e-09 -8.27919594e-08  3.51388963e-09 -1.08302057e-07  2.92171359e-09 -2.38433811e-07  2.63124411e-09 -2.54878910e-07  9.53697431e-01  1.09974119e-04  7.60155228e-01 -3.45915353e-03  2.27704582e-01 -4.02194207e-03 
 3.78878534e+01  3.50524448e-09 -8.24042177e-08  3.50795484e-09 -1.07948083e-07  2.91265771e-09 -2.38328104e-07  2.62155394e-09 -2.54806401e-07  9.53861025e-01  1.01210325e-04  7.60729134e-01 -3.47338391e-03  2.27901736e-01 -4.02608672e-03 
 3.79314985e+01  3.49956856e-09 -8.20162050e-08  3.50204661e-09 -1.07593897e-07  2.90361270e-09 -2.38222956e-07  2.61187166e-09 -2.54734562e-07  9.54025207e-01  9.24290734e-05  7.61305207e-01 -3.48766847e-03  2.28099642e-01 -4.03025790e-03 
 3.79751939e+01  3.49392024e-09 -8.16279188e-08  3.49616498e-09 -1.07239498e-07  2.89457848e-09 -2.38118370e-07  2.60219714e-09 -2.54663393e-07  9.54189981e-01  8.36302397e-05  7.61883459e-01 -3.50200757e-03  2.28298303e-01 -4.03445575e-03 
 3.80189396e+01  3.48829955e-09 -8.12393564e-08  3.49030995e-09 -1.06884883e-07  2.88555496e-09 -2.38014346e-07  2.59253029e-09 -2.54592898e-07  9.54355349e-01  7.48136993e-05  7.62463900e-01 -3.51640156e-03  2.28497724e-01 -4.03868041e-03 
 3.80627358e+01  3.48270651e-09 -8.08505151e-08  3.48448155e-09 -1.06530049e-07  2.87654205e-09 -2.37910887e-07  2.58287100e-09 -2.54523077e-07  9.54521315e-01  6.59793267e-05  7.63046542e-01 -3.53085079e-03  2.28697908e-01 -4.04293204e-03 
 3.81065823e+01  3.47714115e-09 -8.04613922e-08  3.47867981e-09 -1.06174994e-07  2.86753967e-09 -2.37807992e-07  2.57321917e-09 -2.54453932e-07  9.54687880e-01  5.71269952e-05  7.63631395e-01 -3.54535564e-03  2.28898860e-01 -4.04721077e-03 
 3.81504794e+01  3.47160349e-09 -8.00719849e-08  3.47290473e-09 -1.05819715e-07  2.85854774e-09 -2.37705664e-07  2.56357469e-09 -2.54385466e-07  9.54855049e-01  4.82565773e-05  7.64218470e-01 -3.55991645e-03  2.29100582e-01 -4.05151676e-03 
 3.81944271e+01  3.46609356e-09 -7.96822906e-08  3.46715634e-09 -1.05464211e-07  2.84956616e-09 -2.37603904e-07  2.55393746e-09 -2.54317680e-07  9.55022823e-01  3.93679446e-05  7.64807779e-01 -3.57453360e-03  2.29303080e-01 -4.05585016e-03 
 3.82384254e+01  3.46061140e-09 -7.92923064e-08  3.46143467e-09 -1.05108477e-07  2.84059486e-09 -2.37502713e-07  2.54430737e-09 -2.54250577e-07  9.55191206e-01  3.04609676e-05  7.65399333e-01 -3.58920745e-03  2.29506356e-01 -4.06021111e-03 
 3.82824743e+01  3.45515702e-09 -7.89020297e-08  3.45573974e-09 -1.04752512e-07  2.83163375e-09 -2.37402092e-07  2.53468432e-09 -2.54184157e-07  9.55360201e-01  2.15355162e-05  7.65993143e-01 -3.60393837e-03  2.29710415e-01 -4.06459977e-03 
 3.83265740e+01  3.44973047e-09 -7.85114575e-08  3.45007157e-09 -1.04396313e-07  2.82268273e-09 -2.37302043e-07  2.52506820e-09 -2.54118423e-07  9.55529811e-01  1.25914589e-05  7.66589220e-01 -3.61872674e-03  2.29915261e-01 -4.06901630e-03 
 3.83707245e+01  3.44433177e-09 -7.81205872e-08  3.44443018e-09 -1.04039878e-07  2.81374172e-09 -2.37202567e-07  2.51545890e-09 -2.54053377e-07  9.55700038e-01  3.62866352e-06  7.67187575e-01 -3.63357293e-03  2.30120898e-01 -4.07346084e-03 
 3.84149259e+01  3.43896094e-09 -7.77294158e-08  3.43881560e-09 -1.03683203e-07  2.80481065e-09 -2.37103666e-07  2.50585632e-09 -2.53989020e-07  9.55870886e-01 -5.35300319e-06  7.67788221e-01 -3.64847732e-03  2.30327329e-01 -4.07793356e-03 
 3.84591782e+01  3.43361803e-09 -7.73379406e-08  3.43322785e-09 -1.03326287e-07  2.79588940e-09 -2.37005341e-07  2.49626034e-09 -2.53925355e-07  9.56042358e-01 -1.43536755e-05  7.68391169e-01 -3.66344030e-03  2.30534559e-01 -4.08243460e-03 
 3.85034815e+01  3.42830306e-09 -7.69461588e-08  3.42766696e-09 -1.02969126e-07  2.78697791e-09 -2.36907592e-07  2.48667086e-09 -2.53862384e-07  9.56214456e-01 -2.33734885e-05  7.68996431e-01 -3.67846225e-03  2.30742592e-01 -4.08696414e-03 
 3.85478358e+01  3.42301607e-09 -7.65540673e-08  3.42213296e-09 -1.02611718e-07  2.77807608e-09 -2.36810423e-07  2.47708778e-09 -2.53800109e-07  9.56387184e-01 -3.24125785e-05  7.69604017e-01 -3.69354357e-03  2.30951433e-01 -4.09152231e-03 
 3.85922412e+01  3.41775710e-09 -7.61616634e-08  3.41662588e-09 -1.02254060e-07  2.76918383e-09 -2.36713833e-07  2.46751097e-09 -2.53738531e-07  9.56560544e-01 -4.14710828e-05  7.70213941e-01 -3.70868463e-03  2.31161084e-01 -4.09610930e-03 
 3.86366977e+01  3.41252617e-09 -7.57689442e-08  3.41114573e-09 -1.01896150e-07  2.76030106e-09 -2.36617825e-07  2.45794034e-09 -2.53677653e-07  9.56734541e-01 -5.05491396e-05  7.70826214e-01 -3.72388584e-03  2.31371551e-01 -4.10072526e-03 
 3.86812055e+01  3.40732331e-09 -7.53759067e-08  3.40569256e-09 -1.01537984e-07  2.75142768e-09 -2.36522399e-07  2.44837576e-09 -2.53617476e-07  9.56909177e-01 -5.96468882e-05  7.71440847e-01 -3.73914760e-03  2.31582837e-01 -4.10537035e-03 
 3.87257645e+01  3.40214858e-09 -7.49825480e-08  3.40026638e-09 -1.01179561e-07  2.74256361e-09 -2.36427558e-07  2.43881713e-09 -2.53558004e-07  9.57084454e-01 -6.87644690e-05  7.72057854e-01 -3.75447031e-03  2.31794946e-01 -4.11004474e-03 
 3.87703749e+01  3.39700200e-09 -7.45888651e-08  3.39486723e-09 -1.00820876e-07  2.73370876e-09 -2.36333303e-07  2.42926435e-09 -2.53499237e-07  9.57260377e-01 -7.79020233e-05  7.72677245e-01 -3.76985437e-03  2.32007884e-01 -4.11474859e-03 
 3.88150366e+01  3.39188361e-09 -7.41948551e-08  3.38949515e-09 -1.00461929e-07  2.72486303e-09 -2.36239634e-07  2.41971729e-09 -2.53441178e-07  9.57436949e-01 -8.70596936e-05  7.73299034e-01 -3.78530019e-03  2.32221654e-01 -4.11948207e-03 
 3.88597498e+01  3.38679345e-09 -7.38005150e-08  3.38415015e-09 -1.00102715e-07  2.71602634e-09 -2.36146555e-07  2.41017584e-09 -2.53383828e-07  9.57614172e-01 -9.62376236e-05  7.73923232e-01 -3.80080818e-03  2.32436261e-01 -4.12424536e-03 
 3.89045145e+01  3.38173156e-09 -7.34058418e-08  3.37883227e-09 -9.97432318e-08  2.70719859e-09 -2.36054065e-07  2.40063989e-09 -2.53327191e-07  9.57792049e-01 -1.05435958e-04  7.74549853e-01 -3.81637877e-03  2.32651708e-01 -4.12903861e-03 
 3.89493308e+01  3.37669797e-09 -7.30108324e-08  3.37354155e-09 -9.93834769e-08  2.69837970e-09 -2.35962168e-07  2.39110933e-09 -2.53271269e-07  9.57970585e-01 -1.14654842e-04  7.75178907e-01 -3.83201236e-03  2.32868000e-01 -4.13386200e-03 
 3.89941987e+01  3.37169273e-09 -7.26154838e-08  3.36827802e-09 -9.90234474e-08  2.68956957e-09 -2.35870863e-07  2.38158405e-09 -2.53216062e-07  9.58149783e-01 -1.23894422e-04  7.75810409e-01 -3.84770937e-03  2.33085142e-01 -4.13871571e-03 
 3.90391183e+01  3.36671588e-09 -7.22197930e-08  3.36304171e-09 -9.86631403e-08  2.68076811e-09 -2.35780153e-07  2.37206393e-09 -2.53161574e-07  9.58329644e-01 -1.33154848e-04  7.76444370e-01 -3.86347025e-03  2.33303138e-01 -4.14359990e-03 
 3.90840896e+01  3.36176745e-09 -7.18237568e-08  3.35783266e-09 -9.83025528e-08  2.67197523e-09 -2.35690039e-07  2.36254884e-09 -2.53107807e-07  9.58510174e-01 -1.42436267e-04  7.77080804e-01 -3.87929540e-03  2.33521993e-01 -4.14851476e-03 
 3.91291127e+01  3.35684750e-09 -7.14273722e-08  3.35265090e-09 -9.79416821e-08  2.66319083e-09 -2.35600524e-07  2.35303869e-09 -2.53054762e-07  9.58691375e-01 -1.51738830e-04  7.77719722e-01 -3.89518528e-03  2.33741710e-01 -4.15346047e-03 
 3.91741877e+01  3.35195607e-09 -7.10306361e-08  3.34749646e-09 -9.75805251e-08  2.65441483e-09 -2.35511607e-07  2.34353335e-09 -2.53002443e-07  9.58873251e-01 -1.61062689e-04  7.78361138e-01 -3.91114030e-03  2.33962295e-01 -4.15843719e-03 
 3.92193146e+01  3.34709319e-09 -7.06335453e-08  3.34236939e-09 -9.72190790e-08  2.64564712e-09 -2.35423291e-07  2.33403271e-09 -2.52950851e-07  9.59055804e-01 -1.70407995e-04  7.79005066e-01 -3.92716091e-03  2.34183752e-01 -4.16344511e-03 
 3.92644935e+01  3.34225892e-09 -7.02360966e-08  3.33726973e-09 -9.68573409e-08  2.63688762e-09 -2.35335578e-07  2.32453664e-09 -2.52899989e-07  9.59239039e-01 -1.79774903e-04  7.79651517e-01 -3.94324756e-03  2.34406085e-01 -4.16848441e-03 
 3.93097245e+01  3.33745331e-09 -6.98382869e-08  3.33219750e-09 -9.64953078e-08  2.62813624e-09 -2.35248469e-07  2.31504503e-09 -2.52849858e-07  9.59422958e-01 -1.89163567e-04  7.80300505e-01 -3.95940069e-03  2.34629300e-01 -4.17355527e-03 
 3.93550075e+01  3.33267638e-09 -6.94401130e-08  3.32715276e-09 -9.61329767e-08  2.61939287e-09 -2.35161965e-07  2.30555777e-09 -2.52800461e-07  9.59607566e-01 -1.98574144e-04  7.80952044e-01 -3.97562075e-03  2.34853400e-01 -4.17865789e-03 
 3.94003428e+01  3.32792820e-09 -6.90415716e-08  3.32213553e-09 -9.57703447e-08  2.61065742e-09 -2.35076069e-07  2.29607472e-09 -2.52751801e-07  9.59792865e-01 -2.08006791e-04  7.81606146e-01 -3.99190820e-03  2.35078391e-01 -4.18379244e-03 
 3.94457302e+01  3.32320882e-09 -6.86426596e-08  3.31714586e-09 -9.54074087e-08  2.60192980e-09 -2.34990782e-07  2.28659578e-09 -2.52703880e-07  9.59978859e-01 -2.17461666e-04  7.82262826e-01 -4.00826349e-03  2.35304276e-01 -4.18895911e-03 
 3.94911699e+01  3.31851827e-09 -6.82433737e-08  3.31218380e-09 -9.50441656e-08  2.59320991e-09 -2.34906106e-07  2.27712083e-09 -2.52656700e-07  9.60165552e-01 -2.26938929e-04  7.82922096e-01 -4.02468709e-03  2.35531062e-01 -4.19415809e-03 
 3.95366620e+01  3.31385662e-09 -6.78437106e-08  3.30724938e-09 -9.46806126e-08  2.58449765e-09 -2.34822041e-07  2.26764973e-09 -2.52610263e-07  9.60352947e-01 -2.36438741e-04  7.83583970e-01 -4.04117946e-03  2.35758752e-01 -4.19938958e-03 
 3.95822065e+01  3.30922390e-09 -6.74436670e-08  3.30234264e-09 -9.43167464e-08  2.57579294e-09 -2.34738591e-07  2.25818238e-09 -2.52564571e-07  9.60541047e-01 -2.45961264e-04  7.84248462e-01 -4.05774107e-03  2.35987352e-01 -4.20465376e-03 
 3.96278034e+01  3.30462019e-09 -6.70432396e-08  3.29746363e-09 -9.39525640e-08  2.56709566e-09 -2.34655756e-07  2.24871864e-09 -2.52519628e-07  9.60729857e-01 -2.55506662e-04  7.84915586e-01 -4.07437240e-03  2.36216866e-01 -4.20995083e-03 
 3.96734529e+01  3.30004551e-09 -6.66424251e-08  3.29261240e-09 -9.35880623e-08  2.55840573e-09 -2.34573539e-07  2.23925839e-09 -2.52475436e-07  9.60919380e-01 -2.65075100e-04  7.85585355e-01 -4.09107393e-03  2.36447298e-01 -4.21528098e-03 
 3.97191549e+01  3.29549994e-09 -6.62412201e-08  3.28778899e-09 -9.32232382e-08  2.54972305e-09 -2.34491941e-07  2.22980152e-09 -2.52431996e-07  9.61109619e-01 -2.74666743e-04  7.86257784e-01 -4.10784613e-03  2.36678655e-01 -4.22064441e-03 
 3.97649096e+01  3.29098351e-09 -6.58396212e-08  3.28299344e-09 -9.28580885e-08  2.54104751e-09 -2.34410963e-07  2.22034790e-09 -2.52389313e-07  9.61300578e-01 -2.84281759e-04  7.86932887e-01 -4.12468949e-03  2.36910941e-01 -4.22604133e-03 
 3.98107171e+01  3.28649630e-09 -6.54376250e-08  3.27822581e-09 -9.24926101e-08  2.53237903e-09 -2.34330608e-07  2.21089740e-09 -2.52347386e-07  9.61492261e-01 -2.93920317e-04  7.87610677e-01 -4.14160450e-03  2.37144161e-01 -4.23147192e-03 
 3.98565772e+01  3.28203835e-09 -6.50352282e-08  3.27348614e-09 -9.21267998e-08  2.52371749e-09 -2.34250878e-07  2.20144989e-09 -2.52306221e-07  9.61684671e-01 -3.03582587e-04  7.88291169e-01 -4.15859166e-03  2.37378320e-01 -4.23693640e-03 
 3.99024902e+01  3.27760972e-09 -6.46324272e-08  3.26877447e-09 -9.17606543e-08  2.51506280e-09 -2.34171773e-07  2.19200525e-09 -2.52265818e-07  9.61877812e-01 -3.13268739e-04  7.88974378e-01 -4.17565146e-03  2.37613422e-01 -4.24243496e-03 
 3.99484561e+01  3.27321046e-09 -6.42292186e-08  3.26409086e-09 -9.13941705e-08  2.50641487e-09 -2.34093296e-07  2.18256336e-09 -2.52226181e-07  9.62071688e-01 -3.22978948e-04  7.89660318e-01 -4.19278441e-03  2.37849474e-01 -4.24796782e-03 
 3.99944750e+01  3.26884065e-09 -6.38255989e-08  3.25943536e-09 -9.10273452e-08  2.49777358e-09 -2.34015449e-07  2.17312409e-09 -2.52187311e-07  9.62266303e-01 -3.32713386e-04  7.90349004e-01 -4.20999101e-03  2.38086479e-01 -4.25353518e-03 
 4.00405468e+01  3.26450033e-09 -6.34215647e-08  3.25480802e-09 -9.06601749e-08  2.48913884e-09 -2.33938234e-07  2.16368730e-09 -2.52149213e-07  9.62461661e-01 -3.42472230e-04  7.91040450e-01 -4.22727178e-03  2.38324444e-01 -4.25913724e-03 
 4.00866718e+01  3.26018956e-09 -6.30171123e-08  3.25020890e-09 -9.02926565e-08  2.48051055e-09 -2.33861652e-07  2.15425287e-09 -2.52111887e-07  9.62657765e-01 -3.52255656e-04  7.91734670e-01 -4.24462723e-03  2.38563373e-01 -4.26477423e-03 
 4.01328498e+01  3.25590842e-09 -6.26122382e-08  3.24563803e-09 -8.99247867e-08  2.47188860e-09 -2.33785705e-07  2.14482067e-09 -2.52075337e-07  9.62854618e-01 -3.62063843e-04  7.92431681e-01 -4.26205788e-03  2.38803272e-01 -4.27044635e-03 
 4.01790811e+01  3.25165695e-09 -6.22069389e-08  3.24109549e-09 -8.95565621e-08  2.46327290e-09 -2.33710395e-07  2.13539057e-09 -2.52039566e-07  9.63052226e-01 -3.71896971e-04  7.93131496e-01 -4.27956426e-03  2.39044146e-01 -4.27615381e-03 
 4.02253656e+01  3.24743523e-09 -6.18012108e-08  3.23658131e-09 -8.91879793e-08  2.45466334e-09 -2.33635724e-07  2.12596243e-09 -2.52004575e-07  9.63250592e-01 -3.81755220e-04  7.93834132e-01 -4.29714689e-03  2.39285999e-01 -4.28189684e-03 
 4.02717034e+01  3.24324331e-09 -6.13950501e-08  3.23209556e-09 -8.88190351e-08  2.44605981e-09 -2.33561694e-07  2.11653613e-09 -2.51970368e-07  9.63449720e-01 -3.91638773e-04  7.94539603e-01 -4.31480630e-03  2.39528839e-01 -4.28767565e-03 
 4.03180946e+01  3.23908127e-09 -6.09884534e-08  3.22763830e-09 -8.84497259e-08  2.43746221e-09 -2.33488307e-07  2.10711153e-09 -2.51936948e-07  9.63649613e-01 -4.01547814e-04  7.95247924e-01 -4.33254305e-03  2.39772669e-01 -4.29349046e-03 
 4.03645393e+01  3.23494917e-09 -6.05814168e-08  3.22320958e-09 -8.80800484e-08  2.42887044e-09 -2.33415564e-07  2.09768851e-09 -2.51904316e-07  9.63850276e-01 -4.11482530e-04  7.95959111e-01 -4.35035766e-03  2.40017495e-01 -4.29934150e-03 
 4.04110375e+01  3.23084708e-09 -6.01739368e-08  3.21880946e-09 -8.77099992e-08  2.42028440e-09 -2.33343468e-07  2.08826691e-09 -2.51872477e-07  9.64051713e-01 -4.21443107e-04  7.96673179e-01 -4.36825070e-03  2.40263323e-01 -4.30522898e-03 
 4.04575892e+01  3.22677506e-09 -5.97660096e-08  3.21443800e-09 -8.73395748e-08  2.41170396e-09 -2.33272021e-07  2.07884662e-09 -2.51841432e-07  9.64253928e-01 -4.31429733e-04  7.97390145e-01 -4.38622270e-03  2.40510159e-01 -4.31115314e-03 
 4.05041945e+01  3.22273318e-09 -5.93576314e-08  3.21009525e-09 -8.69687717e-08  2.40312904e-09 -2.33201224e-07  2.06942749e-09 -2.51811184e-07  9.64456925e-01 -4.41442599e-04  7.98110024e-01 -4.40427423e-03  2.40758006e-01 -4.31711419e-03 
 4.05508535e+01  3.21872152e-09 -5.89487985e-08  3.20578129e-09 -8.65975863e-08  2.39455953e-09 -2.33131080e-07  2.06000938e-09 -2.51781736e-07  9.64660708e-01 -4.51481897e-04  7.98832831e-01 -4.42240584e-03  2.41006873e-01 -4.32311238e-03 
 4.05975663e+01  3.21474014e-09 -5.85395071e-08  3.20149617e-09 -8.62260153e-08  2.38599531e-09 -2.33061590e-07  2.05059217e-09 -2.51753092e-07  9.64865280e-01 -4.61547820e-04  7.99558583e-01 -4.44061812e-03  2.41256763e-01 -4.32914793e-03 
 4.06443329e+01  3.21078912e-09 -5.81297534e-08  3.19723995e-09 -8.58540549e-08  2.37743628e-09 -2.32992757e-07  2.04117570e-09 -2.51725253e-07  9.65070648e-01 -4.71640563e-04  8.00287296e-01 -4.45891162e-03  2.41507682e-01 -4.33522108e-03 
 4.06911534e+01  3.20686854e-09 -5.77195336e-08  3.19301271e-09 -8.54817017e-08  2.36888232e-09 -2.32924583e-07  2.03175985e-09 -2.51698223e-07  9.65276813e-01 -4.81760321e-04  8.01018986e-01 -4.47728693e-03  2.41759637e-01 -4.34133205e-03 
 4.07380278e+01  3.20297846e-09 -5.73088437e-08  3.18881449e-09 -8.51089521e-08  2.36033334e-09 -2.32857069e-07  2.02234447e-09 -2.51672004e-07  9.65483782e-01 -4.91907294e-04  8.01753669e-01 -4.49574462e-03  2.42012632e-01 -4.34748110e-03 
 4.07849562e+01  3.19911896e-09 -5.68976798e-08  3.18464538e-09 -8.47358023e-08  2.35178922e-09 -2.32790218e-07  2.01292942e-09 -2.51646600e-07  9.65691557e-01 -5.02081681e-04  8.02491362e-01 -4.51428529e-03  2.42266674e-01 -4.35366846e-03 
 4.08319386e+01  3.19529012e-09 -5.64860382e-08  3.18050543e-09 -8.43622488e-08  2.34324986e-09 -2.32724032e-07  2.00351456e-09 -2.51622014e-07  9.65900143e-01 -5.12283684e-04  8.03232082e-01 -4.53290952e-03  2.42521769e-01 -4.35989437e-03 
 4.08789752e+01  3.19149201e-09 -5.60739148e-08  3.17639472e-09 -8.39882879e-08  2.33471513e-09 -2.32658513e-07  1.99409975e-09 -2.51598247e-07  9.66109545e-01 -5.22513505e-04  8.03975844e-01 -4.55161792e-03  2.42777921e-01 -4.36615907e-03 
 4.09260660e+01  3.18772472e-09 -5.56613056e-08  3.17231331e-09 -8.36139159e-08  2.32618493e-09 -2.32593663e-07  1.98468484e-09 -2.51575304e-07  9.66319767e-01 -5.32771349e-04  8.04722667e-01 -4.57041109e-03  2.43035138e-01 -4.37246282e-03 
 4.09732110e+01  3.18398833e-09 -5.52482066e-08  3.16826128e-09 -8.32391290e-08  2.31765915e-09 -2.32529484e-07  1.97526969e-09 -2.51553188e-07  9.66530813e-01 -5.43057422e-04  8.05472566e-01 -4.58928964e-03  2.43293426e-01 -4.37880585e-03 
 4.10204103e+01  3.18028291e-09 -5.48346139e-08  3.16423869e-09 -8.28639236e-08  2.30913767e-09 -2.32465979e-07  1.96585415e-09 -2.51531901e-07  9.66742687e-01 -5.53371933e-04  8.06225559e-01 -4.60825417e-03  2.43552789e-01 -4.38518843e-03 
 4.10676640e+01  3.17660855e-09 -5.44205233e-08  3.16024561e-09 -8.24882958e-08  2.30062038e-09 -2.32403149e-07  1.95643808e-09 -2.51511446e-07  9.66955395e-01 -5.63715092e-04  8.06981663e-01 -4.62730531e-03  2.43813234e-01 -4.39161080e-03 
 4.11149721e+01  3.17296533e-09 -5.40059309e-08  3.15628213e-09 -8.21122419e-08  2.29210718e-09 -2.32340997e-07  1.94702132e-09 -2.51491827e-07  9.67168940e-01 -5.74087110e-04  8.07740895e-01 -4.64644369e-03  2.44074767e-01 -4.39807321e-03 
 4.11623347e+01  3.16935334e-09 -5.35908324e-08  3.15234831e-09 -8.17357580e-08  2.28359793e-09 -2.32279526e-07  1.93760374e-09 -2.51473046e-07  9.67383327e-01 -5.84488200e-04  8.08503274e-01 -4.66566992e-03  2.44337395e-01 -4.40457594e-03 
 4.12097519e+01  3.16577266e-09 -5.31752238e-08  3.14844423e-09 -8.13588402e-08  2.27509253e-09 -2.32218736e-07  1.92818519e-09 -2.51455107e-07  9.67598560e-01 -5.94918578e-04  8.09268815e-01 -4.68498466e-03  2.44601123e-01 -4.41111922e-03 
 4.12572237e+01  3.16222338e-09 -5.27591008e-08  3.14456997e-09 -8.09814848e-08  2.26659086e-09 -2.32158631e-07  1.91876550e-09 -2.51438013e-07  9.67814645e-01 -6.05378461e-04  8.10037538e-01 -4.70438855e-03  2.44865958e-01 -4.41770334e-03 
 4.13047502e+01  3.15870558e-09 -5.23424594e-08  3.14072560e-09 -8.06036878e-08  2.25809281e-09 -2.32099213e-07  1.90934454e-09 -2.51421767e-07  9.68031585e-01 -6.15868067e-04  8.10809459e-01 -4.72388222e-03  2.45131905e-01 -4.42432855e-03 
 4.13523314e+01  3.15521937e-09 -5.19252952e-08  3.13691121e-09 -8.02254452e-08  2.24959826e-09 -2.32040484e-07  1.89992214e-09 -2.51406373e-07  9.68249385e-01 -6.26387618e-04  8.11584597e-01 -4.74346633e-03  2.45398972e-01 -4.43099511e-03 
 4.13999675e+01  3.15176482e-09 -5.15076041e-08  3.13312687e-09 -7.98467531e-08  2.24110708e-09 -2.31982446e-07  1.89049816e-09 -2.51391833e-07  9.68468051e-01 -6.36937335e-04  8.12362971e-01 -4.76314154e-03  2.45667164e-01 -4.43770330e-03 
 4.14476584e+01  3.14834203e-09 -5.10893817e-08  3.12937266e-09 -7.94676075e-08  2.23261917e-09 -2.31925102e-07  1.88107245e-09 -2.51378150e-07  9.68687586e-01 -6.47517443e-04  8.13144597e-01 -4.78290852e-03  2.45936488e-01 -4.44445339e-03 
 4.14954043e+01  3.14495109e-09 -5.06706238e-08  3.12564866e-09 -7.90880045e-08  2.22413440e-09 -2.31868454e-07  1.87164484e-09 -2.51365329e-07  9.68907995e-01 -6.58128169e-04  8.13929494e-01 -4.80276794e-03  2.46206951e-01 -4.45124564e-03 
 4.15432051e+01  3.14159210e-09 -5.02513259e-08  3.12195497e-09 -7.87079399e-08  2.21565265e-09 -2.31812505e-07  1.86221518e-09 -2.51353373e-07  9.69129283e-01 -6.68769741e-04  8.14717682e-01 -4.82272048e-03  2.46478558e-01 -4.45808035e-03 
 4.15910610e+01  3.13826515e-09 -4.98314838e-08  3.11829166e-09 -7.83274097e-08  2.20717380e-09 -2.31757256e-07  1.85278332e-09 -2.51342284e-07  9.69351455e-01 -6.79442389e-04  8.15509178e-01 -4.84276681e-03  2.46751316e-01 -4.46495778e-03 
 4.16389721e+01  3.13497035e-09 -4.94110930e-08  3.11465881e-09 -7.79464098e-08  2.19869774e-09 -2.31702711e-07  1.84334909e-09 -2.51332066e-07  9.69574516e-01 -6.90146345e-04  8.16304002e-01 -4.86290763e-03  2.47025233e-01 -4.47187822e-03 
 4.16869383e+01  3.13170778e-09 -4.89901491e-08  3.11105653e-09 -7.75649361e-08  2.19022433e-09 -2.31648872e-07  1.83391234e-09 -2.51322722e-07  9.69798471e-01 -7.00881844e-04  8.17102171e-01 -4.88314364e-03  2.47300314e-01 -4.47884195e-03 
 4.17349598e+01  3.12847754e-09 -4.85686477e-08  3.10748489e-09 -7.71829844e-08  2.18175345e-09 -2.31595740e-07  1.82447290e-09 -2.51314257e-07  9.70023324e-01 -7.11649121e-04  8.17903706e-01 -4.90347554e-03  2.47576566e-01 -4.48584926e-03 
 4.17830367e+01  3.12527975e-09 -4.81465843e-08  3.10394398e-09 -7.68005506e-08  2.17328499e-09 -2.31543320e-07  1.81503062e-09 -2.51306672e-07  9.70249080e-01 -7.22448415e-04  8.18708626e-01 -4.92390403e-03  2.47853996e-01 -4.49290043e-03 
 4.18311689e+01  3.12211450e-09 -4.77239543e-08  3.10043390e-09 -7.64176304e-08  2.16481881e-09 -2.31491612e-07  1.80558533e-09 -2.51299973e-07  9.70475745e-01 -7.33279966e-04  8.19516949e-01 -4.94442983e-03  2.48132610e-01 -4.49999576e-03 
 4.18793565e+01  3.11898189e-09 -4.73007531e-08  3.09695473e-09 -7.60342195e-08  2.15635479e-09 -2.31440620e-07  1.79613687e-09 -2.51294162e-07  9.70703323e-01 -7.44144017e-04  8.20328696e-01 -4.96505367e-03  2.48412417e-01 -4.50713555e-03 
 4.19275997e+01  3.11588203e-09 -4.68769763e-08  3.09350657e-09 -7.56503138e-08  2.14789281e-09 -2.31390346e-07  1.78668507e-09 -2.51289243e-07  9.70931820e-01 -7.55040812e-04  8.21143885e-01 -4.98577626e-03  2.48693421e-01 -4.51432008e-03 
 4.19758984e+01  3.11281503e-09 -4.64526191e-08  3.09008952e-09 -7.52659089e-08  2.13943274e-09 -2.31340793e-07  1.77722977e-09 -2.51285219e-07  9.71161240e-01 -7.65970597e-04  8.21962538e-01 -5.00659836e-03  2.48975631e-01 -4.52154965e-03 
 4.20242528e+01  3.10978099e-09 -4.60276770e-08  3.08670366e-09 -7.48810005e-08  2.13097444e-09 -2.31291964e-07  1.76777080e-09 -2.51282095e-07  9.71391588e-01 -7.76933622e-04  8.22784672e-01 -5.02752070e-03  2.49259054e-01 -4.52882458e-03 
 4.20726628e+01  3.10678002e-09 -4.56021452e-08  3.08334911e-09 -7.44955841e-08  2.12251780e-09 -2.31243860e-07  1.75830799e-09 -2.51279873e-07  9.71622871e-01 -7.87930137e-04  8.23610310e-01 -5.04854402e-03  2.49543695e-01 -4.53614517e-03 
 4.21211287e+01  3.10381224e-09 -4.51760190e-08  3.08002594e-09 -7.41096555e-08  2.11406268e-09 -2.31196485e-07  1.74884117e-09 -2.51278557e-07  9.71855092e-01 -7.98960395e-04  8.24439470e-01 -5.06966909e-03  2.49829563e-01 -4.54351171e-03 
 4.21696503e+01  3.10087775e-09 -4.47492937e-08  3.07673428e-09 -7.37232102e-08  2.10560895e-09 -2.31149841e-07  1.73937017e-09 -2.51278151e-07  9.72088258e-01 -8.10024652e-04  8.25272174e-01 -5.09089667e-03  2.50116665e-01 -4.55092453e-03 
 4.22182279e+01  3.09797667e-09 -4.43219645e-08  3.07347421e-09 -7.33362437e-08  2.09715649e-09 -2.31103931e-07  1.72989482e-09 -2.51278660e-07  9.72322373e-01 -8.21123166e-04  8.26108442e-01 -5.11222752e-03  2.50405007e-01 -4.55838394e-03 
 4.22668614e+01  3.09510912e-09 -4.38940266e-08  3.07024583e-09 -7.29487515e-08  2.08870515e-09 -2.31058757e-07  1.72041495e-09 -2.51280085e-07  9.72557443e-01 -8.32256196e-04  8.26948294e-01 -5.13366243e-03  2.50694598e-01 -4.56589025e-03 
 4.23155510e+01  3.09227521e-09 -4.34654751e-08  3.06704926e-09 -7.25607292e-08  2.08025481e-09 -2.31014323e-07  1.71093037e-09 -2.51282432e-07  9.72793474e-01 -8.43424004e-04  8.27791752e-01 -5.15520218e-03  2.50985444e-01 -4.57344378e-03 
 4.23642966e+01  3.08947506e-09 -4.30363051e-08  3.06388460e-09 -7.21721721e-08  2.07180533e-09 -2.30970630e-07  1.70144092e-09 -2.51285704e-07  9.73030469e-01 -8.54626855e-04  8.28638836e-01 -5.17684757e-03  2.51277553e-01 -4.58104486e-03 
 4.24130984e+01  3.08670879e-09 -4.26065117e-08  3.06075195e-09 -7.17830757e-08  2.06335658e-09 -2.30927683e-07  1.69194642e-09 -2.51289904e-07  9.73268436e-01 -8.65865015e-04  8.29489568e-01 -5.19859938e-03  2.51570932e-01 -4.58869381e-03 
 4.24619564e+01  3.08397652e-09 -4.21760899e-08  3.05765143e-09 -7.13934353e-08  2.05490843e-09 -2.30885483e-07  1.68244669e-09 -2.51295038e-07  9.73507379e-01 -8.77138754e-04  8.30343968e-01 -5.22045844e-03  2.51865588e-01 -4.59639096e-03 
 4.25108707e+01  3.08127837e-09 -4.17450348e-08  3.05458314e-09 -7.10032463e-08  2.04646073e-09 -2.30844033e-07  1.67294155e-09 -2.51301108e-07  9.73747305e-01 -8.88448344e-04  8.31202059e-01 -5.24242555e-03  2.52161530e-01 -4.60413663e-03 
 4.25598413e+01  3.07861447e-09 -4.13133413e-08  3.05154719e-09 -7.06125040e-08  2.03801334e-09 -2.30803337e-07  1.66343082e-09 -2.51308118e-07  9.73988217e-01 -8.99794058e-04  8.32063863e-01 -5.26450154e-03  2.52458764e-01 -4.61193117e-03 
 4.26088684e+01  3.07598494e-09 -4.08810044e-08  3.04854369e-09 -7.02212037e-08  2.02956614e-09 -2.30763396e-07  1.65391431e-09 -2.51316074e-07  9.74230123e-01 -9.11176172e-04  8.32929400e-01 -5.28668723e-03  2.52757299e-01 -4.61977491e-03 
 4.26579519e+01  3.07338992e-09 -4.04480188e-08  3.04557277e-09 -6.98293406e-08  2.02111899e-09 -2.30724215e-07  1.64439184e-09 -2.51324977e-07  9.74473028e-01 -9.22594967e-04  8.33798693e-01 -5.30898347e-03  2.53057142e-01 -4.62766820e-03 
 4.27070919e+01  3.07082952e-09 -4.00143796e-08  3.04263453e-09 -6.94369100e-08  2.01267173e-09 -2.30685795e-07  1.63486323e-09 -2.51334834e-07  9.74716938e-01 -9.34050722e-04  8.34671764e-01 -5.33139110e-03  2.53358301e-01 -4.63561137e-03 
 4.27562886e+01  3.06830389e-09 -3.95800815e-08  3.03972909e-09 -6.90439069e-08  2.00422423e-09 -2.30648140e-07  1.62532829e-09 -2.51345647e-07  9.74961857e-01 -9.45543723e-04  8.35548636e-01 -5.35391097e-03  2.53660784e-01 -4.64360477e-03 
 4.28055420e+01  3.06581315e-09 -3.91451193e-08  3.03685658e-09 -6.86503265e-08  1.99577635e-09 -2.30611253e-07  1.61578684e-09 -2.51357420e-07  9.75207793e-01 -9.57074255e-04  8.36429331e-01 -5.37654395e-03  2.53964599e-01 -4.65164876e-03 
 4.28548520e+01  3.06335744e-09 -3.87094877e-08  3.03401710e-09 -6.82561640e-08  1.98732795e-09 -2.30575136e-07  1.60623867e-09 -2.51370159e-07  9.75454750e-01 -9.68642608e-04  8.37313872e-01 -5.39929091e-03  2.54269753e-01 -4.65974369e-03 
 4.29042189e+01  3.06093689e-09 -3.82731814e-08  3.03121079e-09 -6.78614143e-08  1.97887887e-09 -2.30539793e-07  1.59668361e-09 -2.51383867e-07  9.75702735e-01 -9.80249074e-04  8.38202281e-01 -5.42215273e-03  2.54576255e-01 -4.66788990e-03 
 4.29536427e+01  3.05855165e-09 -3.78361952e-08  3.02843777e-09 -6.74660726e-08  1.97042898e-09 -2.30505227e-07  1.58712145e-09 -2.51398548e-07  9.75951754e-01 -9.91893946e-04  8.39094582e-01 -5.44513029e-03  2.54884113e-01 -4.67608778e-03 
 4.30031234e+01  3.05620185e-09 -3.73985235e-08  3.02569815e-09 -6.70701338e-08  1.96197813e-09 -2.30471441e-07  1.57755201e-09 -2.51414206e-07  9.76201812e-01 -1.00357752e-03  8.39990799e-01 -5.46822450e-03  2.55193335e-01 -4.68433767e-03 
 4.30526610e+01  3.05388763e-09 -3.69601611e-08  3.02299208e-09 -6.66735928e-08  1.95352617e-09 -2.30438438e-07  1.56797509e-09 -2.51430847e-07  9.76452916e-01 -1.01530010e-03  8.40890953e-01 -5.49143625e-03  2.55503928e-01 -4.69263995e-03 
 4.31022558e+01  3.05160914e-09 -3.65211024e-08  3.02031967e-09 -6.62764446e-08  1.94507296e-09 -2.30406220e-07  1.55839048e-09 -2.51448473e-07  9.76705071e-01 -1.02706199e-03  8.41795069e-01 -5.51476646e-03  2.55815903e-01 -4.70099499e-03 
 4.31519077e+01  3.04936652e-09 -3.60813419e-08  3.01768106e-09 -6.58786840e-08  1.93661834e-09 -2.30374792e-07  1.54879801e-09 -2.51467090e-07  9.76958285e-01 -1.03886349e-03  8.42703172e-01 -5.53821605e-03  2.56129266e-01 -4.70940316e-03 
 4.32016168e+01  3.04715991e-09 -3.56408742e-08  3.01507637e-09 -6.54803059e-08  1.92816216e-09 -2.30344156e-07  1.53919745e-09 -2.51486702e-07  9.77212562e-01 -1.05070490e-03  8.43615284e-01 -5.56178596e-03  2.56444026e-01 -4.71786483e-03 
 4.32513831e+01  3.04498947e-09 -3.51996936e-08  3.01250575e-09 -6.50813050e-08  1.91970427e-09 -2.30314315e-07  1.52958862e-09 -2.51507313e-07  9.77467909e-01 -1.06258655e-03  8.44531430e-01 -5.58547711e-03  2.56760192e-01 -4.72638040e-03 
 4.33012068e+01  3.04285535e-09 -3.47577945e-08  3.00996932e-09 -6.46816762e-08  1.91124452e-09 -2.30285273e-07  1.51997131e-09 -2.51528928e-07  9.77724332e-01 -1.07450874e-03  8.45451634e-01 -5.60929047e-03  2.57077772e-01 -4.73495024e-03 
 4.33510878e+01  3.04075770e-09 -3.43151712e-08  3.00746723e-09 -6.42814141e-08  1.90278276e-09 -2.30257033e-07  1.51034530e-09 -2.51551551e-07  9.77981838e-01 -1.08647180e-03  8.46375922e-01 -5.63322700e-03  2.57396775e-01 -4.74357475e-03 
 4.34010264e+01  3.03869667e-09 -3.38718180e-08  3.00499961e-09 -6.38805135e-08  1.89431882e-09 -2.30229599e-07  1.50071041e-09 -2.51575187e-07  9.78240433e-01 -1.09847603e-03  8.47304317e-01 -5.65728765e-03  2.57717210e-01 -4.75225432e-03 
 4.34510224e+01  3.03667243e-09 -3.34277293e-08  3.00256660e-09 -6.34789689e-08  1.88585256e-09 -2.30202973e-07  1.49106641e-09 -2.51599840e-07  9.78500123e-01 -1.11052177e-03  8.48236845e-01 -5.68147341e-03  2.58039085e-01 -4.76098934e-03 
 4.35010761e+01  3.03468512e-09 -3.29828991e-08  3.00016835e-09 -6.30767749e-08  1.87738381e-09 -2.30177158e-07  1.48141310e-09 -2.51625515e-07  9.78760915e-01 -1.12260933e-03  8.49173530e-01 -5.70578527e-03  2.58362409e-01 -4.76978021e-03 
 4.35511874e+01  3.03273490e-09 -3.25373216e-08  2.99780499e-09 -6.26739262e-08  1.86891242e-09 -2.30152159e-07  1.47175026e-09 -2.51652217e-07  9.79022816e-01 -1.13473906e-03  8.50114399e-01 -5.73022422e-03  2.58687191e-01 -4.77862735e-03 
 4.36013564e+01  3.03082195e-09 -3.20909910e-08  2.99547668e-09 -6.22704171e-08  1.86043823e-09 -2.30127979e-07  1.46207769e-09 -2.51679950e-07  9.79285831e-01 -1.14691127e-03  8.51059477e-01 -5.75479127e-03  2.59013440e-01 -4.78753115e-03 
 4.36515832e+01  3.02894642e-09 -3.16439013e-08  2.99318356e-09 -6.18662423e-08  1.85196107e-09 -2.30104620e-07  1.45239516e-09 -2.51708719e-07  9.79549967e-01 -1.15912631e-03  8.52008789e-01 -5.77948743e-03  2.59341166e-01 -4.79649203e-03 
 4.37018679e+01  3.02710849e-09 -3.11960466e-08  2.99092579e-09 -6.14613960e-08  1.84348079e-09 -2.30082087e-07  1.44270247e-09 -2.51738529e-07  9.79815232e-01 -1.17138451e-03  8.52962362e-01 -5.80431374e-03  2.59670376e-01 -4.80551040e-03 
 4.37522105e+01  3.02530831e-09 -3.07474207e-08  2.98870350e-09 -6.10558728e-08  1.83499721e-09 -2.30060383e-07  1.43299938e-09 -2.51769385e-07  9.80081631e-01 -1.18368621e-03  8.53920221e-01 -5.82927123e-03  2.60001081e-01 -4.81458669e-03 
 4.38026111e+01  3.02354606e-09 -3.02980178e-08  2.98651687e-09 -6.06496669e-08  1.82651018e-09 -2.30039512e-07  1.42328569e-09 -2.51801291e-07  9.80349172e-01 -1.19603176e-03  8.54882394e-01 -5.85436095e-03  2.60333289e-01 -4.82372132e-03 
 4.38530698e+01  3.02182192e-09 -2.98478315e-08  2.98436604e-09 -6.02427726e-08  1.81801953e-09 -2.30019477e-07  1.41356116e-09 -2.51834253e-07  9.80617861e-01 -1.20842150e-03  8.55848907e-01 -5.87958396e-03  2.60667011e-01 -4.83291472e-03 
 4.39035866e+01  3.02013605e-09 -2.93968558e-08  2.98225117e-09 -5.98351842e-08  1.80952509e-09 -2.30000281e-07  1.40382557e-09 -2.51868275e-07  9.80887705e-01 -1.22085579e-03  8.56819786e-01 -5.90494132e-03  2.61002255e-01 -4.84216732e-03 
 4.39541615e+01  3.01848863e-09 -2.89450845e-08  2.98017242e-09 -5.94268959e-08  1.80102669e-09 -2.29981928e-07  1.39407870e-09 -2.51903363e-07  9.81158712e-01 -1.23333498e-03  8.57795059e-01 -5.93043412e-03  2.61339031e-01 -4.85147956e-03 
 4.40047948e+01  3.01687985e-09 -2.84925113e-08  2.97812995e-09 -5.90179018e-08  1.79252416e-09 -2.29964423e-07  1.38432032e-09 -2.51939521e-07  9.81430887e-01 -1.24585943e-03  8.58774753e-01 -5.95606344e-03  2.61677348e-01 -4.86085188e-03 
 4.40554864e+01  3.01530988e-09 -2.80391299e-08  2.97612393e-09 -5.86081961e-08  1.78401733e-09 -2.29947767e-07  1.37455020e-09 -2.51976754e-07  9.81704238e-01 -1.25842950e-03  8.59758895e-01 -5.98183039e-03  2.62017217e-01 -4.87028472e-03 
 4.41062363e+01  3.01377892e-09 -2.75849339e-08  2.97415452e-09 -5.81977728e-08  1.77550603e-09 -2.29931966e-07  1.36476810e-09 -2.52015068e-07  9.81978773e-01 -1.27104555e-03  8.60747514e-01 -6.00773608e-03  2.62358646e-01 -4.87977854e-03 
 4.41570447e+01  3.01228713e-09 -2.71299169e-08  2.97222189e-09 -5.77866260e-08  1.76699008e-09 -2.29917023e-07  1.35497379e-09 -2.52054468e-07  9.82254498e-01 -1.28370795e-03  8.61740637e-01 -6.03378163e-03  2.62701646e-01 -4.88933378e-03 
 4.42079117e+01  3.01083472e-09 -2.66740724e-08  2.97032621e-09 -5.73747495e-08  1.75846931e-09 -2.29902942e-07  1.34516704e-09 -2.52094959e-07  9.82531421e-01 -1.29641708e-03  8.62738292e-01 -6.05996818e-03  2.63046227e-01 -4.89895092e-03 
 4.42588372e+01  3.00942187e-09 -2.62173940e-08  2.96846765e-09 -5.69621375e-08  1.74994353e-09 -2.29889726e-07  1.33534761e-09 -2.52136546e-07  9.82809548e-01 -1.30917330e-03  8.63740509e-01 -6.08629687e-03  2.63392398e-01 -4.90863041e-03 
 4.43098214e+01  3.00804878e-09 -2.57598751e-08  2.96664639e-09 -5.65487836e-08  1.74141258e-09 -2.29877380e-07  1.32551525e-09 -2.52179235e-07  9.83088888e-01 -1.32197701e-03  8.64747315e-01 -6.11276887e-03  2.63740170e-01 -4.91837272e-03 
 4.43608644e+01  3.00671564e-09 -2.53015090e-08  2.96486260e-09 -5.61346818e-08  1.73287626e-09 -2.29865907e-07  1.31566972e-09 -2.52223030e-07  9.83369447e-01 -1.33482857e-03  8.65758739e-01 -6.13938534e-03  2.64089553e-01 -4.92817832e-03 
 4.44119661e+01  3.00542265e-09 -2.48422891e-08  2.96311646e-09 -5.57198259e-08  1.72433441e-09 -2.29855311e-07  1.30581078e-09 -2.52267938e-07  9.83651233e-01 -1.34772837e-03  8.66774811e-01 -6.16614746e-03  2.64440557e-01 -4.93804770e-03 
 4.44631267e+01  3.00417000e-09 -2.43822087e-08  2.96140815e-09 -5.53042095e-08  1.71578683e-09 -2.29845596e-07  1.29593819e-09 -2.52313963e-07  9.83934253e-01 -1.36067681e-03  8.67795560e-01 -6.19305643e-03  2.64793193e-01 -4.94798133e-03 
 4.45143463e+01  3.00295791e-09 -2.39212610e-08  2.95973786e-09 -5.48878263e-08  1.70723334e-09 -2.29836766e-07  1.28605168e-09 -2.52361112e-07  9.84218516e-01 -1.37367428e-03  8.68821016e-01 -6.22011346e-03  2.65147470e-01 -4.95797970e-03 
 4.45656248e+01  3.00178658e-09 -2.34594392e-08  2.95810578e-09 -5.44706700e-08  1.69867375e-09 -2.29828826e-07  1.27615102e-09 -2.52409390e-07  9.84504028e-01 -1.38672118e-03  8.69851208e-01 -6.24731976e-03  2.65503399e-01 -4.96804330e-03 
 4.46169625e+01  3.00065622e-09 -2.29967363e-08  2.95651208e-09 -5.40527341e-08  1.69010788e-09 -2.29821778e-07  1.26623595e-09 -2.52458801e-07  9.84790797e-01 -1.39981790e-03  8.70886167e-01 -6.27467657e-03  2.65860991e-01 -4.97817264e-03 
 4.46683592e+01  2.99956703e-09 -2.25331455e-08  2.95495696e-09 -5.36340123e-08  1.68153553e-09 -2.29815628e-07  1.25630621e-09 -2.52509353e-07  9.85078832e-01 -1.41296485e-03  8.71925923e-01 -6.30218513e-03  2.66220257e-01 -4.98836821e-03 
 4.47198152e+01  2.99851923e-09 -2.20686597e-08  2.95344062e-09 -5.32144978e-08  1.67295652e-09 -2.29810379e-07  1.24636154e-09 -2.52561051e-07  9.85368139e-01 -1.42616245e-03  8.72970507e-01 -6.32984669e-03  2.66581207e-01 -4.99863053e-03 
 4.47713304e+01  2.99751303e-09 -2.16032718e-08  2.95196324e-09 -5.27941842e-08  1.66437065e-09 -2.29806035e-07  1.23640169e-09 -2.52613899e-07  9.85658728e-01 -1.43941111e-03  8.74019949e-01 -6.35766254e-03  2.66943852e-01 -5.00896010e-03 
 4.48229050e+01  2.99654866e-09 -2.11369749e-08  2.95052503e-09 -5.23730648e-08  1.65577773e-09 -2.29802601e-07  1.22642639e-09 -2.52667906e-07  9.85950605e-01 -1.45271123e-03  8.75074281e-01 -6.38563394e-03  2.67308203e-01 -5.01935744e-03 
 4.48745390e+01  2.99562633e-09 -2.06697617e-08  2.94912619e-09 -5.19511330e-08  1.64717756e-09 -2.29800081e-07  1.21643537e-09 -2.52723075e-07  9.86243779e-01 -1.46606326e-03  8.76133535e-01 -6.41376220e-03  2.67674272e-01 -5.02982308e-03 
 4.49262325e+01  2.99474627e-09 -2.02016249e-08  2.94776692e-09 -5.15283819e-08  1.63856994e-09 -2.29798480e-07  1.20642837e-09 -2.52779413e-07  9.86538257e-01 -1.47946760e-03  8.77197741e-01 -6.44204862e-03  2.68042068e-01 -5.04035754e-03 
 4.49779855e+01  2.99390871e-09 -1.97325573e-08  2.94644743e-09 -5.11048048e-08  1.62995468e-09 -2.29797800e-07  1.19640512e-09 -2.52836926e-07  9.86834049e-01 -1.49292469e-03  8.78266933e-01 -6.47049454e-03  2.68411605e-01 -5.05096136e-03 
 4.50297981e+01  2.99311386e-09 -1.92625515e-08  2.94516792e-09 -5.06803948e-08  1.62133156e-09 -2.29798048e-07  1.18636534e-09 -2.52895620e-07  9.87131162e-01 -1.50643497e-03  8.79341141e-01 -6.49910129e-03  2.68782892e-01 -5.06163508e-03 
 4.50816705e+01  2.99236198e-09 -1.87916002e-08  2.94392860e-09 -5.02551450e-08  1.61270040e-09 -2.29799227e-07  1.17630877e-09 -2.52955500e-07  9.87429605e-01 -1.51999887e-03  8.80420400e-01 -6.52787022e-03  2.69155941e-01 -5.07237924e-03 
 4.51336025e+01  2.99165329e-09 -1.83196958e-08  2.94272969e-09 -4.98290485e-08  1.60406098e-09 -2.29801342e-07  1.16623511e-09 -2.53016574e-07  9.87729385e-01 -1.53361683e-03  8.81504741e-01 -6.55680269e-03  2.69530764e-01 -5.08319440e-03 
 4.51855944e+01  2.99098803e-09 -1.78468309e-08  2.94157141e-09 -4.94020982e-08  1.59541310e-09 -2.29804396e-07  1.15614410e-09 -2.53078847e-07  9.88030512e-01 -1.54728931e-03  8.82594198e-01 -6.58590010e-03  2.69907372e-01 -5.09408111e-03 
 4.52376462e+01  2.99036644e-09 -1.73729978e-08  2.94045397e-09 -4.89742870e-08  1.58675654e-09 -2.29808396e-07  1.14603545e-09 -2.53142326e-07  9.88332994e-01 -1.56101676e-03  8.83688803e-01 -6.61516382e-03  2.70285778e-01 -5.10503993e-03 
 4.52897580e+01  2.98978876e-09 -1.68981888e-08  2.93937759e-09 -4.85456077e-08  1.57809111e-09 -2.29813344e-07  1.13590887e-09 -2.53207016e-07  9.88636839e-01 -1.57479962e-03  8.84788591e-01 -6.64459528e-03  2.70665992e-01 -5.11607143e-03 
 4.53419298e+01  2.98925525e-09 -1.64223963e-08  2.93834250e-09 -4.81160533e-08  1.56941658e-09 -2.29819247e-07  1.12576407e-09 -2.53272924e-07  9.88942056e-01 -1.58863838e-03  8.85893596e-01 -6.67419590e-03  2.71048028e-01 -5.12717619e-03 
 4.53941617e+01  2.98876615e-09 -1.59456125e-08  2.93734893e-09 -4.76856163e-08  1.56073274e-09 -2.29826108e-07  1.11560077e-09 -2.53340057e-07  9.89248654e-01 -1.60253347e-03  8.87003852e-01 -6.70396712e-03  2.71431896e-01 -5.13835479e-03 
 4.54464537e+01  2.98832172e-09 -1.54678294e-08  2.93639710e-09 -4.72542895e-08  1.55203937e-09 -2.29833932e-07  1.10541866e-09 -2.53408421e-07  9.89556641e-01 -1.61648539e-03  8.88119394e-01 -6.73391039e-03  2.71817609e-01 -5.14960781e-03 
 4.54988060e+01  2.98792221e-09 -1.49890393e-08  2.93548726e-09 -4.68220654e-08  1.54333626e-09 -2.29842724e-07  1.09521746e-09 -2.53478022e-07  9.89866027e-01 -1.63049461e-03  8.89240255e-01 -6.76402719e-03  2.72205180e-01 -5.16093584e-03 
 4.55512186e+01  2.98756788e-09 -1.45092341e-08  2.93461962e-09 -4.63889367e-08  1.53462318e-09 -2.29852488e-07  1.08499687e-09 -2.53548867e-07  9.90176821e-01 -1.64456160e-03  8.90366473e-01 -6.79431900e-03  2.72594620e-01 -5.17233949e-03 
 4.56036916e+01  2.98725900e-09 -1.40284057e-08  2.93379445e-09 -4.59548958e-08  1.52589992e-09 -2.29863230e-07  1.07475657e-09 -2.53620962e-07  9.90489031e-01 -1.65868685e-03  8.91498081e-01 -6.82478732e-03  2.72985942e-01 -5.18381935e-03 
 4.56562250e+01  2.98699582e-09 -1.35465461e-08  2.93301197e-09 -4.55199352e-08  1.51716625e-09 -2.29874954e-07  1.06449628e-09 -2.53694315e-07  9.90802666e-01 -1.67287085e-03  8.92635115e-01 -6.85543368e-03  2.73379159e-01 -5.19537605e-03 
 4.57088190e+01  2.98677863e-09 -1.30636470e-08  2.93227243e-09 -4.50840471e-08  1.50842194e-09 -2.29887665e-07  1.05421566e-09 -2.53768932e-07  9.91117736e-01 -1.68711409e-03  8.93777613e-01 -6.88625961e-03  2.73774284e-01 -5.20701019e-03 
 4.57614735e+01  2.98660770e-09 -1.25797001e-08  2.93157608e-09 -4.46472239e-08  1.49966676e-09 -2.29901369e-07  1.04391443e-09 -2.53844819e-07  9.91434250e-01 -1.70141708e-03  8.94925610e-01 -6.91726667e-03  2.74171328e-01 -5.21872240e-03 
 4.58141887e+01  2.98648329e-09 -1.20946973e-08  2.93092317e-09 -4.42094577e-08  1.49090048e-09 -2.29916070e-07  1.03359226e-09 -2.53921985e-07  9.91752218e-01 -1.71578032e-03  8.96079142e-01 -6.94845641e-03  2.74570305e-01 -5.23051332e-03 
 4.58669646e+01  2.98640570e-09 -1.16086300e-08  2.93031396e-09 -4.37707408e-08  1.48212287e-09 -2.29931772e-07  1.02324883e-09 -2.54000435e-07  9.92071648e-01 -1.73020432e-03  8.97238248e-01 -6.97983043e-03  2.74971229e-01 -5.24238358e-03 
 4.59198013e+01  2.98637519e-09 -1.11214897e-08  2.92974870e-09 -4.33310653e-08  1.47333370e-09 -2.29948482e-07  1.01288382e-09 -2.54080176e-07  9.92392551e-01 -1.74468961e-03  8.98402964e-01 -7.01139034e-03  2.75374112e-01 -5.25433383e-03 
 4.59726989e+01  2.98639207e-09 -1.06332680e-08  2.92922766e-09 -4.28904231e-08  1.46453272e-09 -2.29966205e-07  1.00249692e-09 -2.54161217e-07  9.92714936e-01 -1.75923668e-03  8.99573329e-01 -7.04313775e-03  2.75778967e-01 -5.26636471e-03 
 4.60256574e+01  2.98645662e-09 -1.01439562e-08  2.92875109e-09 -4.24488062e-08  1.45571970e-09 -2.29984945e-07  9.92087784e-10 -2.54243563e-07  9.93038812e-01 -1.77384609e-03  9.00749379e-01 -7.07507429e-03  2.76185808e-01 -5.27847689e-03 
 4.60786769e+01  2.98656914e-09 -9.65354561e-09  2.92831927e-09 -4.20062066e-08  1.44689439e-09 -2.30004707e-07  9.81656094e-10 -2.54327222e-07  9.93364189e-01 -1.78851835e-03  9.01931154e-01 -7.10720164e-03  2.76594648e-01 -5.29067103e-03 
 4.61317575e+01  2.98672991e-09 -9.16202747e-09  2.92793247e-09 -4.15626159e-08  1.43805655e-09 -2.30025498e-07  9.71201513e-10 -2.54412202e-07  9.93691078e-01 -1.80325401e-03  9.03118692e-01 -7.13952146e-03  2.77005501e-01 -5.30294781e-03 
 4.61848992e+01  2.98693925e-09 -8.66939291e-09  2.92759097e-09 -4.11180259e-08  1.42920594e-09 -2.30047323e-07  9.60723704e-10 -2.54498509e-07  9.94019488e-01 -1.81805361e-03  9.04312033e-01 -7.17203545e-03  2.77418381e-01 -5.31530790e-03 
 4.62381021e+01  2.98719746e-09 -8.17563303e-09  2.92729503e-09 -4.06724284e-08  1.42034230e-09 -2.30070186e-07  9.50222327e-10 -2.54586151e-07  9.94349429e-01 -1.83291769e-03  9.05511216e-01 -7.20474531e-03  2.77833301e-01 -5.32775199e-03 
 4.62913664e+01  2.98750485e-09 -7.68073881e-09  2.92704495e-09 -4.02258148e-08  1.41146538e-09 -2.30094093e-07  9.39697038e-10 -2.54675136e-07  9.94680912e-01 -1.84784682e-03  9.06716280e-01 -7.23765279e-03  2.78250276e-01 -5.34028078e-03 
 4.63446920e+01  2.98786173e-09 -7.18470118e-09  2.92684100e-09 -3.97781768e-08  1.40257492e-09 -2.30119050e-07  9.29147489e-10 -2.54765470e-07  9.95013946e-01 -1.86284156e-03  9.07927266e-01 -7.27075962e-03  2.78669320e-01 -5.35289497e-03 
 4.63980790e+01  2.98826842e-09 -6.68751098e-09  2.92668348e-09 -3.93295057e-08  1.39367068e-09 -2.30145062e-07  9.18573330e-10 -2.54857163e-07  9.95348541e-01 -1.87790246e-03  9.09144214e-01 -7.30406759e-03  2.79090446e-01 -5.36559528e-03 
 4.64515275e+01  2.98872524e-09 -6.18915895e-09  2.92657268e-09 -3.88797930e-08  1.38475239e-09 -2.30172135e-07  9.07974207e-10 -2.54950220e-07  9.95684709e-01 -1.89303011e-03  9.10367166e-01 -7.33757847e-03  2.79513670e-01 -5.37838241e-03 
 4.65050376e+01  2.98923252e-09 -5.68963579e-09  2.92650890e-09 -3.84290299e-08  1.37581979e-09 -2.30200274e-07  8.97349761e-10 -2.55044651e-07  9.96022460e-01 -1.90822508e-03  9.11596162e-01 -7.37129409e-03  2.79939005e-01 -5.39125709e-03 
 4.65586094e+01  2.98979058e-09 -5.18893207e-09  2.92649243e-09 -3.79772077e-08  1.36687262e-09 -2.30229486e-07  8.86699631e-10 -2.55140463e-07  9.96361804e-01 -1.92348796e-03  9.12831244e-01 -7.40521626e-03  2.80366467e-01 -5.40422007e-03 
 4.66122428e+01  2.99039975e-09 -4.68703831e-09  2.92652358e-09 -3.75243174e-08  1.35791060e-09 -2.30259775e-07  8.76023451e-10 -2.55237664e-07  9.96702752e-01 -1.93881934e-03  9.14072455e-01 -7.43934684e-03  2.80796069e-01 -5.41727207e-03 
 4.66659380e+01  2.99106038e-09 -4.18394494e-09  2.92660267e-09 -3.70703501e-08  1.34893347e-09 -2.30291148e-07  8.65320851e-10 -2.55336261e-07  9.97045314e-01 -1.95421982e-03  9.15319835e-01 -7.47368771e-03  2.81227828e-01 -5.43041386e-03 
 4.67196951e+01  2.99177281e-09 -3.67964230e-09  2.92672999e-09 -3.66152969e-08  1.33994096e-09 -2.30323611e-07  8.54591460e-10 -2.55436263e-07  9.97389502e-01 -1.96969000e-03  9.16573430e-01 -7.50824075e-03  2.81661758e-01 -5.44364619e-03 
 4.67735141e+01  2.99253738e-09 -3.17412064e-09  2.92690586e-09 -3.61591486e-08  1.33093279e-09 -2.30357169e-07  8.43834899e-10 -2.55537679e-07  9.97735327e-01 -1.98523049e-03  9.17833280e-01 -7.54300787e-03  2.82097874e-01 -5.45696982e-03 
 4.68273951e+01  2.99335444e-09 -2.66737012e-09  2.92713061e-09 -3.57018960e-08  1.32190868e-09 -2.30391829e-07  8.33050787e-10 -2.55640515e-07  9.98082799e-01 -2.00084191e-03  9.19099431e-01 -7.57799102e-03  2.82536192e-01 -5.47038554e-03 
 4.68813382e+01  2.99422435e-09 -2.15938082e-09  2.92740456e-09 -3.52435298e-08  1.31286836e-09 -2.30427596e-07  8.22238740e-10 -2.55744781e-07  9.98431930e-01 -2.01652488e-03  9.20371926e-01 -7.61319215e-03  2.82976727e-01 -5.48389412e-03 
 4.69353434e+01  2.99514747e-09 -1.65014273e-09  2.92772804e-09 -3.47840408e-08  1.30381153e-09 -2.30464477e-07  8.11398368e-10 -2.55850485e-07  9.98782731e-01 -2.03228004e-03  9.21650810e-01 -7.64861324e-03  2.83419494e-01 -5.49749636e-03 
 4.69894109e+01  2.99612416e-09 -1.13964575e-09  2.92810138e-09 -3.43234194e-08  1.29473791e-09 -2.30502477e-07  8.00529279e-10 -2.55957635e-07  9.99135214e-01 -2.04810803e-03  9.22936126e-01 -7.68425630e-03  2.83864510e-01 -5.51119306e-03 
 4.70435406e+01  2.99715479e-09 -6.27879684e-10  2.92852492e-09 -3.38616562e-08  1.28564721e-09 -2.30541603e-07  7.89631074e-10 -2.56066240e-07  9.99489389e-01 -2.06400948e-03  9.24227922e-01 -7.72012334e-03  2.84311790e-01 -5.52498504e-03 
 4.70977326e+01  2.99823974e-09 -1.14834240e-10  2.92899899e-09 -3.33987415e-08  1.27653914e-09 -2.30581862e-07  7.78703353e-10 -2.56176308e-07  9.99845269e-01 -2.07998504e-03  9.25526241e-01 -7.75621642e-03  2.84761350e-01 -5.53887311e-03 
 4.71519871e+01  2.99937937e-09  3.99500960e-10  2.92952395e-09 -3.29346656e-08  1.26741341e-09 -2.30623259e-07  7.67745709e-10 -2.56287849e-07  1.00020287e+00 -2.09603539e-03  9.26831131e-01 -7.79253760e-03  2.85213207e-01 -5.55285810e-03 
 4.72063041e+01  3.00057408e-09  9.15136392e-10  2.93010014e-09 -3.24694188e-08  1.25826970e-09 -2.30665801e-07  7.56757731e-10 -2.56400870e-07  1.00056219e+00 -2.11216118e-03  9.28142638e-01 -7.82908900e-03  2.85667377e-01 -5.56694084e-03 
 4.72606837e+01  3.00182426e-09  1.43208263e-09  2.93072792e-09 -3.20029911e-08  1.24910773e-09 -2.30709494e-07  7.45739006e-10 -2.56515381e-07  1.00092325e+00 -2.12836309e-03  9.29460808e-01 -7.86587272e-03  2.86123876e-01 -5.58112220e-03 
 4.73151259e+01  3.00313029e-09  1.95035034e-09  2.93140765e-09 -3.15353727e-08  1.23992719e-09 -2.30754345e-07  7.34689114e-10 -2.56631391e-07  1.00128607e+00 -2.14464180e-03  9.30785690e-01 -7.90289091e-03  2.86582722e-01 -5.59540303e-03 
 4.73696308e+01  3.00449257e-09  2.46995029e-09  2.93213969e-09 -3.10665534e-08  1.23072776e-09 -2.30800361e-07  7.23607630e-10 -2.56748909e-07  1.00165065e+00 -2.16099800e-03  9.32117331e-01 -7.94014574e-03  2.87043930e-01 -5.60978419e-03 
 4.74241985e+01  3.00591152e-09  2.99089335e-09  2.93292440e-09 -3.05965231e-08  1.22150914e-09 -2.30847547e-07  7.12494127e-10 -2.56867944e-07  1.00201701e+00 -2.17743238e-03  9.33455778e-01 -7.97763941e-03  2.87507518e-01 -5.62426656e-03 
 4.74788291e+01  3.00738752e-09  3.51319049e-09  2.93376217e-09 -3.01252716e-08  1.21227101e-09 -2.30895912e-07  7.01348171e-10 -2.56988504e-07  1.00238515e+00 -2.19394564e-03  9.34801082e-01 -8.01537413e-03  2.87973503e-01 -5.63885103e-03 
 4.75335226e+01  3.00892101e-09  4.03685277e-09  2.93465337e-09 -2.96527884e-08  1.20301306e-09 -2.30945461e-07  6.90169325e-10 -2.57110600e-07  1.00275510e+00 -2.21053851e-03  9.36153291e-01 -8.05335216e-03  2.88441903e-01 -5.65353849e-03 
 4.75882791e+01  3.01051239e-09  4.56189137e-09  2.93559839e-09 -2.91790632e-08  1.19373495e-09 -2.30996202e-07  6.78957145e-10 -2.57234241e-07  1.00312686e+00 -2.22721170e-03  9.37512455e-01 -8.09157577e-03  2.88912734e-01 -5.66832986e-03 
 4.76430987e+01  3.01216210e-09  5.08831757e-09  2.93659760e-09 -2.87040855e-08  1.18443637e-09 -2.31048141e-07  6.67711184e-10 -2.57359436e-07  1.00350045e+00 -2.24396593e-03  9.38878625e-01 -8.13004725e-03  2.89386015e-01 -5.68322606e-03 
 4.76979814e+01  3.01387055e-09  5.61614274e-09  2.93765141e-09 -2.82278445e-08  1.17511698e-09 -2.31101285e-07  6.56430990e-10 -2.57486196e-07  1.00387587e+00 -2.26080195e-03  9.40251849e-01 -8.16876893e-03  2.89861762e-01 -5.69822801e-03 
 4.77529274e+01  3.01563819e-09  6.14537838e-09  2.93876022e-09 -2.77503296e-08  1.16577646e-09 -2.31155642e-07  6.45116104e-10 -2.57614528e-07  1.00425315e+00 -2.27772050e-03  9.41632181e-01 -8.20774317e-03  2.90339996e-01 -5.71333665e-03 
 4.78079366e+01  3.01746547e-09  6.67603609e-09  2.93992442e-09 -2.72715299e-08  1.15641447e-09 -2.31211218e-07  6.33766065e-10 -2.57744444e-07  1.00463229e+00 -2.29472233e-03  9.43019671e-01 -8.24697236e-03  2.90820732e-01 -5.72855293e-03 
 4.78630092e+01  3.01935281e-09  7.20812758e-09  2.94114443e-09 -2.67914344e-08  1.14703066e-09 -2.31268021e-07  6.22380404e-10 -2.57875953e-07  1.00501332e+00 -2.31180820e-03  9.44414372e-01 -8.28645889e-03  2.91303990e-01 -5.74387783e-03 
 4.79181453e+01  3.02130068e-09  7.74166465e-09  2.94242065e-09 -2.63100322e-08  1.13762470e-09 -2.31326057e-07  6.10958647e-10 -2.58009065e-07  1.00539623e+00 -2.32897889e-03  9.45816336e-01 -8.32620521e-03  2.91789788e-01 -5.75931230e-03 
 4.79733449e+01  3.02330954e-09  8.27665924e-09  2.94375352e-09 -2.58273121e-08  1.12819624e-09 -2.31385335e-07  5.99500317e-10 -2.58143791e-07  1.00578105e+00 -2.34623516e-03  9.47225617e-01 -8.36621380e-03  2.92278146e-01 -5.77485733e-03 
 4.80286080e+01  3.02537985e-09  8.81312340e-09  2.94514345e-09 -2.53432628e-08  1.11874492e-09 -2.31445862e-07  5.88004929e-10 -2.58280140e-07  1.00616779e+00 -2.36357782e-03  9.48642267e-01 -8.40648713e-03  2.92769081e-01 -5.79051393e-03 
 4.80839348e+01  3.02751208e-09  9.35106928e-09  2.94659088e-09 -2.48578730e-08  1.10927038e-09 -2.31507645e-07  5.76471993e-10 -2.58418122e-07  1.00655646e+00 -2.38100766e-03  9.50066342e-01 -8.44702776e-03  2.93262612e-01 -5.80628309e-03 
 4.81393254e+01  3.02970670e-09  9.89050916e-09  2.94809624e-09 -2.43711312e-08  1.09977228e-09 -2.31570692e-07  5.64901015e-10 -2.58557749e-07  1.00694708e+00 -2.39852548e-03  9.51497896e-01 -8.48783822e-03  2.93758760e-01 -5.82216584e-03 
 4.81947798e+01  3.03196420e-09  1.04314554e-08  2.94965997e-09 -2.38830258e-08  1.09025025e-09 -2.31635010e-07  5.53291495e-10 -2.58699030e-07  1.00733966e+00 -2.41613209e-03  9.52936984e-01 -8.52892112e-03  2.94257543e-01 -5.83816321e-03 
 4.82502980e+01  3.03428508e-09  1.09739206e-08  2.95128252e-09 -2.33935451e-08  1.08070392e-09 -2.31700607e-07  5.41642924e-10 -2.58841976e-07  1.00773421e+00 -2.43382833e-03  9.54383661e-01 -8.57027907e-03  2.94758982e-01 -5.85427624e-03 
 4.83058802e+01  3.03666981e-09  1.15179173e-08  2.95296435e-09 -2.29026773e-08  1.07113292e-09 -2.31767491e-07  5.29954792e-10 -2.58986598e-07  1.00813075e+00 -2.45161503e-03  9.55837985e-01 -8.61191473e-03  2.95263095e-01 -5.87050600e-03 
 4.83615264e+01  3.03911891e-09  1.20634583e-08  2.95470592e-09 -2.24104105e-08  1.06153687e-09 -2.31835670e-07  5.18226579e-10 -2.59132906e-07  1.00852930e+00 -2.46949303e-03  9.57300012e-01 -8.65383077e-03  2.95769903e-01 -5.88685354e-03 
 4.84172368e+01  3.04163289e-09  1.26105565e-08  2.95650769e-09 -2.19167327e-08  1.05191539e-09 -2.31905152e-07  5.06457762e-10 -2.59280912e-07  1.00892986e+00 -2.48746319e-03  9.58769800e-01 -8.69602992e-03  2.96279427e-01 -5.90331996e-03 
 4.84730113e+01  3.04421226e-09  1.31592248e-08  2.95837013e-09 -2.14216316e-08  1.04226810e-09 -2.31975944e-07  4.94647810e-10 -2.59430627e-07  1.00933246e+00 -2.50552637e-03  9.60247407e-01 -8.73851492e-03  2.96791686e-01 -5.91990634e-03 
 4.85288500e+01  3.04685754e-09  1.37094765e-08  2.96029373e-09 -2.09250951e-08  1.03259462e-09 -2.32048055e-07  4.82796186e-10 -2.59582061e-07  1.00973710e+00 -2.52368344e-03  9.61732890e-01 -8.78128857e-03  2.97306701e-01 -5.93661380e-03 
 4.85847531e+01  3.04956927e-09  1.42613247e-08  2.96227896e-09 -2.04271107e-08  1.02289454e-09 -2.32121494e-07  4.70902348e-10 -2.59735226e-07  1.01014380e+00 -2.54193529e-03  9.63226311e-01 -8.82435368e-03  2.97824493e-01 -5.95344345e-03 
 4.86407206e+01  3.05234797e-09  1.48147828e-08  2.96432633e-09 -1.99276659e-08  1.01316747e-09 -2.32196267e-07  4.58965747e-10 -2.59890133e-07  1.01055259e+00 -2.56028282e-03  9.64727727e-01 -8.86771309e-03  2.98345083e-01 -5.97039644e-03 
 4.86967525e+01  3.05519419e-09  1.53698644e-08  2.96643632e-09 -1.94267481e-08  1.00341300e-09 -2.32272385e-07  4.46985826e-10 -2.60046794e-07  1.01096346e+00 -2.57872692e-03  9.66237200e-01 -8.91136970e-03  2.98868492e-01 -5.98747390e-03 
 4.87528490e+01  3.05810849e-09  1.59265832e-08  2.96860945e-09 -1.89243445e-08  9.93630736e-10 -2.32349854e-07  4.34962023e-10 -2.60205220e-07  1.01137645e+00 -2.59726852e-03  9.67754790e-01 -8.95532644e-03  2.99394742e-01 -6.00467701e-03 
 4.88090101e+01  3.06109141e-09  1.64849528e-08  2.97084622e-09 -1.84204422e-08  9.83820259e-10 -2.32428685e-07  4.22893769e-10 -2.60365423e-07  1.01179156e+00 -2.61590854e-03  9.69280560e-01 -8.99958626e-03  2.99923854e-01 -6.02200693e-03 
 4.88652359e+01  3.06414353e-09  1.70449873e-08  2.97314716e-09 -1.79150282e-08  9.73981153e-10 -2.32508884e-07  4.10780489e-10 -2.60527416e-07  1.01220880e+00 -2.63464793e-03  9.70814571e-01 -9.04415216e-03  3.00455851e-01 -6.03946487e-03 
 4.89215265e+01  3.06726542e-09  1.76067007e-08  2.97551278e-09 -1.74080894e-08  9.64112997e-10 -2.32590462e-07  3.98621600e-10 -2.60691208e-07  1.01262821e+00 -2.65348762e-03  9.72356886e-01 -9.08902717e-03  3.00990753e-01 -6.05705202e-03 
 4.89778819e+01  3.07045766e-09  1.81701072e-08  2.97794363e-09 -1.68996125e-08  9.54215363e-10 -2.32673427e-07  3.86416511e-10 -2.60856814e-07  1.01304978e+00 -2.67242858e-03  9.73907569e-01 -9.13421436e-03  3.01528585e-01 -6.07476961e-03 
 4.90343023e+01  3.07372084e-09  1.87352211e-08  2.98044024e-09 -1.63895840e-08  9.44287821e-10 -2.32757787e-07  3.74164627e-10 -2.61024245e-07  1.01347354e+00 -2.69147178e-03  9.75466684e-01 -9.17971685e-03  3.02069368e-01 -6.09261887e-03 
 4.90907876e+01  3.07705555e-09  1.93020570e-08  2.98300315e-09 -1.58779904e-08  9.34329934e-10 -2.32843553e-07  3.61865344e-10 -2.61193513e-07  1.01389951e+00 -2.71061822e-03  9.77034295e-01 -9.22553779e-03  3.02613125e-01 -6.11060105e-03 
 4.91473380e+01  3.08046240e-09  1.98706294e-08  2.98563293e-09 -1.53648181e-08  9.24341260e-10 -2.32930732e-07  3.49518049e-10 -2.61364631e-07  1.01432770e+00 -2.72986887e-03  9.78610469e-01 -9.27168036e-03  3.03159879e-01 -6.12871742e-03 
 4.92039536e+01  3.08394199e-09  2.04409532e-08  2.98833014e-09 -1.48500532e-08  9.14321351e-10 -2.33019334e-07  3.37122125e-10 -2.61537612e-07  1.01475812e+00 -2.74922475e-03  9.80195271e-01 -9.31814779e-03  3.03709653e-01 -6.14696926e-03 
 4.92606343e+01  3.08749496e-09  2.10130433e-08  2.99109534e-09 -1.43336817e-08  9.04269754e-10 -2.33109369e-07  3.24676945e-10 -2.61712468e-07  1.01519080e+00 -2.76868688e-03  9.81788767e-01 -9.36494335e-03  3.04262471e-01 -6.16535786e-03 
 4.93173804e+01  3.09112194e-09  2.15869147e-08  2.99392911e-09 -1.38156896e-08  8.94186012e-10 -2.33200846e-07  3.12181875e-10 -2.61889212e-07  1.01562575e+00 -2.78825630e-03  9.83391027e-01 -9.41207036e-03  3.04818357e-01 -6.18388455e-03 
 4.93741918e+01  3.09482355e-09  2.21625827e-08  2.99683204e-09 -1.32960626e-08  8.84069661e-10 -2.33293773e-07  2.99636273e-10 -2.62067857e-07  1.01606299e+00 -2.80793404e-03  9.85002117e-01 -9.45953216e-03  3.05377334e-01 -6.20255066e-03 
 4.94310687e+01  3.09860044e-09  2.27400628e-08  2.99980473e-09 -1.27747862e-08  8.73920231e-10 -2.33388162e-07  2.87039490e-10 -2.62248416e-07  1.01650254e+00 -2.82772117e-03  9.86622106e-01 -9.50733216e-03  3.05939428e-01 -6.22135752e-03 
 4.94880111e+01  3.10245328e-09  2.33193703e-08  3.00284777e-09 -1.22518461e-08  8.63737247e-10 -2.33484021e-07  2.74390868e-10 -2.62430902e-07  1.01694440e+00 -2.84761876e-03  9.88251065e-01 -9.55547380e-03  3.06504661e-01 -6.24030650e-03 
 4.95450191e+01  3.10638272e-09  2.39005212e-08  3.00596177e-09 -1.17272274e-08  8.53520229e-10 -2.33581360e-07  2.61689741e-10 -2.62615330e-07  1.01738861e+00 -2.86762788e-03  9.89889063e-01 -9.60396055e-03  3.07073060e-01 -6.25939899e-03 
 4.96020927e+01  3.11038943e-09  2.44835311e-08  3.00914736e-09 -1.12009154e-08  8.43268690e-10 -2.33680190e-07  2.48935436e-10 -2.62801712e-07  1.01783518e+00 -2.88774965e-03  9.91536172e-01 -9.65279595e-03  3.07644648e-01 -6.27863638e-03 
 4.96592321e+01  3.11447411e-09  2.50684162e-08  3.01240515e-09 -1.06728951e-08  8.32982136e-10 -2.33780520e-07  2.36127269e-10 -2.62990062e-07  1.01828413e+00 -2.90798516e-03  9.93192463e-01 -9.70198357e-03  3.08219452e-01 -6.29802009e-03 
 4.97164374e+01  3.11863744e-09  2.56551926e-08  3.01573579e-09 -1.01431512e-08  8.22660069e-10 -2.33882360e-07  2.23264549e-10 -2.63180394e-07  1.01873547e+00 -2.92833555e-03  9.94858009e-01 -9.75152703e-03  3.08797497e-01 -6.31755155e-03 
 4.97737085e+01  3.12288013e-09  2.62438768e-08  3.01913992e-09 -9.61166850e-09  8.12301984e-10 -2.33985721e-07  2.10346577e-10 -2.63372722e-07  1.01918923e+00 -2.94880195e-03  9.96532884e-01 -9.80143001e-03  3.09378809e-01 -6.33723221e-03 
 4.98310456e+01  3.12720288e-09  2.68344852e-08  3.02261819e-09 -9.07843154e-09  8.01907369e-10 -2.34090613e-07  1.97372645e-10 -2.63567060e-07  1.01964542e+00 -2.96938551e-03  9.98217161e-01 -9.85169621e-03  3.09963413e-01 -6.35706355e-03 
 4.98884487e+01  3.13160641e-09  2.74270345e-08  3.02617127e-09 -8.54342469e-09  7.91475707e-10 -2.34197046e-07  1.84342034e-10 -2.63763422e-07  1.02010406e+00 -2.99008741e-03  9.99910915e-01 -9.90232939e-03  3.10551337e-01 -6.37704706e-03 
 4.99459180e+01  3.13609147e-09  2.80215417e-08  3.02979982e-09 -8.00663215e-09  7.81006473e-10 -2.34305031e-07  1.71254018e-10 -2.63961823e-07  1.02056517e+00 -3.01090883e-03  1.00161422e+00 -9.95333338e-03  3.11142606e-01 -6.39718424e-03 
 5.00034535e+01  3.14065878e-09  2.86180238e-08  3.03350454e-09 -7.46803796e-09  7.70499135e-10 -2.34414578e-07  1.58107861e-10 -2.64162278e-07  1.02102878e+00 -3.03185095e-03  1.00332716e+00 -1.00047120e-02  3.11737248e-01 -6.41747663e-03 
 5.00610553e+01  3.14530910e-09  2.92164980e-08  3.03728610e-09 -6.92762601e-09  7.59953158e-10 -2.34525699e-07  1.44902817e-10 -2.64364801e-07  1.02149489e+00 -3.05291501e-03  1.00504980e+00 -1.00564693e-02  3.12335290e-01 -6.43792576e-03 
 5.01187234e+01  3.15004319e-09  2.98169818e-08  3.04114521e-09 -6.38537999e-09  7.49367995e-10 -2.34638404e-07  1.31638133e-10 -2.64569407e-07  1.02196353e+00 -3.07410221e-03  1.00678223e+00 -1.01086090e-02  3.12936760e-01 -6.45853322e-03 
 5.01764579e+01  3.15486182e-09  3.04194928e-08  3.04508258e-09 -5.84128344e-09  7.38743095e-10 -2.34752704e-07  1.18313043e-10 -2.64776112e-07  1.02243472e+00 -3.09541381e-03  1.00852452e+00 -1.01611354e-02  3.13541684e-01 -6.47930058e-03 
 5.02342590e+01  3.15976579e-09  3.10240487e-08  3.04909893e-09 -5.29531972e-09  7.28077901e-10 -2.34868611e-07  1.04926772e-10 -2.64984930e-07  1.02290848e+00 -3.11685106e-03  1.01027676e+00 -1.02140523e-02  3.14150092e-01 -6.50022945e-03 
 5.02921266e+01  3.16475587e-09  3.16306675e-08  3.05319500e-09 -4.74747200e-09  7.17371846e-10 -2.34986135e-07  9.14785373e-11 -2.65195877e-07  1.02338484e+00 -3.13841524e-03  1.01203902e+00 -1.02673640e-02  3.14762011e-01 -6.52132147e-03 
 5.03500609e+01  3.16983288e-09  3.22393675e-08  3.05737151e-09 -4.19772330e-09  7.06624357e-10 -2.35105288e-07  7.79675431e-11 -2.65408968e-07  1.02386380e+00 -3.16010765e-03  1.01381138e+00 -1.03210747e-02  3.15377471e-01 -6.54257829e-03 
 5.04080619e+01  3.17499764e-09  3.28501669e-08  3.06162922e-09 -3.64605643e-09  6.95834854e-10 -2.35226082e-07  6.43929846e-11 -2.65624219e-07  1.02434539e+00 -3.18192958e-03  1.01559394e+00 -1.03751885e-02  3.15996501e-01 -6.56400158e-03 
 5.04661298e+01  3.18025096e-09  3.34630843e-08  3.06596890e-09 -3.09245402e-09  6.85002749e-10 -2.35348528e-07  5.07540462e-11 -2.65841647e-07  1.02482964e+00 -3.20388236e-03  1.01738676e+00 -1.04297098e-02  3.16619129e-01 -6.58559303e-03 
 5.05242645e+01  3.18559370e-09  3.40781386e-08  3.07039132e-09 -2.53689852e-09  6.74127447e-10 -2.35472639e-07  3.70499018e-11 -2.66061268e-07  1.02531656e+00 -3.22596734e-03  1.01918995e+00 -1.04846429e-02  3.17245385e-01 -6.60735436e-03 
 5.05824662e+01  3.19102671e-09  3.46953486e-08  3.07489725e-09 -1.97937219e-09  6.63208344e-10 -2.35598425e-07  2.32797142e-11 -2.66283096e-07  1.02580618e+00 -3.24818588e-03  1.02100357e+00 -1.05399922e-02  3.17875300e-01 -6.62928731e-03 
 5.06407350e+01  3.19655084e-09  3.53147335e-08  3.07948751e-09 -1.41985710e-09  6.52244829e-10 -2.35725899e-07  9.44263539e-12 -2.66507150e-07  1.02629851e+00 -3.27053934e-03  1.02282772e+00 -1.05957622e-02  3.18508903e-01 -6.65139365e-03 
 5.06990708e+01  3.20216698e-09  3.59363127e-08  3.08416288e-09 -8.58335116e-10  6.41236284e-10 -2.35855073e-07 -4.46219415e-12 -2.66733446e-07  1.02679358e+00 -3.29302913e-03  1.02466248e+00 -1.06519574e-02  3.19146226e-01 -6.67367516e-03 
 5.07574739e+01  3.20787601e-09  3.65601059e-08  3.08892419e-09 -2.94787911e-10  6.30182079e-10 -2.35985959e-07 -1.84356452e-11 -2.66962000e-07  1.02729141e+00 -3.31565666e-03  1.02650795e+00 -1.07085824e-02  3.19787299e-01 -6.69613365e-03 
 5.08159443e+01  3.21367883e-09  3.71861327e-08  3.09377228e-09  2.70803040e-10  6.19081580e-10 -2.36118571e-07 -3.24786001e-11 -2.67192830e-07  1.02779203e+00 -3.33842336e-03  1.02836421e+00 -1.07656419e-02  3.20432154e-01 -6.71877096e-03 
 5.08744820e+01  3.21957637e-09  3.78144132e-08  3.09870798e-09  8.38456469e-10  6.07934143e-10 -2.36252920e-07 -4.65919532e-11 -2.67425953e-07  1.02829545e+00 -3.36133068e-03  1.03023135e+00 -1.08231405e-02  3.21080822e-01 -6.74158894e-03 
 5.09330871e+01  3.22556954e-09  3.84449677e-08  3.10373214e-09  1.40819131e-09  5.96739115e-10 -2.36389019e-07 -6.07766107e-11 -2.67661386e-07  1.02880170e+00 -3.38438009e-03  1.03210946e+00 -1.08810831e-02  3.21733335e-01 -6.76458947e-03 
 5.09917598e+01  3.23165929e-09  3.90778167e-08  3.10884563e-09  1.98002671e-09  5.85495834e-10 -2.36526881e-07 -7.50334909e-11 -2.67899147e-07  1.02931080e+00 -3.40757308e-03  1.03399863e+00 -1.09394745e-02  3.22389726e-01 -6.78777448e-03 
 5.10505000e+01  3.23784658e-09  3.97129807e-08  3.11404933e-09  2.55398202e-09  5.74203630e-10 -2.36666519e-07 -8.93635247e-11 -2.68139254e-07  1.02982278e+00 -3.43091116e-03  1.03589896e+00 -1.09983196e-02  3.23050028e-01 -6.81114589e-03 
 5.11093079e+01  3.24413237e-09  4.03504807e-08  3.11934414e-09  3.13007682e-09  5.62861824e-10 -2.36807947e-07 -1.03767656e-10 -2.68381724e-07  1.03033766e+00 -3.45439586e-03  1.03781055e+00 -1.10576234e-02  3.23714273e-01 -6.83470566e-03 
 5.11681836e+01  3.25051764e-09  4.09903379e-08  3.12473095e-09  3.70833090e-09  5.51469726e-10 -2.36951177e-07 -1.18246840e-10 -2.68626577e-07  1.03085546e+00 -3.47802872e-03  1.03973347e+00 -1.11173910e-02  3.24382495e-01 -6.85845578e-03 
 5.12271270e+01  3.25700339e-09  4.16325737e-08  3.13021069e-09  4.28876426e-09  5.40026640e-10 -2.37096223e-07 -1.32802047e-10 -2.68873830e-07  1.03137621e+00 -3.50181132e-03  1.04166784e+00 -1.11776274e-02  3.25054728e-01 -6.88239828e-03 
 5.12861384e+01  3.26359063e-09  4.22772096e-08  3.13578428e-09  4.87139713e-09  5.28531857e-10 -2.37243099e-07 -1.47434259e-10 -2.69123502e-07  1.03189994e+00 -3.52574524e-03  1.04361376e+00 -1.12383378e-02  3.25731006e-01 -6.90653518e-03 
 5.13452178e+01  3.27028040e-09  4.29242676e-08  3.14145268e-09  5.45624998e-09  5.16984661e-10 -2.37391818e-07 -1.62144473e-10 -2.69375612e-07  1.03242666e+00 -3.54983210e-03  1.04557130e+00 -1.12995276e-02  3.26411363e-01 -6.93086856e-03 
 5.14043652e+01  3.27707372e-09  4.35737697e-08  3.14721683e-09  6.04334350e-09  5.05384325e-10 -2.37542395e-07 -1.76933697e-10 -2.69630178e-07  1.03295640e+00 -3.57407354e-03  1.04754059e+00 -1.13612020e-02  3.27095836e-01 -6.95540053e-03 
 5.14635807e+01  3.28397166e-09  4.42257383e-08  3.15307772e-09  6.63269862e-09  4.93730112e-10 -2.37694843e-07 -1.91802957e-10 -2.69887221e-07  1.03348919e+00 -3.59847120e-03  1.04952171e+00 -1.14233665e-02  3.27784459e-01 -6.98013320e-03 
 5.15228645e+01  3.29097529e-09  4.48801960e-08  3.15903633e-09  7.22433649e-09  4.82021274e-10 -2.37849178e-07 -2.06753290e-10 -2.70146760e-07  1.03402505e+00 -3.62302678e-03  1.05151478e+00 -1.14860266e-02  3.28477267e-01 -7.00506874e-03 
 5.15822165e+01  3.29808569e-09  4.55371657e-08  3.16509366e-09  7.81827851e-09  4.70257054e-10 -2.38005412e-07 -2.21785748e-10 -2.70408815e-07  1.03456401e+00 -3.64774196e-03  1.05351988e+00 -1.15491877e-02  3.29174299e-01 -7.03020934e-03 
 5.16416369e+01  3.30530398e-09  4.61966706e-08  3.17125073e-09  8.41454634e-09  4.58436685e-10 -2.38163561e-07 -2.36901398e-10 -2.70673405e-07  1.03510609e+00 -3.67261848e-03  1.05553714e+00 -1.16128557e-02  3.29875588e-01 -7.05555721e-03 
 5.17011258e+01  3.31263126e-09  4.68587339e-08  3.17750858e-09  9.01316186e-09  4.46559388e-10 -2.38323640e-07 -2.52101324e-10 -2.70940550e-07  1.03565133e+00 -3.69765808e-03  1.05756664e+00 -1.16770361e-02  3.30581174e-01 -7.08111460e-03 
 5.17606832e+01  3.32006868e-09  4.75233794e-08  3.18386824e-09  9.61414722e-09  4.34624372e-10 -2.38485664e-07 -2.67386620e-10 -2.71210272e-07  1.03619975e+00 -3.72286253e-03  1.05960850e+00 -1.17417348e-02  3.31291094e-01 -7.10688379e-03 
 5.18203092e+01  3.32761739e-09  4.81906310e-08  3.19033079e-09  1.02175248e-08  4.22630838e-10 -2.38649647e-07 -2.82758402e-10 -2.71482591e-07  1.03675137e+00 -3.74823364e-03  1.06166283e+00 -1.18069577e-02  3.32005385e-01 -7.13286710e-03 
 5.18800039e+01  3.33527856e-09  4.88605130e-08  3.19689729e-09  1.08233173e-08  4.10577974e-10 -2.38815605e-07 -2.98217796e-10 -2.71757527e-07  1.03730622e+00 -3.77377322e-03  1.06372974e+00 -1.18727108e-02  3.32724086e-01 -7.15906686e-03 
 5.19397674e+01  3.34305339e-09  4.95330497e-08  3.20356886e-09  1.14315476e-08  3.98464956e-10 -2.38983554e-07 -3.13765949e-10 -2.72035103e-07  1.03786434e+00 -3.79948312e-03  1.06580933e+00 -1.19390001e-02  3.33447235e-01 -7.18548547e-03 
 5.19995997e+01  3.35094307e-09  5.02082659e-08  3.21034660e-09  1.20422389e-08  3.86290949e-10 -2.39153508e-07 -3.29404019e-10 -2.72315339e-07  1.03842575e+00 -3.82536522e-03  1.06790172e+00 -1.20058317e-02  3.34174873e-01 -7.21212533e-03 
 5.20595009e+01  3.35894883e-09  5.08861868e-08  3.21723163e-09  1.26554147e-08  3.74055106e-10 -2.39325485e-07 -3.45133185e-10 -2.72598257e-07  1.03899047e+00 -3.85142140e-03  1.07000701e+00 -1.20732120e-02  3.34907038e-01 -7.23898888e-03 
 5.21194711e+01  3.36707191e-09  5.15668377e-08  3.22422511e-09  1.32710986e-08  3.61756568e-10 -2.39499500e-07 -3.60954642e-10 -2.72883878e-07  1.03955854e+00 -3.87765361e-03  1.07212534e+00 -1.21411472e-02  3.35643772e-01 -7.26607861e-03 
 5.21795104e+01  3.37531359e-09  5.22502441e-08  3.23132820e-09  1.38893147e-08  3.49394464e-10 -2.39675570e-07 -3.76869600e-10 -2.73172227e-07  1.04012998e+00 -3.90406379e-03  1.07425680e+00 -1.22096438e-02  3.36385114e-01 -7.29339704e-03 
 5.22396189e+01  3.38367513e-09  5.29364321e-08  3.23854208e-09  1.45100873e-08  3.36967909e-10 -2.39853710e-07 -3.92879288e-10 -2.73463323e-07  1.04070483e+00 -3.93065391e-03  1.07640152e+00 -1.22787082e-02  3.37131105e-01 -7.32094672e-03 
 5.22997966e+01  3.39215784e-09  5.36254280e-08  3.24586795e-09  1.51334409e-08  3.24476008e-10 -2.40033937e-07 -4.08984954e-10 -2.73757192e-07  1.04128311e+00 -3.95742600e-03  1.07855961e+00 -1.23483471e-02  3.37881789e-01 -7.34873023e-03 
 5.23600437e+01  3.40076303e-09  5.43172582e-08  3.25330702e-09  1.57594004e-08  3.11917849e-10 -2.40216269e-07 -4.25187862e-10 -2.74053854e-07  1.04186486e+00 -3.98438208e-03  1.08073120e+00 -1.24185672e-02  3.38637206e-01 -7.37675021e-03 
 5.24203601e+01  3.40949206e-09  5.50119496e-08  3.26086054e-09  1.63879910e-08  2.99292512e-10 -2.40400721e-07 -4.41489295e-10 -2.74353335e-07  1.04245010e+00 -4.01152422e-03  1.08291640e+00 -1.24893753e-02  3.39397399e-01 -7.40500931e-03 
 5.24807460e+01  3.41834628e-09  5.57095295e-08  3.26852975e-09  1.70192381e-08  2.86599058e-10 -2.40587313e-07 -4.57890556e-10 -2.74655657e-07  1.04303887e+00 -4.03885451e-03  1.08511534e+00 -1.25607782e-02  3.40162412e-01 -7.43351026e-03 
 5.25412015e+01  3.42732707e-09  5.64100253e-08  3.27631594e-09  1.76531675e-08  2.73836538e-10 -2.40776060e-07 -4.74392966e-10 -2.74960843e-07  1.04363120e+00 -4.06637508e-03  1.08732815e+00 -1.26327831e-02  3.40932288e-01 -7.46225577e-03 
 5.26017266e+01  3.43643583e-09  5.71134650e-08  3.28422040e-09  1.82898053e-08  2.61003989e-10 -2.40966981e-07 -4.90997865e-10 -2.75268920e-07  1.04422711e+00 -4.09408809e-03  1.08955494e+00 -1.27053969e-02  3.41707072e-01 -7.49124865e-03 
 5.26623215e+01  3.44567399e-09  5.78198766e-08  3.29224443e-09  1.89291778e-08  2.48100431e-10 -2.41160093e-07 -5.07706614e-10 -2.75579909e-07  1.04482665e+00 -4.12199572e-03  1.09179585e+00 -1.27786270e-02  3.42486808e-01 -7.52049171e-03 
 5.27229861e+01  3.45504301e-09  5.85292887e-08  3.30038939e-09  1.95713117e-08  2.35124872e-10 -2.41355415e-07 -5.24520593e-10 -2.75893838e-07  1.04542984e+00 -4.15010019e-03  1.09405100e+00 -1.28524807e-02  3.43271541e-01 -7.54998781e-03 
 5.27837207e+01  3.46454434e-09  5.92417302e-08  3.30865662e-09  2.02162341e-08  2.22076304e-10 -2.41552965e-07 -5.41441204e-10 -2.76210730e-07  1.04603671e+00 -4.17840375e-03  1.09632053e+00 -1.29269653e-02  3.44061318e-01 -7.57973988e-03 
 5.28445252e+01  3.47417948e-09  5.99572303e-08  3.31704750e-09  2.08639722e-08  2.08953706e-10 -2.41752761e-07 -5.58469869e-10 -2.76530610e-07  1.04664730e+00 -4.20690868e-03  1.09860456e+00 -1.30020885e-02  3.44856185e-01 -7.60975085e-03 
 5.29053997e+01  3.48394994e-09  6.06758185e-08  3.32556342e-09  2.15145539e-08  1.95756039e-10 -2.41954823e-07 -5.75608031e-10 -2.76853506e-07  1.04726165e+00 -4.23561730e-03  1.10090323e+00 -1.30778579e-02  3.45656188e-01 -7.64002372e-03 
 5.29663444e+01  3.49385728e-09  6.13975247e-08  3.33420582e-09  2.21680071e-08  1.82482250e-10 -2.42159169e-07 -5.92857155e-10 -2.77179441e-07  1.04787978e+00 -4.26453196e-03  1.10321668e+00 -1.31542812e-02  3.46461376e-01 -7.67056154e-03 
 5.30273593e+01  3.50390304e-09  6.21223794e-08  3.34297613e-09  2.28243601e-08  1.69131270e-10 -2.42365818e-07 -6.10218729e-10 -2.77508444e-07  1.04850174e+00 -4.29365504e-03  1.10554503e+00 -1.32313664e-02  3.47271797e-01 -7.70136737e-03 
 5.30884444e+01  3.51408881e-09  6.28504130e-08  3.35187582e-09  2.34836418e-08  1.55702014e-10 -2.42574790e-07 -6.27694262e-10 -2.77840540e-07  1.04912755e+00 -4.32298896e-03  1.10788844e+00 -1.33091215e-02  3.48087498e-01 -7.73244437e-03 
 5.31496000e+01  3.52441622e-09  6.35816567e-08  3.36090638e-09  2.41458810e-08  1.42193380e-10 -2.42786105e-07 -6.45285287e-10 -2.78175757e-07  1.04975725e+00 -4.35253618e-03  1.11024703e+00 -1.33875546e-02  3.48908531e-01 -7.76379569e-03 
 5.32108259e+01  3.53488690e-09  6.43161419e-08  3.37006932e-09  2.48111074e-08  1.28604248e-10 -2.42999783e-07 -6.62993359e-10 -2.78514121e-07  1.05039087e+00 -4.38229918e-03  1.11262096e+00 -1.34666741e-02  3.49734944e-01 -7.79542458e-03 
 5.32721224e+01  3.54550252e-09  6.50539004e-08  3.37936619e-09  2.54793505e-08  1.14933485e-10 -2.43215844e-07 -6.80820058e-10 -2.78855661e-07  1.05102846e+00 -4.41228051e-03  1.11501035e+00 -1.35464882e-02  3.50566788e-01 -7.82733430e-03 
 5.33334895e+01  3.55626476e-09  6.57949644e-08  3.38879853e-09  2.61506407e-08  1.01179936e-10 -2.43434308e-07 -6.98766989e-10 -2.79200404e-07  1.05167005e+00 -4.44248272e-03  1.11741537e+00 -1.36270055e-02  3.51404115e-01 -7.85952817e-03 
 5.33949274e+01  3.56717535e-09  6.65393665e-08  3.39836794e-09  2.68250084e-08  8.73424317e-11 -2.43655196e-07 -7.16835781e-10 -2.79548379e-07  1.05231568e+00 -4.47290842e-03  1.11983616e+00 -1.37082346e-02  3.52246975e-01 -7.89200958e-03 
 5.34564359e+01  3.57823603e-09  6.72871396e-08  3.40807603e-09  2.75024846e-08  7.34197822e-11 -2.43878529e-07 -7.35028085e-10 -2.79899614e-07  1.05296538e+00 -4.50356025e-03  1.12227287e+00 -1.37901844e-02  3.53095423e-01 -7.92478194e-03 
 5.35180154e+01  3.58944857e-09  6.80383174e-08  3.41792443e-09  2.81831005e-08  5.94107808e-11 -2.44104329e-07 -7.53345584e-10 -2.80254139e-07  1.05361919e+00 -4.53444089e-03  1.12472564e+00 -1.38728637e-02  3.53949511e-01 -7.95784875e-03 
 5.35796658e+01  3.60081479e-09  6.87929335e-08  3.42791483e-09  2.88668879e-08  4.53142015e-11 -2.44332617e-07 -7.71789981e-10 -2.80611983e-07  1.05427715e+00 -4.56555308e-03  1.12719463e+00 -1.39562817e-02  3.54809292e-01 -7.99121351e-03 
 5.36413871e+01  3.61233651e-09  6.95510223e-08  3.43804889e-09  2.95538788e-08  3.11287993e-11 -2.44563415e-07 -7.90363009e-10 -2.80973175e-07  1.05493930e+00 -4.59689958e-03  1.12967999e+00 -1.40404475e-02  3.55674822e-01 -8.02487984e-03 
 5.37031796e+01  3.62401559e-09  7.03126184e-08  3.44832836e-09  3.02441057e-08  1.68533096e-11 -2.44796745e-07 -8.09066427e-10 -2.81337747e-07  1.05560567e+00 -4.62848318e-03  1.13218189e+00 -1.41253705e-02  3.56546156e-01 -8.05885136e-03 
 5.37650433e+01  3.63585392e-09  7.10777571e-08  3.45875496e-09  3.09376016e-08  2.48644799e-12 -2.45032629e-07 -8.27902023e-10 -2.81705728e-07  1.05627632e+00 -4.66030676e-03  1.13470048e+00 -1.42110601e-02  3.57423349e-01 -8.09313178e-03 
 5.38269783e+01  3.64785344e-09  7.18464738e-08  3.46933049e-09  3.16343998e-08 -1.19730901e-11 -2.45271090e-07 -8.46871611e-10 -2.82077150e-07  1.05695127e+00 -4.69237319e-03  1.13723592e+00 -1.42975261e-02  3.58306458e-01 -8.12772485e-03 
 5.38889845e+01  3.66001609e-09  7.26188048e-08  3.48005674e-09  3.23345341e-08 -2.65266299e-11 -2.45512151e-07 -8.65977035e-10 -2.82452044e-07  1.05763058e+00 -4.72468542e-03  1.13978837e+00 -1.43847782e-02  3.59195541e-01 -8.16263439e-03 
 5.39510623e+01  3.67234385e-09  7.33947863e-08  3.49093555e-09  3.30380386e-08 -4.11755179e-11 -2.45755835e-07 -8.85220169e-10 -2.82830442e-07  1.05831427e+00 -4.75724644e-03  1.14235800e+00 -1.44728264e-02  3.60090655e-01 -8.19786426e-03 
 5.40132115e+01  3.68483876e-09  7.41744556e-08  3.50196879e-09  3.37449480e-08 -5.59211216e-11 -2.46002167e-07 -9.04602915e-10 -2.83212376e-07  1.05900240e+00 -4.79005926e-03  1.14494498e+00 -1.45616808e-02  3.60991861e-01 -8.23341842e-03 
 5.40754323e+01  3.69750286e-09  7.49578499e-08  3.51315835e-09  3.44552974e-08 -7.07648307e-11 -2.46251169e-07 -9.24127207e-10 -2.83597878e-07  1.05969501e+00 -4.82312698e-03  1.14754948e+00 -1.46513517e-02  3.61899216e-01 -8.26930085e-03 
 5.41377248e+01  3.71033823e-09  7.57450074e-08  3.52450616e-09  3.51691222e-08 -8.57080572e-11 -2.46502866e-07 -9.43795008e-10 -2.83986982e-07  1.06039213e+00 -4.85645271e-03  1.15017166e+00 -1.47418495e-02  3.62812783e-01 -8.30551561e-03 
 5.42000890e+01  3.72334700e-09  7.65359663e-08  3.53601418e-09  3.58864586e-08 -1.00752236e-10 -2.46757283e-07 -9.63608316e-10 -2.84379722e-07  1.06109381e+00 -4.89003963e-03  1.15281170e+00 -1.48331849e-02  3.63732621e-01 -8.34206684e-03 
 5.42625251e+01  3.73653133e-09  7.73307656e-08  3.54768440e-09  3.66073430e-08 -1.15898824e-10 -2.47014444e-07 -9.83569158e-10 -2.84776131e-07  1.06180011e+00 -4.92389096e-03  1.15546978e+00 -1.49253685e-02  3.64658793e-01 -8.37895872e-03 
 5.43250331e+01  3.74989341e-09  7.81294448e-08  3.55951885e-09  3.73318123e-08 -1.31149303e-10 -2.47274374e-07 -1.00367960e-09 -2.85176243e-07  1.06251105e+00 -4.95800998e-03  1.15814607e+00 -1.50184115e-02  3.65591362e-01 -8.41619550e-03 
 5.43876132e+01  3.76343547e-09  7.89320438e-08  3.57151960e-09  3.80599040e-08 -1.46505179e-10 -2.47537100e-07 -1.02394172e-09 -2.85580094e-07  1.06322669e+00 -4.99240001e-03  1.16084076e+00 -1.51123249e-02  3.66530392e-01 -8.45378153e-03 
 5.44502653e+01  3.77715976e-09  7.97386032e-08  3.58368873e-09  3.87916559e-08 -1.61967982e-10 -2.47802646e-07 -1.04435767e-09 -2.85987718e-07  1.06394707e+00 -5.02706444e-03  1.16355403e+00 -1.52071200e-02  3.67475946e-01 -8.49172119e-03 
 5.45129896e+01  3.79106861e-09  8.05491640e-08  3.59602837e-09  3.95271066e-08 -1.77539267e-10 -2.48071040e-07 -1.06492960e-09 -2.86399153e-07  1.06467224e+00 -5.06200669e-03  1.16628606e+00 -1.53028084e-02  3.68428091e-01 -8.53001895e-03 
 5.45757861e+01  3.80516436e-09  8.13637676e-08  3.60854070e-09  4.02662949e-08 -1.93220615e-10 -2.48342307e-07 -1.08565972e-09 -2.86814433e-07  1.06540225e+00 -5.09723026e-03  1.16903704e+00 -1.53994018e-02  3.69386893e-01 -8.56867934e-03 
 5.46386550e+01  3.81944938e-09  8.21824563e-08  3.62122792e-09  4.10092603e-08 -2.09013633e-10 -2.48616475e-07 -1.10655025e-09 -2.87233595e-07  1.06613714e+00 -5.13273868e-03  1.17180717e+00 -1.54969120e-02  3.70352418e-01 -8.60770700e-03 
 5.47015963e+01  3.83392610e-09  8.30052728e-08  3.63409227e-09  4.17560428e-08 -2.24919954e-10 -2.48893571e-07 -1.12760347e-09 -2.87656678e-07  1.06687697e+00 -5.16853556e-03  1.17459663e+00 -1.55953511e-02  3.71324736e-01 -8.64710659e-03 
 5.47646101e+01  3.84859699e-09  8.38322602e-08  3.64713602e-09  4.25066830e-08 -2.40941240e-10 -2.49173622e-07 -1.14882169e-09 -2.88083718e-07  1.06762177e+00 -5.20462456e-03  1.17740563e+00 -1.56947314e-02  3.72303914e-01 -8.68688289e-03 
 5.48276965e+01  3.86346456e-09  8.46634625e-08  3.66036151e-09  4.32612218e-08 -2.57079178e-10 -2.49456657e-07 -1.17020727e-09 -2.88514754e-07  1.06837161e+00 -5.24100939e-03  1.18023435e+00 -1.57950655e-02  3.73290022e-01 -8.72704074e-03 
 5.48908556e+01  3.87853135e-09  8.54989240e-08  3.67377108e-09  4.40197009e-08 -2.73335485e-10 -2.49742704e-07 -1.19176258e-09 -2.88949825e-07  1.06912653e+00 -5.27769383e-03  1.18308301e+00 -1.58963660e-02  3.74283132e-01 -8.76758507e-03 
 5.49540874e+01  3.89379997e-09  8.63386899e-08  3.68736714e-09  4.47821626e-08 -2.89711907e-10 -2.50031791e-07 -1.21349006e-09 -2.89388970e-07  1.06988658e+00 -5.31468172e-03  1.18595180e+00 -1.59986459e-02  3.75283316e-01 -8.80852088e-03 
 5.50173921e+01  3.90927305e-09  8.71828056e-08  3.70115213e-09  4.55486494e-08 -3.06210220e-10 -2.50323949e-07 -1.23539218e-09 -2.89832229e-07  1.07065182e+00 -5.35197696e-03  1.18884093e+00 -1.61019182e-02  3.76290645e-01 -8.84985326e-03 
 5.50807696e+01  3.92495328e-09  8.80313176e-08  3.71512853e-09  4.63192049e-08 -3.22832227e-10 -2.50619206e-07 -1.25747144e-09 -2.90279642e-07  1.07142230e+00 -5.38958353e-03  1.19175061e+00 -1.62061963e-02  3.77305195e-01 -8.89158738e-03 
 5.51442202e+01  3.94084340e-09  8.88842727e-08  3.72929888e-09  4.70938729e-08 -3.39579765e-10 -2.50917592e-07 -1.27973041e-09 -2.90731250e-07  1.07219807e+00 -5.42750544e-03  1.19468105e+00 -1.63114939e-02  3.78327039e-01 -8.93372850e-03 
 5.52077439e+01  3.95694617e-09  8.97417184e-08  3.74366574e-09  4.78726980e-08 -3.56454701e-10 -2.51219139e-07 -1.30217168e-09 -2.91187096e-07  1.07297918e+00 -5.46574681e-03  1.19763247e+00 -1.64178248e-02  3.79356253e-01 -8.97628197e-03 
 5.52713408e+01  3.97326444e-09  9.06037029e-08  3.75823173e-09  4.86557252e-08 -3.73458934e-10 -2.51523876e-07 -1.32479789e-09 -2.91647220e-07  1.07376569e+00 -5.50431179e-03  1.20060509e+00 -1.65252029e-02  3.80392915e-01 -9.01925323e-03 
 5.53350109e+01  3.98980108e-09  9.14702752e-08  3.77299952e-09  4.94430005e-08 -3.90594396e-10 -2.51831836e-07 -1.34761172e-09 -2.92111666e-07  1.07455765e+00 -5.54320462e-03  1.20359912e+00 -1.66336426e-02  3.81437102e-01 -9.06264781e-03 
 5.53987544e+01  4.00655903e-09  9.23414847e-08  3.78797181e-09  5.02345702e-08 -4.07863052e-10 -2.52143049e-07 -1.37061592e-09 -2.92580477e-07  1.07535513e+00 -5.58242962e-03  1.20661479e+00 -1.67431585e-02  3.82488894e-01 -9.10647133e-03 
 5.54625713e+01  4.02354125e-09  9.32173816e-08  3.80315137e-09  5.10304814e-08 -4.25266901e-10 -2.52457548e-07 -1.39381327e-09 -2.93053698e-07  1.07615818e+00 -5.62199115e-03  1.20965234e+00 -1.68537653e-02  3.83548370e-01 -9.15072951e-03 
 5.55264617e+01  4.04075080e-09  9.40980170e-08  3.81854100e-09  5.18307817e-08 -4.42807978e-10 -2.52775366e-07 -1.41720659e-09 -2.93531371e-07  1.07696685e+00 -5.66189367e-03  1.21271198e+00 -1.69654781e-02  3.84615612e-01 -9.19542816e-03 
 5.55904257e+01  4.05819076e-09  9.49834424e-08  3.83414356e-09  5.26355197e-08 -4.60488350e-10 -2.53096536e-07 -1.44079875e-09 -2.94013544e-07  1.07778121e+00 -5.70214170e-03  1.21579395e+00 -1.70783122e-02  3.85690702e-01 -9.24057322e-03 
 5.56544634e+01  4.07586426e-09  9.58737103e-08  3.84996196e-09  5.34447442e-08 -4.78310125e-10 -2.53421091e-07 -1.46459270e-09 -2.94500261e-07  1.07860131e+00 -5.74273987e-03  1.21889850e+00 -1.71922832e-02  3.86773724e-01 -9.28617068e-03 
 5.57185749e+01  4.09377452e-09  9.67688736e-08  3.86599917e-09  5.42585052e-08 -4.96275445e-10 -2.53749065e-07 -1.48859141e-09 -2.94991569e-07  1.07942721e+00 -5.78369283e-03  1.22202585e+00 -1.73074069e-02  3.87864762e-01 -9.33222669e-03 
 5.57827602e+01  4.11192479e-09  9.76689864e-08  3.88225820e-09  5.50768531e-08 -5.14386489e-10 -2.54080493e-07 -1.51279791e-09 -2.95487515e-07  1.08025898e+00 -5.82500537e-03  1.22517626e+00 -1.74236995e-02  3.88963903e-01 -9.37874746e-03 
 5.58470195e+01  4.13031839e-09  9.85741032e-08  3.89874211e-09  5.58998391e-08 -5.32645478e-10 -2.54415409e-07 -1.53721529e-09 -2.95988147e-07  1.08109668e+00 -5.86668232e-03  1.22834997e+00 -1.75411773e-02  3.90071234e-01 -9.42573933e-03 
 5.59113528e+01  4.14895870e-09  9.94842795e-08  3.91545404e-09  5.67275151e-08 -5.51054670e-10 -2.54753850e-07 -1.56184669e-09 -2.96493513e-07  1.08194037e+00 -5.90872860e-03  1.23154723e+00 -1.76598572e-02  3.91186842e-01 -9.47320875e-03 
 5.59757601e+01  4.16784915e-09  1.00399571e-07  3.93239717e-09  5.75599337e-08 -5.69616363e-10 -2.55095852e-07 -1.58669531e-09 -2.97003663e-07  1.08279012e+00 -5.95114925e-03  1.23476830e+00 -1.77797561e-02  3.92310819e-01 -9.52116229e-03 
 5.60402417e+01  4.18699325e-09  1.01320036e-07  3.94957474e-09  5.83971484e-08 -5.88332899e-10 -2.55441450e-07 -1.61176441e-09 -2.97518647e-07  1.08364598e+00 -5.99394935e-03  1.23801343e+00 -1.79008913e-02  3.93443255e-01 -9.56960661e-03 
 5.61047976e+01  4.20639457e-09  1.02245731e-07  3.96699006e-09  5.92392134e-08 -6.07206658e-10 -2.55790682e-07 -1.63705729e-09 -2.98038515e-07  1.08450803e+00 -6.03713409e-03  1.24128290e+00 -1.80232804e-02  3.94584242e-01 -9.61854852e-03 
 5.61694278e+01  4.22605672e-09  1.03176715e-07  3.98464647e-09  6.00861837e-08 -6.26240066e-10 -2.56143586e-07 -1.66257732e-09 -2.98563318e-07  1.08537633e+00 -6.08070875e-03  1.24457695e+00 -1.81469414e-02  3.95733874e-01 -9.66799492e-03 
 5.62341325e+01  4.24598343e-09  1.04113048e-07  4.00254742e-09  6.09381150e-08 -6.45435592e-10 -2.56500200e-07 -1.68832795e-09 -2.99093110e-07  1.08625095e+00 -6.12467871e-03  1.24789587e+00 -1.82718926e-02  3.96892246e-01 -9.71795286e-03 
 5.62989117e+01  4.26617844e-09  1.05054790e-07  4.02069638e-09  6.17950639e-08 -6.64795751e-10 -2.56860562e-07 -1.71431267e-09 -2.99627941e-07  1.08713195e+00 -6.16904943e-03  1.25123992e+00 -1.83981525e-02  3.98059454e-01 -9.76842950e-03 
 5.63637656e+01  4.28664560e-09  1.06002003e-07  4.03909691e-09  6.26570879e-08 -6.84323102e-10 -2.57224712e-07 -1.74053504e-09 -3.00167868e-07  1.08801942e+00 -6.21382647e-03  1.25460939e+00 -1.85257401e-02  3.99235597e-01 -9.81943212e-03 
 5.64286941e+01  4.30738881e-09  1.06954748e-07  4.05775263e-09  6.35242453e-08 -7.04020252e-10 -2.57592690e-07 -1.76699868e-09 -3.00712943e-07  1.08891341e+00 -6.25901551e-03  1.25800455e+00 -1.86546747e-02  4.00420774e-01 -9.87096816e-03 
 5.64936975e+01  4.32841207e-09  1.07913088e-07  4.07666722e-09  6.43965952e-08 -7.23889855e-10 -2.57964536e-07 -1.79370728e-09 -3.01263222e-07  1.08981400e+00 -6.30462229e-03  1.26142569e+00 -1.87849758e-02  4.01615085e-01 -9.92304517e-03 
 5.65587757e+01  4.34971941e-09  1.08877089e-07  4.09584445e-09  6.52741975e-08 -7.43934617e-10 -2.58340292e-07 -1.82066461e-09 -3.01818761e-07  1.09072127e+00 -6.35065268e-03  1.26487311e+00 -1.89166635e-02  4.02818633e-01 -9.97567084e-03 
 5.66239289e+01  4.37131499e-09  1.09846814e-07  4.11528814e-09  6.61571132e-08 -7.64157291e-10 -2.58719998e-07 -1.84787449e-09 -3.02379618e-07  1.09163528e+00 -6.39711267e-03  1.26834709e+00 -1.90497582e-02  4.04031522e-01 -1.00288530e-02 
 5.66891572e+01  4.39320301e-09  1.10822330e-07  4.13500220e-09  6.70454042e-08 -7.84560682e-10 -2.59103699e-07 -1.87534082e-09 -3.02945850e-07  1.09255611e+00 -6.44400831e-03  1.27184794e+00 -1.91842806e-02  4.05253856e-01 -1.00825997e-02 
 5.67544605e+01  4.41538775e-09  1.11803703e-07  4.15499059e-09  6.79391330e-08 -8.05147649e-10 -2.59491435e-07 -1.90306758e-09 -3.03517515e-07  1.09348384e+00 -6.49134582e-03  1.27537595e+00 -1.93202518e-02  4.06485744e-01 -1.01369189e-02 
 5.68198392e+01  4.43787361e-09  1.12791002e-07  4.17525737e-09  6.88383636e-08 -8.25921102e-10 -2.59883252e-07 -1.93105882e-09 -3.04094674e-07  1.09441855e+00 -6.53913147e-03  1.27893144e+00 -1.94576934e-02  4.07727293e-01 -1.01918190e-02 
 5.68852931e+01  4.46066502e-09  1.13784295e-07  4.19580667e-09  6.97431604e-08 -8.46884008e-10 -2.60279193e-07 -1.95931865e-09 -3.04677386e-07  1.09536030e+00 -6.58737170e-03  1.28251472e+00 -1.95966272e-02  4.08978614e-01 -1.02473084e-02 
 5.69508224e+01  4.48376654e-09  1.14783654e-07  4.21664269e-09  7.06535891e-08 -8.68039390e-10 -2.60679303e-07 -1.98785129e-09 -3.05265714e-07  1.09630919e+00 -6.63607303e-03  1.28612611e+00 -1.97370756e-02  4.10239819e-01 -1.03033957e-02 
 5.70164272e+01  4.50718279e-09  1.15789147e-07  4.23776973e-09  7.15697164e-08 -8.89390327e-10 -2.61083629e-07 -2.01666101e-09 -3.05859719e-07  1.09726529e+00 -6.68524212e-03  1.28976592e+00 -1.98790615e-02  4.11511021e-01 -1.03600896e-02 
 5.70821076e+01  4.53091849e-09  1.16800849e-07  4.25919215e-09  7.24916098e-08 -9.10939959e-10 -2.61492216e-07 -2.04575217e-09 -3.06459465e-07  1.09822869e+00 -6.73488574e-03  1.29343449e+00 -2.00226079e-02  4.12792335e-01 -1.04173990e-02 
 5.71478637e+01  4.55497846e-09  1.17818832e-07  4.28091442e-09  7.34193382e-08 -9.32691483e-10 -2.61905112e-07 -2.07512922e-09 -3.07065017e-07  1.09919946e+00 -6.78501079e-03  1.29713215e+00 -2.01677385e-02  4.14083880e-01 -1.04753331e-02 
 5.72136955e+01  4.57936760e-09  1.18843170e-07  4.30294109e-09  7.43529711e-08 -9.54648161e-10 -2.62322363e-07 -2.10479669e-09 -3.07676439e-07  1.10017770e+00 -6.83562431e-03  1.30085923e+00 -2.03144775e-02  4.15385773e-01 -1.05339009e-02 
 5.72796031e+01  4.60409091e-09  1.19873939e-07  4.32527678e-09  7.52925795e-08 -9.76813314e-10 -2.62744020e-07 -2.13475921e-09 -3.08293797e-07  1.10116349e+00 -6.88673346e-03  1.30461608e+00 -2.04628493e-02  4.16698136e-01 -1.05931121e-02 
 5.73455867e+01  4.62915349e-09  1.20911216e-07  4.34792622e-09  7.62382353e-08 -9.99190332e-10 -2.63170131e-07 -2.16502147e-09 -3.08917160e-07  1.10215691e+00 -6.93834552e-03  1.30840304e+00 -2.06128789e-02  4.18021091e-01 -1.06529761e-02 
 5.74116462e+01  4.65456054e-09  1.21955079e-07  4.37089423e-09  7.71900115e-08 -1.02178267e-09 -2.63600746e-07 -2.19558828e-09 -3.09546595e-07  1.10315806e+00 -6.99046794e-03  1.31222048e+00 -2.07645920e-02  4.19354762e-01 -1.07135027e-02 
 5.74777819e+01  4.68031737e-09  1.23005607e-07  4.39418573e-09  7.81479823e-08 -1.04459384e-09 -2.64035917e-07 -2.22646453e-09 -3.10182172e-07  1.10416702e+00 -7.04310828e-03  1.31606874e+00 -2.09180145e-02  4.20699277e-01 -1.07747019e-02 
 5.75439937e+01  4.70642937e-09  1.24062881e-07  4.41780573e-09  7.91122231e-08 -1.06762744e-09 -2.64475694e-07 -2.25765521e-09 -3.10823962e-07  1.10518388e+00 -7.09627427e-03  1.31994819e+00 -2.10731729e-02  4.22054765e-01 -1.08365839e-02 
 5.76102819e+01  4.73290208e-09  1.25126981e-07  4.44175934e-09  8.00828103e-08 -1.09088713e-09 -2.64920131e-07 -2.28916541e-09 -3.11472036e-07  1.10620874e+00 -7.14997377e-03  1.32385921e+00 -2.12300943e-02  4.23421354e-01 -1.08991590e-02 
 5.76766463e+01  4.75974110e-09  1.26197991e-07  4.46605178e-09  8.10598219e-08 -1.11437664e-09 -2.65369281e-07 -2.32100032e-09 -3.12126467e-07  1.10724170e+00 -7.20421478e-03  1.32780216e+00 -2.13888061e-02  4.24799179e-01 -1.09624378e-02 
 5.77430873e+01  4.78695220e-09  1.27275996e-07  4.49068837e-09  8.20433367e-08 -1.13809978e-09 -2.65823198e-07 -2.35316521e-09 -3.12787329e-07  1.10828284e+00 -7.25900549e-03  1.33177744e+00 -2.15493366e-02  4.26188373e-01 -1.10264311e-02 
 5.78096047e+01  4.81454121e-09  1.28361080e-07  4.51567453e-09  8.30334350e-08 -1.16206043e-09 -2.66281937e-07 -2.38566550e-09 -3.13454698e-07  1.10933227e+00 -7.31435421e-03  1.33578542e+00 -2.17117144e-02  4.27589075e-01 -1.10911497e-02 
 5.78761988e+01  4.84251412e-09  1.29453331e-07  4.54101581e-09  8.40301983e-08 -1.18626256e-09 -2.66745553e-07 -2.41850668e-09 -3.14128649e-07  1.11039009e+00 -7.37026943e-03  1.33982651e+00 -2.18759688e-02  4.29001422e-01 -1.11566049e-02 
 5.79428696e+01  4.87087701e-09  1.30552837e-07  4.56671786e-09  8.50337096e-08 -1.21071020e-09 -2.67214105e-07 -2.45169436e-09 -3.14809260e-07  1.11145639e+00 -7.42675980e-03  1.34390110e+00 -2.20421295e-02  4.30425556e-01 -1.12228082e-02 
 5.80096173e+01  4.89963612e-09  1.31659689e-07  4.59278645e-09  8.60440530e-08 -1.23540748e-09 -2.67687649e-07 -2.48523428e-09 -3.15496611e-07  1.11253127e+00 -7.48383415e-03  1.34800960e+00 -2.22102269e-02  4.31861622e-01 -1.12897711e-02 
 5.80764418e+01  4.92879778e-09  1.32773977e-07  4.61922745e-09  8.70613140e-08 -1.26035859e-09 -2.68166245e-07 -2.51913227e-09 -3.16190781e-07  1.11361484e+00 -7.54150147e-03  1.35215243e+00 -2.23802922e-02  4.33309765e-01 -1.13575054e-02 
 5.81433432e+01  4.95836848e-09  1.33895793e-07  4.64604689e-09  8.80855797e-08 -1.28556785e-09 -2.68649952e-07 -2.55339430e-09 -3.16891852e-07  1.11470721e+00 -7.59977092e-03  1.35633001e+00 -2.25523570e-02  4.34770132e-01 -1.14260234e-02 
 5.82103218e+01  4.98835483e-09  1.35025234e-07  4.67325088e-09  8.91169383e-08 -1.31103961e-09 -2.69138831e-07 -2.58802644e-09 -3.17599906e-07  1.11580849e+00 -7.65865187e-03  1.36054276e+00 -2.27264535e-02  4.36242877e-01 -1.14953373e-02 
 5.82773775e+01  5.01876357e-09  1.36162393e-07  4.70084570e-09  9.01554798e-08 -1.33677835e-09 -2.69632943e-07 -2.62303491e-09 -3.18315029e-07  1.11691877e+00 -7.71815385e-03  1.36479112e+00 -2.29026148e-02  4.37728150e-01 -1.15654598e-02 
 5.83445104e+01  5.04960160e-09  1.37307369e-07  4.72883773e-09  9.12012955e-08 -1.36278864e-09 -2.70132352e-07 -2.65842604e-09 -3.19037305e-07  1.11803818e+00 -7.77828659e-03  1.36907553e+00 -2.30808745e-02  4.39226109e-01 -1.16364036e-02 
 5.84117207e+01  5.08087596e-09  1.38460261e-07  4.75723350e-09  9.22544781e-08 -1.38907512e-09 -2.70637120e-07 -2.69420629e-09 -3.19766821e-07  1.11916682e+00 -7.83906001e-03  1.37339643e+00 -2.32612670e-02  4.40736911e-01 -1.17081820e-02 
 5.84790084e+01  5.11259382e-09  1.39621169e-07  4.78603966e-09  9.33151220e-08 -1.41564256e-09 -2.71147313e-07 -2.73038227e-09 -3.20503667e-07  1.12030481e+00 -7.90048424e-03  1.37775430e+00 -2.34438272e-02  4.42260719e-01 -1.17808082e-02 
 5.85463736e+01  5.14476252e-09  1.40790195e-07  4.81526303e-09  9.43833232e-08 -1.44249579e-09 -2.71662997e-07 -2.76696072e-09 -3.21247931e-07  1.12145226e+00 -7.96256960e-03  1.38214959e+00 -2.36285909e-02  4.43797695e-01 -1.18542959e-02 
 5.86138165e+01  5.17738954e-09  1.41967445e-07  4.84491054e-09  9.54591793e-08 -1.46963979e-09 -2.72184239e-07 -2.80394850e-09 -3.21999706e-07  1.12260930e+00 -8.02532663e-03  1.38658276e+00 -2.38155947e-02  4.45348006e-01 -1.19286590e-02 
 5.86813370e+01  5.21048254e-09  1.43153023e-07  4.87498929e-09  9.65427895e-08 -1.49707959e-09 -2.72711106e-07 -2.84135265e-09 -3.22759085e-07  1.12377604e+00 -8.08876609e-03  1.39105432e+00 -2.40048758e-02  4.46911821e-01 -1.20039118e-02 
 5.87489353e+01  5.24404933e-09  1.44347036e-07  4.90550654e-09  9.76342545e-08 -1.52482037e-09 -2.73243669e-07 -2.87918033e-09 -3.23526161e-07  1.12495261e+00 -8.15289893e-03  1.39556473e+00 -2.41964724e-02  4.48489313e-01 -1.20800688e-02 
 5.88166114e+01  5.27809788e-09  1.45549596e-07  4.93646968e-09  9.87336771e-08 -1.55286741e-09 -2.73781997e-07 -2.91743888e-09 -3.24301032e-07  1.12613912e+00 -8.21773638e-03  1.40011450e+00 -2.43904232e-02  4.50080657e-01 -1.21571447e-02 
 5.88843655e+01  5.31263635e-09  1.46760812e-07  4.96788628e-09  9.98411616e-08 -1.58122609e-09 -2.74326163e-07 -2.95613575e-09 -3.25083795e-07  1.12733571e+00 -8.28328984e-03  1.40470413e+00 -2.45867681e-02  4.51686030e-01 -1.22351547e-02 
 5.89521977e+01  5.34767307e-09  1.47980799e-07  4.99976407e-09  1.00956814e-07 -1.60990191e-09 -2.74876239e-07 -2.99527861e-09 -3.25874550e-07  1.12854251e+00 -8.34957100e-03  1.40933414e+00 -2.47855474e-02  4.53305615e-01 -1.23141143e-02 
 5.90201080e+01  5.38321654e-09  1.49209671e-07  5.03211093e-09  1.02080743e-07 -1.63890049e-09 -2.75432299e-07 -3.03487524e-09 -3.26673398e-07  1.12975964e+00 -8.41659175e-03  1.41400505e+00 -2.49868026e-02  4.54939595e-01 -1.23940392e-02 
 5.90880966e+01  5.41927546e-09  1.50447545e-07  5.06493494e-09  1.03213057e-07 -1.66822758e-09 -2.75994419e-07 -3.07493363e-09 -3.27480442e-07  1.13098725e+00 -8.48436426e-03  1.41871739e+00 -2.51905761e-02  4.56588158e-01 -1.24749455e-02 
 5.91561634e+01  5.45585870e-09  1.51694541e-07  5.09824434e-09  1.04353869e-07 -1.69788904e-09 -2.76562676e-07 -3.11546190e-09 -3.28295786e-07  1.13222545e+00 -8.55290094e-03  1.42347170e+00 -2.53969109e-02  4.58251494e-01 -1.25568496e-02 
 5.92243087e+01  5.49297536e-09  1.52950779e-07  5.13204757e-09  1.05503292e-07 -1.72789087e-09 -2.77137148e-07 -3.15646840e-09 -3.29119539e-07  1.13347440e+00 -8.62221448e-03  1.42826854e+00 -2.56058514e-02  4.59929798e-01 -1.26397683e-02 
 5.92925325e+01  5.53063471e-09  1.54216384e-07  5.16635323e-09  1.06661442e-07 -1.75823920e-09 -2.77717914e-07 -3.19796161e-09 -3.29951807e-07  1.13473423e+00 -8.69231780e-03  1.43310845e+00 -2.58174425e-02  4.61623268e-01 -1.27237189e-02 
 5.93608348e+01  5.56884624e-09  1.55491481e-07  5.20117012e-09  1.07828436e-07 -1.78894029e-09 -2.78305056e-07 -3.23995023e-09 -3.30792702e-07  1.13600508e+00 -8.76322414e-03  1.43799202e+00 -2.60317304e-02  4.63332103e-01 -1.28087187e-02 
 5.94292159e+01  5.60761965e-09  1.56776197e-07  5.23650726e-09  1.09004395e-07 -1.82000054e-09 -2.78898655e-07 -3.28244314e-09 -3.31642335e-07  1.13728710e+00 -8.83494700e-03  1.44291981e+00 -2.62487622e-02  4.65056510e-01 -1.28947858e-02 
 5.94976757e+01  5.64696485e-09  1.58070663e-07  5.27237384e-09  1.10189441e-07 -1.85142648e-09 -2.79498796e-07 -3.32544942e-09 -3.32500822e-07  1.13858044e+00 -8.90750018e-03  1.44789243e+00 -2.64685859e-02  4.66796695e-01 -1.29819384e-02 
 5.95662144e+01  5.68689198e-09  1.59375010e-07  5.30877928e-09  1.11383696e-07 -1.88322482e-09 -2.80105564e-07 -3.36897835e-09 -3.33368279e-07  1.13988525e+00 -8.98089777e-03  1.45291048e+00 -2.66912509e-02  4.68552871e-01 -1.30701952e-02 
 5.96348320e+01  5.72741140e-09  1.60689375e-07  5.34573320e-09  1.12587289e-07 -1.91540239e-09 -2.80719046e-07 -3.41303942e-09 -3.34244825e-07  1.14120168e+00 -9.05515416e-03  1.45797455e+00 -2.69168075e-02  4.70325254e-01 -1.31595753e-02 
 5.97035287e+01  5.76853372e-09  1.62013893e-07  5.38324545e-09  1.13800347e-07 -1.94796617e-09 -2.81339329e-07 -3.45764232e-09 -3.35130579e-07  1.14252988e+00 -9.13028408e-03  1.46308528e+00 -2.71453070e-02  4.72114063e-01 -1.32500982e-02 
 5.97723045e+01  5.81026979e-09  1.63348705e-07  5.42132608e-09  1.15023001e-07 -1.98092333e-09 -2.81966505e-07 -3.50279699e-09 -3.36025666e-07  1.14387002e+00 -9.20630255e-03  1.46824330e+00 -2.73768021e-02  4.73919522e-01 -1.33417839e-02 
 5.98411595e+01  5.85263070e-09  1.64693952e-07  5.45998542e-09  1.16255385e-07 -2.01428117e-09 -2.82600665e-07 -3.54851355e-09 -3.36930209e-07  1.14522225e+00 -9.28322495e-03  1.47344926e+00 -2.76113465e-02  4.75741858e-01 -1.34346528e-02 
 5.99100939e+01  5.89562778e-09  1.66049780e-07  5.49923398e-09  1.17497634e-07 -2.04804717e-09 -2.83241902e-07 -3.59480240e-09 -3.37844337e-07  1.14658675e+00 -9.36106698e-03  1.47870381e+00 -2.78489952e-02  4.77581304e-01 -1.35287257e-02 
 5.99791076e+01  5.93927267e-09  1.67416335e-07  5.53908255e-09  1.18749887e-07 -2.08222899e-09 -2.83890311e-07 -3.64167413e-09 -3.38768179e-07  1.14796367e+00 -9.43984469e-03  1.48400762e+00 -2.80898045e-02  4.79438094e-01 -1.36240241e-02 
 6.00482009e+01  5.98357722e-09  1.68793768e-07  5.57954217e-09  1.20012284e-07 -2.11683446e-09 -2.84545989e-07 -3.68913962e-09 -3.39701868e-07  1.14935319e+00 -9.51957451e-03  1.48936138e+00 -2.83338320e-02  4.81312470e-01 -1.37205696e-02 
 6.01173737e+01  6.02855360e-09  1.70182232e-07  5.62062411e-09  1.21284968e-07 -2.15187158e-09 -2.85209035e-07 -3.73720996e-09 -3.40645538e-07  1.15075549e+00 -9.60027321e-03  1.49476577e+00 -2.85811364e-02  4.83204677e-01 -1.38183846e-02 
 6.01866263e+01  6.07421425e-09  1.71581883e-07  5.66233995e-09  1.22568087e-07 -2.18734855e-09 -2.85879549e-07 -3.78589653e-09 -3.41599326e-07  1.15217073e+00 -9.68195795e-03  1.50022151e+00 -2.88317780e-02  4.85114963e-01 -1.39174919e-02 
 6.02559586e+01  6.12057191e-09  1.72992879e-07  5.70470149e-09  1.23861787e-07 -2.22327375e-09 -2.86557634e-07 -3.83521095e-09 -3.42563372e-07  1.15359910e+00 -9.76464629e-03  1.50572931e+00 -2.90858184e-02  4.87043584e-01 -1.40179149e-02 
 6.03253708e+01  6.16763960e-09  1.74415382e-07  5.74772086e-09  1.25166222e-07 -2.25965578e-09 -2.87243393e-07 -3.88516513e-09 -3.43537818e-07  1.15504078e+00 -9.84835617e-03  1.51128991e+00 -2.93433206e-02  4.88990797e-01 -1.41196774e-02 
 6.03948629e+01  6.21543067e-09  1.75849556e-07  5.79141045e-09  1.26481545e-07 -2.29650342e-09 -2.87936933e-07 -3.93577126e-09 -3.44522809e-07  1.15649597e+00 -9.93310596e-03  1.51690406e+00 -2.96043493e-02  4.90956867e-01 -1.42228038e-02 
 6.04644351e+01  6.26395879e-09  1.77295569e-07  5.83578294e-09  1.27807914e-07 -2.33382566e-09 -2.88638363e-07 -3.98704179e-09 -3.45518492e-07  1.15796484e+00 -1.00189144e-02  1.52257252e+00 -2.98689704e-02  4.92942062e-01 -1.43273192e-02 
 6.05340875e+01  6.31323795e-09  1.78753593e-07  5.88085133e-09  1.29145489e-07 -2.37163171e-09 -2.89347792e-07 -4.03898951e-09 -3.46525020e-07  1.15944759e+00 -1.01058008e-02  1.52829605e+00 -3.01372515e-02  4.94946656e-01 -1.44332491e-02 
 6.06038201e+01  6.36328246e-09  1.80223801e-07  5.92662894e-09  1.30494433e-07 -2.40993101e-09 -2.90065333e-07 -4.09162749e-09 -3.47542544e-07  1.16094443e+00 -1.01937847e-02  1.53407547e+00 -3.04092620e-02  4.96970929e-01 -1.45406196e-02 
 6.06736330e+01  6.41410702e-09  1.81706371e-07  5.97312940e-09  1.31854913e-07 -2.44873322e-09 -2.90791101e-07 -4.14496910e-09 -3.48571222e-07  1.16245555e+00 -1.02828863e-02  1.53991156e+00 -3.06850726e-02  4.99015164e-01 -1.46494577e-02 
 6.07435263e+01  6.46572664e-09  1.83201484e-07  6.02036668e-09  1.33227099e-07 -2.48804821e-09 -2.91525213e-07 -4.19902807e-09 -3.49611212e-07  1.16398116e+00 -1.03731262e-02  1.54580516e+00 -3.09647559e-02  5.01079651e-01 -1.47597907e-02 
 6.08135001e+01  6.51815673e-09  1.84709325e-07  6.06835507e-09  1.34611164e-07 -2.52788613e-09 -2.92267786e-07 -4.25381843e-09 -3.50662677e-07  1.16552147e+00 -1.04645255e-02  1.55175710e+00 -3.12483863e-02  5.03164687e-01 -1.48716466e-02 
 6.08835546e+01  6.57141306e-09  1.86230082e-07  6.11710925e-09  1.36007284e-07 -2.56825735e-09 -2.93018944e-07 -4.30935457e-09 -3.51725784e-07  1.16707669e+00 -1.05571056e-02  1.55776824e+00 -3.15360399e-02  5.05270573e-01 -1.49850544e-02 
 6.09536897e+01  6.62551180e-09  1.87763946e-07  6.16664424e-09  1.37415639e-07 -2.60917251e-09 -2.93778809e-07 -4.36565122e-09 -3.52800701e-07  1.16864705e+00 -1.06508888e-02  1.56383944e+00 -3.18277947e-02  5.07397615e-01 -1.51000433e-02 
 6.10239057e+01  6.68046951e-09  1.89311113e-07  6.21697542e-09  1.38836412e-07 -2.65064250e-09 -2.94547509e-07 -4.42272349e-09 -3.53887599e-07  1.17023275e+00 -1.07458976e-02  1.56997160e+00 -3.21237305e-02  5.09546128e-01 -1.52166436e-02 
 6.10942025e+01  6.73630318e-09  1.90871782e-07  6.26811858e-09  1.40269791e-07 -2.69267849e-09 -2.95325171e-07 -4.48058684e-09 -3.54986656e-07  1.17183403e+00 -1.08421552e-02  1.57616562e+00 -3.24239293e-02  5.11716430e-01 -1.53348861e-02 
 6.11645803e+01  6.79303021e-09  1.92446158e-07  6.32008990e-09  1.41715966e-07 -2.73529191e-09 -2.96111927e-07 -4.53925713e-09 -3.56098050e-07  1.17345112e+00 -1.09396854e-02  1.58242242e+00 -3.27284749e-02  5.13908847e-01 -1.54548026e-02 
 6.12350392e+01  6.85066845e-09  1.94034447e-07  6.37290596e-09  1.43175131e-07 -2.77849451e-09 -2.96907911e-07 -4.59875062e-09 -3.57221964e-07  1.17508425e+00 -1.10385123e-02  1.58874295e+00 -3.30374533e-02  5.16123713e-01 -1.55764253e-02 
 6.13055792e+01  6.90923618e-09  1.95636861e-07  6.42658376e-09  1.44647486e-07 -2.82229831e-09 -2.97713260e-07 -4.65908395e-09 -3.58358584e-07  1.17673367e+00 -1.11386609e-02  1.59512817e+00 -3.33509527e-02  5.18361366e-01 -1.56997876e-02 
 6.13762005e+01  6.96875218e-09  1.97253616e-07  6.48114075e-09  1.46133233e-07 -2.86671563e-09 -2.98528112e-07 -4.72027422e-09 -3.59508101e-07  1.17839962e+00 -1.12401568e-02  1.60157905e+00 -3.36690632e-02  5.20622151e-01 -1.58249236e-02 
 6.14469032e+01  7.02923567e-09  1.98884932e-07  6.53659480e-09  1.47632577e-07 -2.91175912e-09 -2.99352611e-07 -4.78233894e-09 -3.60670709e-07  1.18008235e+00 -1.13430260e-02  1.60809660e+00 -3.39918777e-02  5.22906423e-01 -1.59518680e-02 
 6.15176873e+01  7.09070638e-09  2.00531034e-07  6.59296426e-09  1.49145731e-07 -2.95744175e-09 -3.00186901e-07 -4.84529606e-09 -3.61846606e-07  1.18178212e+00 -1.14472953e-02  1.61468184e+00 -3.43194909e-02  5.25214541e-01 -1.60806566e-02 
 6.15885529e+01  7.15318457e-09  2.02192152e-07  6.65026796e-09  1.50672909e-07 -3.00377681e-09 -3.01031131e-07 -4.90916401e-09 -3.63035994e-07  1.18349918e+00 -1.15529922e-02  1.62133582e+00 -3.46520004e-02  5.27546872e-01 -1.62113263e-02 
 6.16595002e+01  7.21669101e-09  2.03868519e-07  6.70852518e-09  1.52214331e-07 -3.05077795e-09 -3.01885451e-07 -4.97396169e-09 -3.64239079e-07  1.18523380e+00 -1.16601448e-02  1.62805959e+00 -3.49895059e-02  5.29903792e-01 -1.63439144e-02 
 6.17305292e+01  7.28124698e-09  2.05560374e-07  6.76775576e-09  1.53770221e-07 -3.09845916e-09 -3.02750016e-07 -5.03970846e-09 -3.65456072e-07  1.18698626e+00 -1.17687820e-02  1.63485423e+00 -3.53321100e-02  5.32285684e-01 -1.64784597e-02 
 6.18016400e+01  7.34687438e-09  2.07267962e-07  6.82798002e-09  1.55340807e-07 -3.14683481e-09 -3.03624984e-07 -5.10642423e-09 -3.66687188e-07  1.18875682e+00 -1.18789332e-02  1.64172087e+00 -3.56799178e-02  5.34692938e-01 -1.66150016e-02 
 6.18728328e+01  7.41359564e-09  2.08991531e-07  6.88921884e-09  1.56926324e-07 -3.19591964e-09 -3.04510515e-07 -5.17412940e-09 -3.67932647e-07  1.19054578e+00 -1.19906289e-02  1.64866062e+00 -3.60330370e-02  5.37125954e-01 -1.67535807e-02 
 6.19441075e+01  7.48143379e-09  2.10731336e-07  6.95149363e-09  1.58527008e-07 -3.24572877e-09 -3.05406773e-07 -5.24284492e-09 -3.69192672e-07  1.19235342e+00 -1.21039002e-02  1.65567465e+00 -3.63915784e-02  5.39585138e-01 -1.68942387e-02 
 6.20154644e+01  7.55041250e-09  2.12487636e-07  7.01482638e-09  1.60143106e-07 -3.29627773e-09 -3.06313927e-07 -5.31259228e-09 -3.70467492e-07  1.19418003e+00 -1.22187789e-02  1.66276413e+00 -3.67556556e-02  5.42070908e-01 -1.70370181e-02 
 6.20869034e+01  7.62055604e-09  2.14260697e-07  7.07923969e-09  1.61774863e-07 -3.34758246e-09 -3.07232147e-07 -5.38339356e-09 -3.71757342e-07  1.19602592e+00 -1.23352978e-02  1.66993027e+00 -3.71253852e-02  5.44583688e-01 -1.71819629e-02 
 6.21584248e+01  7.69188936e-09  2.16050789e-07  7.14475675e-09  1.63422536e-07 -3.39965934e-09 -3.08161608e-07 -5.45527141e-09 -3.73062460e-07  1.19789140e+00 -1.24534905e-02  1.67717429e+00 -3.75008868e-02  5.47123911e-01 -1.73291180e-02 
 6.22300285e+01  7.76443807e-09  2.17858188e-07  7.21140138e-09  1.65086383e-07 -3.45252517e-09 -3.09102490e-07 -5.52824911e-09 -3.74383089e-07  1.19977677e+00 -1.25733914e-02  1.68449746e+00 -3.78822833e-02  5.49692023e-01 -1.74785296e-02 
 6.23017147e+01  7.83822848e-09  2.19683178e-07  7.27919806e-09  1.66766668e-07 -3.50619722e-09 -3.10054974e-07 -5.60235055e-09 -3.75719480e-07  1.20168236e+00 -1.26950359e-02  1.69190106e+00 -3.82697009e-02  5.52288474e-01 -1.76302450e-02 
 6.23734835e+01  7.91328761e-09  2.21526048e-07  7.34817191e-09  1.68463664e-07 -3.56069323e-09 -3.11019247e-07 -5.67760028e-09 -3.77071885e-07  1.20360850e+00 -1.28184603e-02  1.69938639e+00 -3.86632694e-02  5.54913728e-01 -1.77843129e-02 
 6.24453350e+01  7.98964325e-09  2.23387091e-07  7.41834879e-09  1.70177647e-07 -3.61603142e-09 -3.11995500e-07 -5.75402352e-09 -3.78440567e-07  1.20555552e+00 -1.29437019e-02  1.70695481e+00 -3.90631217e-02  5.57568258e-01 -1.79407832e-02 
 6.25172693e+01  8.06732393e-09  2.25266611e-07  7.48975524e-09  1.71908899e-07 -3.67223050e-09 -3.12983928e-07 -5.83164618e-09 -3.79825790e-07  1.20752376e+00 -1.30707990e-02  1.71460767e+00 -3.94693946e-02  5.60252548e-01 -1.80997072e-02 
 6.25892864e+01  8.14635899e-09  2.27164914e-07  7.56241854e-09  1.73657710e-07 -3.72930974e-09 -3.13984729e-07 -5.91049488e-09 -3.81227826e-07  1.20951358e+00 -1.31997908e-02  1.72234638e+00 -3.98822288e-02  5.62967090e-01 -1.82611377e-02 
 6.26613865e+01  8.22677858e-09  2.29082316e-07  7.63636676e-09  1.75424375e-07 -3.78728889e-09 -3.14998108e-07 -5.99059699e-09 -3.82646954e-07  1.21152532e+00 -1.33307177e-02  1.73017238e+00 -4.03017687e-02  5.65712391e-01 -1.84251288e-02 
 6.27335696e+01  8.30861370e-09  2.31019140e-07  7.71162874e-09  1.77209196e-07 -3.84618830e-09 -3.16024272e-07 -6.07198065e-09 -3.84083456e-07  1.21355937e+00 -1.34636212e-02  1.73808712e+00 -4.07281626e-02  5.68488965e-01 -1.85917361e-02 
 6.28058359e+01  8.39189625e-09  2.32975713e-07  7.78823414e-09  1.79012482e-07 -3.90602888e-09 -3.17063434e-07 -6.15467477e-09 -3.85537624e-07  1.21561608e+00 -1.35985439e-02  1.74609209e+00 -4.11615632e-02  5.71297342e-01 -1.87610168e-02 
 6.28781854e+01  8.47665899e-09  2.34952374e-07  7.86621347e-09  1.80834549e-07 -3.96683210e-09 -3.18115812e-07 -6.23870909e-09 -3.87009754e-07  1.21769585e+00 -1.37355295e-02  1.75418884e+00 -4.16021273e-02  5.74138060e-01 -1.89330296e-02 
 6.29506183e+01  8.56293565e-09  2.36949466e-07  7.94559809e-09  1.82675720e-07 -4.02862010e-09 -3.19181627e-07 -6.32411419e-09 -3.88500150e-07  1.21979906e+00 -1.38746231e-02  1.76237892e+00 -4.20500164e-02  5.77011672e-01 -1.91078349e-02 
 6.30231346e+01  8.65076093e-09  2.38967342e-07  8.02642031e-09  1.84536324e-07 -4.09141560e-09 -3.20261109e-07 -6.41092153e-09 -3.90009122e-07  1.22192611e+00 -1.40158708e-02  1.77066393e+00 -4.25053963e-02  5.79918742e-01 -1.92854949e-02 
 6.30957344e+01  8.74017052e-09  2.41006361e-07  8.10871334e-09  1.86416701e-07 -4.15524202e-09 -3.21354489e-07 -6.49916347e-09 -3.91536989e-07  1.22407742e+00 -1.41593202e-02  1.77904551e+00 -4.29684377e-02  5.82859848e-01 -1.94660734e-02 
 6.31684179e+01  8.83120116e-09  2.43066893e-07  8.19251136e-09  1.88317195e-07 -4.22012341e-09 -3.22462006e-07 -6.58887331e-09 -3.93084076e-07  1.22625339e+00 -1.43050203e-02  1.78752534e+00 -4.34393161e-02  5.85835580e-01 -1.96496360e-02 
 6.32411851e+01  8.92389065e-09  2.45149315e-07  8.27784956e-09  1.90238161e-07 -4.28608457e-09 -3.23583903e-07 -6.68008532e-09 -3.94650714e-07  1.22845446e+00 -1.44530211e-02  1.79610512e+00 -4.39182122e-02  5.88846544e-01 -1.98362504e-02 
 6.33140362e+01  9.01827792e-09  2.47254012e-07  8.36476417e-09  1.92179961e-07 -4.35315100e-09 -3.24720431e-07 -6.77283475e-09 -3.96237246e-07  1.23068107e+00 -1.46033745e-02  1.80478662e+00 -4.44053120e-02  5.91893358e-01 -2.00259860e-02 
 6.33869711e+01  9.11440303e-09  2.49381381e-07  8.45329249e-09  1.94142964e-07 -4.42134895e-09 -3.25871844e-07 -6.86715791e-09 -3.97844018e-07  1.23293367e+00 -1.47561336e-02  1.81357163e+00 -4.49008068e-02  5.94976655e-01 -2.02189144e-02 
 6.34599901e+01  9.21230726e-09  2.51531824e-07  8.54347293e-09  1.96127551e-07 -4.49070546e-09 -3.27038403e-07 -6.96309220e-09 -3.99471388e-07  1.23521271e+00 -1.49113531e-02  1.82246198e+00 -4.54048936e-02  5.98097083e-01 -2.04151092e-02 
 6.35330932e+01  9.31203311e-09  2.53705756e-07  8.63534505e-09  1.98134110e-07 -4.56124838e-09 -3.28220377e-07 -7.06067609e-09 -4.01119721e-07  1.23751866e+00 -1.50690894e-02  1.83145955e+00 -4.59177753e-02  6.01255307e-01 -2.06146460e-02 
 6.36062805e+01  9.41362436e-09  2.55903602e-07  8.72894961e-09  2.00163039e-07 -4.63300638e-09 -3.29418039e-07 -7.15994923e-09 -4.02789391e-07  1.23985200e+00 -1.52294004e-02  1.84056628e+00 -4.64396608e-02  6.04452005e-01 -2.08176030e-02 
 6.36795521e+01  9.51712613e-09  2.58125795e-07  8.82432862e-09  2.02214744e-07 -4.70600901e-09 -3.30631671e-07 -7.26095247e-09 -4.04480781e-07  1.24221324e+00 -1.53923457e-02  1.84978413e+00 -4.69707653e-02  6.07687875e-01 -2.10240604e-02 
 6.37529081e+01  9.62258489e-09  2.60372780e-07  8.92152534e-09  2.04289642e-07 -4.78028672e-09 -3.31861558e-07 -7.36372789e-09 -4.06194283e-07  1.24460286e+00 -1.55579868e-02  1.85911513e+00 -4.75113104e-02  6.10963628e-01 -2.12341009e-02 
 6.38263486e+01  9.73004856e-09  2.62645012e-07  9.02058439e-09  2.06388162e-07 -4.85587088e-09 -3.33107997e-07 -7.46831884e-09 -4.07930299e-07  1.24702140e+00 -1.57263869e-02  1.86856134e+00 -4.80615245e-02  6.14279994e-01 -2.14478098e-02 
 6.38998737e+01  9.83956653e-09  2.64942958e-07  9.12155176e-09  2.08510740e-07 -4.93279383e-09 -3.34371287e-07 -7.57477003e-09 -4.09689241e-07  1.24946937e+00 -1.58976112e-02  1.87812488e+00 -4.86216430e-02  6.17637723e-01 -2.16652748e-02 
 6.39734835e+01  9.95118973e-09  2.67267096e-07  9.22447486e-09  2.10657826e-07 -5.01108892e-09 -3.35651740e-07 -7.68312753e-09 -4.11471530e-07  1.25194732e+00 -1.60717268e-02  1.88780793e+00 -4.91919086e-02  6.21037579e-01 -2.18865864e-02 
 6.40471782e+01  1.00649707e-08  2.69617917e-07  9.32940259e-09  2.12829878e-07 -5.09079053e-09 -3.36949670e-07 -7.79343885e-09 -4.13277599e-07  1.25445581e+00 -1.62488028e-02  1.89761272e+00 -4.97725715e-02  6.24480350e-01 -2.21118377e-02 
 6.41209577e+01  1.01809635e-08  2.71995922e-07  9.43638540e-09  2.15027368e-07 -5.17193412e-09 -3.38265404e-07 -7.90575299e-09 -4.15107890e-07  1.25699540e+00 -1.64289105e-02  1.90754151e+00 -5.03638894e-02  6.27966840e-01 -2.23411250e-02 
 6.41948222e+01  1.02992242e-08  2.74401625e-07  9.54547534e-09  2.17250778e-07 -5.25455626e-09 -3.39599273e-07 -8.02012047e-09 -4.16962859e-07  1.25956669e+00 -1.66121235e-02  1.91759667e+00 -5.09661285e-02  6.31497874e-01 -2.25745472e-02 
 6.42687717e+01  1.04198103e-08  2.76835556e-07  9.65672610e-09  2.19500605e-07 -5.33869470e-09 -3.40951619e-07 -8.13659344e-09 -4.18842970e-07  1.26217027e+00 -1.67985173e-02  1.92778057e+00 -5.15795631e-02  6.35074299e-01 -2.28122065e-02 
 6.43428065e+01  1.05427814e-08  2.79298256e-07  9.77019311e-09  2.21777355e-07 -5.42438838e-09 -3.42322792e-07 -8.25522570e-09 -4.20748702e-07  1.26480674e+00 -1.69881700e-02  1.93809569e+00 -5.22044765e-02  6.38696982e-01 -2.30542083e-02 
 6.44169266e+01  1.06681989e-08  2.81790279e-07  9.88593358e-09  2.24081550e-07 -5.51167751e-09 -3.43713152e-07 -8.37607277e-09 -4.22680544e-07  1.26747676e+00 -1.71811624e-02  1.94854454e+00 -5.28411606e-02  6.42366814e-01 -2.33006613e-02 
 6.44911320e+01  1.07961262e-08  2.84312195e-07  1.00040066e-08  2.26413723e-07 -5.60060358e-09 -3.45123065e-07 -8.49919197e-09 -4.24638998e-07  1.27018095e+00 -1.73775773e-02  1.95912971e+00 -5.34899172e-02  6.46084708e-01 -2.35516777e-02 
 6.45654229e+01  1.09266288e-08  2.86864588e-07  1.01244732e-08  2.28774422e-07 -5.69120944e-09 -3.46552910e-07 -8.62464249e-09 -4.26624581e-07  1.27291999e+00 -1.75775006e-02  1.96985387e+00 -5.41510576e-02  6.49851600e-01 -2.38073733e-02 
 6.46397994e+01  1.10597744e-08  2.89448058e-07  1.02473963e-08  2.31164211e-07 -5.78353936e-09 -3.48003075e-07 -8.75248545e-09 -4.28637821e-07  1.27569454e+00 -1.77810206e-02  1.98071972e+00 -5.48249032e-02  6.53668451e-01 -2.40678675e-02 
 6.47142616e+01  1.11956328e-08  2.92063219e-07  1.03728411e-08  2.33583666e-07 -5.87763906e-09 -3.49473956e-07 -8.88278398e-09 -4.30679261e-07  1.27850532e+00 -1.79882288e-02  1.99173007e+00 -5.55117860e-02  6.57536248e-01 -2.43332838e-02 
 6.47888095e+01  1.13342764e-08  2.94710704e-07  1.05008749e-08  2.36033379e-07 -5.97355576e-09 -3.50965964e-07 -9.01560330e-09 -4.32749458e-07  1.28135304e+00 -1.81992193e-02  2.00288778e+00 -5.62120491e-02  6.61456003e-01 -2.46037496e-02 
 6.48634434e+01  1.14757796e-08  2.97391161e-07  1.06315672e-08  2.38513959e-07 -6.07133830e-09 -3.52479516e-07 -9.15101082e-09 -4.34848984e-07  1.28423843e+00 -1.84140896e-02  2.01419581e+00 -5.69260468e-02  6.65428755e-01 -2.48793964e-02 
 6.49381632e+01  1.16202198e-08  3.00105256e-07  1.07649898e-08  2.41026029e-07 -6.17103714e-09 -3.54015043e-07 -9.28907622e-09 -4.36978427e-07  1.28716225e+00 -1.86329401e-02  2.02565717e+00 -5.76541454e-02  6.69455573e-01 -2.51603603e-02 
 6.50129690e+01  1.17676766e-08  3.02853671e-07  1.09012172e-08  2.43570232e-07 -6.27270444e-09 -3.55572988e-07 -9.42987151e-09 -4.39138391e-07  1.29012527e+00 -1.88558748e-02  2.03727498e+00 -5.83967235e-02  6.73537551e-01 -2.54467817e-02 
 6.50878611e+01  1.19182326e-08  3.05637110e-07  1.10403263e-08  2.46147226e-07 -6.37639418e-09 -3.57153804e-07 -9.57347117e-09 -4.41329494e-07  1.29312829e+00 -1.90830011e-02  2.04905242e+00 -5.91541725e-02  6.77675816e-01 -2.57388060e-02 
 6.51628394e+01  1.20719732e-08  3.08456293e-07  1.11823965e-08  2.48757688e-07 -6.48216215e-09 -3.58757957e-07 -9.71995225e-09 -4.43552373e-07  1.29617213e+00 -1.93144297e-02  2.06099277e+00 -5.99268972e-02  6.81871525e-01 -2.60365833e-02 
 6.52379041e+01  1.22289866e-08  3.11311963e-07  1.13275101e-08  2.51402313e-07 -6.59006611e-09 -3.60385928e-07 -9.86939443e-09 -4.45807683e-07  1.29925763e+00 -1.95502755e-02  2.07309941e+00 -6.07153165e-02  6.86125866e-01 -2.63402687e-02 
 6.53130553e+01  1.23893643e-08  3.14204880e-07  1.14757525e-08  2.54081815e-07 -6.70016580e-09 -3.62038209e-07 -1.00218802e-08 -4.48096097e-07  1.30238565e+00 -1.97906570e-02  2.08537578e+00 -6.15198635e-02  6.90440060e-01 -2.66500231e-02 
 6.53882930e+01  1.25532009e-08  3.17135828e-07  1.16272116e-08  2.56796931e-07 -6.81252309e-09 -3.63715306e-07 -1.01774949e-08 -4.50418304e-07  1.30555708e+00 -2.00356970e-02  2.09782546e+00 -6.23409866e-02  6.94815364e-01 -2.69660124e-02 
 6.54636174e+01  1.27205944e-08  3.20105613e-07  1.17819790e-08  2.59548414e-07 -6.92720202e-09 -3.65417740e-07 -1.03363269e-08 -4.52775016e-07  1.30877284e+00 -2.02855222e-02  2.11045210e+00 -6.31791499e-02  6.99253068e-01 -2.72884086e-02 
 6.55390286e+01  1.28916463e-08  3.23115062e-07  1.19401490e-08  2.62337041e-07 -7.04426890e-09 -3.67146047e-07 -1.04984677e-08 -4.55166963e-07  1.31203387e+00 -2.05402640e-02  2.12325946e+00 -6.40348341e-02  7.03754499e-01 -2.76173898e-02 
 6.56145266e+01  1.30664616e-08  3.26165026e-07  1.21018199e-08  2.65163612e-07 -7.16379244e-09 -3.68900777e-07 -1.06640121e-08 -4.57594897e-07  1.31534112e+00 -2.08000584e-02  2.13625142e+00 -6.49085367e-02  7.08321023e-01 -2.79531400e-02 
 6.56901116e+01  1.32451494e-08  3.29256382e-07  1.22670930e-08  2.68028947e-07 -7.28584381e-09 -3.70682496e-07 -1.08330583e-08 -4.60059591e-07  1.31869560e+00 -2.10650459e-02  2.14943194e+00 -6.58007734e-02  7.12954044e-01 -2.82958502e-02 
 6.57657837e+01  1.34278225e-08  3.32390031e-07  1.24360736e-08  2.70933893e-07 -7.41049679e-09 -3.72491788e-07 -1.10057080e-08 -4.62561841e-07  1.32209833e+00 -2.13353725e-02  2.16280514e+00 -6.67120782e-02  7.17655007e-01 -2.86457179e-02 
 6.58415430e+01  1.36145979e-08  3.35566900e-07  1.26088708e-08  2.73879320e-07 -7.53782785e-09 -3.74329252e-07 -1.11820668e-08 -4.65102465e-07  1.32555035e+00 -2.16111888e-02  2.17637522e+00 -6.76430050e-02  7.22425401e-01 -2.90029480e-02 
 6.59173895e+01  1.38055971e-08  3.38787945e-07  1.27855978e-08  2.76866123e-07 -7.66791629e-09 -3.76195507e-07 -1.13622440e-08 -4.67682306e-07  1.32905275e+00 -2.18926515e-02  2.19014652e+00 -6.85941276e-02  7.27266755e-01 -2.93677527e-02 
 6.59933234e+01  1.40009460e-08  3.42054149e-07  1.29663720e-08  2.79895225e-07 -7.80084435e-09 -3.78091187e-07 -1.15463530e-08 -4.70302232e-07  1.33260666e+00 -2.21799224e-02  2.20412351e+00 -6.95660413e-02  7.32180646e-01 -2.97403519e-02 
 6.60693448e+01  1.42007751e-08  3.45366523e-07  1.31513152e-08  2.82967576e-07 -7.93669736e-09 -3.80016948e-07 -1.17345115e-08 -4.72963136e-07  1.33621320e+00 -2.24731697e-02  2.21831080e+00 -7.05593634e-02  7.37168697e-01 -3.01209738e-02 
 6.61454537e+01  1.44052200e-08  3.48726111e-07  1.33405537e-08  2.86084153e-07 -8.07556388e-09 -3.81973464e-07 -1.19268416e-08 -4.75665939e-07  1.33987358e+00 -2.27725675e-02  2.23271311e+00 -7.15747344e-02  7.42232579e-01 -3.05098550e-02 
 6.62216504e+01  1.46144216e-08  3.52133987e-07  1.35342189e-08  2.89245964e-07 -8.21753582e-09 -3.83961430e-07 -1.21234701e-08 -4.78411589e-07  1.34358900e+00 -2.30782966e-02  2.24733533e+00 -7.26128193e-02  7.47374016e-01 -3.09072409e-02 
 6.62979348e+01  1.48285259e-08  3.55591258e-07  1.37324469e-08  2.92454048e-07 -8.36270862e-09 -3.85981561e-07 -1.23245286e-08 -4.81201062e-07  1.34736072e+00 -2.33905443e-02  2.26218249e+00 -7.36743080e-02  7.52594782e-01 -3.13133864e-02 
 6.63743070e+01  1.50476847e-08  3.59099065e-07  1.39353795e-08  2.95709475e-07 -8.51118141e-09 -3.88034597e-07 -1.25301536e-08 -4.84035367e-07  1.35119003e+00 -2.37095052e-02  2.27725978e+00 -7.47599173e-02  7.57896706e-01 -3.17285559e-02 
 6.64507673e+01  1.52720558e-08  3.62658583e-07  1.41431635e-08  2.99013349e-07 -8.66305719e-09 -3.90121296e-07 -1.27404873e-08 -4.86915541e-07  1.35507827e+00 -2.40353813e-02  2.29257254e+00 -7.58703915e-02  7.63281674e-01 -3.21530240e-02 
 6.65273156e+01  1.55018032e-08  3.66271027e-07  1.43559520e-08  3.02366807e-07 -8.81844297e-09 -3.92242445e-07 -1.29556770e-08 -4.89842655e-07  1.35902682e+00 -2.43683824e-02  2.30812628e+00 -7.70065039e-02  7.68751631e-01 -3.25870758e-02 
 6.66039521e+01  1.57370971e-08  3.69937646e-07  1.45739039e-08  3.05771023e-07 -8.97745003e-09 -3.94398852e-07 -1.31758762e-08 -4.92817812e-07  1.36303709e+00 -2.47087261e-02  2.32392669e+00 -7.81690585e-02  7.74308583e-01 -3.30310079e-02 
 6.66806769e+01  1.59781149e-08  3.73659732e-07  1.47971845e-08  3.09227209e-07 -9.14019406e-09 -3.96591352e-07 -1.34012444e-08 -4.95842154e-07  1.36711055e+00 -2.50566390e-02  2.33997963e+00 -7.93588910e-02  7.79954598e-01 -3.34851281e-02 
 6.67574901e+01  1.62250410e-08  3.77438617e-07  1.50259657e-08  3.12736612e-07 -9.30679541e-09 -3.98820807e-07 -1.36319473e-08 -4.98916854e-07  1.37124871e+00 -2.54123561e-02  2.35629116e+00 -8.05768703e-02  7.85691813e-01 -3.39497567e-02 
 6.68343918e+01  1.64780671e-08  3.81275675e-07  1.52604266e-08  3.16300523e-07 -9.47737929e-09 -4.01088105e-07 -1.38681576e-08 -5.02043127e-07  1.37545312e+00 -2.57761221e-02  2.37286751e+00 -8.18239008e-02  7.91522430e-01 -3.44252267e-02 
 6.69113820e+01  1.67373930e-08  3.85172325e-07  1.55007534e-08  3.19920274e-07 -9.65207604e-09 -4.03394165e-07 -1.41100548e-08 -5.05222225e-07  1.37972539e+00 -2.61481914e-02  2.38971515e+00 -8.31009230e-02  7.97448727e-01 -3.49118845e-02 
 6.69884609e+01  1.70032266e-08  3.89130033e-07  1.57471401e-08  3.23597239e-07 -9.83102137e-09 -4.05739935e-07 -1.43578258e-08 -5.08455442e-07  1.38406720e+00 -2.65288284e-02  2.40684073e+00 -8.44089166e-02  8.03473051e-01 -3.54100905e-02 
 6.70656287e+01  1.72757846e-08  3.93150313e-07  1.59997887e-08  3.27332839e-07 -1.00143566e-08 -4.08126394e-07 -1.46116655e-08 -5.11744115e-07  1.38848024e+00 -2.69183087e-02  2.42425113e+00 -8.57489011e-02  8.09597832e-01 -3.59202201e-02 
 6.71428853e+01  1.75552925e-08  3.97234729e-07  1.62589098e-08  3.31128541e-07 -1.02022290e-08 -4.10554554e-07 -1.48717767e-08 -5.15089624e-07  1.39296630e+00 -2.73169188e-02  2.44195346e+00 -8.71219390e-02  8.15825575e-01 -3.64426638e-02 
 6.72202309e+01  1.78419855e-08  4.01384898e-07  1.65247228e-08  3.34985861e-07 -1.03947920e-08 -4.13025460e-07 -1.51383707e-08 -5.18493396e-07  1.39752722e+00 -2.77249573e-02  2.45995506e+00 -8.85291370e-02  8.22158874e-01 -3.69778289e-02 
 6.72976656e+01  1.81361091e-08  4.05602492e-07  1.67974567e-08  3.38906369e-07 -1.05922056e-08 -4.15540194e-07 -1.54116679e-08 -5.21956908e-07  1.40216487e+00 -2.81427351e-02  2.47826353e+00 -8.99716490e-02  8.28600408e-01 -3.75261394e-02 
 6.73751895e+01  1.84379188e-08  4.09889237e-07  1.70773500e-08  3.42891684e-07 -1.07946368e-08 -4.18099874e-07 -1.56918983e-08 -5.25481684e-07  1.40688123e+00 -2.85705763e-02  2.49688673e+00 -9.14506779e-02  8.35152948e-01 -3.80880373e-02 
 6.74528028e+01  1.87476816e-08  4.14246923e-07  1.73646518e-08  3.46943485e-07 -1.10022595e-08 -4.20705657e-07 -1.59793014e-08 -5.29069302e-07  1.41167833e+00 -2.90088187e-02  2.51583278e+00 -9.29674787e-02  8.41819359e-01 -3.86639838e-02 
 6.75305054e+01  1.90656762e-08  4.18677399e-07  1.76596221e-08  3.51063506e-07 -1.12152555e-08 -4.23358737e-07 -1.62741277e-08 -5.32721396e-07  1.41655824e+00 -2.94578147e-02  2.53511007e+00 -9.45233608e-02  8.48602608e-01 -3.92544595e-02 
 6.76082975e+01  1.93921933e-08  4.23182579e-07  1.79625323e-08  3.55253544e-07 -1.14338146e-08 -4.26060355e-07 -1.65766382e-08 -5.36439656e-07  1.42152316e+00 -2.99179316e-02  2.55472732e+00 -9.61196910e-02  8.55505762e-01 -3.98599665e-02 
 6.76861793e+01  1.97275368e-08  4.27764445e-07  1.82736660e-08  3.59515457e-07 -1.16581348e-08 -4.28811792e-07 -1.68871058e-08 -5.40225830e-07  1.42657533e+00 -3.03895532e-02  2.57469352e+00 -9.77578966e-02  8.62531999e-01 -4.04810284e-02 
 6.77641508e+01  2.00720242e-08  4.32425049e-07  1.85933195e-08  3.63851172e-07 -1.18884232e-08 -4.31614375e-07 -1.72058156e-08 -5.44081731e-07  1.43171706e+00 -3.08730797e-02  2.59501801e+00 -9.94394687e-02  8.69684609e-01 -4.11181924e-02 
 6.78422120e+01  2.04259874e-08  4.37166517e-07  1.89218026e-08  3.68262682e-07 -1.21248962e-08 -4.34469481e-07 -1.75330655e-08 -5.48009235e-07  1.43695077e+00 -3.13689294e-02  2.61571044e+00 -1.01165965e-01  8.76967001e-01 -4.17720298e-02 
 6.79203633e+01  2.07897734e-08  4.41991053e-07  1.92594391e-08  3.72752055e-07 -1.23677801e-08 -4.37378533e-07 -1.78691670e-08 -5.52010288e-07  1.44227897e+00 -3.18775392e-02  2.63678083e+00 -1.02939016e-01  8.84382705e-01 -4.24431381e-02 
 6.79986045e+01  2.11637453e-08  4.46900940e-07  1.96065681e-08  3.77321432e-07 -1.26173117e-08 -4.40343010e-07 -1.82144459e-08 -5.56086905e-07  1.44770423e+00 -3.23993659e-02  2.65823954e+00 -1.04760324e-01  8.91935384e-01 -4.31321415e-02 
 6.80769359e+01  2.15482831e-08  4.51898545e-07  1.99635443e-08  3.81973036e-07 -1.28737386e-08 -4.43364443e-07 -1.85692432e-08 -5.60241177e-07  1.45322924e+00 -3.29348869e-02  2.68009735e+00 -1.06631671e-01  8.99628833e-01 -4.38396934e-02 
 6.81553575e+01  2.19437847e-08  4.56986325e-07  2.03307391e-08  3.86709171e-07 -1.31373203e-08 -4.46444421e-07 -1.89339159e-08 -5.64475271e-07  1.45885678e+00 -3.34846020e-02  2.70236541e+00 -1.08554925e-01  9.07466987e-01 -4.45664771e-02 
 6.82338694e+01  2.23506669e-08  4.62166827e-07  2.07085416e-08  3.91532226e-07 -1.34083284e-08 -4.49584592e-07 -1.93088378e-08 -5.68791437e-07  1.46458975e+00 -3.40490338e-02  2.72505529e+00 -1.10532039e-01  9.15453934e-01 -4.53132082e-02 
 6.83124718e+01  2.27693664e-08  4.67442697e-07  2.10973595e-08  3.96444684e-07 -1.36870476e-08 -4.52786668e-07 -1.96944007e-08 -5.73192011e-07  1.47043114e+00 -3.46287299e-02  2.74817903e+00 -1.12565060e-01  9.23593911e-01 -4.60806359e-02 
 6.83911647e+01  2.32003413e-08  4.72816681e-07  2.14976205e-08  4.01449120e-07 -1.39737764e-08 -4.56052424e-07 -2.00910152e-08 -5.77679416e-07  1.47638406e+00 -3.52242636e-02  2.77174909e+00 -1.14656134e-01  9.31891322e-01 -4.68695455e-02 
 6.84699483e+01  2.36440716e-08  4.78291631e-07  2.19097729e-08  4.06548212e-07 -1.42688276e-08 -4.59383706e-07 -2.04991120e-08 -5.82256171e-07  1.48245174e+00 -3.58362358e-02  2.79577843e+00 -1.16807510e-01  9.40350737e-01 -4.76807598e-02 
 6.85488226e+01  2.41010614e-08  4.83870510e-07  2.23342874e-08  4.11744738e-07 -1.45725299e-08 -4.62782432e-07 -2.09191427e-08 -5.86924891e-07  1.48863755e+00 -3.64652763e-02  2.82028053e+00 -1.19021549e-01  9.48976908e-01 -4.85151418e-02 
 6.86277878e+01  2.45718399e-08  4.89556400e-07  2.27716579e-08  4.17041590e-07 -1.48852279e-08 -4.66250593e-07 -2.13515818e-08 -5.91688296e-07  1.49494497e+00 -3.71120461e-02  2.84526937e+00 -1.21300727e-01  9.57774773e-01 -4.93735972e-02 
 6.87068440e+01  2.50569627e-08  4.95352502e-07  2.32224035e-08  4.22441771e-07 -1.52072837e-08 -4.69790263e-07 -2.17969272e-08 -5.96549215e-07  1.50137764e+00 -3.77772383e-02  2.87075952e+00 -1.23647646e-01  9.66749464e-01 -5.02570764e-02 
 6.87859912e+01  2.55570137e-08  5.01262148e-07  2.36870696e-08  4.27948409e-07 -1.55390777e-08 -4.73403596e-07 -2.22557022e-08 -6.01510587e-07  1.50793932e+00 -3.84615811e-02  2.89676611e+00 -1.26065037e-01  9.75906323e-01 -5.11665775e-02 
 6.88652296e+01  2.60726071e-08  5.07288806e-07  2.41662295e-08  4.33564754e-07 -1.58810101e-08 -4.77092835e-07 -2.27284570e-08 -6.06575474e-07  1.51463395e+00 -3.91658391e-02  2.92330489e+00 -1.28555774e-01  9.85250906e-01 -5.21031495e-02 
 6.89445593e+01  2.66043886e-08  5.13436085e-07  2.46604864e-08  4.39294195e-07 -1.62335015e-08 -4.80860316e-07 -2.32157702e-08 -6.11747062e-07  1.52146562e+00 -3.98908158e-02  2.95039227e+00 -1.31122876e-01  9.94788998e-01 -5.30678948e-02 
 6.90239804e+01  2.71530380e-08  5.19707742e-07  2.51704752e-08  4.45140256e-07 -1.65969945e-08 -4.84708469e-07 -2.37182504e-08 -6.17028670e-07  1.52843859e+00 -4.06373563e-02  2.97804532e+00 -1.33769520e-01  1.00452662e+00 -5.40619732e-02 
 6.91034929e+01  2.77192709e-08  5.26107695e-07  2.56968644e-08  4.51106613e-07 -1.69719556e-08 -4.88639828e-07 -2.42365388e-08 -6.22423753e-07  1.53555729e+00 -4.14063496e-02  3.00628183e+00 -1.36499052e-01  1.01447006e+00 -5.50866049e-02 
 6.91830971e+01  2.83038415e-08  5.32640024e-07  2.62403584e-08  4.57197093e-07 -1.73588756e-08 -4.92657035e-07 -2.47713105e-08 -6.27935916e-07  1.54282634e+00 -4.21987314e-02  3.03512035e+00 -1.39314994e-01  1.02462584e+00 -5.61430751e-02 
 6.92627929e+01  2.89075445e-08  5.39308986e-07  2.68016997e-08  4.63415691e-07 -1.77582723e-08 -4.96762841e-07 -2.53232772e-08 -6.33568917e-07  1.55025058e+00 -4.30154871e-02  3.06458022e+00 -1.42221060e-01  1.03500080e+00 -5.72327371e-02 
 6.93425806e+01  2.95312183e-08  5.46119020e-07  2.73816715e-08  4.69766572e-07 -1.81706916e-08 -5.00960119e-07 -2.58931893e-08 -6.39326673e-07  1.55783502e+00 -4.38576551e-02  3.09468160e+00 -1.45221164e-01  1.04560205e+00 -5.83570179e-02 
 6.94224602e+01  3.01757478e-08  5.53074761e-07  2.79811003e-08  4.76254083e-07 -1.85967095e-08 -5.05251868e-07 -2.64818387e-08 -6.45213277e-07  1.56558492e+00 -4.47263305e-02  3.12544557e+00 -1.48319436e-01  1.05643701e+00 -5.95174222e-02 
 6.95024318e+01  3.08420670e-08  5.60181047e-07  2.86008589e-08  4.82882764e-07 -1.90369345e-08 -5.09641218e-07 -2.70900615e-08 -6.51233000e-07  1.57350576e+00 -4.56226682e-02  3.15689408e+00 -1.51520236e-01  1.06751344e+00 -6.07155381e-02 
 6.95824955e+01  3.15311631e-08  5.67442931e-07  2.92418695e-08  4.89657357e-07 -1.94920090e-08 -5.14131437e-07 -2.77187408e-08 -6.57390304e-07  1.58160326e+00 -4.65478874e-02  3.18905012e+00 -1.54828169e-01  1.07883944e+00 -6.19530422e-02 
 6.96626514e+01  3.22440795e-08  5.74865696e-07  2.99051073e-08  4.96582818e-07 -1.99626126e-08 -5.18725944e-07 -2.83688102e-08 -6.63689852e-07  1.58988341e+00 -4.75032762e-02  3.22193768e+00 -1.58248103e-01  1.09042347e+00 -6.32317061e-02 
 6.97428997e+01  3.29819202e-08  5.82454866e-07  3.05916036e-08  5.03664329e-07 -2.04494636e-08 -5.23428312e-07 -2.90412573e-08 -6.70136520e-07  1.59835247e+00 -4.84901956e-02  3.25558186e+00 -1.61785184e-01  1.10227438e+00 -6.45534028e-02 
 6.98232404e+01  3.37458538e-08  5.90216219e-07  3.13024503e-08  5.10907311e-07 -2.09533228e-08 -5.28242279e-07 -2.97371270e-08 -6.76735410e-07  1.60701697e+00 -4.95100851e-02  3.29000890e+00 -1.65444860e-01  1.11440144e+00 -6.59201134e-02 
 6.99036737e+01  3.45371178e-08  5.98155803e-07  3.20388042e-08  5.18317439e-07 -2.14749958e-08 -5.33171758e-07 -3.04575262e-08 -6.83491860e-07  1.61588378e+00 -5.05644680e-02  3.32524629e+00 -1.69232899e-01  1.12681434e+00 -6.73339355e-02 
 6.99841996e+01  3.53570243e-08  6.06279951e-07  3.28018912e-08  5.25900655e-07 -2.20153364e-08 -5.38220847e-07 -3.12036280e-08 -6.90411463e-07  1.62496005e+00 -5.16549575e-02  3.36132280e+00 -1.73155412e-01  1.13952321e+00 -6.87970904e-02 
 7.00648183e+01  3.62069646e-08  6.14595300e-07  3.35930118e-08  5.33663187e-07 -2.25752501e-08 -5.43393838e-07 -3.19766762e-08 -6.97500076e-07  1.63425331e+00 -5.27832630e-02  3.39826858e+00 -1.77218880e-01  1.15253871e+00 -7.03119332e-02 
 7.01455298e+01  3.70884157e-08  6.23108807e-07  3.44135462e-08  5.41611560e-07 -2.31556980e-08 -5.48695234e-07 -3.27779910e-08 -7.04763843e-07  1.64377144e+00 -5.39511971e-02  3.43611524e+00 -1.81430179e-01  1.16587197e+00 -7.18809617e-02 
 7.02263344e+01  3.80029462e-08  6.31827770e-07  3.52649606e-08  5.49752623e-07 -2.37577008e-08 -5.54129754e-07 -3.36089744e-08 -7.12209205e-07  1.65352269e+00 -5.51606834e-02  3.47489593e+00 -1.85796612e-01  1.17953469e+00 -7.35068274e-02 
 7.03072320e+01  3.89522234e-08  6.40759848e-07  3.61488136e-08  5.58093562e-07 -2.43823434e-08 -5.59702355e-07 -3.44711162e-08 -7.19842923e-07  1.66351575e+00 -5.64137645e-02  3.51464545e+00 -1.90325937e-01  1.19353914e+00 -7.51923467e-02 
 7.03882228e+01  3.99380211e-08  6.49913085e-07  3.70667630e-08  5.66641924e-07 -2.50307797e-08 -5.65418240e-07 -3.53660011e-08 -7.27672099e-07  1.67375972e+00 -5.77126115e-02  3.55540035e+00 -1.95026406e-01  1.20789821e+00 -7.69405139e-02 
 7.04693069e+01  4.09622271e-08  6.59295931e-07  3.80205736e-08  5.75405638e-07 -2.57042380e-08 -5.71282877e-07 -3.62953158e-08 -7.35704194e-07  1.68426416e+00 -5.90595329e-02  3.59719900e+00 -1.99906798e-01  1.22262543e+00 -7.87545142e-02 
 7.05504844e+01  4.20268531e-08  6.68917274e-07  3.90121261e-08  5.84393041e-07 -2.64040268e-08 -5.77302014e-07 -3.72608569e-08 -7.43947053e-07  1.69503915e+00 -6.04569863e-02  3.64008180e+00 -2.04976466e-01  1.23773505e+00 -8.06377391e-02 
 7.06317554e+01  4.31340438e-08  6.78786463e-07  4.00434253e-08  5.93612906e-07 -2.71315412e-08 -5.83481701e-07 -3.82645399e-08 -7.52408928e-07  1.70609525e+00 -6.19075896e-02  3.68409119e+00 -2.10245380e-01  1.25324204e+00 -8.25938023e-02 
 7.07131201e+01  4.42860877e-08  6.88913338e-07  4.11166109e-08  6.03074467e-07 -2.78882697e-08 -5.89828304e-07 -3.93084083e-08 -7.61098508e-07  1.71744362e+00 -6.34141334e-02  3.72927191e+00 -2.15724172e-01  1.26916216e+00 -8.46265577e-02 
 7.07945784e+01  4.54854291e-08  6.99308270e-07  4.22339684e-08  6.12787453e-07 -2.86758020e-08 -5.96348530e-07 -4.03946444e-08 -7.70024945e-07  1.72909600e+00 -6.49795959e-02  3.77567103e+00 -2.21424199e-01  1.28551204e+00 -8.67401186e-02 
 7.08761306e+01  4.67346810e-08  7.09982186e-07  4.33979407e-08  6.22762117e-07 -2.94958375e-08 -6.03049452e-07 -4.15255806e-08 -7.79197889e-07  1.74106474e+00 -6.66071572e-02  3.82333822e+00 -2.27357593e-01  1.30230916e+00 -8.89388794e-02 
 7.09577768e+01  4.80366388e-08  7.20946617e-07  4.46111418e-08  6.33009278e-07 -3.03501939e-08 -6.09938527e-07 -4.27037120e-08 -7.88627517e-07  1.75336290e+00 -6.83002168e-02  3.87232584e+00 -2.33537334e-01  1.31957201e+00 -9.12275385e-02 
 7.10395170e+01  4.93942960e-08  7.32213733e-07  4.58763709e-08  6.43540355e-07 -3.12408178e-08 -6.17023629e-07 -4.39317101e-08 -7.98324572e-07  1.76600426e+00 -7.00624118e-02  3.92268917e+00 -2.39977316e-01  1.33732007e+00 -9.36111241e-02 
 7.11213514e+01  5.08108617e-08  7.43796391e-07  4.71966289e-08  6.54367411e-07 -3.21697957e-08 -6.24313077e-07 -4.52124382e-08 -8.08300404e-07  1.77900337e+00 -7.18976369e-02  3.97448663e+00 -2.46692427e-01  1.35557394e+00 -9.60950227e-02 
 7.12032800e+01  5.22897786e-08  7.55708184e-07  4.85751353e-08  6.65503200e-07 -3.31393658e-08 -6.31815663e-07 -4.65489678e-08 -8.18567012e-07  1.79237560e+00 -7.38100672e-02  4.02777994e+00 -2.53698638e-01  1.37435539e+00 -9.86850098e-02 
 7.12853030e+01  5.38347444e-08  7.67963491e-07  5.00153485e-08  6.76961216e-07 -3.41519323e-08 -6.39540691e-07 -4.79445973e-08 -8.29137090e-07  1.80613724e+00 -7.58041824e-02  4.08263444e+00 -2.61013096e-01  1.39368744e+00 -1.01387285e-01 
 7.13674205e+01  5.54497345e-08  7.80577541e-07  5.15209864e-08  6.88755744e-07 -3.52100792e-08 -6.47498012e-07 -4.94028723e-08 -8.40024080e-07  1.82030550e+00 -7.78847943e-02  4.13911927e+00 -2.68654231e-01  1.41359449e+00 -1.04208507e-01 
 7.14496326e+01  5.71390274e-08  7.93566468e-07  5.30960508e-08  7.00901925e-07 -3.63165876e-08 -6.55698063e-07 -5.09276082e-08 -8.51242224e-07  1.83489864e+00 -8.00570765e-02  4.19730773e+00 -2.76641870e-01  1.43410237e+00 -1.07155842e-01 
 7.15319394e+01  5.89072328e-08  8.06947385e-07  5.47448532e-08  7.13415816e-07 -3.74744538e-08 -6.64151917e-07 -5.25229149e-08 -8.62806629e-07  1.84993603e+00 -8.23265980e-02  4.25727754e+00 -2.84997373e-01  1.45523849e+00 -1.10237001e-01 
 7.16143410e+01  6.07593225e-08  8.20738457e-07  5.64720446e-08  7.26314462e-07 -3.86869091e-08 -6.72871325e-07 -5.41932249e-08 -8.74733330e-07  1.86543821e+00 -8.46993598e-02  4.31911121e+00 -2.93743767e-01  1.47703193e+00 -1.13460300e-01 
 7.16968376e+01  6.27006657e-08  8.34958984e-07  5.82826473e-08  7.39615969e-07 -3.99574427e-08 -6.81868771e-07 -5.59433241e-08 -8.87039360e-07  1.88142701e+00 -8.71818360e-02  4.38289639e+00 -3.02905915e-01  1.49951359e+00 -1.16834711e-01 
 7.17794291e+01  6.47370670e-08  8.49629487e-07  6.01820915e-08  7.53339595e-07 -4.12898269e-08 -6.91157532e-07 -5.77783856e-08 -8.99742835e-07  1.89792565e+00 -8.97810194e-02  4.44872627e+00 -3.12510687e-01  1.52271634e+00 -1.20369927e-01 
 7.18621158e+01  6.68748096e-08  8.64771810e-07  6.21762555e-08  7.67505835e-07 -4.26881443e-08 -7.00751738e-07 -5.97040085e-08 -9.12863037e-07  1.91495882e+00 -9.25044722e-02  4.51670006e+00 -3.22587160e-01  1.54667513e+00 -1.24076437e-01 
 7.19448978e+01  6.91207036e-08  8.80409223e-07  6.42715104e-08  7.82136524e-07 -4.41568199e-08 -7.10666445e-07 -6.17262602e-08 -9.26420504e-07  1.93255285e+00 -9.53603829e-02  4.58692345e+00 -3.33166842e-01  1.57142724e+00 -1.27965598e-01 
 7.20277751e+01  7.14821394e-08  8.96566546e-07  6.64747708e-08  7.97254951e-07 -4.57006550e-08 -7.20917708e-07 -6.38517243e-08 -9.40437145e-07  1.95073579e+00 -9.83576292e-02  4.65950914e+00 -3.44283912e-01  1.59701238e+00 -1.32049730e-01 
 7.21107479e+01  7.39671481e-08  9.13270271e-07  6.87935513e-08  8.12885974e-07 -4.73248673e-08 -7.31522665e-07 -6.60875542e-08 -9.54936343e-07  1.96953760e+00 -1.01505850e-01  4.73457744e+00 -3.55975505e-01  1.62347296e+00 -1.36342211e-01 
 7.21938163e+01  7.65844692e-08  9.30548713e-07  7.12360295e-08  8.29056161e-07 -4.90351341e-08 -7.42499633e-07 -6.84415329e-08 -9.69943090e-07  1.98899030e+00 -1.04815523e-01  4.81225693e+00 -3.68282018e-01  1.65085431e+00 -1.40857590e-01 
 7.22769804e+01  7.93436269e-08  9.48432161e-07  7.38111174e-08  8.45793935e-07 -5.08376419e-08 -7.53868207e-07 -7.09221411e-08 -9.85484120e-07  2.00912812e+00 -1.08298056e-01  4.89268514e+00 -3.81247463e-01  1.67920491e+00 -1.45611712e-01 
 7.23602402e+01  8.22550156e-08  9.66953057e-07  7.65285423e-08  8.63129735e-07 -5.27391421e-08 -7.65649373e-07 -7.35386330e-08 -1.00158807e-06  2.02998774e+00 -1.11965890e-01  4.97600940e+00 -3.94919857e-01  1.70857667e+00 -1.50621860e-01 
 7.24435960e+01  8.53299972e-08  9.86146186e-07  7.93989369e-08  8.81096203e-07 -5.47470140e-08 -7.77865634e-07 -7.63011225e-08 -1.01828563e-06  2.05160845e+00 -1.15832608e-01  5.06238764e+00 -4.09351674e-01  1.73902526e+00 -1.55906910e-01 
 7.25270478e+01  8.85810107e-08  1.00604889e-06  8.24339427e-08  8.99728380e-07 -5.68693359e-08 -7.90541146e-07 -7.92206808e-08 -1.03560977e-06  2.07403248e+00 -1.19913066e-01  5.15198943e+00 -4.24600343e-01  1.77061044e+00 -1.61487519e-01 
 7.26105957e+01  9.20216968e-08  1.02670131e-06  8.56463265e-08  9.19063929e-07 -5.91149660e-08 -8.03701876e-07 -8.23094470e-08 -1.05359592e-06  2.09730517e+00 -1.24223541e-01  5.24499701e+00 -4.40728823e-01  1.80339644e+00 -1.67386320e-01 
 7.26942399e+01  9.56670397e-08  1.04814665e-06  8.90501130e-08  9.39143388e-07 -6.14936340e-08 -8.17375767e-07 -8.55807535e-08 -1.07228220e-06  2.12147532e+00 -1.28781897e-01  5.34160651e+00 -4.57806256e-01  1.83745236e+00 -1.73628162e-01 
 7.27779805e+01  9.95335285e-08  1.07043145e-06  9.26607361e-08  9.60010439e-07 -6.40160462e-08 -8.31592935e-07 -8.90492695e-08 -1.09170968e-06  2.14659554e+00 -1.33607771e-01  5.44202927e+00 -4.75908702e-01  1.87285269e+00 -1.80240372e-01 
 7.28618175e+01  1.03639342e-07  1.09360596e-06  9.64952121e-08  9.81712222e-07 -6.66940051e-08 -8.46385874e-07 -9.27311649e-08 -1.11192272e-06  2.17272255e+00 -1.38722791e-01  5.54649337e+00 -4.95119990e-01  1.90967779e+00 -1.87253055e-01 
 7.29457510e+01  1.08004558e-07  1.11772446e-06  1.00572337e-07  1.00429968e-06 -6.95405461e-08 -8.61789703e-07 -9.66442976e-08 -1.13296922e-06  2.19991767e+00 -1.44150825e-01  5.65524525e+00 -5.15532688e-01  1.94801449e+00 -1.94699443e-01 
 7.30297813e+01  1.12651402e-07  1.14284570e-06  1.04912915e-07  1.02782794e-06 -7.25700954e-08 -8.77842424e-07 -1.00808429e-07 -1.15490102e-06  2.22824725e+00 -1.49918261e-01  5.76855161e+00 -5.37249213e-01  1.98795675e+00 -2.02616294e-01 
 7.31139083e+01  1.17604517e-07  1.16903335e-06  1.09540019e-07  1.05235676e-06 -7.57986510e-08 -8.94585226e-07 -1.05245472e-07 -1.17777432e-06  2.25778316e+00 -1.56054339e-01  5.88670148e+00 -5.60383119e-01  2.02960641e+00 -2.11044344e-01 
 7.31981323e+01  1.22891297e-07  1.19635655e-06  1.14479295e-07  1.07795100e-06 -7.92439925e-08 -9.12062823e-07 -1.09979777e-07 -1.20165012e-06  2.28860345e+00 -1.62591522e-01  6.01000863e+00 -5.85060573e-01  2.07307400e+00 -2.20028839e-01 
 7.32824533e+01  1.28542255e-07  1.22489045e-06  1.19759311e-07  1.10468120e-06 -8.29259231e-08 -9.30323831e-07 -1.15038466e-07 -1.22659474e-06  2.32079295e+00 -1.69565937e-01  6.13881419e+00 -6.11422072e-01  2.11847969e+00 -2.29620149e-01 
 7.33668714e+01  1.34591457e-07  1.25471691e-06  1.25411965e-07  1.13262416e-06 -8.68665519e-08 -9.49421199e-07 -1.20451813e-07 -1.25268041e-06  2.35444402e+00 -1.77017881e-01  6.27348969e+00 -6.39624437e-01  2.16595436e+00 -2.39874471e-01 
 7.34513868e+01  1.41077034e-07  1.28592524e-06  1.31472962e-07  1.16186371e-06 -9.10906224e-08 -9.69412696e-07 -1.26253700e-07 -1.27998594e-06  2.38965744e+00 -1.84992411e-01  6.41444047e+00 -6.69843132e-01  2.21564076e+00 -2.50854664e-01 
 7.35359995e+01  1.48041770e-07  1.31861307e-06  1.37982364e-07  1.19249145e-06 -9.56258966e-08 -9.90361464e-07 -1.32482137e-07 -1.30859748e-06  2.42654332e+00 -1.93540034e-01  6.56210952e+00 -7.02274984e-01  2.26769493e+00 -2.62631213e-01 
 7.36207097e+01  1.55533799e-07  1.35288729e-06  1.44985249e-07  1.22460770e-06 -1.00503606e-07 -1.01233665e-06 -1.39179883e-07 -1.33860934e-06  2.46522223e+00 -2.02717516e-01  6.71698194e+00 -7.37141365e-01  2.32228769e+00 -2.75283363e-01 
 7.37055175e+01  1.63607427e-07  1.38886520e-06  1.52532472e-07  1.25832253e-06 -1.05758984e-07 -1.03541411e-06 -1.46395169e-07 -1.37012500e-06  2.50582643e+00 -2.12588836e-01  6.87958997e+00 -7.74691949e-01  2.37960647e+00 -2.88900459e-01 
 7.37904230e+01  1.72324097e-07  1.42667575e-06  1.60681580e-07  1.29375696e-06 -1.11431891e-07 -1.05967727e-06 -1.54182558e-07 -1.40325826e-06  2.54850128e+00 -2.23226314e-01  7.05051868e+00 -8.15209146e-01  2.43985729e+00 -3.03583525e-01 
 7.38754263e+01  1.81753544e-07  1.46646101e-06  1.69497884e-07  1.33104433e-06 -1.17567563e-07 -1.08521800e-06 -1.62603966e-07 -1.43813444e-06  2.59340692e+00 -2.34711940e-01  7.23041268e+00 -8.59013371e-01  2.50326709e+00 -3.19447134e-01 
 7.39605275e+01  1.91975162e-07  1.50837787e-06  1.79055750e-07  1.37033186e-06 -1.24217501e-07 -1.11213777e-06 -1.71729876e-07 -1.47489195e-06  2.64072008e+00 -2.47138974e-01  7.41998362e+00 -9.06469319e-01  2.57008642e+00 -3.36621646e-01 
 7.40457267e+01  2.03079650e-07  1.55259993e-06  1.89440133e-07  1.41178247e-06 -1.31440532e-07 -1.14054887e-06 -1.81640793e-07 -1.51368395e-06  2.69063633e+00 -2.60613840e-01  7.62001901e+00 -9.57993476e-01  2.64059247e+00 -3.55255880e-01 
 7.41310241e+01  2.15170984e-07  1.59931975e-06  2.00748432e-07  1.45557689e-06 -1.39304091e-07 -1.17057582e-06 -1.92428994e-07 -1.55468029e-06  2.74337251e+00 -2.75258424e-01  7.83139230e+00 -1.01406316e+00  2.71509270e+00 -3.75520325e-01 
 7.42164198e+01  2.28368808e-07  1.64875148e-06  2.13092725e-07  1.50191609e-06 -1.47885767e-07 -1.20235713e-06 -2.04200641e-07 -1.59806988e-06  2.79916968e+00 -2.91212826e-01  8.05507465e+00 -1.07522741e+00  2.79392887e+00 -3.97611020e-01 
 7.43019138e+01  2.42811327e-07  1.70113381e-06  2.26602488e-07  1.55102410e-06 -1.57275183e-07 -1.23604716e-06 -2.17078350e-07 -1.64406326e-06  2.85829645e+00 -3.08638724e-01  8.29214858e+00 -1.14212031e+00  2.87748190e+00 -4.21754270e-01 
 7.43875063e+01  2.58658854e-07  1.75673354e-06  2.41427912e-07  1.60315132e-06 -1.67576286e-07 -1.27181845e-06 -2.31204327e-07 -1.69289575e-06  2.92105295e+00 -3.27723454e-01  8.54382383e+00 -1.21547706e+00  2.96617745e+00 -4.48212390e-01 
 7.44731974e+01  2.76098151e-07  1.81584968e-06  2.57743978e-07  1.65857839e-06 -1.78910167e-07 -1.30986435e-06 -2.46744214e-07 -1.74483104e-06  2.98777539e+00 -3.48685038e-01  8.81145602e+00 -1.29615395e+00  3.06049239e+00 -4.77290763e-01 
 7.45589872e+01  2.95347797e-07  1.87881824e-06  2.75755488e-07  1.71762067e-06 -1.91418536e-07 -1.35040216e-06 -2.63891841e-07 -1.80016549e-06  3.05884142e+00 -3.71778372e-01  9.09656840e+00 -1.38515282e+00  3.16096249e+00 -5.09346549e-01 
 7.46448758e+01  3.16664863e-07  1.94601791e-06  2.95703320e-07  1.78063363e-06 -2.05268044e-07 -1.39367675e-06 -2.82875134e-07 -1.85923302e-06  3.13467648e+00 -3.97302918e-01  9.40087745e+00 -1.48365151e+00  3.26819138e+00 -5.44799499e-01 
 7.47308634e+01  3.40353248e-07  2.01787674e-06  3.17872245e-07  1.84801902e-06 -2.20655684e-07 -1.43996490e-06 -3.03963494e-07 -1.92241107e-06  3.21576117e+00 -4.25612311e-01  9.72632298e+00 -1.59304203e+00  3.38286109e+00 -5.84145477e-01 
 7.48169501e+01  3.66774187e-07  2.09487998e-06  3.42600780e-07  1.92023233e-06 -2.37815599e-07 -1.48958036e-06 -3.27477099e-07 -1.99012748e-06  3.30263999e+00 -4.57126449e-01  1.00751037e+01 -1.71497843e+00  3.50574453e+00 -6.27973472e-01 
 7.49031359e+01  3.96359572e-07  2.17757934e-06  3.70293676e-07  1.99779145e-06 -2.57027708e-07 -1.54287986e-06 -3.53798687e-07 -2.06286865e-06  3.39593165e+00 -4.92346818e-01  1.04497190e+01 -1.85143766e+00  3.63772008e+00 -6.76987167e-01 
 7.49894209e+01  4.29628982e-07  2.26660401e-06  4.01437887e-07  2.08128699e-06 -2.78628735e-07 -1.60027017e-06 -3.83388630e-07 -2.14118919e-06  3.49634118e+00 -5.31876051e-01  1.08530187e+01 -2.00479727e+00  3.77978894e+00 -7.32032489e-01 
 7.50758054e+01  4.67211621e-07  2.36267351e-06  4.36623137e-07  2.17139440e-06 -3.03026415e-07 -1.66221646e-06 -4.16804334e-07 -2.22572330e-06  3.60467417e+00 -5.76443108e-01  1.12882607e+01 -2.17793543e+00  3.93309547e+00 -7.94133077e-01 
 7.51622894e+01  5.09874818e-07  2.46661291e-06  4.76568648e-07  2.26888828e-06 -3.30717955e-07 -1.72925210e-06 -4.54725455e-07 -2.31719809e-06  3.72185351e+00 -6.26935967e-01  1.17591801e+01 -2.37436099e+00  4.09895108e+00 -8.64536338e-01 
 7.52488730e+01  5.58561391e-07  2.57937060e-06  5.22158180e-07  2.37465897e-06 -3.62314222e-07 -1.80199011e-06 -4.97986942e-07 -2.41644922e-06  3.84893884e+00 -6.84444426e-01  1.22700686e+01 -2.59838373e+00  4.27886204e+00 -9.44773782e-01 
 7.53355564e+01  6.14439091e-07  2.70203871e-06  5.74486393e-07  2.48973189e-06 -3.98571755e-07 -1.88113640e-06 -5.47622755e-07 -2.52443881e-06  3.98714884e+00 -7.50316687e-01  1.28258667e+01 -2.85533978e+00  4.47456147e+00 -1.03674081e+00 
 7.54223396e+01  6.78966662e-07  2.83587639e-06  6.34920808e-07  2.61528931e-06 -4.40435541e-07 -1.96750470e-06 -6.04924276e-07 -2.64227586e-06  4.13788637e+00 -8.26234885e-01  1.34322677e+01 -3.15189257e+00  4.68804548e+00 -1.14280323e+00 
 7.55092228e+01  7.53983031e-07  2.98233511e-06  7.05185452e-07  2.75269424e-06 -4.89096747e-07 -2.06203295e-06 -6.71519147e-07 -2.77123845e-06  4.30276556e+00 -9.14316941e-01  1.40958311e+01 -3.49643904e+00  4.92161227e+00 -1.26594100e+00 
 7.55962060e+01  8.41828978e-07  3.14308476e-06  7.87474981e-07  2.90351492e-06 -5.46071481e-07 -2.16580005e-06 -7.49478809e-07 -2.91279644e-06  4.48363906e+00 -1.01725534e+00  1.48240980e+01 -3.89966368e+00  5.17790175e+00 -1.40994411e+00 
 7.56832895e+01  9.45514927e-07  3.32003672e-06  8.84612066e-07  3.06954665e-06 -6.13309396e-07 -2.28004066e-06 -8.41466766e-07 -3.06863153e-06  4.68262105e+00 -1.13850826e+00  1.56256928e+01 -4.37530210e+00  5.45992965e+00 -1.57968249e+00 
 7.57704733e+01  1.06895481e-06  3.51535669e-06  1.00026677e-06  3.25282397e-06 -6.93345047e-07 -2.40615336e-06 -9.50945201e-07 -3.24064807e-06  4.90209735e+00 -1.28256563e+00  1.65103757e+01 -4.94120507e+00  5.77110386e+00 -1.78148192e+00 
 7.58577575e+01  1.21729538e-06  3.73145249e-06  1.13926550e-06  3.45560947e-06 -7.89510996e-07 -2.54569246e-06 -1.08246584e-06 -3.43096152e-06  5.14470514e+00 -1.45532312e+00  1.74889799e+01 -5.62083592e+00  6.11519893e+00 -2.02365275e+00 
 7.59451423e+01  1.39738412e-06  3.97090782e-06  1.30802997e-06  3.68033199e-06 -9.06240557e-07 -2.70032481e-06 -1.24208314e-06 -3.64183893e-06  5.41324869e+00 -1.66461265e+00  1.85730996e+01 -6.44539714e+00  6.49624117e+00 -2.31724021e+00 
 7.60326277e+01  1.61843833e-06  4.23630566e-06  1.51520506e-06  3.92942144e-06 -1.04950071e-06 -2.87171501e-06 -1.43794492e-06 -3.87554143e-06  5.71048573e+00 -1.92095945e+00  1.97742714e+01 -7.45686962e+00  6.91821289e+00 -2.67709608e+00 
 7.61202139e+01  1.89300370e-06  4.52983159e-06  1.77255826e-06  4.20493740e-06 -1.22741206e-06 -3.06126794e-06 -1.68113823e-06 -4.13397168e-06  6.03865816e+00 -2.23866368e+00  2.11021482e+01 -8.71236296e+00  7.38439804e+00 -3.12341098e+00 
 7.62079010e+01  2.23831656e-06  4.85244374e-06  2.09625832e-06  4.50779142e-06 -1.45112988e-06 -3.26959056e-06 -1.98689086e-06 -4.41793764e-06  6.39852239e+00 -2.63733276e+00  2.25606928e+01 -1.02902925e+01  7.89602420e+00 -3.68388768e+00 
 7.62956891e+01  2.67818867e-06  5.20219400e-06  2.50864453e-06  4.83617361e-06 -1.73606254e-06 -3.49540411e-06 -2.37623249e-06 -4.72566541e-06  6.78740513e+00 -3.14399094e+00  2.41404995e+01 -1.22989129e+01  8.44953217e+00 -4.39673802e+00 
 7.63835784e+01  3.24543688e-06  5.57090170e-06  3.04050849e-06  5.18243392e-06 -2.10344130e-06 -3.73338952e-06 -2.87813351e-06 -5.04985549e-06  7.19537610e+00 -3.79577640e+00  2.58036096e+01 -1.48872926e+01  9.03118912e+00 -5.31452543e+00 
 7.64715688e+01  3.98444918e-06  5.93769213e-06  3.73350611e-06  5.52702257e-06 -2.58197615e-06 -3.97000400e-06 -3.53175739e-06 -5.37196938e-06  7.59785519e+00 -4.64273302e+00  2.74540648e+01 -1.82568363e+01  9.60666375e+00 -6.50816998e+00 
 7.65596607e+01  4.95207511e-06  6.25687403e-06  4.64100182e-06  5.82711852e-06 -3.20842272e-06 -4.17563521e-06 -4.38722011e-06 -5.65151923e-06  7.94181818e+00 -5.74858833e+00  2.88827525e+01 -2.26650573e+01  1.01015387e+01 -8.06815940e+00 
 7.66478540e+01  6.21115291e-06  6.43690659e-06  5.82201202e-06  5.99689365e-06 -4.02337746e-06 -4.29099461e-06 -5.49982564e-06 -5.80750282e-06  8.12201778e+00 -7.18299163e+00  2.96718921e+01 -2.83956558e+01  1.03676437e+01 -1.00937725e+01 
 7.67361489e+01  7.80230208e-06  6.31055494e-06  7.31476560e-06  5.87949463e-06 -5.05300049e-06 -4.20782496e-06 -6.90508242e-06 -5.69210338e-06  7.94760975e+00 -8.98888070e+00  2.90599446e+01 -3.56295441e+01  1.01356283e+01 -1.26472323e+01 
 7.68245456e+01  9.66825664e-06  5.61602650e-06  9.06573481e-06  5.22929096e-06 -6.26003335e-06 -3.75674999e-06 -8.55182147e-06 -5.07419507e-06  7.12217411e+00 -1.10961236e+01  2.58575513e+01 -4.41002705e+01  8.98602909e+00 -1.56318279e+01 
 7.69130440e+01  1.15222844e-05  4.06219035e-06  1.08061509e-05  3.77296010e-06 -7.45869574e-06 -2.74958123e-06 -1.01861104e-05 -3.69724742e-06  5.32037442e+00 -1.31732364e+01  1.87471754e+01 -5.24970661e+01  6.45640388e+00 -1.85817439e+01 
 7.70016444e+01  1.27821456e-05  1.58303617e-06  1.19898625e-05  1.44814712e-06 -8.27213969e-06 -1.14404173e-06 -1.12934829e-05 -1.50424780e-06  2.47842160e+00 -1.45572362e+01  7.44193100e+00 -5.81703074e+01  2.45124285e+00 -2.05605798e+01 
 7.70903469e+01  1.28594176e-05 -1.35320718e-06  1.20645227e-05 -1.30633671e-06 -8.31992140e-06  7.56406618e-07 -1.13552014e-05  1.08988460e-06 -8.60196812e-01 -1.45884187e+01 -5.91512862e+00 -5.84544899e+01 -2.26674392e+00 -2.06316546e+01 
 7.71791516e+01  1.17132681e-05 -3.92016929e-06  1.09912157e-05 -3.71530185e-06 -7.57624316e-06  2.41694526e-06 -1.03370381e-05  3.35508779e-06 -3.75553169e+00 -1.32363182e+01 -1.75646156e+01 -5.31828335e+01 -6.36948215e+00 -1.87443100e+01 
 7.72680585e+01  9.89540892e-06 -5.58582696e-06  9.28711008e-06 -5.27924831e-06 -6.39855036e-06  3.49369275e-06 -8.72753114e-06  4.82263047e-06 -5.61358623e+00 -1.11382121e+01 -2.50994505e+01 -4.48767927e+01 -9.01238903e+00 -1.57943299e+01 
 7.73570679e+01  8.01217627e-06 -6.36688925e-06  7.52102331e-06 -6.01340251e-06 -5.17922215e-06  3.99792248e-06 -7.06224769e-06  5.50862355e-06 -6.46504589e+00 -8.98287298e+00 -2.86095194e+01 -3.62936893e+01 -1.02332559e+01 -1.27553246e+01 
 7.74461798e+01  6.38458491e-06 -6.54526088e-06  5.99430847e-06 -6.18198246e-06 -4.12579010e-06  4.11231335e-06 -5.62412684e-06  5.66280169e-06 -6.63648464e+00 -7.12969297e+00 -2.93843200e+01 -2.88870867e+01 -1.04906840e+01 -1.01378236e+01 
 7.75353943e+01  5.08897440e-06 -6.39187495e-06  4.77878020e-06 -6.03909457e-06 -3.28745198e-06  4.01225825e-06 -4.47999915e-06  5.52466266e-06 -6.43728769e+00 -5.66020515e+00 -2.86578444e+01 -2.29979815e+01 -1.02212318e+01 -8.05955134e+00 
 7.76247117e+01  4.09110901e-06 -6.08437644e-06  3.84245325e-06 -5.75141327e-06 -2.64191725e-06  3.81269459e-06 -3.59922680e-06  5.25105217e-06 -6.06868635e+00 -4.53207431e+00 -2.72372632e+01 -1.84665949e+01 -9.70961853e+00 -6.46230860e+00 
 7.77141319e+01  3.32879125e-06 -5.72134508e-06  3.12705293e-06 -5.41146240e-06 -2.14885985e-06  3.57737129e-06 -2.92664824e-06  4.92891166e-06 -5.64151575e+00 -3.67271214e+00 -2.55695065e+01 -1.50077854e+01 -9.11306199e+00 -5.24441147e+00 
 7.78036551e+01  2.74402637e-06 -5.35248862e-06  2.57821101e-06 -5.06591577e-06 -1.77071062e-06  3.33841281e-06 -2.41092328e-06  4.60202104e-06 -5.21114955e+00 -3.01524933e+00 -2.38793239e+01 -1.23566454e+01 -8.51035636e+00 -4.31180939e+00 
 7.78932815e+01  2.29104267e-06 -5.00081146e-06  2.15300600e-06 -4.73638772e-06 -1.47783087e-06  3.11067179e-06 -2.01156842e-06  4.29059917e-06 -4.80284911e+00 -2.50722313e+00 -2.22702939e+01 -1.03044719e+01 -7.93762505e+00 -3.59056721e+00 
 7.79830111e+01  1.93585814e-06 -4.67558021e-06  1.81956612e-06 -4.43159638e-06 -1.24822200e-06  2.90011934e-06 -1.69854513e-06  4.00275595e-06 -4.42649035e+00 -2.10983453e+00 -2.07837840e+01 -8.69649722e+00 -7.40913848e+00 -3.02593474e+00 
 7.80728440e+01  1.65378186e-06 -4.37927889e-06  1.55473064e-06 -4.15389031e-06 -1.06590335e-06  2.70834427e-06 -1.45003726e-06  3.74063064e-06 -4.08442008e+00 -1.79497469e+00 -1.94305262e+01 -7.42036675e+00 -6.92844054e+00 -2.57820798e+00 
 7.81627805e+01  1.42694096e-06 -4.11120170e-06  1.34173245e-06 -3.90262058e-06 -9.19308980e-07  2.53487627e-06 -1.25025844e-06  3.50355994e-06 -3.77549139e+00 -1.54234485e+00 -1.82069010e+01 -6.39480817e+00 -6.49407469e+00 -2.21869181e+00 
 7.82528205e+01  1.24233501e-06 -3.86927098e-06  1.16837428e-06 -3.67584776e-06 -8.00027217e-07  2.37836090e-06 -1.08772944e-06  3.28967958e-06 -3.49709227e+00 -1.33721026e+00 -1.71031611e+01 -5.56074128e+00 -6.10246890e+00 -1.92654216e+00 
 7.83429643e+01  1.09042198e-06 -3.65093941e-06  1.02570285e-06 -3.47118926e-06 -7.01884836e-07  2.23714242e-06 -9.54026999e-07  3.09671815e-06 -3.24614368e+00 -1.16877561e+00 -1.61075023e+01 -4.87482582e+00 -5.74935924e+00 -1.68647837e+00 
 7.84332119e+01  9.64121125e-07 -3.45362386e-06  9.07073803e-07 -3.28622708e-06 -6.20301484e-07  2.10954377e-06 -8.42902141e-07  2.92237806e-06 -3.01957331e+00 -1.02904355e+00 -1.52080139e+01 -4.30491679e+00 -5.43046871e+00 -1.48717386e+00 
 7.85235635e+01  8.58116579e-07 -3.27490111e-06  8.07498509e-07 -3.11869192e-06 -5.51838822e-07  1.99399275e-06 -7.49664512e-07  2.76450694e-06 -2.81452468e+00 -9.12019397e-01 -1.43935530e+01 -3.82689235e+00 -5.14180907e+00 -1.32013392e+00 
 7.86140191e+01  7.68370474e-07 -3.11258386e-06  7.23187422e-07 -2.96653486e-06 -4.93885392e-07  1.88907075e-06 -6.70752150e-07  2.62116364e-06 -2.62843404e+00 -8.13156339e-01 -1.36540788e+01 -3.42243780e+00 -4.87979406e+00 -1.17891234e+00 
 7.87045790e+01  6.91780519e-07 -2.96473777e-06  6.51228848e-07 -2.82794358e-06 -4.44435011e-07  1.79352361e-06 -6.03428970e-07  2.49063257e-06 -2.45904320e+00 -7.28965970e-01 -1.29807228e+01 -3.07748779e+00 -4.64126067e+00 -1.05856109e+00 
 7.87952431e+01  6.25937062e-07 -2.82967097e-06  5.89361033e-07 -2.70133271e-06 -4.01929546e-07  1.70625462e-06 -5.45570183e-07  2.37141383e-06 -2.30438289e+00 -6.56742377e-01 -1.23657348e+01 -2.78112162e+00 -4.42344784e+00 -9.55240268e-01 
 7.88860118e+01  5.68948956e-07 -2.70591193e-06  5.35808804e-07 -2.58532321e-06 -3.65146257e-07  1.62631002e-06 -4.95508532e-07  2.26220335e-06 -2.16274423e+00 -5.94364678e-01 -1.18023787e+01 -2.52477180e+00 -4.22395779e+00 -8.65938866e-01 
 7.89768849e+01  5.19317435e-07 -2.59218372e-06  4.89165218e-07 -2.47871830e-06 -3.33116181e-07  1.55286233e-06 -4.51922933e-07  2.16186983e-06 -2.03264712e+00 -5.40154171e-01 -1.12848126e+01 -2.30165098e+00 -4.04071244e+00 -7.88272590e-01 
 7.90678628e+01  4.75843756e-07 -2.48737867e-06  4.48304916e-07 -2.38047977e-06 -3.05064390e-07  1.48519379e-06 -4.13756950e-07  2.06943214e-06 -1.91280957e+00 -4.92769863e-01 -1.08079712e+01 -2.10633248e+00 -3.87191097e+00 -7.20335999e-01 
 7.91589455e+01  4.37560864e-07 -2.39053497e-06  4.12319988e-07 -2.28970604e-06 -2.80365782e-07  1.42268123e-06 -3.80158481e-07  1.98403851e-06 -1.80211983e+00 -4.51131259e-01 -1.03674578e+01 -1.93444002e+00 -3.71599100e+00 -6.60593159e-01 
 7.92501330e+01  4.03682299e-07 -2.30081594e-06  3.80472036e-07 -2.20561280e-06 -2.58512031e-07  1.36478261e-06 -3.50434674e-07  1.90494810e-06 -1.69961186e+00 -4.14360693e-01 -9.95944912e+00 -1.78241583e+00 -3.57159445e+00 -6.07795951e-01 
 7.93414257e+01  3.73563622e-07 -2.21749208e-06  3.52155973e-07 -2.12751620e-06 -2.39086642e-07  1.31102532e-06 -3.24017892e-07  1.83151509e-06 -1.60444417e+00 -3.81739841e-01 -9.58061251e+00 -1.64734564e+00 -3.43753794e+00 -5.60922442e-01 
 7.94328235e+01  3.46673023e-07 -2.13992566e-06  3.26872432e-07 -2.05481836e-06 -2.21745936e-07  1.26099626e-06 -3.00439782e-07  1.76317495e-06 -1.51588170e+00 -3.52676604e-01 -9.22803525e+00 -1.52682529e+00 -3.31278751e+00 -5.19129940e-01 
 7.95243266e+01  3.22568707e-07 -2.06755756e-06  3.04206553e-07 -1.98699511e-06 -2.06204428e-07  1.21433327e-06 -2.79311335e-07  1.69943281e-06 -1.43328052e+00 -3.26679674e-01 -8.89916432e+00 -1.41885826e+00 -3.19643712e+00 -4.81718928e-01 
 7.96159350e+01  3.00881368e-07 -1.99989619e-06  2.83811526e-07 -1.92358554e-06 -1.92223496e-07  1.17071792e-06 -2.60307420e-07  1.63985359e-06 -1.35607480e+00 -3.03338820e-01 -8.59175540e+00 -1.32177614e+00 -3.08769048e+00 -4.48105096e-01 
 7.97076491e+01  2.81300480e-07 -1.93650801e-06  2.65395725e-07 -1.86418320e-06 -1.79602509e-07  1.12986941e-06 -2.43154701e-07  1.58405364e-06 -1.28376585e+00 -2.82309496e-01 -8.30382960e+00 -1.23417655e+00 -2.98584564e+00 -4.17797499e-01 
 7.97994687e+01  2.63563496e-07 -1.87700958e-06  2.48712569e-07 -1.80842856e-06 -1.68171850e-07  1.09153940e-06 -2.27622111e-07  1.53169366e-06 -1.21591282e+00 -2.63300714e-01 -8.03363696e+00 -1.15487417e+00 -2.89028196e+00 -3.90381356e-01 
 7.98913942e+01  2.47447278e-07 -1.82106076e-06  2.33552484e-07 -1.75600271e-06 -1.57787375e-07  1.05550761e-06 -2.13513303e-07  1.48247270e-06 -1.15212485e+00 -2.46065445e-01 -7.77962535e+00 -1.08286193e+00 -2.80044906e+00 -3.65504402e-01 
 7.99834255e+01  2.32761254e-07 -1.76835896e-06  2.19736466e-07 -1.70662193e-06 -1.48325983e-07  1.02157806e-06 -2.00660608e-07  1.43612305e-06 -1.09205437e+00 -2.30392939e-01 -7.54041423e+00 -1.01728002e+00 -2.71585750e+00 -3.42865999e-01 
 8.00755629e+01  2.19341906e-07 -1.71863427e-06  2.07110921e-07 -1.66003313e-06 -1.39682057e-07  9.89575947e-07 -1.88920184e-07  1.39240590e-06 -1.03539147e+00 -2.16102566e-01 -7.31477219e+00 -9.57390905e-01 -2.63607075e+00 -3.22208377e-01 
 8.01678063e+01  2.07048313e-07 -1.67164524e-06  1.95543472e-07 -1.61600992e-06 -1.31764585e-07  9.59344924e-07 -1.78168090e-07  1.35110767e-06 -9.81859020e-01 -2.03038831e-01 -7.10159789e+00 -9.02559202e-01 -2.56069846e+00 -3.03309548e-01 
 8.02601561e+01  1.95758528e-07 -1.62717534e-06  1.84919560e-07 -1.57434925e-06 -1.24494811e-07  9.30744768e-07 -1.68297083e-07  1.31203682e-06 -9.31208598e-01 -1.91067317e-01 -6.89990374e+00 -8.52235232e-01 -2.48939064e+00 -2.85977547e-01 
 8.03526122e+01  1.85366604e-07 -1.58502990e-06  1.75139652e-07 -1.53486859e-06 -1.17804320e-07  9.03649410e-07 -1.59214012e-07  1.27502113e-06 -8.83216906e-01 -1.80071372e-01 -6.70880189e+00 -8.05941593e-01 -2.42183268e+00 -2.70045718e-01 
 8.04451749e+01  1.75780151e-07 -1.54503344e-06  1.66116948e-07 -1.49740339e-06 -1.11633456e-07  8.77945230e-07 -1.50837655e-07  1.23990542e-06 -8.37682748e-01 -1.69949380e-01 -6.52749217e+00 -7.63262106e-01 -2.35774107e+00 -2.55368831e-01 
 8.05378441e+01  1.66918319e-07 -1.50702746e-06  1.57775484e-07 -1.46180501e-06 -1.05930014e-07  8.53529582e-07 -1.43096945e-07  1.20654947e-06 -7.94424411e-01 -1.60612514e-01 -6.35525180e+00 -7.23832678e-01 -2.29685975e+00 -2.41819885e-01 
 8.06306201e+01  1.58710112e-07 -1.47086842e-06  1.50048552e-07 -1.42793886e-06 -1.00648159e-07  8.30309525e-07 -1.35929490e-07  1.17482634e-06 -7.53277405e-01 -1.51982856e-01 -6.19142633e+00 -6.87333701e-01 -2.23895687e+00 -2.29287438e-01 
 8.07235030e+01  1.51092990e-07 -1.43642607e-06  1.42877388e-07 -1.39568279e-06 -9.57475179e-08  8.08200722e-07 -1.29280335e-07  1.14462084e-06 -7.14092495e-01 -1.43991843e-01 -6.03542195e+00 -6.53483720e-01 -2.18382212e+00 -2.17673390e-01 
 8.08164929e+01  1.44011694e-07 -1.40358197e-06  1.36210065e-07 -1.36492574e-06 -9.11924184e-08  7.87126480e-07 -1.23100930e-07  1.11582822e-06 -6.76734005e-01 -1.36578957e-01 -5.88669869e+00 -6.22034117e-01 -2.13126424e+00 -2.06891120e-01 
 8.09095899e+01  1.37417252e-07 -1.37222819e-06  1.30000563e-07 -1.33556649e-06 -8.69512506e-08  7.67016916e-07 -1.17348258e-07  1.08835302e-06 -6.41078330e-01 -1.29690625e-01 -5.74476456e+00 -5.92764637e-01 -2.08110900e+00 -1.96863920e-01 
 8.10027942e+01  1.31266145e-07 -1.34226619e-06  1.24207983e-07 -1.30751264e-06 -8.29959258e-08  7.47808227e-07 -1.11984095e-07  1.06210812e-06 -6.07012642e-01 -1.23279289e-01 -5.60917039e+00 -5.65479605e-01 -2.03319732e+00 -1.87523668e-01 
 8.10961058e+01  1.25519596e-07 -1.31360584e-06  1.18795883e-07 -1.28067965e-06 -7.93014179e-08  7.29442052e-07 -1.06974389e-07  1.03701379e-06 -5.74433755e-01 -1.17302617e-01 -5.47950534e+00 -5.40004725e-01 -1.98738374e+00 -1.78809708e-01 
 8.11895249e+01  1.20142966e-07 -1.28616453e-06  1.13731705e-07 -1.25499007e-06 -7.58453722e-08  7.11864911e-07 -1.02288725e-07  1.01299701e-06 -5.43247125e-01 -1.11722835e-01 -5.35539295e+00 -5.16184340e-01 -1.94353495e+00 -1.70667892e-01 
 8.12830516e+01  1.15105233e-07 -1.25986645e-06  1.08986293e-07 -1.23037279e-06 -7.26077716e-08  6.95027710e-07 -9.78998707e-08  9.89990725e-07 -5.13365980e-01 -1.06506152e-01 -5.23648764e+00 -4.93879105e-01 -1.90152861e+00 -1.63049765e-01 
 8.13766861e+01  1.10378556e-07 -1.23464186e-06  1.04533477e-07 -1.20676242e-06 -6.95706500e-08  6.78885305e-07 -9.37833856e-08  9.67933278e-07 -4.84710539e-01 -1.01622268e-01 -5.12247166e+00 -4.72963980e-01 -1.86125222e+00 -1.55911863e-01 
 8.14704284e+01  1.05937884e-07 -1.21042654e-06  1.00349709e-07 -1.18409874e-06 -6.67178460e-08  6.63396118e-07 -8.99172865e-08  9.46767887e-07 -4.57207335e-01 -9.70439562e-02 -5.01305235e+00 -4.53326513e-01 -1.82260217e+00 -1.49215113e-01 
 8.15642787e+01  1.01760636e-07 -1.18716126e-06  9.64137625e-08 -1.16232617e-06 -6.40347902e-08  6.48521793e-07 -8.62817573e-08  9.26442172e-07 -4.30788603e-01 -9.27466931e-02 -4.90795975e+00 -4.34865352e-01 -1.78548290e+00 -1.42924313e-01 
 8.16582371e+01  9.78264104e-08 -1.16479128e-06  9.27064571e-08 -1.14139341e-06 -6.15083211e-08  6.34226895e-07 -8.28588980e-08  9.06907740e-07 -4.05391745e-01 -8.87083485e-02 -4.80694446e+00 -4.17488960e-01 -1.74980613e+00 -1.37007681e-01 
 8.17523038e+01  9.41167380e-08 -1.14326596e-06  8.92104304e-08 -1.12125295e-06 -5.91265253e-08  6.20478636e-07 -7.96325077e-08  8.88119817e-07 -3.80958852e-01 -8.49089101e-02 -4.70977575e+00 -4.01114502e-01 -1.71549019e+00 -1.31436468e-01 
 8.18464788e+01  9.06148691e-08 -1.12253838e-06  8.59099344e-08 -1.10186078e-06 -5.68785986e-08  6.07246639e-07 -7.65878946e-08  8.70036916e-07 -3.57436274e-01 -8.13302468e-02 -4.61623981e+00 -3.85666870e-01 -1.68245940e+00 -1.26184617e-01 
 8.19407623e+01  8.73055836e-08 -1.10256500e-06  8.27906591e-08 -1.08317608e-06 -5.47547243e-08  5.94502719e-07 -7.37117113e-08  8.52620548e-07 -3.34774240e-01 -7.79559009e-02 -4.52613829e+00 -3.71077840e-01 -1.65064357e+00 -1.21228467e-01 
 8.20351544e+01  8.41750277e-08 -1.08330538e-06  7.98395780e-08 -1.06516092e-06 -5.27459676e-08  5.82220691e-07 -7.09918102e-08  8.35834956e-07 -3.12926516e-01 -7.47709078e-02 -4.43928694e+00 -3.57285328e-01 -1.61997749e+00 -1.16546498e-01 
 8.21296553e+01  8.12105689e-08 -1.06472189e-06  7.70448128e-08 -1.04778002e-06 -5.08441819e-08  5.70376197e-07 -6.84171163e-08  8.19646877e-07 -2.91850098e-01 -7.17616366e-02 -4.35551433e+00 -3.44232741e-01 -1.59040049e+00 -1.12119097e-01 
 8.22242650e+01  7.84006697e-08 -1.04677949e-06  7.43955143e-08 -1.03100049e-06 -4.90419272e-08  5.58946550e-07 -6.59775160e-08  8.04025330e-07 -2.71504938e-01 -6.89156510e-02 -4.27466083e+00 -3.31868409e-01 -1.56185607e+00 -1.07928366e-01 
 8.23189837e+01  7.57347756e-08 -1.02944550e-06  7.18817571e-08 -1.01479171e-06 -4.73323981e-08  5.47910596e-07 -6.36637589e-08  7.88941427e-07 -2.51853694e-01 -6.62215862e-02 -4.19657758e+00 -3.20145077e-01 -1.53429157e+00 -1.03957942e-01 
 8.24138115e+01  7.32032166e-08 -1.01268942e-06  6.94944473e-08 -9.99125060e-07 -4.57093598e-08  5.37248585e-07 -6.14673711e-08  7.74368200e-07 -2.32861509e-01 -6.36690409e-02 -4.12112560e+00 -3.09019463e-01 -1.50765781e+00 -1.00192845e-01 
 8.25087485e+01  7.07971199e-08 -9.96482729e-07  6.72252401e-08 -9.83973795e-07 -4.41670917e-08  5.26942060e-07 -5.93805783e-08  7.60280442e-07 -2.14495807e-01 -6.12484812e-02 -4.04817502e+00 -2.98451865e-01 -1.48190883e+00 -9.66193378e-02 
 8.26037950e+01  6.85083322e-08 -9.80798758e-07  6.50664672e-08 -9.69312898e-07 -4.27003379e-08  5.16973749e-07 -5.73962378e-08  7.46654572e-07 -1.96726112e-01 -5.89511556e-02 -3.97760431e+00 -2.88405813e-01 -1.45700163e+00 -9.32248060e-02 
 8.26989509e+01  6.63293513e-08 -9.65612516e-07  6.30110723e-08 -9.55118935e-07 -4.13042621e-08  5.07327476e-07 -5.55077783e-08  7.33468500e-07 -1.79523882e-01 -5.67690198e-02 -3.90929967e+00 -2.78847758e-01 -1.43289595e+00 -8.99976506e-02 
 8.27942164e+01  6.42532645e-08 -9.50900576e-07  6.10525531e-08 -9.41369933e-07 -3.99744085e-08  4.97988076e-07 -5.37091455e-08  7.20701516e-07 -1.62862356e-01 -5.46946695e-02 -3.84315438e+00 -2.69746795e-01 -1.40955403e+00 -8.69271916e-02 
 8.28895916e+01  6.22736937e-08 -9.36640951e-07  5.91849103e-08 -9.28045271e-07 -3.87066664e-08  4.88941314e-07 -5.19947546e-08  7.08334185e-07 -1.46716423e-01 -5.27212804e-02 -3.77906830e+00 -2.61074422e-01 -1.38694044e+00 -8.40035818e-02 
 8.29850768e+01  6.03847473e-08 -9.22812983e-07  5.74026015e-08 -9.15125575e-07 -3.74972386e-08  4.80173820e-07 -5.03594472e-08  6.96348248e-07 -1.31062494e-01 -5.08425551e-02 -3.71694734e+00 -2.52804315e-01 -1.36502190e+00 -8.12177307e-02 
 8.30806719e+01  5.85809759e-08 -9.09397252e-07  5.57005003e-08 -9.02592631e-07 -3.63426132e-08  4.71673019e-07 -4.87984528e-08  6.84726536e-07 -1.15878390e-01 -4.90526749e-02 -3.65670304e+00 -2.44912134e-01 -1.34376712e+00 -7.85612364e-02 
 8.31763771e+01  5.68573331e-08 -8.96375477e-07  5.40738592e-08 -8.90429293e-07 -3.52395384e-08  4.63427079e-07 -4.73073546e-08  6.73452891e-07 -1.01143238e-01 -4.73462574e-02 -3.59825216e+00 -2.37375347e-01 -1.32314663e+00 -7.60263234e-02 
 8.32721926e+01  5.52091406e-08 -8.83730439e-07  5.25182766e-08 -8.78619411e-07 -3.41849996e-08  4.55424851e-07 -4.58820582e-08  6.62512093e-07 -8.68373771e-02 -4.57183179e-02 -3.54151627e+00 -2.30173070e-01 -1.30313271e+00 -7.36057882e-02 
 8.33681185e+01  5.36320561e-08 -8.71445902e-07  5.10296671e-08 -8.67147760e-07 -3.31761991e-08  4.47655828e-07 -4.45187643e-08  6.51889792e-07 -7.29422731e-02 -4.41642345e-02 -3.48642143e+00 -2.23285926e-01 -1.28369919e+00 -7.12929496e-02 
 8.34641548e+01  5.21220451e-08 -8.59506549e-07  4.96042346e-08 -8.55999971e-07 -3.22105377e-08  4.40110092e-07 -4.32139430e-08  6.41572446e-07 -5.94404377e-02 -4.26797178e-02 -3.43289788e+00 -2.16695917e-01 -1.26482140e+00 -6.90816040e-02 
 8.35603018e+01  5.06753551e-08 -8.47897912e-07  4.82384481e-08 -8.45162476e-07 -3.12855977e-08  4.32778280e-07 -4.19643118e-08  6.31547270e-07 -4.63153571e-02 -4.12607819e-02 -3.38087974e+00 -2.10386306e-01 -1.24647604e+00 -6.69659851e-02 
 8.36565596e+01  4.92884921e-08 -8.36606319e-07  4.69290198e-08 -8.34622453e-07 -3.03991284e-08  4.25651539e-07 -4.07668148e-08  6.21802179e-07 -3.35514248e-02 -3.99037196e-02 -3.33030474e+00 -2.04341516e-01 -1.22864108e+00 -6.49407278e-02 
 8.37529282e+01  4.79581995e-08 -8.25618839e-07  4.56728851e-08 -8.24367772e-07 -2.95490323e-08  4.18721500e-07 -3.96186042e-08  6.12325743e-07 -2.11338807e-02 -3.86050796e-02 -3.28111400e+00 -1.98547033e-01 -1.21129569e+00 -6.30008351e-02 
 8.38494079e+01  4.66814394e-08 -8.14923231e-07  4.44671851e-08 -8.14386953e-07 -2.87333526e-08  4.11980239e-07 -3.85170236e-08  6.03107142e-07 -9.04875455e-03 -3.73616452e-02 -3.23325178e+00 -1.92989319e-01 -1.19442016e+00 -6.11416484e-02 
 8.39459987e+01  4.54553749e-08 -8.04507901e-07  4.33092500e-08 -8.04669121e-07 -2.79502621e-08  4.05420250e-07 -3.74595930e-08  5.94136130e-07  2.71718597e-03 -3.61704160e-02 -3.18666528e+00 -1.87655737e-01 -1.17799582e+00 -5.93588203e-02 
 8.40427007e+01  4.42773544e-08 -7.94361857e-07  4.21965840e-08 -7.95203969e-07 -2.71980533e-08  3.99034419e-07 -3.64439946e-08  5.85402992e-07  1.41764832e-02 -3.50285905e-02 -3.14130445e+00 -1.82534480e-01 -1.16200496e+00 -5.76482904e-02 
 8.41395142e+01  4.31448975e-08 -7.84474675e-07  4.11268526e-08 -7.85981718e-07 -2.64751289e-08  3.92815999e-07 -3.54680605e-08  5.76898515e-07  2.53410336e-02 -3.39335508e-02 -3.09712182e+00 -1.77614504e-01 -1.14643080e+00 -5.60062628e-02 
 8.42364391e+01  4.20556814e-08 -7.74836459e-07  4.00978696e-08 -7.76993088e-07 -2.57799932e-08  3.86758582e-07 -3.45297611e-08  5.68613952e-07  3.62221289e-02 -3.28828482e-02 -3.05407234e+00 -1.72885473e-01 -1.13125739e+00 -5.44291856e-02 
 8.43334758e+01  4.10075297e-08 -7.65437809e-07  3.91075863e-08 -7.68229262e-07 -2.51112449e-08  3.80856085e-07 -3.36271948e-08  5.60540996e-07  4.68304937e-02 -3.18741903e-02 -3.01211320e+00 -1.68337704e-01 -1.11646962e+00 -5.29137326e-02 
 8.44306242e+01  3.99984011e-08 -7.56269793e-07  3.81540810e-08 -7.59681862e-07 -2.44675698e-08  3.75102727e-07 -3.27585782e-08  5.52671752e-07  5.71763207e-02 -3.09054296e-02 -2.97120373e+00 -1.63962116e-01 -1.10205308e+00 -5.14567864e-02 
 8.45278845e+01  3.90263795e-08 -7.47323915e-07  3.72355501e-08 -7.51342919e-07 -2.38477342e-08  3.69493006e-07 -3.19222378e-08  5.44998712e-07  6.72693030e-02 -2.99745524e-02 -2.93130524e+00 -1.59750189e-01 -1.08799410e+00 -5.00554227e-02 
 8.46252569e+01  3.80896649e-08 -7.38592088e-07  3.63502989e-08 -7.43204850e-07 -2.32505795e-08  3.64021689e-07 -3.11166015e-08  5.37514729e-07  7.71186643e-02 -2.90796689e-02 -2.89238093e+00 -1.55693923e-01 -1.07427967e+00 -4.87068964e-02 
 8.47227414e+01  3.71865651e-08 -7.30066616e-07  3.54967344e-08 -7.35260435e-07 -2.26750165e-08  3.58683795e-07 -3.03401918e-08  5.30213001e-07  8.67331870e-02 -2.82190046e-02 -2.85439574e+00 -1.51785798e-01 -1.06089738e+00 -4.74086286e-02 
 8.48203382e+01  3.63154881e-08 -7.21740162e-07  3.46733576e-08 -7.27502794e-07 -2.21200204e-08  3.53474574e-07 -2.95916186e-08  5.23087045e-07  9.61212381e-02 -2.73908915e-02 -2.81731627e+00 -1.48018740e-01 -1.04783544e+00 -4.61581946e-02 
 8.49180475e+01  3.54749350e-08 -7.13605736e-07  3.38787572e-08 -7.19925370e-07 -2.15846265e-08  3.48389502e-07 -2.88695736e-08  5.16130682e-07  1.05290793e-01 -2.65937612e-02 -2.78111070e+00 -1.44386093e-01 -1.03508257e+00 -4.49533131e-02 
 8.50158693e+01  3.46634936e-08 -7.05656668e-07  3.31116035e-08 -7.12521907e-07 -2.10679260e-08  3.43424261e-07 -2.81728241e-08  5.09338019e-07  1.14249460e-01 -2.58261371e-02 -2.74574866e+00 -1.40881586e-01 -1.02262805e+00 -4.37918362e-02 
 8.51138038e+01  3.38798323e-08 -6.97886593e-07  3.23706427e-08 -7.05286436e-07 -2.05690620e-08  3.38574732e-07 -2.75002081e-08  5.02703430e-07  1.23004498e-01 -2.50866290e-02 -2.71120118e+00 -1.37499309e-01 -1.01046163e+00 -4.26717401e-02 
 8.52118511e+01  3.31226949e-08 -6.90289435e-07  3.16546917e-08 -6.98213257e-07 -2.00872262e-08  3.33836981e-07 -2.68506294e-08  4.96221546e-07  1.31562838e-01 -2.43739261e-02 -2.67744057e+00 -1.34233689e-01 -9.98573528e-01 -4.15911168e-02 
 8.53100114e+01  3.23908952e-08 -6.82859386e-07  3.09626336e-08 -6.91296925e-07 -1.96216554e-08  3.29207250e-07 -2.62230533e-08  4.89887235e-07  1.39931103e-01 -2.36867927e-02 -2.64444043e+00 -1.31079462e-01 -9.86954395e-01 -4.05481660e-02 
 8.54082847e+01  3.16833129e-08 -6.75590898e-07  3.02934132e-08 -6.84532234e-07 -1.91716286e-08  3.24681947e-07 -2.56165024e-08  4.83695594e-07  1.48115621e-01 -2.30240623e-02 -2.61217547e+00 -1.28031662e-01 -9.75595300e-01 -3.95411882e-02 
 8.55066713e+01  3.09988885e-08 -6.68478664e-07  2.96460328e-08 -6.77914206e-07 -1.87364645e-08  3.20257637e-07 -2.50300528e-08  4.77641932e-07  1.56122445e-01 -2.23846335e-02 -2.58062153e+00 -1.25085591e-01 -9.64487700e-01 -3.85685779e-02 
 8.56051712e+01  3.03366203e-08 -6.61517606e-07  2.90195488e-08 -6.71438081e-07 -1.83155185e-08  3.15931034e-07 -2.44628307e-08  4.71721763e-07  1.63957365e-01 -2.17674655e-02 -2.54975552e+00 -1.22236808e-01 -9.53623424e-01 -3.76288174e-02 
 8.57037845e+01  2.96955598e-08 -6.54702864e-07  2.84130678e-08 -6.65099298e-07 -1.79081805e-08  3.11698992e-07 -2.39140092e-08  4.65930791e-07  1.71625924e-01 -2.11715742e-02 -2.51955529e+00 -1.19481112e-01 -9.42994648e-01 -3.67204711e-02 
 8.58025115e+01  2.90748088e-08 -6.48029783e-07  2.78257439e-08 -6.58893492e-07 -1.75138729e-08  3.07558497e-07 -2.33828055e-08  4.60264905e-07  1.79133429e-01 -2.05960287e-02 -2.48999965e+00 -1.16814525e-01 -9.32593880e-01 -3.58421806e-02 
 8.59013522e+01  2.84735163e-08 -6.41493902e-07  2.72567754e-08 -6.52816481e-07 -1.71320482e-08  3.03506664e-07 -2.28684775e-08  4.54720161e-07  1.86484967e-01 -2.00399478e-02 -2.46106831e+00 -1.14233278e-01 -9.22413943e-01 -3.49926593e-02 
 8.60003067e+01  2.78908752e-08 -6.35090948e-07  2.67054021e-08 -6.46864254e-07 -1.67621874e-08  2.99540726e-07 -2.23703220e-08  4.49292784e-07  1.93685412e-01 -1.95024969e-02 -2.43274181e+00 -1.11733797e-01 -9.12447957e-01 -3.41706882e-02 
 8.60993752e+01  2.73261201e-08 -6.28816821e-07  2.61709027e-08 -6.41032967e-07 -1.64037983e-08  2.95658028e-07 -2.18876718e-08  4.43979151e-07  2.00739438e-01 -1.89828848e-02 -2.40500148e+00 -1.09312697e-01 -9.02689325e-01 -3.33751117e-02 
 8.61985579e+01  2.67785241e-08 -6.22667587e-07  2.56525926e-08 -6.35318931e-07 -1.60564136e-08  2.91856026e-07 -2.14198938e-08  4.38775787e-07  2.07651530e-01 -1.84803617e-02 -2.37782941e+00 -1.06966761e-01 -8.93131717e-01 -3.26048335e-02 
 8.62978548e+01  2.62473972e-08 -6.16639473e-07  2.51498216e-08 -6.29718605e-07 -1.57195894e-08  2.88132277e-07 -2.09663869e-08  4.33679355e-07  2.14425991e-01 -1.79942160e-02 -2.35120844e+00 -1.04692937e-01 -8.83769059e-01 -3.18588134e-02 
 8.63972661e+01  2.57320835e-08 -6.10728853e-07  2.46619718e-08 -6.24228591e-07 -1.53929043e-08  2.84484434e-07 -2.05265797e-08  4.28686654e-07  2.21066954e-01 -1.75237724e-02 -2.32512205e+00 -1.02488325e-01 -8.74595519e-01 -3.11360635e-02 
 8.64967919e+01  2.52319596e-08 -6.04932246e-07  2.41884558e-08 -6.18845622e-07 -1.50759573e-08  2.80910245e-07 -2.00999293e-08  4.23794608e-07  2.27578389e-01 -1.70683893e-02 -2.29955440e+00 -1.00350170e-01 -8.65605494e-01 -3.04356451e-02 
 8.65964323e+01  2.47464325e-08 -5.99246306e-07  2.37287147e-08 -6.13566561e-07 -1.47683671e-08  2.77407543e-07 -1.96859193e-08  4.19000259e-07  2.33964108e-01 -1.66274574e-02 -2.27449027e+00 -9.82758509e-02 -8.56793601e-01 -2.97566662e-02 
 8.66961876e+01  2.42749377e-08 -5.93667817e-07  2.32822168e-08 -6.08388391e-07 -1.44697712e-08  2.73974248e-07 -1.92840583e-08  4.14300767e-07  2.40227780e-01 -1.62003974e-02 -2.24991501e+00 -9.62628749e-02 -8.48154666e-01 -2.90982783e-02 
 8.67960577e+01  2.38169380e-08 -5.88193687e-07  2.28484556e-08 -6.03308211e-07 -1.41798239e-08  2.70608357e-07 -1.88938787e-08  4.09693399e-07  2.46372930e-01 -1.57866582e-02 -2.22581454e+00 -9.43088689e-02 -8.39683712e-01 -2.84596743e-02 
 8.68960429e+01  2.33719214e-08 -5.82820939e-07  2.24269489e-08 -5.98323231e-07 -1.38981965e-08  2.67307945e-07 -1.85149349e-08  4.05175526e-07  2.52402950e-01 -1.53857155e-02 -2.20217532e+00 -9.24115730e-02 -8.31375950e-01 -2.78400856e-02 
 8.69961433e+01  2.29394002e-08 -5.77546710e-07  2.20172367e-08 -5.93430765e-07 -1.36245753e-08  2.64071158e-07 -1.81468023e-08  4.00744617e-07  2.58321106e-01 -1.49970702e-02 -2.17898432e+00 -9.05688342e-02 -8.23226775e-01 -2.72387806e-02 
 8.70963590e+01  2.25189093e-08 -5.72368242e-07  2.16188809e-08 -5.88628227e-07 -1.33586615e-08  2.60896212e-07 -1.77890763e-08  3.96398237e-07  2.64130539e-01 -1.46202469e-02 -2.15622898e+00 -8.87786003e-02 -8.15231750e-01 -2.66550618e-02 
 8.71966901e+01  2.21100049e-08 -5.67282881e-07  2.12314632e-08 -5.83913125e-07 -1.31001700e-08  2.57781389e-07 -1.74413709e-08  3.92134039e-07  2.69834277e-01 -1.42547925e-02 -2.13389723e+00 -8.70389144e-02 -8.07386604e-01 -2.60882646e-02 
 8.72971368e+01  2.17122638e-08 -5.62288069e-07  2.08545845e-08 -5.79283062e-07 -1.28488287e-08  2.54725032e-07 -1.71033179e-08  3.87949764e-07  2.75435235e-01 -1.39002753e-02 -2.11197741e+00 -8.53479094e-02 -7.99687221e-01 -2.55377553e-02 
 8.73976993e+01  2.13252817e-08 -5.57381339e-07  2.04878639e-08 -5.74735725e-07 -1.26043780e-08  2.51725547e-07 -1.67745655e-08  3.83843234e-07  2.80936225e-01 -1.35562834e-02 -2.09045830e+00 -8.37038035e-02 -7.92129634e-01 -2.50029290e-02 
 8.74983775e+01  2.09486724e-08 -5.52560315e-07  2.01309374e-08 -5.70268884e-07 -1.23665698e-08  2.48781395e-07 -1.64547782e-08  3.79812347e-07  2.86339956e-01 -1.32224240e-02 -2.06932910e+00 -8.21048951e-02 -7.84710022e-01 -2.44832085e-02 
 8.75991718e+01  2.05820672e-08 -5.47822705e-07  1.97834572e-08 -5.65880389e-07 -1.21351671e-08  2.45891092e-07 -1.61436352e-08  3.75855080e-07  2.91649040e-01 -1.28983220e-02 -2.04857936e+00 -8.05495591e-02 -7.77424695e-01 -2.39780427e-02 
 8.77000821e+01  2.02251133e-08 -5.43166297e-07  1.94450909e-08 -5.61568167e-07 -1.19099434e-08  2.43053208e-07 -1.58408298e-08  3.71969479e-07  2.96865998e-01 -1.25836192e-02 -2.02819902e+00 -7.90362422e-02 -7.70270098e-01 -2.34869052e-02 
 8.78011087e+01  1.98774736e-08 -5.38588958e-07  1.91155206e-08 -5.57330217e-07 -1.16906821e-08  2.40266360e-07 -1.55460691e-08  3.68153659e-07  3.01993262e-01 -1.22779737e-02 -2.00817836e+00 -7.75634595e-02 -7.63242797e-01 -2.30092927e-02 
 8.79022517e+01  1.95388254e-08 -5.34088626e-07  1.87944420e-08 -5.53164605e-07 -1.14771761e-08  2.37529217e-07 -1.52590725e-08  3.64405799e-07  3.07033181e-01 -1.19810585e-02 -1.98850802e+00 -7.61297910e-02 -7.56339480e-01 -2.25447244e-02 
 8.80035112e+01  1.92088600e-08 -5.29663314e-07  1.84815641e-08 -5.49069466e-07 -1.12692269e-08  2.34840491e-07 -1.49795718e-08  3.60724143e-07  3.11988021e-01 -1.16925610e-02 -1.96917894e+00 -7.47338780e-02 -7.49556946e-01 -2.20927400e-02 
 8.81048873e+01  1.88872817e-08 -5.25311100e-07  1.81766081e-08 -5.45042999e-07 -1.10666447e-08  2.32198938e-07 -1.47073101e-08  3.57106993e-07  3.16859973e-01 -1.14121824e-02 -1.95018238e+00 -7.33744199e-02 -7.42892107e-01 -2.16528996e-02 
 8.82063802e+01  1.85738074e-08 -5.21030128e-07  1.78793070e-08 -5.41083463e-07 -1.08692479e-08  2.29603358e-07 -1.44420415e-08  3.53552709e-07  3.21651152e-01 -1.11396368e-02 -1.93150988e+00 -7.20501717e-02 -7.36341976e-01 -2.12247819e-02 
 8.83079900e+01  1.82681659e-08 -5.16818602e-07  1.75894050e-08 -5.37189174e-07 -1.06768621e-08  2.27052588e-07 -1.41835304e-08  3.50059707e-07  3.26363603e-01 -1.08746503e-02 -1.91315329e+00 -7.07599406e-02 -7.29903669e-01 -2.08079835e-02 
 8.84097169e+01  1.79700970e-08 -5.12674790e-07  1.73066569e-08 -5.33358507e-07 -1.04893204e-08  2.24545508e-07 -1.39315509e-08  3.46626454e-07  3.30999303e-01 -1.06169611e-02 -1.89510470e+00 -6.95025837e-02 -7.23574395e-01 -2.04021181e-02 
 8.85115610e+01  1.76793516e-08 -5.08597014e-07  1.70308276e-08 -5.29589888e-07 -1.03064628e-08  2.22081030e-07 -1.36858866e-08  3.43251470e-07  3.35560163e-01 -1.03663181e-02 -1.87735650e+00 -6.82770058e-02 -7.17351458e-01 -2.00068156e-02 
 8.86135224e+01  1.73956904e-08 -5.04583650e-07  1.67616915e-08 -5.25881795e-07 -1.01281357e-08  2.19658106e-07 -1.34463299e-08  3.39933320e-07  3.40048033e-01 -1.01224808e-02 -1.85990128e+00 -6.70821564e-02 -7.11232248e-01 -1.96217211e-02 
 8.87156012e+01  1.71188841e-08 -5.00633131e-07  1.64990324e-08 -5.22232757e-07 -9.95419199e-09  2.17275720e-07 -1.32126816e-08  3.36670619e-07  3.44464702e-01 -9.88521890e-03 -1.84273192e+00 -6.59170279e-02 -7.05214243e-01 -1.92464945e-02 
 8.88177976e+01  1.68487124e-08 -4.96743936e-07  1.62426424e-08 -5.18641348e-07 -9.78449020e-09  2.14932888e-07 -1.29847505e-08  3.33462024e-07  3.48811900e-01 -9.65431131e-03 -1.82584149e+00 -6.47806537e-02 -6.99294998e-01 -1.88808095e-02 
 8.89201118e+01  1.65849639e-08 -4.92914594e-07  1.59923221e-08 -5.15106190e-07 -9.61889465e-09  2.12628659e-07 -1.27623533e-08  3.30306237e-07  3.53091305e-01 -9.42954616e-03 -1.80922331e+00 -6.36721059e-02 -6.93472150e-01 -1.85243531e-02 
 8.90225438e+01  1.63274356e-08 -4.89143683e-07  1.57478800e-08 -5.11625946e-07 -9.45727503e-09  2.10362111e-07 -1.25453136e-08  3.27202000e-07  3.57304539e-01 -9.21072013e-03 -1.79287089e+00 -6.25904934e-02 -6.87743407e-01 -1.81768247e-02 
 8.91250938e+01  1.60759323e-08 -4.85429821e-07  1.55091320e-08 -5.08199324e-07 -9.29950613e-09  2.08132352e-07 -1.23334623e-08  3.24148094e-07  3.61453173e-01 -8.99763812e-03 -1.77677796e+00 -6.15349606e-02 -6.82106554e-01 -1.78379359e-02 
 8.92277620e+01  1.58302665e-08 -4.81771674e-07  1.52759013e-08 -5.04825070e-07 -9.14546764e-09  2.05938517e-07 -1.21266366e-08  3.21143339e-07  3.65538732e-01 -8.79011281e-03 -1.76093843e+00 -6.05046853e-02 -6.76559441e-01 -1.75074097e-02 
 8.93305484e+01  1.55902579e-08 -4.78167946e-07  1.50480177e-08 -5.01501969e-07 -8.99504389e-09  2.03779768e-07 -1.19246803e-08  3.18186592e-07  3.69562691e-01 -8.58796432e-03 -1.74534642e+00 -5.94988773e-02 -6.71099987e-01 -1.71849798e-02 
 8.94334532e+01  1.53557333e-08 -4.74617381e-07  1.48253178e-08 -4.98228844e-07 -8.84812367e-09  2.01655293e-07 -1.17274430e-08  3.15276744e-07  3.73526480e-01 -8.39101987e-03 -1.72999621e+00 -5.85167771e-02 -6.65726173e-01 -1.68703906e-02 
 8.95364766e+01  1.51265259e-08 -4.71118764e-07  1.46076441e-08 -4.95004555e-07 -8.70459999e-09  1.99564304e-07 -1.15347802e-08  3.12412720e-07  3.77431487e-01 -8.19911343e-03 -1.71488227e+00 -5.75576540e-02 -6.60436044e-01 -1.65633961e-02 
 8.96396186e+01  1.49024751e-08 -4.67670913e-07  1.43948453e-08 -4.91827994e-07 -8.56436993e-09  1.97506039e-07 -1.13465527e-08  3.09593478e-07  3.81279056e-01 -8.01208541e-03 -1.69999922e+00 -5.66208053e-02 -6.55227702e-01 -1.62637598e-02 
 8.97428795e+01  1.46834266e-08 -4.64272685e-07  1.41867757e-08 -4.88698088e-07 -8.42733442e-09  1.95479755e-07 -1.11626266e-08  3.06818008e-07  3.85070491e-01 -7.82978238e-03 -1.68534186e+00 -5.57055550e-02 -6.50099308e-01 -1.59712545e-02 
 8.98462593e+01  1.44692317e-08 -4.60922968e-07  1.39832950e-08 -4.85613796e-07 -8.29339809e-09  1.93484735e-07 -1.09828732e-08  3.04085328e-07  3.88807059e-01 -7.65205677e-03 -1.67090513e+00 -5.48112521e-02 -6.45049076e-01 -1.56856612e-02 
 8.99497582e+01  1.42597471e-08 -4.57620685e-07  1.37842679e-08 -4.82574106e-07 -8.16246908e-09  1.91520281e-07 -1.08071683e-08  3.01394487e-07  3.92489987e-01 -7.47876663e-03 -1.65668414e+00 -5.39372700e-02 -6.40075274e-01 -1.54067695e-02 
 9.00533763e+01  1.40548348e-08 -4.54364791e-07  1.35895643e-08 -4.79578038e-07 -8.03445892e-09  1.89585717e-07 -1.06353923e-08  2.98744562e-07  3.96120468e-01 -7.30977537e-03 -1.64267411e+00 -5.30830052e-02 -6.35176222e-01 -1.51343766e-02 
 9.01571138e+01  1.38543621e-08 -4.51154268e-07  1.33990588e-08 -4.76624640e-07 -7.90928237e-09  1.87680385e-07 -1.04674302e-08  2.96134655e-07  3.99699659e-01 -7.14495148e-03 -1.62887043e+00 -5.22478765e-02 -6.30350286e-01 -1.48682873e-02 
 9.02609707e+01  1.36582007e-08 -4.47988132e-07  1.32126304e-08 -4.73712986e-07 -7.78685726e-09  1.85803647e-07 -1.03031710e-08  2.93563895e-07  4.03228685e-01 -6.98416838e-03 -1.61526862e+00 -5.14313236e-02 -6.25595882e-01 -1.46083136e-02 
 9.03649474e+01  1.34662270e-08 -4.44865424e-07  1.30301625e-08 -4.70842179e-07 -7.66710438e-09  1.83954884e-07 -1.01425075e-08  2.91031437e-07  4.06708636e-01 -6.82730416e-03 -1.60186431e+00 -5.06328066e-02 -6.20911471e-01 -1.43542743e-02 
 9.04690438e+01  1.32783220e-08 -4.41785214e-07  1.28515426e-08 -4.68011346e-07 -7.54994735e-09  1.82133493e-07 -9.98533680e-09  2.88536460e-07  4.10140573e-01 -6.67424136e-03 -1.58865327e+00 -4.98518050e-02 -6.16295557e-01 -1.41059949e-02 
 9.05732601e+01  1.30943706e-08 -4.38746598e-07  1.26766623e-08 -4.65219639e-07 -7.43531249e-09  1.80338890e-07 -9.83155925e-09  2.86078165e-07  4.13525526e-01 -6.52486683e-03 -1.57563139e+00 -4.90878168e-02 -6.11746688e-01 -1.38633070e-02 
 9.06775965e+01  1.29142621e-08 -4.35748697e-07  1.25054168e-08 -4.62466233e-07 -7.32312871e-09  1.78570506e-07 -9.68107890e-09  2.83655775e-07  4.16864498e-01 -6.37907148e-03 -1.56279467e+00 -4.83403578e-02 -6.07263452e-01 -1.36260484e-02 
 9.07820530e+01  1.27378893e-08 -4.32790656e-07  1.23377052e-08 -4.59750329e-07 -7.21332740e-09  1.76827788e-07 -9.53380311e-09  2.81268538e-07  4.20158461e-01 -6.23675016e-03 -1.55013923e+00 -4.76089608e-02 -6.02844476e-01 -1.33940627e-02 
 9.08866299e+01  1.25651490e-08 -4.29871646e-07  1.21734299e-08 -4.57071148e-07 -7.10584236e-09  1.75110199e-07 -9.38964247e-09  2.78915720e-07  4.23408362e-01 -6.09780149e-03 -1.53766128e+00 -4.68931750e-02 -5.98488426e-01 -1.31671988e-02 
 9.09913273e+01  1.23959414e-08 -4.26990859e-07  1.20124967e-08 -4.54427931e-07 -7.00060962e-09  1.73417216e-07 -9.24851066e-09  2.76596608e-07  4.26615122e-01 -5.96212766e-03 -1.52535716e+00 -4.61925649e-02 -5.94194005e-01 -1.29453110e-02 
 9.10961452e+01  1.22301701e-08 -4.24147510e-07  1.18548146e-08 -4.51819942e-07 -6.89756745e-09  1.71748332e-07 -9.11032431e-09  2.74310509e-07  4.29779635e-01 -5.82963430e-03 -1.51322328e+00 -4.55067105e-02 -5.89959950e-01 -1.27282588e-02 
 9.12010839e+01  1.20677420e-08 -4.21340833e-07  1.17002957e-08 -4.49246466e-07 -6.79665619e-09  1.70103052e-07 -8.97500289e-09  2.72056748e-07  4.32902773e-01 -5.70023038e-03 -1.50125617e+00 -4.48352059e-02 -5.85785035e-01 -1.25159063e-02 
 9.13061435e+01  1.19085672e-08 -4.18570087e-07  1.15488551e-08 -4.46706805e-07 -6.69781819e-09  1.68480895e-07 -8.84246860e-09  2.69834668e-07  4.35985383e-01 -5.57382800e-03 -1.48945246e+00 -4.41776588e-02 -5.81668064e-01 -1.23081225e-02 
 9.14113241e+01  1.17525587e-08 -4.15834546e-07  1.14004106e-08 -4.44200279e-07 -6.60099774e-09  1.66881393e-07 -8.71264625e-09  2.67643631e-07  4.39028289e-01 -5.45034231e-03 -1.47780884e+00 -4.35336905e-02 -5.77607876e-01 -1.21047809e-02 
 9.15166259e+01  1.15996324e-08 -4.13133508e-07  1.12548829e-08 -4.41726230e-07 -6.50614100e-09  1.65304090e-07 -8.58546318e-09  2.65483016e-07  4.42032295e-01 -5.32969138e-03 -1.46632212e+00 -4.29029349e-02 -5.73603340e-01 -1.19057590e-02 
 9.16220490e+01  1.14497071e-08 -4.10466285e-07  1.11121953e-08 -4.39284014e-07 -6.41319590e-09  1.63748543e-07 -8.46084911e-09  2.63352217e-07  4.44998182e-01 -5.21179606e-03 -1.45498917e+00 -4.22850378e-02 -5.69653353e-01 -1.17109387e-02 
 9.17275935e+01  1.13027041e-08 -4.07832212e-07  1.09722735e-08 -4.36873005e-07 -6.32211207e-09  1.62214320e-07 -8.33873608e-09  2.61250644e-07  4.47926710e-01 -5.09657990e-03 -1.44380697e+00 -4.16796572e-02 -5.65756845e-01 -1.15202057e-02 
 9.18332596e+01  1.11585475e-08 -4.05230637e-07  1.08350456e-08 -4.34492593e-07 -6.23284080e-09  1.60700999e-07 -8.21905838e-09  2.59177725e-07  4.50818622e-01 -4.98396900e-03 -1.43277254e+00 -4.10864620e-02 -5.61912770e-01 -1.13334497e-02 
 9.19390475e+01  1.10171635e-08 -4.02660926e-07  1.07004421e-08 -4.32142184e-07 -6.14533497e-09  1.59208173e-07 -8.10175240e-09  2.57132900e-07  4.53674638e-01 -4.87389196e-03 -1.42188301e+00 -4.05051320e-02 -5.58120113e-01 -1.11505638e-02 
 9.20449572e+01  1.08784810e-08 -4.00122464e-07  1.05683958e-08 -4.29821201e-07 -6.05954895e-09  1.57735440e-07 -7.98675662e-09  2.55115624e-07  4.56495463e-01 -4.76627973e-03 -1.41113558e+00 -3.99353574e-02 -5.54377881e-01 -1.09714447e-02 
 9.21509889e+01  1.07424311e-08 -3.97614649e-07  1.04388416e-08 -4.27529079e-07 -5.97543859e-09  1.56282413e-07 -7.87401148e-09  2.53125368e-07  4.59281781e-01 -4.66106557e-03 -1.40052750e+00 -3.93768385e-02 -5.50685110e-01 -1.07959925e-02 
 9.22571427e+01  1.06089469e-08 -3.95136895e-07  1.03117163e-08 -4.25265269e-07 -5.89296116e-09  1.54848712e-07 -7.76345931e-09  2.51161613e-07  4.62034261e-01 -4.55818492e-03 -1.39005612e+00 -3.88292850e-02 -5.47040859e-01 -1.06241106e-02 
 9.23634188e+01  1.04779638e-08 -3.92688631e-07  1.01869589e-08 -4.23029235e-07 -5.81207524e-09  1.53433969e-07 -7.65504428e-09  2.49223857e-07  4.64753553e-01 -4.45757532e-03 -1.37971884e+00 -3.82924160e-02 -5.43444212e-01 -1.04557055e-02 
 9.24698174e+01  1.03494192e-08 -3.90269300e-07  1.00645103e-08 -4.20820457e-07 -5.73274076e-09  1.52037822e-07 -7.54871233e-09  2.47311607e-07  4.67440292e-01 -4.35917635e-03 -1.36951312e+00 -3.77659594e-02 -5.39894274e-01 -1.02906865e-02 
 9.25763385e+01  1.02232524e-08 -3.87878360e-07  9.94431308e-09 -4.18638424e-07 -5.65491886e-09  1.50659921e-07 -7.44441106e-09  2.45424385e-07  4.70095097e-01 -4.26292953e-03 -1.35943649e+00 -3.72496518e-02 -5.36390174e-01 -1.01289660e-02 
 9.26829823e+01  1.00994046e-08 -3.85515281e-07  9.82631173e-09 -4.16482640e-07 -5.57857192e-09  1.49299923e-07 -7.34208974e-09  2.43561724e-07  4.72718572e-01 -4.16877827e-03 -1.34948655e+00 -3.67432379e-02 -5.32931063e-01 -9.97045904e-03 
 9.27897490e+01  9.97781881e-09 -3.83179546e-07  9.71045241e-09 -4.14352621e-07 -5.50366345e-09  1.47957495e-07 -7.24169917e-09  2.41723169e-07  4.75311304e-01 -4.07666776e-03 -1.33966095e+00 -3.62464703e-02 -5.29516112e-01 -9.81508348e-03 
 9.28966387e+01  9.85843983e-09 -3.80870653e-07  9.59668291e-09 -4.12247896e-07 -5.43015811e-09  1.46632310e-07 -7.14319169e-09  2.39908274e-07  4.77873868e-01 -3.98654496e-03 -1.32995740e+00 -3.57591094e-02 -5.26144513e-01 -9.66275963e-03 
 9.30036515e+01  9.74121409e-09 -3.78588109e-07  9.48495264e-09 -4.10168004e-07 -5.35802162e-09  1.45324052e-07 -7.04652108e-09  2.38116607e-07  4.80406825e-01 -3.89835847e-03 -1.32037367e+00 -3.52809228e-02 -5.22815476e-01 -9.51341031e-03 
 9.31107875e+01  9.62608962e-09 -3.76331436e-07  9.37521249e-09 -4.08112494e-07 -5.28722074e-09  1.44032408e-07 -6.95164255e-09  2.36347744e-07  4.82910721e-01 -3.81205853e-03 -1.31090756e+00 -3.48116853e-02 -5.19528233e-01 -9.36696072e-03 
 9.32180470e+01  9.51301604e-09 -3.74100165e-07  9.26741486e-09 -4.06080929e-07 -5.21772322e-09  1.42757078e-07 -6.85851262e-09  2.34601273e-07  4.85386089e-01 -3.72759690e-03 -1.30155697e+00 -3.43511785e-02 -5.16282034e-01 -9.22333838e-03 
 9.33254301e+01  9.40194449e-09 -3.71893840e-07  9.16151356e-09 -4.04072880e-07 -5.14949780e-09  1.41497766e-07 -6.76708914e-09  2.32876791e-07  4.87833450e-01 -3.64492686e-03 -1.29231980e+00 -3.38991906e-02 -5.13076144e-01 -9.08247298e-03 
 9.34329368e+01  9.29282752e-09 -3.69712015e-07  9.05746376e-09 -4.02087930e-07 -5.08251413e-09  1.40254183e-07 -6.67733122e-09  2.31173905e-07  4.90253313e-01 -3.56400311e-03 -1.28319403e+00 -3.34555160e-02 -5.09909849e-01 -8.94429640e-03 
 9.35405674e+01  9.18561910e-09 -3.67554255e-07  8.95522196e-09 -4.00125669e-07 -5.01674277e-09  1.39026048e-07 -6.58919918e-09  2.29492231e-07  4.92646173e-01 -3.48478175e-03 -1.27417768e+00 -3.30199554e-02 -5.06782451e-01 -8.80874252e-03 
 9.36483220e+01  9.08027457e-09 -3.65420134e-07  8.85474593e-09 -3.98185701e-07 -4.95215514e-09  1.37813085e-07 -6.50265449e-09  2.27831393e-07  4.95012517e-01 -3.40722021e-03 -1.26526883e+00 -3.25923154e-02 -5.03693268e-01 -8.67574724e-03 
 9.37562007e+01  8.97675054e-09 -3.63309237e-07  8.75599466e-09 -3.96267635e-07 -4.88872349e-09  1.36615027e-07 -6.41765978e-09  2.26191027e-07  4.97352816e-01 -3.33127722e-03 -1.25646557e+00 -3.21724083e-02 -5.00641633e-01 -8.54524837e-03 
 9.38642037e+01  8.87500489e-09 -3.61221159e-07  8.65892835e-09 -3.94371091e-07 -4.82642089e-09  1.35431611e-07 -6.33417875e-09  2.24570773e-07  4.99667535e-01 -3.25691273e-03 -1.24776607e+00 -3.17600517e-02 -4.97626897e-01 -8.41718556e-03 
 9.39723311e+01  8.77499672e-09 -3.59155504e-07  8.56350832e-09 -3.92495698e-07 -4.76522118e-09  1.34262581e-07 -6.25217615e-09  2.22970284e-07  5.01957123e-01 -3.18408791e-03 -1.23916852e+00 -3.13550687e-02 -4.94648425e-01 -8.29150023e-03 
 9.40805830e+01  8.67668630e-09 -3.57111885e-07  8.46969702e-09 -3.90641094e-07 -4.70509895e-09  1.33107687e-07 -6.17161775e-09  2.21389217e-07  5.04222023e-01 -3.11276507e-03 -1.23067117e+00 -3.09572875e-02 -4.91705595e-01 -8.16813553e-03 
 9.41889597e+01  8.58003502e-09 -3.55089923e-07  8.37745795e-09 -3.88806924e-07 -4.64602953e-09  1.31966684e-07 -6.09247031e-09  2.19827239e-07  5.06462666e-01 -3.04290767e-03 -1.22227230e+00 -3.05665412e-02 -4.88797801e-01 -8.04703627e-03 
 9.42974611e+01  8.48500538e-09 -3.53089249e-07  8.28675565e-09 -3.86992841e-07 -4.58798892e-09  1.30839332e-07 -6.01470151e-09  2.18284024e-07  5.08679474e-01 -2.97448020e-03 -1.21397022e+00 -3.01826678e-02 -4.85924451e-01 -7.92814885e-03 
 9.44060876e+01  8.39156092e-09 -3.51109502e-07  8.19755566e-09 -3.85198507e-07 -4.53095384e-09  1.29725399e-07 -5.93827998e-09  2.16759254e-07  5.10872858e-01 -2.90744823e-03 -1.20576329e+00 -2.98055097e-02 -4.83084966e-01 -7.81142123e-03 
 9.45148392e+01  8.29966622e-09 -3.49150328e-07  8.10982449e-09 -3.83423591e-07 -4.47490162e-09  1.28624656e-07 -5.86317521e-09  2.15252618e-07  5.13043222e-01 -2.84177831e-03 -1.19764991e+00 -2.94349139e-02 -4.80278779e-01 -7.69680286e-03 
 9.46237161e+01  8.20928684e-09 -3.47211382e-07  8.02352955e-09 -3.81667769e-07 -4.41981026e-09  1.27536880e-07 -5.78935755e-09  2.13763811e-07  5.15190959e-01 -2.77743796e-03 -1.18962851e+00 -2.90707317e-02 -4.77505337e-01 -7.58424462e-03 
 9.47327185e+01  8.12038929e-09 -3.45292327e-07  7.93863919e-09 -3.79930725e-07 -4.36565836e-09  1.26461853e-07 -5.71679817e-09  2.12292536e-07  5.17316455e-01 -2.71439565e-03 -1.18169755e+00 -2.87128186e-02 -4.74764099e-01 -7.47369880e-03 
 9.48418463e+01  8.03294100e-09 -3.43392833e-07  7.85512261e-09 -3.78212150e-07 -4.31242510e-09  1.25399360e-07 -5.64546905e-09  2.10838501e-07  5.19420086e-01 -2.65262075e-03 -1.17385553e+00 -2.83610340e-02 -4.72054537e-01 -7.36511903e-03 
 9.49510999e+01  7.94691030e-09 -3.41512576e-07  7.77294986e-09 -3.76511740e-07 -4.26009024e-09  1.24349193e-07 -5.57534293e-09  2.09401422e-07  5.21502220e-01 -2.59208350e-03 -1.16610098e+00 -2.80152412e-02 -4.69376132e-01 -7.25846024e-03 
 9.50604794e+01  7.86226637e-09 -3.39651241e-07  7.69209180e-09 -3.74829199e-07 -4.20863409e-09  1.23311148e-07 -5.50639331e-09  2.07981021e-07  5.23563218e-01 -2.53275499e-03 -1.15843247e+00 -2.76753074e-02 -4.66728379e-01 -7.15367862e-03 
 9.51699848e+01  7.77897925e-09 -3.37808518e-07  7.61252007e-09 -3.73164239e-07 -4.15803750e-09  1.22285026e-07 -5.43859440e-09  2.06577026e-07  5.25603433e-01 -2.47460712e-03 -1.15084859e+00 -2.73411034e-02 -4.64110782e-01 -7.05073157e-03 
 9.52796164e+01  7.69701977e-09 -3.35984106e-07  7.53420709e-09 -3.71516576e-07 -4.10828185e-09  1.21270630e-07 -5.37192111e-09  2.05189169e-07  5.27623209e-01 -2.41761258e-03 -1.14334797e+00 -2.70125035e-02 -4.61522858e-01 -6.94957769e-03 
 9.53893743e+01  7.61635953e-09 -3.34177709e-07  7.45712601e-09 -3.69885933e-07 -4.05934899e-09  1.20267769e-07 -5.30634904e-09  2.03817191e-07  5.29622884e-01 -2.36174483e-03 -1.13592927e+00 -2.66893853e-02 -4.58964132e-01 -6.85017669e-03 
 9.54992586e+01  7.53697091e-09 -3.32389036e-07  7.38125070e-09 -3.68272037e-07 -4.01122127e-09  1.19276257e-07 -5.24185443e-09  2.02460836e-07  5.31602789e-01 -2.30697807e-03 -1.12859116e+00 -2.63716298e-02 -4.56434142e-01 -6.75248940e-03 
 9.56092695e+01  7.45882702e-09 -3.30617806e-07  7.30655572e-09 -3.66674625e-07 -3.96388153e-09  1.18295910e-07 -5.17841414e-09  2.01119855e-07  5.33563246e-01 -2.25328720e-03 -1.12133236e+00 -2.60591213e-02 -4.53932433e-01 -6.65647771e-03 
 9.57194071e+01  7.38190166e-09 -3.28863740e-07  7.23301628e-09 -3.65093436e-07 -3.91731303e-09  1.17326548e-07 -5.11600569e-09  1.99794003e-07  5.35504573e-01 -2.20064783e-03 -1.11415161e+00 -2.57517470e-02 -4.51458561e-01 -6.56210454e-03 
 9.58296716e+01  7.30616935e-09 -3.27126566e-07  7.16060828e-09 -3.63528215e-07 -3.87149950e-09  1.16367997e-07 -5.05460714e-09  1.98483042e-07  5.37427078e-01 -2.14903622e-03 -1.10704767e+00 -2.54493971e-02 -4.49012092e-01 -6.46933381e-03 
 9.59400632e+01  7.23160524e-09 -3.25406020e-07  7.08930820e-09 -3.61978713e-07 -3.82642507e-09  1.15420084e-07 -4.99419717e-09  1.97186737e-07  5.39331067e-01 -2.09842929e-03 -1.10001934e+00 -2.51519648e-02 -4.46592601e-01 -6.37813040e-03 
 9.60505818e+01  7.15818514e-09 -3.23701840e-07  7.01909318e-09 -3.60444687e-07 -3.78207430e-09  1.14482640e-07 -4.93475498e-09  1.95904859e-07  5.41216835e-01 -2.04880457e-03 -1.09306544e+00 -2.48593462e-02 -4.44199670e-01 -6.28846014e-03 
 9.61612278e+01  7.08588550e-09 -3.22013772e-07  6.94994091e-09 -3.58925898e-07 -3.73843216e-09  1.13555502e-07 -4.87626033e-09  1.94637183e-07  5.43084674e-01 -2.00014023e-03 -1.08618479e+00 -2.45714398e-02 -4.41832891e-01 -6.20028974e-03 
 9.62720013e+01  7.01468336e-09 -3.20341567e-07  6.88182966e-09 -3.57422111e-07 -3.69548397e-09  1.12638508e-07 -4.81869351e-09  1.93383490e-07  5.44934869e-01 -1.95241499e-03 -1.07937628e+00 -2.42881471e-02 -4.39491866e-01 -6.11358683e-03 
 9.63829024e+01  6.94455634e-09 -3.18684978e-07  6.81473828e-09 -3.55933098e-07 -3.65321547e-09  1.11731499e-07 -4.76203530e-09  1.92143564e-07  5.46767699e-01 -1.90560815e-03 -1.07263879e+00 -2.40093718e-02 -4.37176202e-01 -6.02831984e-03 
 9.64939312e+01  6.87548264e-09 -3.17043768e-07  6.74864613e-09 -3.54458635e-07 -3.61161274e-09  1.10834321e-07 -4.70626698e-09  1.90917194e-07  5.48583437e-01 -1.85969957e-03 -1.06597122e+00 -2.37350204e-02 -4.34885518e-01 -5.94445806e-03 
 9.66050879e+01  6.80744101e-09 -3.15417701e-07  6.68353309e-09 -3.52998500e-07 -3.57066221e-09  1.09946823e-07 -4.65137031e-09  1.89704174e-07  5.50382353e-01 -1.81466964e-03 -1.05937252e+00 -2.34650015e-02 -4.32619437e-01 -5.86197157e-03 
 9.67163727e+01  6.74041075e-09 -3.13806547e-07  6.61937957e-09 -3.51552479e-07 -3.53035068e-09  1.09068854e-07 -4.59732751e-09  1.88504302e-07  5.52164707e-01 -1.77049926e-03 -1.05284163e+00 -2.31992263e-02 -4.30377591e-01 -5.78083122e-03 
 9.68277856e+01  6.67437164e-09 -3.12210082e-07  6.55616645e-09 -3.50120361e-07 -3.49066524e-09  1.08200270e-07 -4.54412123e-09  1.87317379e-07  5.53930759e-01 -1.72716983e-03 -1.04637754e+00 -2.29376081e-02 -4.28159621e-01 -5.70100861e-03 
 9.69393269e+01  6.60930400e-09 -3.10628083e-07  6.49387509e-09 -3.48701939e-07 -3.45159335e-09  1.07340928e-07 -4.49173458e-09  1.86143210e-07  5.55680759e-01 -1.68466326e-03 -1.03997924e+00 -2.26800624e-02 -4.25965173e-01 -5.62247606e-03 
 9.70509967e+01  6.54518863e-09 -3.09060334e-07  6.43248731e-09 -3.47297010e-07 -3.41312274e-09  1.06490689e-07 -4.44015109e-09  1.84981605e-07  5.57414956e-01 -1.64296189e-03 -1.03364574e+00 -2.24265068e-02 -4.23793901e-01 -5.54520661e-03 
 9.71627952e+01  6.48200679e-09 -3.07506625e-07  6.37198539e-09 -3.45905375e-07 -3.37524147e-09  1.05649414e-07 -4.38935467e-09  1.83832378e-07  5.59133592e-01 -1.60204855e-03 -1.02737609e+00 -2.21768611e-02 -4.21645467e-01 -5.46917397e-03 
 9.72747224e+01  6.41974022e-09 -3.05966745e-07  6.31235203e-09 -3.44526839e-07 -3.33793789e-09  1.04816969e-07 -4.33932967e-09  1.82695346e-07  5.60836903e-01 -1.56190649e-03 -1.02116933e+00 -2.19310469e-02 -4.19519538e-01 -5.39435253e-03 
 9.73867785e+01  6.35837109e-09 -3.04440492e-07  6.25357035e-09 -3.43161212e-07 -3.30120063e-09  1.03993223e-07 -4.29006079e-09  1.81570328e-07  5.62525124e-01 -1.52251940e-03 -1.01502455e+00 -2.16889878e-02 -4.17415787e-01 -5.32071730e-03 
 9.74989638e+01  6.29788202e-09 -3.02927665e-07  6.19562390e-09 -3.41808306e-07 -3.26501859e-09  1.03178046e-07 -4.24153313e-09  1.80457150e-07  5.64198483e-01 -1.48387140e-03 -1.00894082e+00 -2.14506093e-02 -4.15333896e-01 -5.24824394e-03 
 9.76112782e+01  6.23825602e-09 -3.01428068e-07  6.13849661e-09 -3.40467938e-07 -3.22938097e-09  1.02371312e-07 -4.19373212e-09  1.79355638e-07  5.65857204e-01 -1.44594698e-03 -1.00291727e+00 -2.12158389e-02 -4.13273552e-01 -5.17690870e-03 
 9.77237221e+01  6.17947655e-09 -2.99941510e-07  6.08217280e-09 -3.39139927e-07 -3.19427720e-09  1.01572896e-07 -4.14664358e-09  1.78265624e-07  5.67501507e-01 -1.40873104e-03 -9.96953010e-01 -2.09846055e-02 -4.11234448e-01 -5.10668841e-03 
 9.78362955e+01  6.12152744e-09 -2.98467801e-07  6.02663716e-09 -3.37824096e-07 -3.15969697e-09  1.00782677e-07 -4.10025365e-09  1.77186942e-07  5.69131606e-01 -1.37220887e-03 -9.91047193e-01 -2.07568401e-02 -4.09216281e-01 -5.03756049e-03 
 9.79489985e+01  6.06439291e-09 -2.97006756e-07  5.97187476e-09 -3.36520273e-07 -3.12563023e-09  1.00000534e-07 -4.05454880e-09  1.76119429e-07  5.70747715e-01 -1.33636611e-03 -9.85198976e-01 -2.05324751e-02 -4.07218758e-01 -4.96950290e-03 
 9.80618314e+01  6.00805757e-09 -2.95558194e-07  5.91787101e-09 -3.35228288e-07 -3.09206716e-09  9.92263511e-08 -4.00951585e-09  1.75062925e-07  5.72350040e-01 -1.30118878e-03 -9.79407534e-01 -2.03114446e-02 -4.05241588e-01 -4.90249415e-03 
 9.81747943e+01  5.95250636e-09 -2.94121937e-07  5.86461166e-09 -3.33947973e-07 -3.05899818e-09  9.84600123e-08 -3.96514189e-09  1.74017275e-07  5.73938785e-01 -1.26666321e-03 -9.73672059e-01 -2.00936844e-02 -4.03284488e-01 -4.83651326e-03 
 9.82878873e+01  5.89772460e-09 -2.92697810e-07  5.81208282e-09 -3.32679165e-07 -3.02641393e-09  9.77014052e-08 -3.92141436e-09  1.72982324e-07  5.75514149e-01 -1.23277611e-03 -9.67991757e-01 -1.98791316e-02 -4.01347178e-01 -4.77153976e-03 
 9.84011106e+01  5.84369796e-09 -2.91285642e-07  5.76027089e-09 -3.31421704e-07 -2.99430526e-09  9.69504187e-08 -3.87832096e-09  1.71957922e-07  5.77076329e-01 -1.19951449e-03 -9.62365848e-01 -1.96677250e-02 -3.99429386e-01 -4.70755368e-03 
 9.85144643e+01  5.79041243e-09 -2.89885263e-07  5.70916261e-09 -3.30175432e-07 -2.96266325e-09  9.62069443e-08 -3.83584970e-09  1.70943921e-07  5.78625518e-01 -1.16686569e-03 -9.56793570e-01 -1.94594047e-02 -3.97530843e-01 -4.64453552e-03 
 9.86279486e+01  5.73785432e-09 -2.88496511e-07  5.65874503e-09 -3.28940195e-07 -2.93147920e-09  9.54708752e-08 -3.79398887e-09  1.69940177e-07  5.80161903e-01 -1.13481735e-03 -9.51274172e-01 -1.92541124e-02 -3.95651285e-01 -4.58246625e-03 
 9.87415636e+01  5.68601026e-09 -2.87119221e-07  5.60900547e-09 -3.27715841e-07 -2.90074457e-09  9.47421067e-08 -3.75272701e-09  1.68946545e-07  5.81685670e-01 -1.10335743e-03 -9.45806919e-01 -1.90517909e-02 -3.93790455e-01 -4.52132728e-03 
 9.88553095e+01  5.63486720e-09 -2.85753236e-07  5.55993157e-09 -3.26502220e-07 -2.87045106e-09  9.40205360e-08 -3.71205295e-09  1.67962888e-07  5.83197002e-01 -1.07247414e-03 -9.40391087e-01 -1.88523845e-02 -3.91948100e-01 -4.46110049e-03 
 9.89691864e+01  5.58441237e-09 -2.84398398e-07  5.51151124e-09 -3.25299187e-07 -2.84059053e-09  9.33060622e-08 -3.67195577e-09  1.66989068e-07  5.84696076e-01 -1.04215603e-03 -9.35025968e-01 -1.86558388e-02 -3.90123970e-01 -4.40176814e-03 
 9.90831945e+01  5.53463331e-09 -2.83054555e-07  5.46373267e-09 -3.24106599e-07 -2.81115505e-09  9.25985863e-08 -3.63242479e-09  1.66024950e-07  5.86183069e-01 -1.01239187e-03 -9.29710865e-01 -1.84621005e-02 -3.88317821e-01 -4.34331296e-03 
 9.91973339e+01  5.48551783e-09 -2.81721557e-07  5.41658431e-09 -3.22924313e-07 -2.78213685e-09  9.18980109e-08 -3.59344958e-09  1.65070402e-07  5.87658153e-01 -9.83170741e-04 -9.24445095e-01 -1.82711178e-02 -3.86529413e-01 -4.28571802e-03 
 9.93116048e+01  5.43705401e-09 -2.80399254e-07  5.37005487e-09 -3.21752193e-07 -2.75352834e-09  9.12042405e-08 -3.55501995e-09  1.64125294e-07  5.89121497e-01 -9.54481957e-04 -9.19227987e-01 -1.80828398e-02 -3.84758512e-01 -4.22896685e-03 
 9.94260074e+01  5.38923020e-09 -2.79087503e-07  5.32413331e-09 -3.20590102e-07 -2.72532213e-09  9.05171814e-08 -3.51712594e-09  1.63189499e-07  5.90573266e-01 -9.26315097e-04 -9.14058881e-01 -1.78972169e-02 -3.83004886e-01 -4.17304330e-03 
 9.95405417e+01  5.34203503e-09 -2.77786160e-07  5.27880886e-09 -3.19437906e-07 -2.69751095e-09  8.98367415e-08 -3.47975781e-09  1.62262893e-07  5.92013625e-01 -8.98659981e-04 -9.08937131e-01 -1.77142007e-02 -3.81268308e-01 -4.11793163e-03 
 9.96552080e+01  5.29545736e-09 -2.76495086e-07  5.23407095e-09 -3.18295475e-07 -2.67008772e-09  8.91628302e-08 -3.44290604e-09  1.61345351e-07  5.93442734e-01 -8.71506670e-04 -9.03862100e-01 -1.75337436e-02 -3.79548556e-01 -4.06361645e-03 
 9.97700064e+01  5.24948631e-09 -2.75214142e-07  5.18990928e-09 -3.17162679e-07 -2.64304551e-09  8.84953588e-08 -3.40656132e-09  1.60436753e-07  5.94860749e-01 -8.44845457e-04 -8.98833164e-01 -1.73557994e-02 -3.77845411e-01 -4.01008271e-03 
 9.98849370e+01  5.20411122e-09 -2.73943195e-07  5.14631377e-09 -3.16039394e-07 -2.61637756e-09  8.78342398e-08 -3.37071454e-09  1.59536981e-07  5.96267827e-01 -8.18666862e-04 -8.93849710e-01 -1.71803228e-02 -3.76158658e-01 -3.95731573e-03 
 1.00000000e+02  5.15932170e-09 -2.72682110e-07  5.10327453e-09 -3.14925493e-07 -2.59007723e-09  8.71793877e-08 -3.33535682e-09  1.58645919e-07  5.97664118e-01 -7.92961623e-04 -8.88911135e-01 -1.70072694e-02 -3.74488086e-01 -3.90530112e-03 
 1.00115196e+02  5.11510755e-09 -2.71430758e-07  5.06078192e-09 -3.13820856e-07 -2.56413806e-09  8.65307180e-08 -3.30047944e-09  1.57763452e-07  5.99049773e-01 -7.67720694e-04 -8.84016848e-01 -1.68365960e-02 -3.72833488e-01 -3.85402485e-03 
 1.00230524e+02  5.07145881e-09 -2.70189011e-07  5.01882650e-09 -3.12725362e-07 -2.53855369e-09  8.58881481e-08 -3.26607389e-09  1.56889468e-07  6.00424938e-01 -7.42935234e-04 -8.79166266e-01 -1.66682602e-02 -3.71194661e-01 -3.80347319e-03 
 1.00345985e+02  5.02836574e-09 -2.68956742e-07  4.97739903e-09 -3.11638893e-07 -2.51331793e-09  8.52515965e-08 -3.23213184e-09  1.56023856e-07  6.01789757e-01 -7.18596609e-04 -8.74358819e-01 -1.65022206e-02 -3.69571404e-01 -3.75363272e-03 
 1.00461579e+02  4.98581881e-09 -2.67733828e-07  4.93649046e-09 -3.10561335e-07 -2.48842472e-09  8.46209834e-08 -3.19864515e-09  1.55166508e-07  6.03144372e-01 -6.94696378e-04 -8.69593944e-01 -1.63384367e-02 -3.67963522e-01 -3.70449031e-03 
 1.00577306e+02  4.94380867e-09 -2.66520148e-07  4.89609197e-09 -3.09492572e-07 -2.46386813e-09  8.39962302e-08 -3.16560584e-09  1.54317317e-07  6.04488923e-01 -6.71226294e-04 -8.64871089e-01 -1.61768687e-02 -3.66370820e-01 -3.65603312e-03 
 1.00693167e+02  4.90232621e-09 -2.65315581e-07  4.85619488e-09 -3.08432493e-07 -2.43964234e-09  8.33772596e-08 -3.13300612e-09  1.53476179e-07  6.05823547e-01 -6.48178296e-04 -8.60189713e-01 -1.60174780e-02 -3.64793110e-01 -3.60824861e-03 
 1.00809161e+02  4.86136248e-09 -2.64120010e-07  4.81679073e-09 -3.07380989e-07 -2.41574167e-09  8.27639958e-08 -3.10083834e-09  1.52642991e-07  6.07148379e-01 -6.25544506e-04 -8.55549281e-01 -1.58602267e-02 -3.63230205e-01 -3.56112450e-03 
 1.00925289e+02  4.82090874e-09 -2.62933320e-07  4.77787122e-09 -3.06337951e-07 -2.39216058e-09  8.21563641e-08 -3.06909505e-09  1.51817652e-07  6.08463550e-01 -6.03317222e-04 -8.50949270e-01 -1.57050775e-02 -3.61681921e-01 -3.51464877e-03 
 1.01041550e+02  4.78095642e-09 -2.61755396e-07  4.73942823e-09 -3.05303273e-07 -2.36889361e-09  8.15542911e-08 -3.03776893e-09  1.51000062e-07  6.09769191e-01 -5.81488914e-04 -8.46389165e-01 -1.55519942e-02 -3.60148080e-01 -3.46880969e-03 
 1.01157945e+02  4.74149714e-09 -2.60586129e-07  4.70145382e-09 -3.04276851e-07 -2.34593543e-09  8.09577049e-08 -3.00685282e-09  1.50190123e-07  6.11065431e-01 -5.60052220e-04 -8.41868459e-01 -1.54009412e-02 -3.58628504e-01 -3.42359576e-03 
 1.01274475e+02  4.70252270e-09 -2.59425407e-07  4.66394021e-09 -3.03258581e-07 -2.32328083e-09  8.03665344e-08 -2.97633972e-09  1.49387740e-07  6.12352395e-01 -5.38999942e-04 -8.37386653e-01 -1.52518837e-02 -3.57123020e-01 -3.37899573e-03 
 1.01391139e+02  4.66402506e-09 -2.58273122e-07  4.62687977e-09 -3.02248364e-07 -2.30092472e-09  7.97807100e-08 -2.94622277e-09  1.48592819e-07  6.13630207e-01 -5.18325041e-04 -8.32943259e-01 -1.51047877e-02 -3.55631455e-01 -3.33499861e-03 
 1.01507937e+02  4.62599635e-09 -2.57129169e-07  4.59026505e-09 -3.01246100e-07 -2.27886207e-09  7.92001630e-08 -2.91649526e-09  1.47805265e-07  6.14898989e-01 -4.98020634e-04 -8.28537795e-01 -1.49596198e-02 -3.54153643e-01 -3.29159361e-03 
 1.01624869e+02  4.58842886e-09 -2.55993444e-07  4.55408872e-09 -3.00251690e-07 -2.25708801e-09  7.86248261e-08 -2.88715060e-09  1.47024988e-07  6.16158860e-01 -4.78079987e-04 -8.24169787e-01 -1.48163474e-02 -3.52689419e-01 -3.24877020e-03 
 1.01741937e+02  4.55131506e-09 -2.54865842e-07  4.51834365e-09 -2.99265040e-07 -2.23559774e-09  7.80546329e-08 -2.85818237e-09  1.46251898e-07  6.17409940e-01 -4.58496515e-04 -8.19838769e-01 -1.46749385e-02 -3.51238619e-01 -3.20651807e-03 
 1.01859139e+02  4.51464754e-09 -2.53746265e-07  4.48302280e-09 -2.98286055e-07 -2.21438657e-09  7.74895183e-08 -2.82958425e-09  1.45485907e-07  6.18652343e-01 -4.39263776e-04 -8.15544284e-01 -1.45353618e-02 -3.49801085e-01 -3.16482711e-03 
 1.01976476e+02  4.47841907e-09 -2.52634611e-07  4.44811933e-09 -2.97314642e-07 -2.19344989e-09  7.69294180e-08 -2.80135007e-09  1.44726929e-07  6.19886184e-01 -4.20375468e-04 -8.11285880e-01 -1.43975868e-02 -3.48376659e-01 -3.12368745e-03 
 1.02093948e+02  4.44262254e-09 -2.51530783e-07  4.41362649e-09 -2.96350709e-07 -2.17278320e-09  7.63742688e-08 -2.77347377e-09  1.43974877e-07  6.21111574e-01 -4.01825424e-04 -8.07063115e-01 -1.42615833e-02 -3.46965187e-01 -3.08308939e-03 
 1.02211556e+02  4.40725102e-09 -2.50434686e-07  4.37953769e-09 -2.95394167e-07 -2.15238209e-09  7.58240089e-08 -2.74594944e-09  1.43229667e-07  6.22328626e-01 -3.83607613e-04 -8.02875553e-01 -1.41273220e-02 -3.45566517e-01 -3.04302347e-03 
 1.02329299e+02  4.37229769e-09 -2.49346225e-07  4.34584648e-09 -2.94444927e-07 -2.13224224e-09  7.52785769e-08 -2.71877126e-09  1.42491218e-07  6.23537446e-01 -3.65716129e-04 -7.98722764e-01 -1.39947741e-02 -3.44180500e-01 -3.00348039e-03 
 1.02447178e+02  4.33775588e-09 -2.48265306e-07  4.31254652e-09 -2.93502903e-07 -2.11235942e-09  7.47379129e-08 -2.69193354e-09  1.41759447e-07  6.24738143e-01 -3.48145197e-04 -7.94604328e-01 -1.38639114e-02 -3.42806990e-01 -2.96445108e-03 
 1.02565193e+02  4.30361905e-09 -2.47191838e-07  4.27963160e-09 -2.92568008e-07 -2.09272947e-09  7.42019577e-08 -2.66543071e-09  1.41034276e-07  6.25930822e-01 -3.30889161e-04 -7.90519827e-01 -1.37347063e-02 -3.41445841e-01 -2.92592663e-03 
 1.02683343e+02  4.26988079e-09 -2.46125730e-07  4.24709565e-09 -2.91640159e-07 -2.07334832e-09  7.36706530e-08 -2.63925732e-09  1.40315625e-07  6.27115585e-01 -3.13942489e-04 -7.86468855e-01 -1.36071317e-02 -3.40096911e-01 -2.88789832e-03 
 1.02801630e+02  4.23653481e-09 -2.45066895e-07  4.21493271e-09 -2.90719273e-07 -2.05421200e-09  7.31439417e-08 -2.61340799e-09  1.39603416e-07  6.28292536e-01 -2.97299762e-04 -7.82451008e-01 -1.34811610e-02 -3.38760062e-01 -2.85035762e-03 
 1.02920053e+02  4.20357497e-09 -2.44015245e-07  4.18313692e-09 -2.89805268e-07 -2.03531659e-09  7.26217672e-08 -2.58787749e-09  1.38897574e-07  6.29461774e-01 -2.80955678e-04 -7.78465892e-01 -1.33567684e-02 -3.37435155e-01 -2.81329614e-03 
 1.03038612e+02  4.17099522e-09 -2.42970693e-07  4.15170257e-09 -2.88898064e-07 -2.01665827e-09  7.21040742e-08 -2.56266067e-09  1.38198025e-07  6.30623399e-01 -2.64905046e-04 -7.74513116e-01 -1.32339282e-02 -3.36122056e-01 -2.77670570e-03 
 1.03157308e+02  4.13878964e-09 -2.41933156e-07  4.12062404e-09 -2.87997582e-07 -1.99823329e-09  7.15908080e-08 -2.53775249e-09  1.37504693e-07  6.31777508e-01 -2.49142783e-04 -7.70592297e-01 -1.31126156e-02 -3.34820631e-01 -2.74057826e-03 
 1.03276141e+02  4.10695244e-09 -2.40902549e-07  4.08989581e-09 -2.87103744e-07 -1.98003796e-09  7.10819148e-08 -2.51314801e-09  1.36817507e-07  6.32924197e-01 -2.33663912e-04 -7.66703058e-01 -1.29928060e-02 -3.33530749e-01 -2.70490595e-03 
 1.03395110e+02  4.07547793e-09 -2.39878792e-07  4.05951250e-09 -2.86216474e-07 -1.96206869e-09  7.05773417e-08 -2.48884238e-09  1.36136395e-07  6.34063560e-01 -2.18463560e-04 -7.62845028e-01 -1.28744756e-02 -3.32252282e-01 -2.66968106e-03 
 1.03514217e+02  4.04436052e-09 -2.38861803e-07  4.02946880e-09 -2.85335696e-07 -1.94432193e-09  7.00770367e-08 -2.46483085e-09  1.35461287e-07  6.35195689e-01 -2.03536955e-04 -7.59017841e-01 -1.27576007e-02 -3.30985103e-01 -2.63489602e-03 
 1.03633460e+02  4.01359475e-09 -2.37851503e-07  3.99975952e-09 -2.84461336e-07 -1.92679422e-09  6.95809483e-08 -2.44110876e-09  1.34792113e-07  6.36320678e-01 -1.88879423e-04 -7.55221136e-01 -1.26421584e-02 -3.29729088e-01 -2.60054342e-03 
 1.03752842e+02  3.98317524e-09 -2.36847814e-07  3.97037957e-09 -2.83593321e-07 -1.90948215e-09  6.90890262e-08 -2.41767155e-09  1.34128807e-07  6.37438615e-01 -1.74486385e-04 -7.51454560e-01 -1.25281261e-02 -3.28484113e-01 -2.56661601e-03 
 1.03872360e+02  3.95309675e-09 -2.35850658e-07  3.94132395e-09 -2.82731579e-07 -1.89238240e-09  6.86012205e-08 -2.39451472e-09  1.33471300e-07  6.38549590e-01 -1.60353360e-04 -7.47717764e-01 -1.24154815e-02 -3.27250057e-01 -2.53310666e-03 
 1.03992017e+02  3.92335409e-09 -2.34859960e-07  3.91258776e-09 -2.81876040e-07 -1.87549169e-09  6.81174822e-08 -2.37163389e-09  1.32819527e-07  6.39653689e-01 -1.46475953e-04 -7.44010403e-01 -1.23042030e-02 -3.26026803e-01 -2.50000840e-03 
 1.04111811e+02  3.89394222e-09 -2.33875645e-07  3.88416619e-09 -2.81026633e-07 -1.85880682e-09  6.76377632e-08 -2.34902474e-09  1.32173422e-07  6.40751000e-01 -1.32849862e-04 -7.40332140e-01 -1.21942692e-02 -3.24814233e-01 -2.46731436e-03 
 1.04231743e+02  3.86485616e-09 -2.32897639e-07  3.85605452e-09 -2.80183290e-07 -1.84232464e-09  6.71620158e-08 -2.32668305e-09  1.31532923e-07  6.41841607e-01 -1.19470873e-04 -7.36682641e-01 -1.20856592e-02 -3.23612231e-01 -2.43501785e-03 
 1.04351813e+02  3.83609104e-09 -2.31925871e-07  3.82824813e-09 -2.79345944e-07 -1.82604206e-09  6.66901934e-08 -2.30460467e-09  1.30897965e-07  6.42925594e-01 -1.06334854e-04 -7.33061578e-01 -1.19783527e-02 -3.22420685e-01 -2.40311228e-03 
 1.04472022e+02  3.80764207e-09 -2.30960268e-07  3.80074247e-09 -2.78514527e-07 -1.80995606e-09  6.62222498e-08 -2.28278552e-09  1.30268487e-07  6.44003043e-01 -9.34377584e-05 -7.29468628e-01 -1.18723294e-02 -3.21239483e-01 -2.37159120e-03 
 1.04592369e+02  3.77950457e-09 -2.30000760e-07  3.77353309e-09 -2.77688975e-07 -1.79406366e-09  6.57581396e-08 -2.26122161e-09  1.29644427e-07  6.45074034e-01 -8.07756210e-05 -7.25903473e-01 -1.17675696e-02 -3.20068516e-01 -2.34044828e-03 
 1.04712855e+02  3.75167392e-09 -2.29047278e-07  3.74661561e-09 -2.76869222e-07 -1.77836195e-09  6.52978180e-08 -2.23990903e-09  1.29025727e-07  6.46138650e-01 -6.83445552e-05 -7.22365798e-01 -1.16640540e-02 -3.18907674e-01 -2.30967730e-03 
 1.04833479e+02  3.72414561e-09 -2.28099754e-07  3.71998574e-09 -2.76055205e-07 -1.76284808e-09  6.48412411e-08 -2.21884392e-09  1.28412326e-07  6.47196967e-01 -5.61407524e-05 -7.18855294e-01 -1.15617636e-02 -3.17756852e-01 -2.27927217e-03 
 1.04954243e+02  3.69691520e-09 -2.27158120e-07  3.69363926e-09 -2.75246861e-07 -1.74751923e-09  6.43883654e-08 -2.19802252e-09  1.27804166e-07  6.48249064e-01 -4.41604795e-05 -7.15371659e-01 -1.14606798e-02 -3.16615944e-01 -2.24922693e-03 
 1.05075145e+02  3.66997833e-09 -2.26222311e-07  3.66757205e-09 -2.74444129e-07 -1.73237265e-09  6.39391481e-08 -2.17744112e-09  1.27201190e-07  6.49295017e-01 -3.24000777e-05 -7.11914590e-01 -1.13607843e-02 -3.15484848e-01 -2.21953571e-03 
 1.05196187e+02  3.64333074e-09 -2.25292261e-07  3.64178003e-09 -2.73646947e-07 -1.71740563e-09  6.34935471e-08 -2.15709609e-09  1.26603341e-07  6.50334902e-01 -2.08559602e-05 -7.08483794e-01 -1.12620592e-02 -3.14363463e-01 -2.19019274e-03 
 1.05317369e+02  3.61696823e-09 -2.24367905e-07  3.61625922e-09 -2.72855255e-07 -1.70261554e-09  6.30515208e-08 -2.13698385e-09  1.26010564e-07  6.51368793e-01 -9.52461114e-06 -7.05078979e-01 -1.11644868e-02 -3.13251687e-01 -2.16119240e-03 
 1.05438690e+02  3.59088667e-09 -2.23449180e-07  3.59100571e-09 -2.72068996e-07 -1.68799975e-09  6.26130283e-08 -2.11710090e-09  1.25422803e-07  6.52396764e-01  1.59741646e-06 -7.01699858e-01 -1.10680500e-02 -3.12149423e-01 -2.13252915e-03 
 1.05560150e+02  3.56508202e-09 -2.22536025e-07  3.56601566e-09 -2.71288109e-07 -1.67355572e-09  6.21780293e-08 -2.09744380e-09  1.24840005e-07  6.53418886e-01  1.25135021e-05 -6.98346149e-01 -1.09727318e-02 -3.11056573e-01 -2.10419753e-03 
 1.05681751e+02  3.53955032e-09 -2.21628376e-07  3.54128529e-09 -2.70512538e-07 -1.65928093e-09  6.17464840e-08 -2.07800918e-09  1.24262116e-07  6.54435232e-01  2.32269593e-05 -6.95017572e-01 -1.08785155e-02 -3.09973042e-01 -2.07619223e-03 
 1.05803492e+02  3.51428766e-09 -2.20726174e-07  3.51681090e-09 -2.69742227e-07 -1.64517293e-09  6.13183532e-08 -2.05879372e-09  1.23689084e-07  6.55445871e-01  3.37410371e-05 -6.91713854e-01 -1.07853847e-02 -3.08898736e-01 -2.04850800e-03 
 1.05925373e+02  3.48929021e-09 -2.19829359e-07  3.49258885e-09 -2.68977120e-07 -1.63122929e-09  6.08935983e-08 -2.03979417e-09  1.23120857e-07  6.56450872e-01  4.40589216e-05 -6.88434724e-01 -1.06933236e-02 -3.07833562e-01 -2.02113971e-03 
 1.06047394e+02  3.46455422e-09 -2.18937871e-07  3.46861557e-09 -2.68217161e-07 -1.61744763e-09  6.04721812e-08 -2.02100732e-09  1.22557384e-07  6.57450305e-01  5.41837373e-05 -6.85179915e-01 -1.06023162e-02 -3.06777429e-01 -1.99408230e-03 
 1.06169556e+02  3.44007598e-09 -2.18051653e-07  3.44488753e-09 -2.67462296e-07 -1.60382563e-09  6.00540644e-08 -2.00243004e-09  1.21998615e-07  6.58444235e-01  6.41185485e-05 -6.81949164e-01 -1.05123473e-02 -3.05730247e-01 -1.96733083e-03 
 1.06291858e+02  3.41585188e-09 -2.17170647e-07  3.42140131e-09 -2.66712473e-07 -1.59036100e-09  5.96392109e-08 -1.98405924e-09  1.21444501e-07  6.59432731e-01  7.38663606e-05 -6.78742212e-01 -1.04234015e-02 -3.04691928e-01 -1.94088042e-03 
 1.06414302e+02  3.39187835e-09 -2.16294797e-07  3.39815350e-09 -2.65967638e-07 -1.57705148e-09  5.92275842e-08 -1.96589190e-09  1.20894992e-07  6.60415857e-01  8.34301215e-05 -6.75558805e-01 -1.03354640e-02 -3.03662384e-01 -1.91472630e-03 
 1.06536886e+02  3.36815189e-09 -2.15424047e-07  3.37514079e-09 -2.65227740e-07 -1.56389487e-09  5.88191483e-08 -1.94792503e-09  1.20350042e-07  6.61393677e-01  9.28127227e-05 -6.72398689e-01 -1.02485202e-02 -3.02641530e-01 -1.88886379e-03 
 1.06659612e+02  3.34466905e-09 -2.14558343e-07  3.35235990e-09 -2.64492728e-07 -1.55088899e-09  5.84138678e-08 -1.93015572e-09  1.19809602e-07  6.62366256e-01  1.02017001e-04 -6.69261617e-01 -1.01625557e-02 -3.01629280e-01 -1.86328827e-03 
 1.06782479e+02  3.32142647e-09 -2.13697629e-07  3.32980762e-09 -2.63762551e-07 -1.53803172e-09  5.80117077e-08 -1.91258110e-09  1.19273626e-07  6.63333657e-01  1.11045738e-04 -6.66147343e-01 -1.00775564e-02 -3.00625552e-01 -1.83799522e-03 
 1.06905488e+02  3.29842083e-09 -2.12841853e-07  3.30748080e-09 -2.63037159e-07 -1.52532097e-09  5.76126335e-08 -1.89519834e-09  1.18742067e-07  6.64295941e-01  1.19901665e-04 -6.63055628e-01 -9.99350843e-03 -2.99630263e-01 -1.81298020e-03 
 1.07028638e+02  3.27564885e-09 -2.11990962e-07  3.28537633e-09 -2.62316504e-07 -1.51275467e-09  5.72166113e-08 -1.87800467e-09  1.18214882e-07  6.65253170e-01  1.28587461e-04 -6.59986232e-01 -9.91039816e-03 -2.98643333e-01 -1.78823884e-03 
 1.07151931e+02  3.25310735e-09 -2.11144904e-07  3.26349117e-09 -2.61600537e-07 -1.50033081e-09  5.68236073e-08 -1.86099737e-09  1.17692024e-07  6.66205404e-01  1.37105752e-04 -6.56938921e-01 -9.82821222e-03 -2.97664681e-01 -1.76376685e-03 
 1.07275365e+02  3.23079316e-09 -2.10303628e-07  3.24182232e-09 -2.60889211e-07 -1.48804740e-09  5.64335887e-08 -1.84417375e-09  1.17173450e-07  6.67152703e-01  1.45459118e-04 -6.53913463e-01 -9.74693747e-03 -2.96694230e-01 -1.73956003e-03 
 1.07398941e+02  3.20870319e-09 -2.09467083e-07  3.22036684e-09 -2.60182478e-07 -1.47590249e-09  5.60465226e-08 -1.82753121e-09  1.16659117e-07  6.68095125e-01  1.53650090e-04 -6.50909631e-01 -9.66656103e-03 -2.95731901e-01 -1.71561423e-03 
 1.07522660e+02  3.18683441e-09 -2.08635220e-07  3.19912183e-09 -2.59480292e-07 -1.46389416e-09  5.56623771e-08 -1.81106713e-09  1.16148982e-07  6.69032729e-01  1.61681151e-04 -6.47927199e-01 -9.58707019e-03 -2.94777619e-01 -1.69192538e-03 
 1.07646521e+02  3.16518381e-09 -2.07807989e-07  3.17808446e-09 -2.58782608e-07 -1.45202054e-09  5.52811202e-08 -1.79477899e-09  1.15643002e-07  6.69965571e-01  1.69554739e-04 -6.44965945e-01 -9.50845251e-03 -2.93831309e-01 -1.66848949e-03 
 1.07770525e+02  3.14374848e-09 -2.06985341e-07  3.15725193e-09 -2.58089380e-07 -1.44027977e-09  5.49027208e-08 -1.77866429e-09  1.15141136e-07  6.70893708e-01  1.77273245e-04 -6.42025650e-01 -9.43069574e-03 -2.92892896e-01 -1.64530264e-03 
 1.07894672e+02  3.12252550e-09 -2.06167230e-07  3.13662148e-09 -2.57400565e-07 -1.42867003e-09  5.45271478e-08 -1.76272057e-09  1.14643343e-07  6.71817196e-01  1.84839017e-04 -6.39106099e-01 -9.35378785e-03 -2.91962308e-01 -1.62236096e-03 
 1.08018962e+02  3.10151206e-09 -2.05353608e-07  3.11619042e-09 -2.56716117e-07 -1.41718953e-09  5.41543708e-08 -1.74694543e-09  1.14149583e-07  6.72736090e-01  1.92254359e-04 -6.36207078e-01 -9.27771702e-03 -2.91039472e-01 -1.59966066e-03 
 1.08143395e+02  3.08070534e-09 -2.04544427e-07  3.09595609e-09 -2.56035994e-07 -1.40583653e-09  5.37843598e-08 -1.73133647e-09  1.13659816e-07  6.73650444e-01  1.99521535e-04 -6.33328377e-01 -9.20247163e-03 -2.90124318e-01 -1.57719801e-03 
 1.08267972e+02  3.06010262e-09 -2.03739643e-07  3.07591589e-09 -2.55360154e-07 -1.39460929e-09  5.34170850e-08 -1.71589139e-09  1.13174002e-07  6.74560312e-01  2.06642763e-04 -6.30469789e-01 -9.12804026e-03 -2.89216777e-01 -1.55496935e-03 
 1.08392691e+02  3.03970118e-09 -2.02939211e-07  3.05606723e-09 -2.54688553e-07 -1.38350611e-09  5.30525172e-08 -1.70060787e-09  1.12692103e-07  6.75465747e-01  2.13620226e-04 -6.27631109e-01 -9.05441169e-03 -2.88316779e-01 -1.53297106e-03 
 1.08517555e+02  3.01949839e-09 -2.02143084e-07  3.03640761e-09 -2.54021151e-07 -1.37252533e-09  5.26906274e-08 -1.68548367e-09  1.12214080e-07  6.76366800e-01  2.20456062e-04 -6.24812136e-01 -8.98157488e-03 -2.87424257e-01 -1.51119962e-03 
 1.08642562e+02  2.99949162e-09 -2.01351219e-07  3.01693452e-09 -2.53357907e-07 -1.36166530e-09  5.23313872e-08 -1.67051657e-09  1.11739897e-07  6.77263524e-01  2.27152374e-04 -6.22012670e-01 -8.90951898e-03 -2.86539143e-01 -1.48965153e-03 
 1.08767714e+02  2.97967831e-09 -2.00563573e-07  2.99764554e-09 -2.52698780e-07 -1.35092442e-09  5.19747684e-08 -1.65570439e-09  1.11269515e-07  6.78155969e-01  2.33711225e-04 -6.19232515e-01 -8.83823335e-03 -2.85661373e-01 -1.46832337e-03 
 1.08893009e+02  2.96005595e-09 -1.99780103e-07  2.97853826e-09 -2.52043730e-07 -1.34030110e-09  5.16207432e-08 -1.64104497e-09  1.10802898e-07  6.79044186e-01  2.40134640e-04 -6.16471476e-01 -8.76770750e-03 -2.84790881e-01 -1.44721178e-03 
 1.09018449e+02  2.94062204e-09 -1.99000766e-07  2.95961032e-09 -2.51392718e-07 -1.32979378e-09  5.12692842e-08 -1.62653623e-09  1.10340011e-07  6.79928224e-01  2.46424609e-04 -6.13729364e-01 -8.69793112e-03 -2.83927603e-01 -1.42631343e-03 
 1.09144034e+02  2.92137415e-09 -1.98225520e-07  2.94085939e-09 -2.50745705e-07 -1.31940093e-09  5.09203644e-08 -1.61217606e-09  1.09880817e-07  6.80808132e-01  2.52583085e-04 -6.11005988e-01 -8.62889409e-03 -2.83071476e-01 -1.40562508e-03 
 1.09269763e+02  2.90230987e-09 -1.97454325e-07  2.92228318e-09 -2.50102652e-07 -1.30912103e-09  5.05739570e-08 -1.59796245e-09  1.09425281e-07  6.81683959e-01  2.58611988e-04 -6.08301162e-01 -8.56058643e-03 -2.82222439e-01 -1.38514351e-03 
 1.09395637e+02  2.88342685e-09 -1.96687138e-07  2.90387946e-09 -2.49463523e-07 -1.29895261e-09  5.02300357e-08 -1.58389338e-09  1.08973369e-07  6.82555752e-01  2.64513202e-04 -6.05614704e-01 -8.49299836e-03 -2.81380429e-01 -1.36486558e-03 
 1.09521656e+02  2.86472276e-09 -1.95923921e-07  2.88564601e-09 -2.48828279e-07 -1.28889422e-09  4.98885744e-08 -1.56996686e-09  1.08525046e-07  6.83423559e-01  2.70288576e-04 -6.02946430e-01 -8.42612025e-03 -2.80545388e-01 -1.34478819e-03 
 1.09647820e+02  2.84619531e-09 -1.95164632e-07  2.86758065e-09 -2.48196884e-07 -1.27894441e-09  4.95495475e-08 -1.55618097e-09  1.08080279e-07  6.84287426e-01  2.75939930e-04 -6.00296162e-01 -8.35994261e-03 -2.79717254e-01 -1.32490827e-03 
 1.09774129e+02  2.82784227e-09 -1.94409234e-07  2.84968124e-09 -2.47569301e-07 -1.26910177e-09  4.92129295e-08 -1.54253379e-09  1.07639035e-07  6.85147400e-01  2.81469047e-04 -5.97663724e-01 -8.29445614e-03 -2.78895970e-01 -1.30522284e-03 
 1.09900584e+02  2.80966141e-09 -1.93657687e-07  2.83194567e-09 -2.46945495e-07 -1.25936493e-09  4.88786954e-08 -1.52902343e-09  1.07201280e-07  6.86003525e-01  2.86877682e-04 -5.95048940e-01 -8.22965167e-03 -2.78081479e-01 -1.28572894e-03 
 1.10027185e+02  2.79165056e-09 -1.92909953e-07  2.81437188e-09 -2.46325429e-07 -1.24973252e-09  4.85468205e-08 -1.51564805e-09  1.06766983e-07  6.86855847e-01  2.92167558e-04 -5.92451639e-01 -8.16552019e-03 -2.77273722e-01 -1.26642365e-03 
 1.10153931e+02  2.77380758e-09 -1.92165994e-07  2.79695781e-09 -2.45709070e-07 -1.24020319e-09  4.82172804e-08 -1.50240583e-09  1.06336111e-07  6.87704410e-01  2.97340367e-04 -5.89871650e-01 -8.10205283e-03 -2.76472644e-01 -1.24730413e-03 
 1.10280823e+02  2.75613035e-09 -1.91425773e-07  2.77970147e-09 -2.45096382e-07 -1.23077562e-09  4.78900509e-08 -1.48929496e-09  1.05908632e-07  6.88549258e-01  3.02397771e-04 -5.87308805e-01 -8.03924088e-03 -2.75678190e-01 -1.22836756e-03 
 1.10407862e+02  2.73861682e-09 -1.90689253e-07  2.76260087e-09 -2.44487331e-07 -1.22144853e-09  4.75651082e-08 -1.47631369e-09  1.05484517e-07  6.89390434e-01  3.07341404e-04 -5.84762939e-01 -7.97707576e-03 -2.74890305e-01 -1.20961116e-03 
 1.10535047e+02  2.72126493e-09 -1.89956398e-07  2.74565408e-09 -2.43881884e-07 -1.21222062e-09  4.72424288e-08 -1.46346028e-09  1.05063734e-07  6.90227982e-01  3.12172871e-04 -5.82233888e-01 -7.91554902e-03 -2.74108935e-01 -1.19103221e-03 
 1.10662378e+02  2.70407268e-09 -1.89227172e-07  2.72885918e-09 -2.43280008e-07 -1.20309064e-09  4.69219894e-08 -1.45073302e-09  1.04646253e-07  6.91061942e-01  3.16893749e-04 -5.79721489e-01 -7.85465236e-03 -2.73334028e-01 -1.17262803e-03 
 1.10789857e+02  2.68703809e-09 -1.88501540e-07  2.71221428e-09 -2.42681669e-07 -1.19405737e-09  4.66037672e-08 -1.43813023e-09  1.04232044e-07  6.91892359e-01  3.21505587e-04 -5.77225585e-01 -7.79437763e-03 -2.72565531e-01 -1.15439596e-03 
 1.10917482e+02  2.67015921e-09 -1.87779465e-07  2.69571753e-09 -2.42086836e-07 -1.18511957e-09  4.62877394e-08 -1.42565025e-09  1.03821077e-07  6.92719271e-01  3.26009908e-04 -5.74746017e-01 -7.73471677e-03 -2.71803393e-01 -1.13633341e-03 
 1.11045254e+02  2.65343413e-09 -1.87060915e-07  2.67936711e-09 -2.41495476e-07 -1.17627606e-09  4.59738836e-08 -1.41329144e-09  1.03413325e-07  6.93542721e-01  3.30408207e-04 -5.72282629e-01 -7.67566188e-03 -2.71047562e-01 -1.11843782e-03 
 1.11173173e+02  2.63686097e-09 -1.86345854e-07  2.66316121e-09 -2.40907558e-07 -1.16752565e-09  4.56621778e-08 -1.40105221e-09  1.03008757e-07  6.94362748e-01  3.34701955e-04 -5.69835268e-01 -7.61720518e-03 -2.70297990e-01 -1.10070666e-03 
 1.11301239e+02  2.62043787e-09 -1.85634250e-07  2.64709808e-09 -2.40323050e-07 -1.15886719e-09  4.53526001e-08 -1.38893098e-09  1.02607346e-07  6.95179393e-01  3.38892597e-04 -5.67403782e-01 -7.55933901e-03 -2.69554627e-01 -1.08313744e-03 
 1.11429453e+02  2.60416299e-09 -1.84926067e-07  2.63117596e-09 -2.39741922e-07 -1.15029953e-09  4.50451289e-08 -1.37692618e-09  1.02209064e-07  6.95992695e-01  3.42981552e-04 -5.64988021e-01 -7.50205584e-03 -2.68817424e-01 -1.06572773e-03 
 1.11557815e+02  2.58803455e-09 -1.84221275e-07  2.61539314e-09 -2.39164143e-07 -1.14182156e-09  4.47397429e-08 -1.36503628e-09  1.01813883e-07  6.96802693e-01  3.46970216e-04 -5.62587838e-01 -7.44534824e-03 -2.68086334e-01 -1.04847510e-03 
 1.11686325e+02  2.57205078e-09 -1.83519840e-07  2.59974794e-09 -2.38589684e-07 -1.13343217e-09  4.44364209e-08 -1.35325978e-09  1.01421776e-07  6.97609425e-01  3.50859962e-04 -5.60203085e-01 -7.38920892e-03 -2.67361309e-01 -1.03137719e-03 
 1.11814982e+02  2.55620992e-09 -1.82821730e-07  2.58423869e-09 -2.38018514e-07 -1.12513027e-09  4.41351423e-08 -1.34159518e-09  1.01032716e-07  6.98412930e-01  3.54652136e-04 -5.57833619e-01 -7.33363069e-03 -2.66642302e-01 -1.01443166e-03 
 1.11943788e+02  2.54051026e-09 -1.82126913e-07  2.56886375e-09 -2.37450604e-07 -1.11691480e-09  4.38358864e-08 -1.33004102e-09  1.00646678e-07  6.99213245e-01  3.58348064e-04 -5.55479297e-01 -7.27860648e-03 -2.65929269e-01 -9.97636192e-04 
 1.12072743e+02  2.52495011e-09 -1.81435358e-07  2.55362151e-09 -2.36885926e-07 -1.10878469e-09  4.35386329e-08 -1.31859587e-09  1.00263634e-07  7.00010407e-01  3.61949049e-04 -5.53139978e-01 -7.22412934e-03 -2.65222163e-01 -9.80988526e-04 
 1.12201845e+02  2.50952781e-09 -1.80747034e-07  2.53851039e-09 -2.36324451e-07 -1.10073891e-09  4.32433617e-08 -1.30725829e-09  9.98835588e-08  7.00804453e-01  3.65456371e-04 -5.50815522e-01 -7.17019239e-03 -2.64520940e-01 -9.64486423e-04 
 1.12331097e+02  2.49424171e-09 -1.80061910e-07  2.52352881e-09 -2.35766150e-07 -1.09277644e-09  4.29500529e-08 -1.29602690e-09  9.95064275e-08  7.01595420e-01  3.68871289e-04 -5.48505793e-01 -7.11678891e-03 -2.63825557e-01 -9.48127677e-04 
 1.12460497e+02  2.47909021e-09 -1.79379957e-07  2.50867524e-09 -2.35210996e-07 -1.08489628e-09  4.26586870e-08 -1.28490030e-09  9.91322146e-08  7.02383343e-01  3.72195040e-04 -5.46210655e-01 -7.06391225e-03 -2.63135969e-01 -9.31910115e-04 
 1.12590047e+02  2.46407171e-09 -1.78701144e-07  2.49394817e-09 -2.34658961e-07 -1.07709744e-09  4.23692445e-08 -1.27387716e-09  9.87608955e-08  7.03168258e-01  3.75428842e-04 -5.43929972e-01 -7.01155587e-03 -2.62452136e-01 -9.15831595e-04 
 1.12719746e+02  2.44918464e-09 -1.78025441e-07  2.47934609e-09 -2.34110017e-07 -1.06937894e-09  4.20817064e-08 -1.26295611e-09  9.83924457e-08  7.03950201e-01  3.78573889e-04 -5.41663614e-01 -6.95971334e-03 -2.61774013e-01 -8.99890008e-04 
 1.12849594e+02  2.43442747e-09 -1.77352820e-07  2.46486753e-09 -2.33564139e-07 -1.06173983e-09  4.17960535e-08 -1.25213585e-09  9.80268411e-08  7.04729205e-01  3.81631358e-04 -5.39411447e-01 -6.90837831e-03 -2.61101561e-01 -8.84083271e-04 
 1.12979591e+02  2.41979867e-09 -1.76683252e-07  2.45051105e-09 -2.33021299e-07 -1.05417916e-09  4.15122672e-08 -1.24141509e-09  9.76640579e-08  7.05505306e-01  3.84602405e-04 -5.37173344e-01 -6.85754454e-03 -2.60434738e-01 -8.68409332e-04 
 1.13109739e+02  2.40529674e-09 -1.76016707e-07  2.43627521e-09 -2.32481471e-07 -1.04669600e-09  4.12303291e-08 -1.23079252e-09  9.73040725e-08  7.06278537e-01  3.87488167e-04 -5.34949176e-01 -6.80720590e-03 -2.59773503e-01 -8.52866170e-04 
 1.13240036e+02  2.39092022e-09 -1.75353159e-07  2.42215861e-09 -2.31944630e-07 -1.03928944e-09  4.09502207e-08 -1.22026691e-09  9.69468619e-08  7.07048932e-01  3.90289761e-04 -5.32738817e-01 -6.75735632e-03 -2.59117819e-01 -8.37451790e-04 
 1.13370484e+02  2.37666764e-09 -1.74692579e-07  2.40815986e-09 -2.31410748e-07 -1.03195857e-09  4.06719240e-08 -1.20983700e-09  9.65924031e-08  7.07816525e-01  3.93008287e-04 -5.30542142e-01 -6.70798985e-03 -2.58467644e-01 -8.22164224e-04 
 1.13501082e+02  2.36253759e-09 -1.74034940e-07  2.39427759e-09 -2.30879802e-07 -1.02470252e-09  4.03954211e-08 -1.19950157e-09  9.62406735e-08  7.08581347e-01  3.95644825e-04 -5.28359027e-01 -6.65910061e-03 -2.57822942e-01 -8.07001533e-04 
 1.13631830e+02  2.34852864e-09 -1.73380213e-07  2.38051047e-09 -2.30351766e-07 -1.01752040e-09  4.01206944e-08 -1.18925940e-09  9.58916509e-08  7.09343433e-01  3.98200439e-04 -5.26189351e-01 -6.61068284e-03 -2.57183673e-01 -7.91961804e-04 
 1.13762729e+02  2.33463941e-09 -1.72728374e-07  2.36685715e-09 -2.29826616e-07 -1.01041136e-09  3.98477263e-08 -1.17910932e-09  9.55453133e-08  7.10102814e-01  4.00676174e-04 -5.24032992e-01 -6.56273083e-03 -2.56549801e-01 -7.77043149e-04 
 1.13893778e+02  2.32086853e-09 -1.72079394e-07  2.35331633e-09 -2.29304327e-07 -1.00337454e-09  3.95764995e-08 -1.16905014e-09  9.52016389e-08  7.10859522e-01  4.03073056e-04 -5.21889832e-01 -6.51523898e-03 -2.55921288e-01 -7.62243708e-04 
 1.14024979e+02  2.30721466e-09 -1.71433248e-07  2.33988674e-09 -2.28784874e-07 -9.96409123e-10  3.93069969e-08 -1.15908071e-09  9.48606063e-08  7.11613588e-01  4.05392098e-04 -5.19759753e-01 -6.46820176e-03 -2.55298100e-01 -7.47561643e-04 
 1.14156330e+02  2.29367645e-09 -1.70789909e-07  2.32656708e-09 -2.28268234e-07 -9.89514277e-10  3.90392017e-08 -1.14919989e-09  9.45221944e-08  7.12365044e-01  4.07634294e-04 -5.17642639e-01 -6.42161374e-03 -2.54680198e-01 -7.32995143e-04 
 1.14287833e+02  2.28025261e-09 -1.70149352e-07  2.31335612e-09 -2.27754384e-07 -9.82689195e-10  3.87730970e-08 -1.13940656e-09  9.41863822e-08  7.13113920e-01  4.09800620e-04 -5.15538374e-01 -6.37546956e-03 -2.54067550e-01 -7.18542419e-04 
 1.14419488e+02  2.26694184e-09 -1.69511552e-07  2.30025263e-09 -2.27243300e-07 -9.75933080e-10  3.85086664e-08 -1.12969960e-09  9.38531493e-08  7.13860248e-01  4.11892039e-04 -5.13446844e-01 -6.32976393e-03 -2.53460119e-01 -7.04201707e-04 
 1.14551294e+02  2.25374287e-09 -1.68876483e-07  2.28725537e-09 -2.26734959e-07 -9.69245148e-10  3.82458935e-08 -1.12007792e-09  9.35224751e-08  7.14604058e-01  4.13909497e-04 -5.11367937e-01 -6.28449166e-03 -2.52857872e-01 -6.89971265e-04 
 1.14683252e+02  2.24065444e-09 -1.68244121e-07  2.27436317e-09 -2.26229338e-07 -9.62624626e-10  3.79847621e-08 -1.11054044e-09  9.31943398e-08  7.15345379e-01  4.15853924e-04 -5.09301543e-01 -6.23964762e-03 -2.52260775e-01 -6.75849374e-04 
 1.14815362e+02  2.22767533e-09 -1.67614441e-07  2.26157483e-09 -2.25726414e-07 -9.56070751e-10  3.77252562e-08 -1.10108611e-09  9.28687233e-08  7.16084240e-01  4.17726235e-04 -5.07247550e-01 -6.19522676e-03 -2.51668795e-01 -6.61834338e-04 
 1.14947624e+02  2.21480431e-09 -1.66987418e-07  2.24888919e-09 -2.25226166e-07 -9.49582775e-10  3.74673600e-08 -1.09171387e-09  9.25456063e-08  7.16820673e-01  4.19527330e-04 -5.05205851e-01 -6.15122412e-03 -2.51081899e-01 -6.47924481e-04 
 1.15080039e+02  2.20204019e-09 -1.66363029e-07  2.23630511e-09 -2.24728571e-07 -9.43159958e-10  3.72110577e-08 -1.08242268e-09  9.22249693e-08  7.17554704e-01  4.21258095e-04 -5.03176338e-01 -6.10763478e-03 -2.50500056e-01 -6.34118149e-04 
 1.15212606e+02  2.18938177e-09 -1.65741251e-07  2.22382145e-09 -2.24233608e-07 -9.36801574e-10  3.69563339e-08 -1.07321153e-09  9.19067933e-08  7.18286364e-01  4.22919400e-04 -5.01158905e-01 -6.06445393e-03 -2.49923232e-01 -6.20413709e-04 
 1.15345326e+02  2.17682789e-09 -1.65122058e-07  2.21143710e-09 -2.23741256e-07 -9.30506904e-10  3.67031733e-08 -1.06407942e-09  9.15910595e-08  7.19015681e-01  4.24512103e-04 -4.99153446e-01 -6.02167680e-03 -2.49351398e-01 -6.06809549e-04 
 1.15478198e+02  2.16437742e-09 -1.64505429e-07  2.19915095e-09 -2.23251492e-07 -9.24275243e-10  3.64515606e-08 -1.05502534e-09  9.12777494e-08  7.19742682e-01  4.26037046e-04 -4.97159859e-01 -5.97929871e-03 -2.48784523e-01 -5.93304075e-04 
 1.15611224e+02  2.15202920e-09 -1.63891340e-07  2.18696193e-09 -2.22764295e-07 -9.18105895e-10  3.62014810e-08 -1.04604833e-09  9.09668446e-08  7.20467396e-01  4.27495058e-04 -4.95178039e-01 -5.93731504e-03 -2.48222575e-01 -5.79895714e-04 
 1.15744403e+02  2.13978212e-09 -1.63279768e-07  2.17486897e-09 -2.22279646e-07 -9.11998175e-10  3.59529194e-08 -1.03714740e-09  9.06583270e-08  7.21189850e-01  4.28886955e-04 -4.93207886e-01 -5.89572122e-03 -2.47665527e-01 -5.66582913e-04 
 1.15877736e+02  2.12763508e-09 -1.62670692e-07  2.16287100e-09 -2.21797524e-07 -9.05951408e-10  3.57058613e-08 -1.02832162e-09  9.03521788e-08  7.21910072e-01  4.30213540e-04 -4.91249300e-01 -5.85451279e-03 -2.47113347e-01 -5.53364134e-04 
 1.16011222e+02  2.11558700e-09 -1.62064088e-07  2.15096700e-09 -2.21317907e-07 -8.99964929e-10  3.54602920e-08 -1.01957003e-09  9.00483824e-08  7.22628088e-01  4.31475602e-04 -4.89302180e-01 -5.81368530e-03 -2.46566008e-01 -5.40237862e-04 
 1.16144861e+02  2.10363681e-09 -1.61459936e-07  2.13915593e-09 -2.20840777e-07 -8.94038082e-10  3.52161971e-08 -1.01089172e-09  8.97469203e-08  7.23343926e-01  4.32673918e-04 -4.87366429e-01 -5.77323441e-03 -2.46023481e-01 -5.27202596e-04 
 1.16278655e+02  2.09178344e-09 -1.60858212e-07  2.12743679e-09 -2.20366113e-07 -8.88170222e-10  3.49735625e-08 -1.00228576e-09  8.94477754e-08  7.24057612e-01  4.33809251e-04 -4.85441950e-01 -5.73315582e-03 -2.45485738e-01 -5.14256856e-04 
 1.16412603e+02  2.08002586e-09 -1.60258896e-07  2.11580857e-09 -2.19893895e-07 -8.82360713e-10  3.47323740e-08 -9.93751255e-10  8.91509308e-08  7.24769172e-01  4.34882354e-04 -4.83528646e-01 -5.69344530e-03 -2.44952751e-01 -5.01399177e-04 
 1.16546705e+02  2.06836303e-09 -1.59661966e-07  2.10427030e-09 -2.19424104e-07 -8.76608928e-10  3.44926177e-08 -9.85287306e-10  8.88563697e-08  7.25478633e-01  4.35893966e-04 -4.81626423e-01 -5.65409867e-03 -2.44424494e-01 -4.88628112e-04 
 1.16680962e+02  2.05679396e-09 -1.59067401e-07  2.09282101e-09 -2.18956722e-07 -8.70914250e-10  3.42542797e-08 -9.76893036e-10  8.85640757e-08  7.26186020e-01  4.36844816e-04 -4.79735186e-01 -5.61511181e-03 -2.43900939e-01 -4.75942228e-04 
 1.16815373e+02  2.04531763e-09 -1.58475180e-07  2.08145973e-09 -2.18491728e-07 -8.65276071e-10  3.40173463e-08 -9.68567574e-10  8.82740324e-08  7.26891358e-01  4.37735619e-04 -4.77854843e-01 -5.57648068e-03 -2.43382062e-01 -4.63340112e-04 
 1.16949939e+02  2.03393307e-09 -1.57885283e-07  2.07018554e-09 -2.18029105e-07 -8.59693790e-10  3.37818040e-08 -9.60310063e-10  8.79862238e-08  7.27594674e-01  4.38567080e-04 -4.75985302e-01 -5.53820128e-03 -2.42867835e-01 -4.50820364e-04 
 1.17084660e+02  2.02263930e-09 -1.57297690e-07  2.05899748e-09 -2.17568833e-07 -8.54166818e-10  3.35476395e-08 -9.52119655e-10  8.77006340e-08  7.28295991e-01  4.39339892e-04 -4.74126471e-01 -5.50026965e-03 -2.42358233e-01 -4.38381600e-04 
 1.17219537e+02  2.01143537e-09 -1.56712379e-07  2.04789466e-09 -2.17110894e-07 -8.48694573e-10  3.33148393e-08 -9.43995513e-10  8.74172473e-08  7.28995335e-01  4.40054738e-04 -4.72278261e-01 -5.46268193e-03 -2.41853233e-01 -4.26022452e-04 
 1.17354568e+02  2.00032033e-09 -1.56129332e-07  2.03687616e-09 -2.16655270e-07 -8.43276480e-10  3.30833904e-08 -9.35936812e-10  8.71360484e-08  7.29692731e-01  4.40712288e-04 -4.70440583e-01 -5.42543427e-03 -2.41352808e-01 -4.13741565e-04 
 1.17489755e+02  1.98929324e-09 -1.55548528e-07  2.02594108e-09 -2.16201943e-07 -8.37911976e-10  3.28532798e-08 -9.27942736e-10  8.68570219e-08  7.30388203e-01  4.41313203e-04 -4.68613348e-01 -5.38852291e-03 -2.40856935e-01 -4.01537601e-04 
 1.17625098e+02  1.97835320e-09 -1.54969948e-07  2.01508856e-09 -2.15750895e-07 -8.32600502e-10  3.26244945e-08 -9.20012480e-10  8.65801528e-08  7.31081774e-01  4.41858134e-04 -4.66796470e-01 -5.35194411e-03 -2.40365591e-01 -3.89409234e-04 
 1.17760597e+02  1.96749928e-09 -1.54393572e-07  2.00431772e-09 -2.15302108e-07 -8.27341512e-10  3.23970219e-08 -9.12145247e-10  8.63054263e-08  7.31773470e-01  4.42347719e-04 -4.64989862e-01 -5.31569421e-03 -2.39878751e-01 -3.77355152e-04 
 1.17896252e+02  1.95673061e-09 -1.53819381e-07  1.99362769e-09 -2.14855566e-07 -8.22134464e-10  3.21708492e-08 -9.04340254e-10  8.60328277e-08  7.32463313e-01  4.42782587e-04 -4.63193438e-01 -5.27976959e-03 -2.39396394e-01 -3.65374058e-04 
 1.18032064e+02  1.94604629e-09 -1.53247357e-07  1.98301765e-09 -2.14411251e-07 -8.16978825e-10  3.19459640e-08 -8.96596722e-10  8.57623426e-08  7.33151327e-01  4.43163359e-04 -4.61407116e-01 -5.24416667e-03 -2.38918496e-01 -3.53464666e-04 
 1.18168031e+02  1.93544546e-09 -1.52677480e-07  1.97248674e-09 -2.13969146e-07 -8.11874071e-10  3.17223538e-08 -8.88913887e-10  8.54939566e-08  7.33837535e-01  4.43490642e-04 -4.59630811e-01 -5.20888194e-03 -2.38445035e-01 -3.41625705e-04 
 1.18304156e+02  1.92492726e-09 -1.52109732e-07  1.96203415e-09 -2.13529234e-07 -8.06819684e-10  3.15000063e-08 -8.81290991e-10  8.52276558e-08  7.34521961e-01  4.43765038e-04 -4.57864440e-01 -5.17391194e-03 -2.37975990e-01 -3.29855915e-04 
 1.18440437e+02  1.91449083e-09 -1.51544094e-07  1.95165907e-09 -2.13091498e-07 -8.01815155e-10  3.12789095e-08 -8.73727285e-10  8.49634263e-08  7.35204627e-01  4.43987136e-04 -4.56107921e-01 -5.13925322e-03 -2.37511340e-01 -3.18154050e-04 
 1.18576875e+02  1.90413536e-09 -1.50980549e-07  1.94136068e-09 -2.12655922e-07 -7.96859981e-10  3.10590512e-08 -8.66222031e-10  8.47012542e-08  7.35885556e-01  4.44157516e-04 -4.54361175e-01 -5.10490243e-03 -2.37051063e-01 -3.06518873e-04 
 1.18713470e+02  1.89386000e-09 -1.50419078e-07  1.93113821e-09 -2.12222489e-07 -7.91953668e-10  3.08404194e-08 -8.58774498e-10  8.44411262e-08  7.36564771e-01  4.44276750e-04 -4.52624120e-01 -5.07085622e-03 -2.36595139e-01 -2.94949163e-04 
 1.18850223e+02  1.88366395e-09 -1.49859663e-07  1.92099087e-09 -2.11791184e-07 -7.87095728e-10  3.06230025e-08 -8.51383965e-10  8.41830289e-08  7.37242293e-01  4.44345400e-04 -4.50896677e-01 -5.03711133e-03 -2.36143548e-01 -2.83443707e-04 
 1.18987133e+02  1.87354640e-09 -1.49302287e-07  1.91091789e-09 -2.11361991e-07 -7.82285680e-10  3.04067886e-08 -8.44049718e-10  8.39269491e-08  7.37918145e-01  4.44364019e-04 -4.49178768e-01 -5.00366451e-03 -2.35696269e-01 -2.72001304e-04 
 1.19124201e+02  1.86350656e-09 -1.48746933e-07  1.90091850e-09 -2.10934893e-07 -7.77523051e-10  3.01917661e-08 -8.36771053e-10  8.36728739e-08  7.38592349e-01  4.44333153e-04 -4.47470316e-01 -4.97051256e-03 -2.35253284e-01 -2.60620764e-04 
 1.19261427e+02  1.85354366e-09 -1.48193582e-07  1.89099197e-09 -2.10509875e-07 -7.72807373e-10  2.99779236e-08 -8.29547273e-10  8.34207904e-08  7.39264926e-01  4.44253335e-04 -4.45771243e-01 -4.93765235e-03 -2.34814574e-01 -2.49300909e-04 
 1.19398810e+02  1.84365691e-09 -1.47642218e-07  1.88113753e-09 -2.10086921e-07 -7.68138189e-10  2.97652495e-08 -8.22377689e-10  8.31706861e-08  7.39935898e-01  4.44125095e-04 -4.44081474e-01 -4.90508076e-03 -2.34380119e-01 -2.38040569e-04 
 1.19536353e+02  1.83384556e-09 -1.47092825e-07  1.87135448e-09 -2.09666017e-07 -7.63515043e-10  2.95537327e-08 -8.15261620e-10  8.29225485e-08  7.40605286e-01  4.43948949e-04 -4.42400933e-01 -4.87279472e-03 -2.33949902e-01 -2.26838585e-04 
 1.19674053e+02  1.82410886e-09 -1.46545384e-07  1.86164208e-09 -2.09247147e-07 -7.58937490e-10  2.93433619e-08 -8.08198394e-10  8.26763653e-08  7.41273111e-01  4.43725410e-04 -4.40729545e-01 -4.84079123e-03 -2.33523904e-01 -2.15693809e-04 
 1.19811912e+02  1.81444607e-09 -1.45999879e-07  1.85199962e-09 -2.08830296e-07 -7.54405089e-10  2.91341260e-08 -8.01187344e-10  8.24321244e-08  7.41939395e-01  4.43454980e-04 -4.39067237e-01 -4.80906729e-03 -2.33102108e-01 -2.04605101e-04 
 1.19949930e+02  1.80485644e-09 -1.45456295e-07  1.84242640e-09 -2.08415448e-07 -7.49917408e-10  2.89260139e-08 -7.94227814e-10  8.21898138e-08  7.42604158e-01  4.43138151e-04 -4.37413936e-01 -4.77761996e-03 -2.32684496e-01 -1.93571330e-04 
 1.20088107e+02  1.79533928e-09 -1.44914614e-07  1.83292172e-09 -2.08002591e-07 -7.45474018e-10  2.87190149e-08 -7.87319152e-10  8.19494219e-08  7.43267420e-01  4.42775413e-04 -4.35769570e-01 -4.74644635e-03 -2.32271052e-01 -1.82591376e-04 
 1.20226443e+02  1.78589385e-09 -1.44374820e-07  1.82348490e-09 -2.07591708e-07 -7.41074500e-10  2.85131180e-08 -7.80460715e-10  8.17109369e-08  7.43929203e-01  4.42367241e-04 -4.34134067e-01 -4.71554359e-03 -2.31861760e-01 -1.71664127e-04 
 1.20364939e+02  1.77651945e-09 -1.43836898e-07  1.81411526e-09 -2.07182786e-07 -7.36718438e-10  2.83083126e-08 -7.73651866e-10  8.14743474e-08  7.44589526e-01  4.41914109e-04 -4.32507355e-01 -4.68490887e-03 -2.31456602e-01 -1.60788478e-04 
 1.20503594e+02  1.76721540e-09 -1.43300831e-07  1.80481213e-09 -2.06775810e-07 -7.32405423e-10  2.81045880e-08 -7.66891976e-10  8.12396422e-08  7.45248410e-01  4.41416479e-04 -4.30889366e-01 -4.65453939e-03 -2.31055563e-01 -1.49963335e-04 
 1.20642409e+02  1.75798101e-09 -1.42766605e-07  1.79557486e-09 -2.06370766e-07 -7.28135054e-10  2.79019336e-08 -7.60180423e-10  8.10068102e-08  7.45905874e-01  4.40874807e-04 -4.29280029e-01 -4.62443241e-03 -2.30658628e-01 -1.39187609e-04 
 1.20781384e+02  1.74881560e-09 -1.42234202e-07  1.78640279e-09 -2.05967641e-07 -7.23906933e-10  2.77003391e-08 -7.53516589e-10  8.07758403e-08  7.46561939e-01  4.40289542e-04 -4.27679276e-01 -4.59458521e-03 -2.30265782e-01 -1.28460222e-04 
 1.20920518e+02  1.73971850e-09 -1.41703609e-07  1.77729528e-09 -2.05566420e-07 -7.19720669e-10  2.74997940e-08 -7.46899866e-10  8.05467217e-08  7.47216624e-01  4.39661125e-04 -4.26087039e-01 -4.56499513e-03 -2.29877009e-01 -1.17780100e-04 
 1.21059813e+02  1.73068906e-09 -1.41174809e-07  1.76825170e-09 -2.05167090e-07 -7.15575878e-10  2.73002881e-08 -7.40329650e-10  8.03194438e-08  7.47869948e-01  4.38989991e-04 -4.24503250e-01 -4.53565953e-03 -2.29492295e-01 -1.07146181e-04 
 1.21199269e+02  1.72172662e-09 -1.40647788e-07  1.75927142e-09 -2.04769637e-07 -7.11472179e-10  2.71018112e-08 -7.33805344e-10  8.00939962e-08  7.48521932e-01  4.38276568e-04 -4.22927842e-01 -4.50657580e-03 -2.29111626e-01 -9.65574047e-05 
 1.21338885e+02  1.71283054e-09 -1.40122530e-07  1.75035381e-09 -2.04374048e-07 -7.07409200e-10  2.69043532e-08 -7.27326359e-10  7.98703684e-08  7.49172593e-01  4.37521275e-04 -4.21360749e-01 -4.47774138e-03 -2.28734989e-01 -8.60127222e-05 
 1.21478662e+02  1.70400019e-09 -1.39599021e-07  1.74149828e-09 -2.03980309e-07 -7.03386571e-10  2.67079039e-08 -7.20892108e-10  7.96485503e-08  7.49821951e-01  4.36724527e-04 -4.19801906e-01 -4.44915373e-03 -2.28362370e-01 -7.55110889e-05 
 1.21618600e+02  1.69523495e-09 -1.39077247e-07  1.73270421e-09 -2.03588408e-07 -6.99403931e-10  2.65124536e-08 -7.14502014e-10  7.94285318e-08  7.50470026e-01  4.35886731e-04 -4.18251249e-01 -4.42081034e-03 -2.27993755e-01 -6.50514673e-05 
 1.21758699e+02  1.68653419e-09 -1.38557191e-07  1.72397101e-09 -2.03198331e-07 -6.95460922e-10  2.63179922e-08 -7.08155503e-10  7.92103031e-08  7.51116835e-01  4.35008287e-04 -4.16708712e-01 -4.39270877e-03 -2.27629133e-01 -5.46328258e-05 
 1.21898960e+02  1.67789730e-09 -1.38038841e-07  1.71529810e-09 -2.02810066e-07 -6.91557192e-10  2.61245101e-08 -7.01852008e-10  7.89938544e-08  7.51762397e-01  4.34089589e-04 -4.15174231e-01 -4.36484656e-03 -2.27268490e-01 -4.42541392e-05 
 1.22039382e+02  1.66932368e-09 -1.37522182e-07  1.70668488e-09 -2.02423599e-07 -6.87692394e-10  2.59319974e-08 -6.95590968e-10  7.87791761e-08  7.52406732e-01  4.33131025e-04 -4.13647746e-01 -4.33722132e-03 -2.26911814e-01 -3.39143875e-05 
 1.22179966e+02  1.66081274e-09 -1.37007199e-07  1.69813079e-09 -2.02038919e-07 -6.83866186e-10  2.57404446e-08 -6.89371825e-10  7.85662588e-08  7.53049856e-01  4.32132976e-04 -4.12129191e-01 -4.30983068e-03 -2.26559095e-01 -2.36125567e-05 
 1.22320712e+02  1.65236390e-09 -1.36493879e-07  1.68963526e-09 -2.01656012e-07 -6.80078234e-10  2.55498421e-08 -6.83194030e-10  7.83550932e-08  7.53691789e-01  4.31095817e-04 -4.10618507e-01 -4.28267229e-03 -2.26210320e-01 -1.33476377e-05 
 1.22461620e+02  1.64397656e-09 -1.35982208e-07  1.68119773e-09 -2.01274867e-07 -6.76328204e-10  2.53601803e-08 -6.77057037e-10  7.81456700e-08  7.54332549e-01  4.30019917e-04 -4.09115631e-01 -4.25574386e-03 -2.25865478e-01 -3.11862679e-06 
 1.22602690e+02  1.63565016e-09 -1.35472172e-07  1.67281765e-09 -2.00895471e-07 -6.72615771e-10  2.51714500e-08 -6.70960305e-10  7.79379804e-08  7.54972152e-01  4.28905639e-04 -4.07620503e-01 -4.22904311e-03 -2.25524558e-01  7.07547507e-06 
 1.22743923e+02  1.62738413e-09 -1.34963757e-07  1.66449447e-09 -2.00517811e-07 -6.68940614e-10  2.49836416e-08 -6.64903299e-10  7.77320154e-08  7.55610618e-01  4.27753340e-04 -4.06133063e-01 -4.20256777e-03 -2.25187551e-01  1.72356622e-05 
 1.22885319e+02  1.61917792e-09 -1.34456950e-07  1.65622766e-09 -2.00141877e-07 -6.65302416e-10  2.47967459e-08 -6.58885488e-10  7.75277664e-08  7.56247964e-01  4.26563372e-04 -4.04653251e-01 -4.17631565e-03 -2.24854445e-01  2.73629246e-05 
 1.23026877e+02  1.61103098e-09 -1.33951737e-07  1.64801667e-09 -1.99767656e-07 -6.61700867e-10  2.46107537e-08 -6.52906346e-10  7.73252246e-08  7.56884207e-01  4.25336078e-04 -4.03181009e-01 -4.15028455e-03 -2.24525232e-01  3.74582481e-05 
 1.23168599e+02  1.60294275e-09 -1.33448105e-07  1.63986099e-09 -1.99395136e-07 -6.58135658e-10  2.44256558e-08 -6.46965353e-10  7.71243817e-08  7.57519365e-01  4.24071800e-04 -4.01716277e-01 -4.12447231e-03 -2.24199901e-01  4.75226142e-05 
 1.23310483e+02  1.59491271e-09 -1.32946041e-07  1.63176008e-09 -1.99024305e-07 -6.54606488e-10  2.42414432e-08 -6.41061992e-10  7.69252294e-08  7.58153455e-01  4.22770870e-04 -4.00258999e-01 -4.09887679e-03 -2.23878444e-01  5.75570011e-05 
 1.23452532e+02  1.58694032e-09 -1.32445532e-07  1.62371345e-09 -1.98655153e-07 -6.51113061e-10  2.40581068e-08 -6.35195752e-10  7.67277594e-08  7.58786495e-01  4.21433618e-04 -3.98809116e-01 -4.07349590e-03 -2.23560852e-01  6.75623832e-05 
 1.23594743e+02  1.57902505e-09 -1.31946566e-07  1.61572059e-09 -1.98287667e-07 -6.47655083e-10  2.38756376e-08 -6.29366124e-10  7.65319638e-08  7.59418501e-01  4.20060366e-04 -3.97366572e-01 -4.04832756e-03 -2.23247116e-01  7.75397315e-05 
 1.23737119e+02  1.57116640e-09 -1.31449128e-07  1.60778098e-09 -1.97921837e-07 -6.44232266e-10  2.36940268e-08 -6.23572605e-10  7.63378347e-08  7.60049490e-01  4.18651432e-04 -3.95931310e-01 -4.02336972e-03 -2.22937228e-01  8.74900140e-05 
 1.23879659e+02  1.56336385e-09 -1.30953206e-07  1.59989415e-09 -1.97557650e-07 -6.40844327e-10  2.35132656e-08 -6.17814698e-10  7.61453643e-08  7.60679480e-01  4.17207127e-04 -3.94503275e-01 -3.99862036e-03 -2.22631180e-01  9.74141958e-05 
 1.24022363e+02  1.55561689e-09 -1.30458789e-07  1.59205959e-09 -1.97195097e-07 -6.37490987e-10  2.33333451e-08 -6.12091906e-10  7.59545449e-08  7.61308487e-01  4.15727760e-04 -3.93082411e-01 -3.97407748e-03 -2.22328966e-01  1.07313239e-04 
 1.24165231e+02  1.54792502e-09 -1.29965863e-07  1.58427682e-09 -1.96834166e-07 -6.34171971e-10  2.31542565e-08 -6.06403740e-10  7.57653691e-08  7.61936527e-01  4.14213631e-04 -3.91668664e-01 -3.94973911e-03 -2.22030577e-01  1.17188104e-04 
 1.24308264e+02  1.54028776e-09 -1.29474416e-07  1.57654537e-09 -1.96474845e-07 -6.30887010e-10  2.29759914e-08 -6.00749711e-10  7.55778295e-08  7.62563617e-01  4.12665037e-04 -3.90261979e-01 -3.92560331e-03 -2.21736007e-01  1.27039748e-04 
 1.24451461e+02  1.53270462e-09 -1.28984435e-07  1.56886477e-09 -1.96117125e-07 -6.27635837e-10  2.27985410e-08 -5.95129338e-10  7.53919189e-08  7.63189774e-01  4.11082269e-04 -3.88862303e-01 -3.90166816e-03 -2.21445249e-01  1.36869127e-04 
 1.24594824e+02  1.52517511e-09 -1.28495909e-07  1.56123455e-09 -1.95760994e-07 -6.24418190e-10  2.26218967e-08 -5.89542140e-10  7.52076302e-08  7.63815013e-01  4.09465615e-04 -3.87469581e-01 -3.87793177e-03 -2.21158297e-01  1.46677194e-04 
 1.24738351e+02  1.51769877e-09 -1.28008826e-07  1.55365425e-09 -1.95406443e-07 -6.21233814e-10  2.24460502e-08 -5.83987643e-10  7.50249564e-08  7.64439351e-01  4.07815356e-04 -3.86083762e-01 -3.85439227e-03 -2.20875145e-01  1.56464901e-04 
 1.24882044e+02  1.51027512e-09 -1.27523173e-07  1.54612341e-09 -1.95053460e-07 -6.18082454e-10  2.22709928e-08 -5.78465374e-10  7.48438906e-08  7.65062805e-01  4.06131768e-04 -3.84704792e-01 -3.83104781e-03 -2.20595789e-01  1.66233200e-04 
 1.25025903e+02  1.50290370e-09 -1.27038938e-07  1.53864159e-09 -1.94702034e-07 -6.14963862e-10  2.20967164e-08 -5.72974864e-10  7.46644263e-08  7.65685389e-01  4.04415123e-04 -3.83332620e-01 -3.80789658e-03 -2.20320221e-01  1.75983039e-04 
 1.25169927e+02  1.49558406e-09 -1.26556111e-07  1.53120834e-09 -1.94352157e-07 -6.11877793e-10  2.19232124e-08 -5.67515648e-10  7.44865568e-08  7.66307121e-01  4.02665689e-04 -3.81967194e-01 -3.78493677e-03 -2.20048438e-01  1.85715367e-04 
 1.25314117e+02  1.48831574e-09 -1.26074678e-07  1.52382322e-09 -1.94003817e-07 -6.08824007e-10  2.17504726e-08 -5.62087264e-10  7.43102756e-08  7.66928015e-01  4.00883728e-04 -3.80608464e-01 -3.76216661e-03 -2.19780436e-01  1.95431131e-04 
 1.25458474e+02  1.48109829e-09 -1.25594630e-07  1.51648580e-09 -1.93657005e-07 -6.05802268e-10  2.15784888e-08 -5.56689254e-10  7.41355765e-08  7.67548087e-01  3.99069498e-04 -3.79256378e-01 -3.73958437e-03 -2.19516209e-01  2.05131279e-04 
 1.25602996e+02  1.47393128e-09 -1.25115953e-07  1.50919566e-09 -1.93311710e-07 -6.02812342e-10  2.14072527e-08 -5.51321161e-10  7.39624532e-08  7.68167354e-01  3.97223252e-04 -3.77910886e-01 -3.71718829e-03 -2.19255754e-01  2.14816758e-04 
 1.25747685e+02  1.46681428e-09 -1.24638637e-07  1.50195236e-09 -1.92967922e-07 -5.99854002e-10  2.12367562e-08 -5.45982533e-10  7.37908997e-08  7.68785830e-01  3.95345238e-04 -3.76571939e-01 -3.69497669e-03 -2.18999067e-01  2.24488513e-04 
 1.25892541e+02  1.45974684e-09 -1.24162671e-07  1.49475548e-09 -1.92625633e-07 -5.96927023e-10  2.10669912e-08 -5.40672919e-10  7.36209101e-08  7.69403531e-01  3.93435701e-04 -3.75239487e-01 -3.67294788e-03 -2.18746145e-01  2.34147493e-04 
 1.26037564e+02  1.45272855e-09 -1.23688043e-07  1.48760462e-09 -1.92284831e-07 -5.94031185e-10  2.08979496e-08 -5.35391874e-10  7.34524786e-08  7.70020473e-01  3.91494882e-04 -3.73913482e-01 -3.65110020e-03 -2.18496986e-01  2.43794643e-04 
 1.26182753e+02  1.44575899e-09 -1.23214742e-07  1.48049937e-09 -1.91945507e-07 -5.91166271e-10  2.07296233e-08 -5.30138953e-10  7.32855994e-08  7.70636670e-01  3.89523014e-04 -3.72593874e-01 -3.62943201e-03 -2.18251586e-01  2.53430912e-04 
 1.26328110e+02  1.43883774e-09 -1.22742758e-07  1.47343932e-09 -1.91607652e-07 -5.88332068e-10  2.05620046e-08 -5.24913713e-10  7.31202671e-08  7.71252137e-01  3.87520329e-04 -3.71280616e-01 -3.60794170e-03 -2.18009943e-01  2.63057248e-04 
 1.26473635e+02  1.43196439e-09 -1.22272078e-07  1.46642408e-09 -1.91271257e-07 -5.85528368e-10  2.03950852e-08 -5.19715717e-10  7.29564762e-08  7.71866891e-01  3.85487055e-04 -3.69973660e-01 -3.58662766e-03 -2.17772056e-01  2.72674600e-04 
 1.26619327e+02  1.42513854e-09 -1.21802694e-07  1.45945324e-09 -1.90936311e-07 -5.82754965e-10  2.02288575e-08 -5.14544527e-10  7.27942214e-08  7.72480945e-01  3.83423413e-04 -3.68672960e-01 -3.56548832e-03 -2.17537922e-01  2.82283919e-04 
 1.26765187e+02  1.41835980e-09 -1.21334592e-07  1.45252642e-09 -1.90602806e-07 -5.80011659e-10  2.00633135e-08 -5.09399710e-10  7.26334975e-08  7.73094314e-01  3.81329623e-04 -3.67378466e-01 -3.54452213e-03 -2.17307542e-01  2.91886157e-04 
 1.26911214e+02  1.41162775e-09 -1.20867764e-07  1.44564323e-09 -1.90270732e-07 -5.77298252e-10  1.98984453e-08 -5.04280834e-10  7.24742995e-08  7.73707015e-01  3.79205898e-04 -3.66090135e-01 -3.52372756e-03 -2.17080912e-01  3.01482267e-04 
 1.27057411e+02  1.40494203e-09 -1.20402198e-07  1.43880330e-09 -1.89940080e-07 -5.74614550e-10  1.97342453e-08 -4.99187468e-10  7.23166225e-08  7.74319060e-01  3.77052449e-04 -3.64807918e-01 -3.50310308e-03 -2.16858034e-01  3.11073206e-04 
 1.27203775e+02  1.39830223e-09 -1.19937885e-07  1.43200624e-09 -1.89610841e-07 -5.71960363e-10  1.95707056e-08 -4.94119187e-10  7.21604616e-08  7.74930465e-01  3.74869481e-04 -3.63531771e-01 -3.48264720e-03 -2.16638907e-01  3.20659929e-04 
 1.27350308e+02  1.39170798e-09 -1.19474812e-07  1.42525169e-09 -1.89283007e-07 -5.69335505e-10  1.94078186e-08 -4.89075563e-10  7.20058122e-08  7.75541245e-01  3.72657197e-04 -3.62261648e-01 -3.46235846e-03 -2.16423531e-01  3.30243399e-04 
 1.27497010e+02  1.38515891e-09 -1.19012971e-07  1.41853927e-09 -1.88956567e-07 -5.66739794e-10  1.92455765e-08 -4.84056174e-10  7.18526697e-08  7.76151414e-01  3.70415795e-04 -3.60997504e-01 -3.44223539e-03 -2.16211907e-01  3.39824577e-04 
 1.27643881e+02  1.37865464e-09 -1.18552351e-07  1.41186863e-09 -1.88631515e-07 -5.64173050e-10  1.90839718e-08 -4.79060598e-10  7.17010298e-08  7.76760986e-01  3.68145470e-04 -3.59739295e-01 -3.42227655e-03 -2.16004035e-01  3.49404429e-04 
 1.27790921e+02  1.37219481e-09 -1.18092941e-07  1.40523939e-09 -1.88307839e-07 -5.61635099e-10  1.89229967e-08 -4.74088415e-10  7.15508881e-08  7.77369975e-01  3.65846411e-04 -3.58486975e-01 -3.40248054e-03 -2.15799916e-01  3.58983923e-04 
 1.27938130e+02  1.36577905e-09 -1.17634733e-07  1.39865122e-09 -1.87985533e-07 -5.59125768e-10  1.87626437e-08 -4.69139208e-10  7.14022405e-08  7.77978397e-01  3.63518806e-04 -3.57240502e-01 -3.38284596e-03 -2.15599552e-01  3.68564032e-04 
 1.28085509e+02  1.35940701e-09 -1.17177714e-07  1.39210376e-09 -1.87664587e-07 -5.56644889e-10  1.86029053e-08 -4.64212559e-10  7.12550828e-08  7.78586265e-01  3.61162836e-04 -3.55999831e-01 -3.36337141e-03 -2.15402946e-01  3.78145730e-04 
 1.28233058e+02  1.35307833e-09 -1.16721877e-07  1.38559665e-09 -1.87344993e-07 -5.54192298e-10  1.84437739e-08 -4.59308055e-10  7.11094112e-08  7.79193594e-01  3.58778681e-04 -3.54764919e-01 -3.34405555e-03 -2.15210098e-01  3.87729997e-04 
 1.28380777e+02  1.34679266e-09 -1.16267210e-07  1.37912956e-09 -1.87026743e-07 -5.51767835e-10  1.82852421e-08 -4.54425280e-10  7.09652219e-08  7.79800397e-01  3.56366515e-04 -3.53535724e-01 -3.32489702e-03 -2.15021012e-01  3.97317817e-04 
 1.28528666e+02  1.34054966e-09 -1.15813704e-07  1.37270215e-09 -1.86709828e-07 -5.49371341e-10  1.81273023e-08 -4.49563824e-10  7.08225112e-08  7.80406689e-01  3.53926511e-04 -3.52312202e-01 -3.30589451e-03 -2.14835691e-01  4.06910177e-04 
 1.28676725e+02  1.33434899e-09 -1.15361350e-07  1.36631408e-09 -1.86394239e-07 -5.47002663e-10  1.79699471e-08 -4.44723275e-10  7.06812756e-08  7.81012483e-01  3.51458837e-04 -3.51094311e-01 -3.28704670e-03 -2.14654137e-01  4.16508069e-04 
 1.28824955e+02  1.32819030e-09 -1.14910137e-07  1.35996502e-09 -1.86079969e-07 -5.44661650e-10  1.78131691e-08 -4.39903224e-10  7.05415116e-08  7.81617793e-01  3.48963655e-04 -3.49882010e-01 -3.26835230e-03 -2.14476355e-01  4.26112490e-04 
 1.28973356e+02  1.32207328e-09 -1.14460056e-07  1.35365465e-09 -1.85767010e-07 -5.42348156e-10  1.76569609e-08 -4.35103262e-10  7.04032160e-08  7.82222634e-01  3.46441127e-04 -3.48675257e-01 -3.24981005e-03 -2.14302349e-01  4.35724443e-04 
 1.29121927e+02  1.31599758e-09 -1.14011098e-07  1.34738264e-09 -1.85455353e-07 -5.40062037e-10  1.75013151e-08 -4.30322982e-10  7.02663855e-08  7.82827019e-01  3.43891410e-04 -3.47474010e-01 -3.23141869e-03 -2.14132123e-01  4.45344935e-04 
 1.29270670e+02  1.30996289e-09 -1.13563252e-07  1.34114866e-09 -1.85144990e-07 -5.37803154e-10  1.73462244e-08 -4.25561977e-10  7.01310171e-08  7.83430961e-01  3.41314656e-04 -3.46278229e-01 -3.21317697e-03 -2.13965682e-01  4.54974979e-04 
 1.29419584e+02  1.30396889e-09 -1.13116511e-07  1.33495241e-09 -1.84835914e-07 -5.35571370e-10  1.71916813e-08 -4.20819841e-10  6.99971080e-08  7.84034475e-01  3.38711016e-04 -3.45087872e-01 -3.19508367e-03 -2.13803031e-01  4.64615596e-04 
 1.29568670e+02  1.29801524e-09 -1.12670863e-07  1.32879357e-09 -1.84528116e-07 -5.33366553e-10  1.70376787e-08 -4.16096169e-10  6.98646553e-08  7.84637574e-01  3.36080637e-04 -3.43902899e-01 -3.17713760e-03 -2.13644175e-01  4.74267809e-04 
 1.29717927e+02  1.29210166e-09 -1.12226301e-07  1.32267183e-09 -1.84221589e-07 -5.31188573e-10  1.68842093e-08 -4.11390558e-10  6.97336563e-08  7.85240271e-01  3.33423660e-04 -3.42723271e-01 -3.15933756e-03 -2.13489121e-01  4.83932651e-04 
 1.29867356e+02  1.28622781e-09 -1.11782815e-07  1.31658689e-09 -1.83916325e-07 -5.29037304e-10  1.67312656e-08 -4.06702602e-10  6.96041086e-08  7.85842580e-01  3.30740225e-04 -3.41548947e-01 -3.14168238e-03 -2.13337875e-01  4.93611160e-04 
 1.30016958e+02  1.28039341e-09 -1.11340396e-07  1.31053844e-09 -1.83612316e-07 -5.26912624e-10  1.65788406e-08 -4.02031899e-10  6.94760096e-08  7.86444515e-01  3.28030469e-04 -3.40379888e-01 -3.12417090e-03 -2.13190443e-01  5.03304383e-04 
 1.30166732e+02  1.27459814e-09 -1.10899034e-07  1.30452618e-09 -1.83309555e-07 -5.24814413e-10  1.64269269e-08 -3.97378045e-10  6.93493572e-08  7.87046088e-01  3.25294524e-04 -3.39216054e-01 -3.10680198e-03 -2.13046832e-01  5.13013372e-04 
 1.30316678e+02  1.26884171e-09 -1.10458721e-07  1.29854982e-09 -1.83008034e-07 -5.22742557e-10  1.62755173e-08 -3.92740639e-10  6.92241492e-08  7.87647313e-01  3.22532518e-04 -3.38057407e-01 -3.08957451e-03 -2.12907051e-01  5.22739188e-04 
 1.30466797e+02  1.26312383e-09 -1.10019448e-07  1.29260907e-09 -1.82707746e-07 -5.20696943e-10  1.61246045e-08 -3.88119278e-10  6.91003835e-08  7.88248204e-01  3.19744578e-04 -3.36903907e-01 -3.07248736e-03 -2.12771107e-01  5.32482901e-04 
 1.30617089e+02  1.25744420e-09 -1.09581206e-07  1.28670364e-09 -1.82408683e-07 -5.18677462e-10  1.59741815e-08 -3.83513559e-10  6.89780583e-08  7.88848774e-01  3.16930826e-04 -3.35755517e-01 -3.05553944e-03 -2.12639008e-01  5.42245586e-04 
 1.30767554e+02  1.25180254e-09 -1.09143986e-07  1.28083324e-09 -1.82110837e-07 -5.16684010e-10  1.58242410e-08 -3.78923080e-10  6.88571719e-08  7.89449035e-01  3.14091382e-04 -3.34612198e-01 -3.03872969e-03 -2.12510763e-01  5.52028330e-04 
 1.30918192e+02  1.24619856e-09 -1.08707780e-07  1.27499759e-09 -1.81814203e-07 -5.14716484e-10  1.56747757e-08 -3.74347439e-10  6.87377224e-08  7.90049001e-01  3.11226361e-04 -3.33473913e-01 -3.02205703e-03 -2.12386381e-01  5.61832228e-04 
 1.31069004e+02  1.24063198e-09 -1.08272578e-07  1.26919641e-09 -1.81518771e-07 -5.12774787e-10  1.55257786e-08 -3.69786233e-10  6.86197086e-08  7.90648685e-01  3.08335875e-04 -3.32340623e-01 -3.00552042e-03 -2.12265872e-01  5.71658383e-04 
 1.31219990e+02  1.23510253e-09 -1.07838372e-07  1.26342943e-09 -1.81224536e-07 -5.10858824e-10  1.53772425e-08 -3.65239059e-10  6.85031290e-08  7.91248100e-01  3.05420034e-04 -3.31212291e-01 -2.98911883e-03 -2.12149245e-01  5.81507909e-04 
 1.31371149e+02  1.22960994e-09 -1.07405154e-07  1.25769637e-09 -1.80931490e-07 -5.08968503e-10  1.52291602e-08 -3.60705514e-10  6.83879824e-08  7.91847260e-01  3.02478945e-04 -3.30088880e-01 -2.97285123e-03 -2.12036512e-01  5.91381930e-04 
 1.31522483e+02  1.22415392e-09 -1.06972915e-07  1.25199697e-09 -1.80639626e-07 -5.07103736e-10  1.50815246e-08 -3.56185195e-10  6.82742676e-08  7.92446176e-01  2.99512708e-04 -3.28970353e-01 -2.95671663e-03 -2.11927682e-01  6.01281578e-04 
 1.31673991e+02  1.21873422e-09 -1.06541646e-07  1.24633095e-09 -1.80348936e-07 -5.05264440e-10  1.49343284e-08 -3.51677697e-10  6.81619838e-08  7.93044862e-01  2.96521425e-04 -3.27856674e-01 -2.94071404e-03 -2.11822767e-01  6.11208000e-04 
 1.31825674e+02  1.21335057e-09 -1.06111339e-07  1.24069805e-09 -1.80059415e-07 -5.03450532e-10  1.47875647e-08 -3.47182615e-10  6.80511301e-08  7.93643331e-01  2.93505192e-04 -3.26747806e-01 -2.92484248e-03 -2.11721779e-01  6.21162350e-04 
 1.31977531e+02  1.20800272e-09 -1.05681986e-07  1.23509802e-09 -1.79771054e-07 -5.01661937e-10  1.46412261e-08 -3.42699544e-10  6.79417057e-08  7.94241596e-01  2.90464101e-04 -3.25643712e-01 -2.90910100e-03 -2.11624731e-01  6.31145795e-04 
 1.32129563e+02  1.20269040e-09 -1.05253578e-07  1.22953059e-09 -1.79483848e-07 -4.99898580e-10  1.44953057e-08 -3.38228077e-10  6.78337103e-08  7.94839669e-01  2.87398243e-04 -3.24544357e-01 -2.89348865e-03 -2.11531633e-01  6.41159513e-04 
 1.32281771e+02  1.19741337e-09 -1.04826108e-07  1.22399552e-09 -1.79197789e-07 -4.98160391e-10  1.43497962e-08 -3.33767807e-10  6.77271433e-08  7.95437564e-01  2.84307704e-04 -3.23449706e-01 -2.87800450e-03 -2.11442500e-01  6.51204697e-04 
 1.32434154e+02  1.19217136e-09 -1.04399566e-07  1.21849254e-09 -1.78912871e-07 -4.96447303e-10  1.42046906e-08 -3.29318324e-10  6.76220044e-08  7.96035292e-01  2.81192568e-04 -3.22359721e-01 -2.86264763e-03 -2.11357346e-01  6.61282548e-04 
 1.32586712e+02  1.18696414e-09 -1.03973945e-07  1.21302142e-09 -1.78629087e-07 -4.94759253e-10  1.40599815e-08 -3.24879219e-10  6.75182936e-08  7.96632867e-01  2.78052915e-04 -3.21274370e-01 -2.84741714e-03 -2.11276183e-01  6.71394284e-04 
 1.32739446e+02  1.18179147e-09 -1.03549237e-07  1.20758190e-09 -1.78346431e-07 -4.93096181e-10  1.39156621e-08 -3.20450081e-10  6.74160108e-08  7.97230301e-01  2.74888823e-04 -3.20193615e-01 -2.83231215e-03 -2.11199027e-01  6.81541134e-04 
 1.32892356e+02  1.17665309e-09 -1.03125433e-07  1.20217374e-09 -1.78064895e-07 -4.91458031e-10  1.37717250e-08 -3.16030497e-10  6.73151561e-08  7.97827608e-01  2.71700365e-04 -3.19117422e-01 -2.81733177e-03 -2.11125893e-01  6.91724342e-04 
 1.33045442e+02  1.17154877e-09 -1.02702526e-07  1.19679670e-09 -1.77784473e-07 -4.89844751e-10  1.36281631e-08 -3.11620054e-10  6.72157300e-08  7.98424798e-01  2.68487613e-04 -3.18045757e-01 -2.80247515e-03 -2.11056796e-01  7.01945166e-04 
 1.33198704e+02  1.16647828e-09 -1.02280508e-07  1.19145054e-09 -1.77505159e-07 -4.88256292e-10  1.34849693e-08 -3.07218335e-10  6.71177328e-08  7.99021887e-01  2.65250634e-04 -3.16978585e-01 -2.78774144e-03 -2.10991751e-01  7.12204877e-04 
 1.33352143e+02  1.16144138e-09 -1.01859370e-07  1.18613504e-09 -1.77226946e-07 -4.86692610e-10  1.33421363e-08 -3.02824923e-10  6.70211652e-08  7.99618884e-01  2.61989493e-04 -3.15915871e-01 -2.77312981e-03 -2.10930776e-01  7.22504763e-04 
 1.33505759e+02  1.15643785e-09 -1.01439105e-07  1.18084995e-09 -1.76949828e-07 -4.85153662e-10  1.31996571e-08 -2.98439398e-10  6.69260277e-08  8.00215804e-01  2.58704252e-04 -3.14857583e-01 -2.75863944e-03 -2.10873888e-01  7.32846127e-04 
 1.33659552e+02  1.15146746e-09 -1.01019705e-07  1.17559505e-09 -1.76673799e-07 -4.83639410e-10  1.30575244e-08 -2.94061339e-10  6.68323214e-08  8.00812659e-01  2.55394969e-04 -3.13803685e-01 -2.74426951e-03 -2.10821103e-01  7.43230289e-04 
 1.33813522e+02  1.14652999e-09 -1.00601162e-07  1.17037011e-09 -1.76398852e-07 -4.82149822e-10  1.29157311e-08 -2.89690324e-10  6.67400473e-08  8.01409461e-01  2.52061699e-04 -3.12754144e-01 -2.73001924e-03 -2.10772440e-01  7.53658584e-04 
 1.33967669e+02  1.14162522e-09 -1.00183469e-07  1.16517490e-09 -1.76124982e-07 -4.80684866e-10  1.27742698e-08 -2.85325924e-10  6.66492065e-08  8.02006222e-01  2.48704494e-04 -3.11708926e-01 -2.71588785e-03 -2.10727917e-01  7.64132365e-04 
 1.34121994e+02  1.13675292e-09 -9.97666171e-08  1.16000921e-09 -1.75852181e-07 -4.79244516e-10  1.26331335e-08 -2.80967714e-10  6.65598004e-08  8.02602956e-01  2.45323403e-04 -3.10667999e-01 -2.70187456e-03 -2.10687553e-01  7.74653001e-04 
 1.34276496e+02  1.13191289e-09 -9.93505995e-08  1.15487282e-09 -1.75580443e-07 -4.77828750e-10  1.24923147e-08 -2.76615261e-10  6.64718305e-08  8.03199674e-01  2.41918473e-04 -3.09631328e-01 -2.68797864e-03 -2.10651369e-01  7.85221881e-04 
 1.34431177e+02  1.12710492e-09 -9.89354084e-08  1.14976551e-09 -1.75309764e-07 -4.76437549e-10  1.23518064e-08 -2.72268133e-10  6.63852985e-08  8.03796389e-01  2.38489745e-04 -3.08598882e-01 -2.67419933e-03 -2.10619384e-01  7.95840412e-04 
 1.34586035e+02  1.12232879e-09 -9.85210362e-08  1.14468706e-09 -1.75040136e-07 -4.75070898e-10  1.22116012e-08 -2.67925893e-10  6.63002061e-08  8.04393113e-01  2.35037260e-04 -3.07570626e-01 -2.66053591e-03 -2.10591618e-01  8.06510018e-04 
 1.34741073e+02  1.11758430e-09 -9.81074753e-08  1.13963727e-09 -1.74771553e-07 -4.73728787e-10  1.20716917e-08 -2.63588103e-10  6.62165554e-08  8.04989859e-01  2.31561054e-04 -3.06546529e-01 -2.64698767e-03 -2.10568094e-01  8.17232146e-04 
 1.34896288e+02  1.11287125e-09 -9.76947182e-08  1.13461592e-09 -1.74504010e-07 -4.72411207e-10  1.19320708e-08 -2.59254320e-10  6.61343484e-08  8.05586639e-01  2.28061159e-04 -3.05526558e-01 -2.63355390e-03 -2.10548833e-01  8.28008261e-04 
 1.35051683e+02  1.10818944e-09 -9.72827575e-08  1.12962282e-09 -1.74237501e-07 -4.71118157e-10  1.17927310e-08 -2.54924099e-10  6.60535875e-08  8.06183465e-01  2.24537607e-04 -3.04510680e-01 -2.62023391e-03 -2.10533857e-01  8.38839850e-04 
 1.35207256e+02  1.10353867e-09 -9.68715858e-08  1.12465774e-09 -1.73972019e-07 -4.69849637e-10  1.16536649e-08 -2.50596992e-10  6.59742752e-08  8.06780349e-01  2.20990423e-04 -3.03498863e-01 -2.60702704e-03 -2.10523190e-01  8.49728419e-04 
 1.35363009e+02  1.09891874e-09 -9.64611956e-08  1.11972051e-09 -1.73707559e-07 -4.68605653e-10  1.15148653e-08 -2.46272545e-10  6.58964140e-08  8.07377305e-01  2.17419632e-04 -3.02491076e-01 -2.59393262e-03 -2.10516855e-01  8.60675499e-04 
 1.35518941e+02  1.09432946e-09 -9.60515796e-08  1.11481090e-09 -1.73444115e-07 -4.67386215e-10  1.13763246e-08 -2.41950304e-10  6.58200068e-08  8.07974343e-01  2.13825254e-04 -3.01487286e-01 -2.58095000e-03 -2.10514876e-01  8.71682643e-04 
 1.35675053e+02  1.08977065e-09 -9.56427305e-08  1.10992874e-09 -1.73181682e-07 -4.66191335e-10  1.12380355e-08 -2.37629809e-10  6.57450566e-08  8.08571477e-01  2.10207306e-04 -3.00487461e-01 -2.56807854e-03 -2.10517279e-01  8.82751425e-04 
 1.35831345e+02  1.08524212e-09 -9.52346410e-08  1.10507382e-09 -1.72920253e-07 -4.65021031e-10  1.10999904e-08 -2.33310596e-10  6.56715664e-08  8.09168718e-01  2.06565802e-04 -2.99491570e-01 -2.55531763e-03 -2.10524089e-01  8.93883445e-04 
 1.35987816e+02  1.08074368e-09 -9.48273038e-08  1.10024595e-09 -1.72659823e-07 -4.63875326e-10  1.09621819e-08 -2.28992197e-10  6.55995398e-08  8.09766080e-01  2.02900754e-04 -2.98499582e-01 -2.54266664e-03 -2.10535333e-01  9.05080327e-04 
 1.36144468e+02  1.07627515e-09 -9.44207117e-08  1.09544494e-09 -1.72400386e-07 -4.62754247e-10  1.08246023e-08 -2.24674141e-10  6.55289801e-08  8.10363573e-01  1.99212168e-04 -2.97511464e-01 -2.53012499e-03 -2.10551036e-01  9.16343720e-04 
 1.36301301e+02  1.07183636e-09 -9.40148576e-08  1.09067061e-09 -1.72141937e-07 -4.61657823e-10  1.06872442e-08 -2.20355951e-10  6.54598910e-08  8.10961211e-01  1.95500048e-04 -2.96527186e-01 -2.51769209e-03 -2.10571228e-01  9.27675300e-04 
 1.36458314e+02  1.06742713e-09 -9.36097343e-08  1.08592277e-09 -1.71884470e-07 -4.60586091e-10  1.05500999e-08 -2.16037145e-10  6.53922764e-08  8.11559005e-01  1.91764396e-04 -2.95546716e-01 -2.50536736e-03 -2.10595935e-01  9.39076769e-04 
 1.36615508e+02  1.06304728e-09 -9.32053347e-08  1.08120124e-09 -1.71627979e-07 -4.59539091e-10  1.04131617e-08 -2.11717238e-10  6.53261405e-08  8.12156969e-01  1.88005210e-04 -2.94570024e-01 -2.49315026e-03 -2.10625187e-01  9.50549856e-04 
 1.36772883e+02  1.05869665e-09 -9.28016516e-08  1.07650583e-09 -1.71372459e-07 -4.58516866e-10  1.02764221e-08 -2.07395739e-10  6.52614874e-08  8.12755113e-01  1.84222483e-04 -2.93597078e-01 -2.48104022e-03 -2.10659014e-01  9.62096319e-04 
 1.36930439e+02  1.05437506e-09 -9.23986780e-08  1.07183638e-09 -1.71117905e-07 -4.57519467e-10  1.01398732e-08 -2.03072152e-10  6.51983215e-08  8.13353451e-01  1.80416206e-04 -2.92627848e-01 -2.46903672e-03 -2.10697445e-01  9.73717944e-04 
 1.37088177e+02  1.05008235e-09 -9.19964069e-08  1.06719269e-09 -1.70864311e-07 -4.56546946e-10  1.00035072e-08 -1.98745975e-10  6.51366476e-08  8.13951994e-01  1.76586366e-04 -2.91662303e-01 -2.45713924e-03 -2.10740513e-01  9.85416549e-04 
 1.37246096e+02  1.04581836e-09 -9.15948313e-08  1.06257461e-09 -1.70611671e-07 -4.55599364e-10  9.86731641e-09 -1.94416700e-10  6.50764705e-08  8.14550755e-01  1.72732949e-04 -2.90700413e-01 -2.44534727e-03 -2.10788248e-01  9.97193980e-04 
 1.37404198e+02  1.04158294e-09 -9.11939442e-08  1.05798195e-09 -1.70359981e-07 -4.54676783e-10  9.73129291e-09 -1.90083816e-10  6.50177951e-08  8.15149746e-01  1.68855934e-04 -2.89742146e-01 -2.43366032e-03 -2.10840684e-01  1.00905212e-03 
 1.37562481e+02  1.03737591e-09 -9.07937386e-08  1.05341456e-09 -1.70109235e-07 -4.53779271e-10  9.59542878e-09 -1.85746802e-10  6.49606268e-08  8.15748979e-01  1.64955298e-04 -2.88787473e-01 -2.42207791e-03 -2.10897853e-01  1.02099287e-03 
 1.37720947e+02  1.03319712e-09 -9.03942076e-08  1.04887225e-09 -1.69859427e-07 -4.52906904e-10  9.45971605e-09 -1.81405134e-10  6.49049711e-08  8.16348467e-01  1.61031015e-04 -2.87836362e-01 -2.41059956e-03 -2.10959791e-01  1.03301818e-03 
 1.37879595e+02  1.02904643e-09 -8.99953443e-08  1.04435487e-09 -1.69610553e-07 -4.52059758e-10  9.32414672e-09 -1.77058281e-10  6.48508335e-08  8.16948222e-01  1.57083056e-04 -2.86888785e-01 -2.39922483e-03 -2.11026532e-01  1.04513003e-03 
 1.38038426e+02  1.02492369e-09 -8.95971419e-08  1.03986226e-09 -1.69362607e-07 -4.51237920e-10  9.18871270e-09 -1.72705703e-10  6.47982199e-08  8.17548255e-01  1.53111385e-04 -2.85944710e-01 -2.38795327e-03 -2.11098111e-01  1.05733044e-03 
 1.38197441e+02  1.02082874e-09 -8.91995934e-08  1.03539425e-09 -1.69115584e-07 -4.50441476e-10  9.05340588e-09 -1.68346857e-10  6.47471365e-08  8.18148580e-01  1.49115967e-04 -2.85004108e-01 -2.37678445e-03 -2.11174566e-01  1.06962145e-03 
 1.38356638e+02  1.01676144e-09 -8.88026921e-08  1.03095068e-09 -1.68869479e-07 -4.49670523e-10  8.91821805e-09 -1.63981188e-10  6.46975895e-08  8.18749208e-01  1.45096761e-04 -2.84066949e-01 -2.36571796e-03 -2.11255934e-01  1.08200515e-03 
 1.38516019e+02  1.01272165e-09 -8.84064312e-08  1.02653140e-09 -1.68624286e-07 -4.48925161e-10  8.78314098e-09 -1.59608139e-10  6.46495855e-08  8.19350153e-01  1.41053721e-04 -2.83133202e-01 -2.35475339e-03 -2.11342254e-01  1.09448367e-03 
 1.38675583e+02  1.00870922e-09 -8.80108038e-08  1.02213626e-09 -1.68380001e-07 -4.48205495e-10  8.64816635e-09 -1.55227142e-10  6.46031313e-08  8.19951425e-01  1.36986800e-04 -2.82202837e-01 -2.34389036e-03 -2.11433564e-01  1.10705917e-03 
 1.38835331e+02  1.00472403e-09 -8.76158031e-08  1.01776511e-09 -1.68136619e-07 -4.47511636e-10  8.51328578e-09 -1.50837621e-10  6.45582339e-08  8.20553038e-01  1.32895945e-04 -2.81275826e-01 -2.33312850e-03 -2.11529904e-01  1.11973386e-03 
 1.38995263e+02  1.00076594e-09 -8.72214226e-08  1.01341778e-09 -1.67894133e-07 -4.46843703e-10  8.37849083e-09 -1.46438993e-10  6.45149005e-08  8.21155004e-01  1.28781102e-04 -2.80352138e-01 -2.32246743e-03 -2.11631317e-01  1.13250998e-03 
 1.39155379e+02  9.96834816e-10 -8.68276553e-08  1.00909414e-09 -1.67652540e-07 -4.46201818e-10  8.24377299e-09 -1.42030667e-10  6.44731386e-08  8.21757335e-01  1.24642208e-04 -2.79431743e-01 -2.31190682e-03 -2.11737843e-01  1.14538983e-03 
 1.39315680e+02  9.92930525e-10 -8.64344947e-08  1.00479405e-09 -1.67411835e-07 -4.45586111e-10  8.10912366e-09 -1.37612042e-10  6.44329559e-08  8.22360043e-01  1.20479202e-04 -2.78514611e-01 -2.30144633e-03 -2.11849527e-01  1.15837574e-03 
 1.39476166e+02  9.89052943e-10 -8.60419339e-08  1.00051734e-09 -1.67172012e-07 -4.44996716e-10  7.97453419e-09 -1.33182509e-10  6.43943605e-08  8.22963142e-01  1.16292016e-04 -2.77600714e-01 -2.29108564e-03 -2.11966411e-01  1.17147008e-03 
 1.39636836e+02  9.85201945e-10 -8.56499664e-08  9.96263900e-10 -1.66933066e-07 -4.44433777e-10  7.83999584e-09 -1.28741449e-10  6.43573604e-08  8.23566643e-01  1.12080577e-04 -2.76690021e-01 -2.28082444e-03 -2.12088541e-01  1.18467528e-03 
 1.39797692e+02  9.81377410e-10 -8.52585856e-08  9.92033571e-10 -1.66694992e-07 -4.43897440e-10  7.70549979e-09 -1.24288235e-10  6.43219643e-08  8.24170559e-01  1.07844809e-04 -2.75782502e-01 -2.27066244e-03 -2.12215962e-01  1.19799383e-03 
 1.39958732e+02  9.77579219e-10 -8.48677846e-08  9.87826222e-10 -1.66457787e-07 -4.43387861e-10  7.57103714e-09 -1.19822228e-10  6.42881809e-08  8.24774902e-01  1.03584634e-04 -2.74878129e-01 -2.26059937e-03 -2.12348723e-01  1.21142823e-03 
 1.40119958e+02  9.73807255e-10 -8.44775570e-08  9.83641717e-10 -1.66221443e-07 -4.42905200e-10  7.43659890e-09 -1.15342779e-10  6.42560192e-08  8.25379685e-01  9.92999656e-05 -2.73976872e-01 -2.25063497e-03 -2.12486870e-01  1.22498106e-03 
 1.40281370e+02  9.70061404e-10 -8.40878961e-08  9.79479924e-10 -1.65985958e-07 -4.42449627e-10  7.30217600e-09 -1.10849230e-10  6.42254885e-08  8.25984920e-01  9.49907165e-05 -2.73078701e-01 -2.24076897e-03 -2.12630454e-01  1.23865495e-03 
 1.40442968e+02  9.66341554e-10 -8.36987953e-08  9.75340711e-10 -1.65751326e-07 -4.42021317e-10  7.16775928e-09 -1.06340912e-10  6.41965984e-08  8.26590620e-01  9.06567935e-05 -2.72183586e-01 -2.23100116e-03 -2.12779524e-01  1.25245258e-03 
 1.40604752e+02  9.62647596e-10 -8.33102480e-08  9.71223951e-10 -1.65517542e-07 -4.41620450e-10  7.03333948e-09 -1.01817142e-10  6.41693587e-08  8.27196798e-01  8.62980993e-05 -2.71291498e-01 -2.22133130e-03 -2.12934131e-01  1.26637668e-03 
 1.40766723e+02  9.58979425e-10 -8.29222477e-08  9.67129516e-10 -1.65284601e-07 -4.41247219e-10  6.89890725e-09 -9.72772294e-11  6.41437796e-08  8.27803466e-01  8.19145321e-05 -2.70402408e-01 -2.21175921e-03 -2.13094329e-01  1.28043004e-03 
 1.40928880e+02  9.55336937e-10 -8.25347877e-08  9.63057283e-10 -1.65052499e-07 -4.40901818e-10  6.76445312e-09 -9.27204687e-11  6.41198716e-08  8.28410637e-01  7.75059855e-05 -2.69516286e-01 -2.20228468e-03 -2.13260172e-01  1.29461551e-03 
 1.41091224e+02  9.51720031e-10 -8.21478616e-08  9.59007128e-10 -1.64821231e-07 -4.40584454e-10  6.62996756e-09 -8.81461432e-11  6.40976454e-08  8.29018324e-01  7.30723485e-05 -2.68633102e-01 -2.19290755e-03 -2.13431713e-01  1.30893600e-03 
 1.41253754e+02  9.48128607e-10 -8.17614627e-08  9.54978932e-10 -1.64590792e-07 -4.40295339e-10  6.49544089e-09 -8.35535231e-11  6.40771121e-08  8.29626538e-01  6.86135053e-05 -2.67752827e-01 -2.18362766e-03 -2.13609010e-01  1.32339448e-03 
 1.41416473e+02  9.44562572e-10 -8.13755846e-08  9.50972576e-10 -1.64361177e-07 -4.40034692e-10  6.36086334e-09 -7.89418656e-11  6.40582830e-08  8.30235294e-01  6.41293353e-05 -2.66875431e-01 -2.17444487e-03 -2.13792119e-01  1.33799399e-03 
 1.41579378e+02  9.41021832e-10 -8.09902208e-08  9.46987944e-10 -1.64132382e-07 -4.39802744e-10  6.22622504e-09 -7.43104142e-11  6.40411699e-08  8.30844604e-01  5.96197132e-05 -2.66000886e-01 -2.16535905e-03 -2.13981101e-01  1.35273762e-03 
 1.41742471e+02  9.37506297e-10 -8.06053646e-08  9.43024923e-10 -1.63904402e-07 -4.39599731e-10  6.09151599e-09 -6.96583983e-11  6.40257848e-08  8.31454480e-01  5.50845082e-05 -2.65129160e-01 -2.15637009e-03 -2.14176014e-01  1.36762855e-03 
 1.41905752e+02  9.34015879e-10 -8.02210095e-08  9.39083401e-10 -1.63677233e-07 -4.39425898e-10  5.95672606e-09 -6.49850330e-11  6.40121399e-08  8.32064937e-01  5.05235850e-05 -2.64260225e-01 -2.14747790e-03 -2.14376920e-01  1.38267001e-03 
 1.42069221e+02  9.30550493e-10 -7.98371491e-08  9.35163268e-10 -1.63450869e-07 -4.39281501e-10  5.82184502e-09 -6.02895183e-11  6.40002482e-08  8.32675985e-01  4.59368026e-05 -2.63394050e-01 -2.13868240e-03 -2.14583882e-01  1.39786530e-03 
 1.42232879e+02  9.27110059e-10 -7.94537769e-08  9.31264418e-10 -1.63225307e-07 -4.39166803e-10  5.68686250e-09 -5.55710387e-11  6.39901225e-08  8.33287640e-01  4.13240150e-05 -2.62530606e-01 -2.12998353e-03 -2.14796965e-01  1.41321782e-03 
 1.42396725e+02  9.23694495e-10 -7.90708863e-08  9.27386744e-10 -1.63000541e-07 -4.39082076e-10  5.55176801e-09 -5.08287629e-11  6.39817764e-08  8.33899913e-01  3.66850708e-05 -2.61669863e-01 -2.12138126e-03 -2.15016233e-01  1.42873101e-03 
 1.42560759e+02  9.20303728e-10 -7.86884708e-08  9.23530143e-10 -1.62776567e-07 -4.39027603e-10  5.41655091e-09 -4.60618430e-11  6.39752235e-08  8.34512819e-01  3.20198128e-05 -2.60811792e-01 -2.11287556e-03 -2.15241755e-01  1.44440842e-03 
 1.42724983e+02  9.16937681e-10 -7.83065240e-08  9.19694515e-10 -1.62553380e-07 -4.39003676e-10  5.28120044e-09 -4.12694142e-11  6.39704781e-08  8.35126369e-01  2.73280785e-05 -2.59956361e-01 -2.10446641e-03 -2.15473599e-01  1.46025366e-03 
 1.42889396e+02  9.13596287e-10 -7.79250392e-08  9.15879762e-10 -1.62330976e-07 -4.39010596e-10  5.14570567e-09 -3.64505942e-11  6.39675546e-08  8.35740578e-01  2.26096995e-05 -2.59103542e-01 -2.09615385e-03 -2.15711835e-01  1.47627044e-03 
 1.43053998e+02  9.10279476e-10 -7.75440101e-08  9.12085786e-10 -1.62109351e-07 -4.39048676e-10  5.01005556e-09 -3.16044824e-11  6.39664680e-08  8.36355458e-01  1.78645015e-05 -2.58253304e-01 -2.08793788e-03 -2.15956535e-01  1.49246252e-03 
 1.43218790e+02  9.06987183e-10 -7.71634301e-08  9.08312494e-10 -1.61888499e-07 -4.39118239e-10  4.87423889e-09 -2.67301597e-11  6.39672337e-08  8.36971024e-01  1.30923041e-05 -2.57405616e-01 -2.07981857e-03 -2.16207772e-01  1.50883380e-03 
 1.43383772e+02  9.03719349e-10 -7.67832926e-08  9.04559793e-10 -1.61668416e-07 -4.39219618e-10  4.73824430e-09 -2.18266877e-11  6.39698673e-08  8.37587288e-01  8.29292111e-06 -2.56560449e-01 -2.07179597e-03 -2.16465622e-01  1.52538823e-03 
 1.43548943e+02  9.00475913e-10 -7.64035913e-08  9.00827594e-10 -1.61449098e-07 -4.39353158e-10  4.60206027e-09 -1.68931077e-11  6.39743850e-08  8.38204264e-01  3.46615968e-06 -2.55717771e-01 -2.06387019e-03 -2.16730162e-01  1.54212986e-03 
 1.43714305e+02  8.97256819e-10 -7.60243195e-08  8.97115810e-10 -1.61230540e-07 -4.39519214e-10  4.46567509e-09 -1.19284410e-11  6.39808034e-08  8.38821965e-01 -1.38817928e-06 -2.54877553e-01 -2.05604132e-03 -2.17001470e-01  1.55906286e-03 
 1.43879858e+02  8.94062017e-10 -7.56454707e-08  8.93424356e-10 -1.61012737e-07 -4.39718155e-10  4.32907691e-09 -6.93168706e-12  6.39891395e-08  8.39440406e-01 -6.27030146e-06 -2.54039764e-01 -2.04830950e-03 -2.17279626e-01  1.57619147e-03 
 1.44045601e+02  8.90891456e-10 -7.52670384e-08  8.89753148e-10 -1.60795686e-07 -4.39950360e-10  4.19225370e-09 -1.90182375e-12  6.39994107e-08  8.40059600e-01 -1.11804193e-05 -2.53204373e-01 -2.04067487e-03 -2.17564714e-01  1.59352006e-03 
 1.44211535e+02  8.87745089e-10 -7.48890161e-08  8.86102107e-10 -1.60579382e-07 -4.40216221e-10  4.05519324e-09  3.16219389e-12  6.40116351e-08  8.40679560e-01 -1.61187521e-05 -2.52371348e-01 -2.03313760e-03 -2.17856816e-01  1.61105307e-03 
 1.44377660e+02  8.84622875e-10 -7.45113971e-08  8.82471154e-10 -1.60363819e-07 -4.40516143e-10  3.91788313e-09  8.26143424e-12  6.40258308e-08  8.41300302e-01 -2.10855262e-05 -2.51540660e-01 -2.02569789e-03 -2.18156020e-01  1.62879509e-03 
 1.44543977e+02  8.81524774e-10 -7.41341750e-08  8.78860215e-10 -1.60148994e-07 -4.40850544e-10  3.78031077e-09  1.33969899e-11  6.40420170e-08  8.41921838e-01 -2.60809754e-05 -2.50712276e-01 -2.01835595e-03 -2.18462412e-01  1.64675078e-03 
 1.44710485e+02  8.78450748e-10 -7.37573431e-08  8.75269215e-10 -1.59934903e-07 -4.41219855e-10  3.64246338e-09  1.85699785e-11  6.40602128e-08  8.42544182e-01 -3.11053405e-05 -2.49886165e-01 -2.01111201e-03 -2.18776084e-01  1.66492496e-03 
 1.44877185e+02  8.75400766e-10 -7.33808949e-08  8.71698085e-10 -1.59721540e-07 -4.41624521e-10  3.50432796e-09  2.37815434e-11  6.40804383e-08  8.43167350e-01 -3.61588703e-05 -2.49062296e-01 -2.00396634e-03 -2.19097128e-01  1.68332254e-03 
 1.45044077e+02  8.72374798e-10 -7.30048238e-08  8.68146756e-10 -1.59508901e-07 -4.42065002e-10  3.36589131e-09  2.90328548e-11  6.41027137e-08  8.43791355e-01 -4.12418212e-05 -2.48240637e-01 -1.99691921e-03 -2.19425637e-01  1.70194856e-03 
 1.45211162e+02  8.69372818e-10 -7.26291231e-08  8.64615162e-10 -1.59296982e-07 -4.42541772e-10  3.22714003e-09  3.43251106e-11  6.41270600e-08  8.44416211e-01 -4.63544576e-05 -2.47421156e-01 -1.98997094e-03 -2.19761709e-01  1.72080819e-03 
 1.45378439e+02  8.66394804e-10 -7.22537862e-08  8.61103242e-10 -1.59085779e-07 -4.43055321e-10  3.08806046e-09  3.96595370e-11  6.41534987e-08  8.45041934e-01 -5.14970521e-05 -2.46603820e-01 -1.98312185e-03 -2.20105441e-01  1.73990673e-03 
 1.45545908e+02  8.63440736e-10 -7.18788065e-08  8.57610934e-10 -1.58875286e-07 -4.43606152e-10  2.94863876e-09  4.50373898e-11  6.41820517e-08  8.45668536e-01 -5.66698859e-05 -2.45788598e-01 -1.97637230e-03 -2.20456936e-01  1.75924962e-03 
 1.45713570e+02  8.60510601e-10 -7.15041772e-08  8.54138180e-10 -1.58665500e-07 -4.44194788e-10  2.80886081e-09  5.04599554e-11  6.42127418e-08  8.46296035e-01 -6.18732487e-05 -2.44975457e-01 -1.96972269e-03 -2.20816297e-01  1.77884243e-03 
 1.45881426e+02  8.57604386e-10 -7.11298917e-08  8.50684926e-10 -1.58456416e-07 -4.44821764e-10  2.66871227e-09  5.59285516e-11  6.42455920e-08  8.46924443e-01 -6.71074391e-05 -2.44164363e-01 -1.96317341e-03 -2.21183629e-01  1.79869088e-03 
 1.46049475e+02  8.54722084e-10 -7.07559433e-08  8.47251120e-10 -1.58248029e-07 -4.45487637e-10  2.52817857e-09  6.14445289e-11  6.42806262e-08  8.47553776e-01 -7.23727649e-05 -2.43355285e-01 -1.95672490e-03 -2.21559041e-01  1.81880086e-03 
 1.46217717e+02  8.51863693e-10 -7.03823251e-08  8.43836711e-10 -1.58040335e-07 -4.46192977e-10  2.38724483e-09  6.70092716e-11  6.43178688e-08  8.48184048e-01 -7.76695433e-05 -2.42548188e-01 -1.95037763e-03 -2.21942645e-01  1.83917837e-03 
 1.46386154e+02  8.49029212e-10 -7.00090306e-08  8.40441654e-10 -1.57833330e-07 -4.46938375e-10  2.24589597e-09  7.26241986e-11  6.43573448e-08  8.48815276e-01 -8.29981010e-05 -2.41743039e-01 -1.94413209e-03 -2.22334553e-01  1.85982962e-03 
 1.46554784e+02  8.46218646e-10 -6.96360527e-08  8.37065905e-10 -1.57627009e-07 -4.47724440e-10  2.10411659e-09  7.82907652e-11  6.43990799e-08  8.49447474e-01 -8.83587750e-05 -2.40939804e-01 -1.93798882e-03 -2.22734882e-01  1.88076095e-03 
 1.46723609e+02  8.43432005e-10 -6.92633848e-08  8.33709422e-10 -1.57421367e-07 -4.48551800e-10  1.96189102e-09  8.40104640e-11  6.44431004e-08  8.50080658e-01 -9.37519121e-05 -2.40138450e-01 -1.93194835e-03 -2.23143751e-01  1.90197888e-03 
 1.46892628e+02  8.40669300e-10 -6.88910200e-08  8.30372168e-10 -1.57216400e-07 -4.49421102e-10  1.81920332e-09  8.97848262e-11  6.44894335e-08  8.50714843e-01 -9.91778699e-05 -2.39338940e-01 -1.92601127e-03 -2.23561282e-01  1.92349012e-03 
 1.47061842e+02  8.37930551e-10 -6.85189513e-08  8.27054109e-10 -1.57012104e-07 -4.50333017e-10  1.67603723e-09  9.56154230e-11  6.45381069e-08  8.51350045e-01 -1.04637017e-04 -2.38541242e-01 -1.92017821e-03 -2.23987600e-01  1.94530154e-03 
 1.47231250e+02  8.35215779e-10 -6.81471719e-08  8.23755212e-10 -1.56808474e-07 -4.51288232e-10  1.53237620e-09  1.01503867e-10  6.45891490e-08  8.51986279e-01 -1.10129732e-04 -2.37745319e-01 -1.91444981e-03 -2.24422833e-01  1.96742021e-03 
 1.47400854e+02  8.32525010e-10 -6.77756748e-08  8.20475450e-10 -1.56605506e-07 -4.52287461e-10  1.38820333e-09  1.07451814e-10  6.46425891e-08  8.52623562e-01 -1.15656407e-04 -2.36951137e-01 -1.90882675e-03 -2.24867113e-01  1.98985340e-03 
 1.47570653e+02  8.29858276e-10 -6.74044530e-08  8.17214796e-10 -1.56403194e-07 -4.53331438e-10  1.24350144e-09  1.13460963e-10  6.46984572e-08  8.53261909e-01 -1.21217445e-04 -2.36158659e-01 -1.90330976e-03 -2.25320573e-01  2.01260858e-03 
 1.47740648e+02  8.27215614e-10 -6.70334995e-08  8.13973230e-10 -1.56201535e-07 -4.54420920e-10  1.09825299e-09  1.19533061e-10  6.47567841e-08  8.53901337e-01 -1.26813259e-04 -2.35367850e-01 -1.89789959e-03 -2.25783351e-01  2.03569342e-03 
 1.47910839e+02  8.24597064e-10 -6.66628071e-08  8.10750733e-10 -1.56000524e-07 -4.55556689e-10  9.52440080e-10  1.25669901e-10  6.48176014e-08  8.54541863e-01 -1.32444279e-04 -2.34578672e-01 -1.89259703e-03 -2.26255588e-01  2.05911582e-03 
 1.48081226e+02  8.22002672e-10 -6.62923688e-08  8.07547289e-10 -1.55800156e-07 -4.56739553e-10  8.06044474e-10  1.31873326e-10  6.48809415e-08  8.55183502e-01 -1.38110945e-04 -2.33791090e-01 -1.88740291e-03 -2.26737429e-01  2.08288389e-03 
 1.48251809e+02  8.19432491e-10 -6.59221775e-08  8.04362888e-10 -1.55600427e-07 -4.57970344e-10  6.59047558e-10  1.38145230e-10  6.49468377e-08  8.55826272e-01 -1.43813710e-04 -2.33005065e-01 -1.88231810e-03 -2.27229022e-01  2.10700598e-03 
 1.48422588e+02  8.16886576e-10 -6.55522258e-08  8.01197522e-10 -1.55401331e-07 -4.59249922e-10  5.11430338e-10  1.44487559e-10  6.50153242e-08  8.56470190e-01 -1.49553043e-04 -2.32220559e-01 -1.87734350e-03 -2.27730518e-01  2.13149069e-03 
 1.48593564e+02  8.14364991e-10 -6.51825066e-08  7.98051187e-10 -1.55202865e-07 -4.60579174e-10  3.63173428e-10  1.50902317e-10  6.50864360e-08  8.57115272e-01 -1.55329425e-04 -2.31437535e-01 -1.87248008e-03 -2.28242073e-01  2.15634684e-03 
 1.48764737e+02  8.11867803e-10 -6.48130125e-08  7.94923882e-10 -1.55005024e-07 -4.61959016e-10  2.14257035e-10  1.57391562e-10  6.51602092e-08  8.57761536e-01 -1.61143353e-04 -2.30655954e-01 -1.86772881e-03 -2.28763846e-01  2.18158354e-03 
 1.48936108e+02  8.09395085e-10 -6.44437361e-08  7.91815612e-10 -1.54807803e-07 -4.63390394e-10  6.46609503e-11  1.63957411e-10  6.52366807e-08  8.58409000e-01 -1.66995340e-04 -2.29875777e-01 -1.86309075e-03 -2.29296002e-01  2.20721015e-03 
 1.49107676e+02  8.06946918e-10 -6.40746700e-08  7.88726384e-10 -1.54611197e-07 -4.64874284e-10 -8.56354669e-11  1.70602044e-10  6.53158885e-08  8.59057680e-01 -1.72885913e-04 -2.29096964e-01 -1.85856698e-03 -2.29838707e-01  2.23323630e-03 
 1.49279441e+02  8.04523388e-10 -6.37058068e-08  7.85656210e-10 -1.54415202e-07 -4.66411693e-10 -2.36653303e-10  1.77327704e-10  6.53978717e-08  8.59707596e-01 -1.78815616e-04 -2.28319474e-01 -1.85415862e-03 -2.30392134e-01  2.25967193e-03 
 1.49451404e+02  8.02124586e-10 -6.33371389e-08  7.82605106e-10 -1.54219812e-07 -4.68003664e-10 -3.88414103e-10  1.84136699e-10  6.54826701e-08  8.60358765e-01 -1.84785009e-04 -2.27543267e-01 -1.84986686e-03 -2.30956459e-01  2.28652725e-03 
 1.49623566e+02  7.99750612e-10 -6.29686587e-08  7.79573094e-10 -1.54025024e-07 -4.69651271e-10 -5.40939886e-10  1.91031407e-10  6.55703251e-08  8.61011205e-01 -1.90794672e-04 -2.26768302e-01 -1.84569293e-03 -2.31531864e-01  2.31381281e-03 
 1.49795925e+02  7.97401571e-10 -6.26003584e-08  7.76560197e-10 -1.53830831e-07 -4.71355624e-10 -6.94253164e-10  1.98014275e-10  6.56608787e-08  8.61664935e-01 -1.96845199e-04 -2.25994537e-01 -1.84163811e-03 -2.32118533e-01  2.34153945e-03 
 1.49968484e+02  7.95077575e-10 -6.22322304e-08  7.73566447e-10 -1.53637230e-07 -4.73117871e-10 -8.48376950e-10  2.05087825e-10  6.57543744e-08  8.62319974e-01 -2.02937206e-04 -2.25221929e-01 -1.83770374e-03 -2.32716658e-01  2.36971837e-03 
 1.50141241e+02  7.92778744e-10 -6.18642669e-08  7.70591877e-10 -1.53444216e-07 -4.74939197e-10 -1.00333478e-09  2.12254656e-10  6.58508569e-08  8.62976340e-01 -2.09071326e-04 -2.24450435e-01 -1.83389121e-03 -2.33326434e-01  2.39836108e-03 
 1.50314197e+02  7.90505205e-10 -6.14964599e-08  7.67636527e-10 -1.53251782e-07 -4.76820826e-10 -1.15915074e-09  2.19517446e-10  6.59503718e-08  8.63634054e-01 -2.15248213e-04 -2.23680011e-01 -1.83020198e-03 -2.33948061e-01  2.42747948e-03 
 1.50487352e+02  7.88257093e-10 -6.11288014e-08  7.64700441e-10 -1.53059925e-07 -4.78764024e-10 -1.31584946e-09  2.26878955e-10  6.60529662e-08  8.64293134e-01 -2.21468542e-04 -2.22910614e-01 -1.82663755e-03 -2.34581746e-01  2.45708582e-03 
 1.50660707e+02  7.86034549e-10 -6.07612834e-08  7.61783670e-10 -1.52868640e-07 -4.80770099e-10 -1.47345614e-09  2.34342029e-10  6.61586886e-08  8.64953601e-01 -2.27733009e-04 -2.22142196e-01 -1.82319950e-03 -2.35227699e-01  2.48719276e-03 
 1.50834261e+02  7.83837726e-10 -6.03938978e-08  7.58886268e-10 -1.52677921e-07 -4.82840402e-10 -1.63199660e-09  2.41909605e-10  6.62675886e-08  8.65615474e-01 -2.34042330e-04 -2.21374714e-01 -1.81988947e-03 -2.35886139e-01  2.51781333e-03 
 1.51008015e+02  7.81666781e-10 -6.00266363e-08  7.56008296e-10 -1.52487763e-07 -4.84976331e-10 -1.79149726e-09  2.49584710e-10  6.63797173e-08  8.66278774e-01 -2.40397248e-04 -2.20608119e-01 -1.81670915e-03 -2.36557288e-01  2.54896101e-03 
 1.51181970e+02  7.79521882e-10 -5.96594906e-08  7.53149821e-10 -1.52298161e-07 -4.87179333e-10 -1.95198518e-09  2.57370469e-10  6.64951273e-08  8.66943522e-01 -2.46798526e-04 -2.19842365e-01 -1.81366033e-03 -2.37241375e-01  2.58064968e-03 
 1.51356125e+02  7.77403206e-10 -5.92924522e-08  7.50310915e-10 -1.52109110e-07 -4.89450900e-10 -2.11348807e-09  2.65270108e-10  6.66138726e-08  8.67609738e-01 -2.53246954e-04 -2.19077403e-01 -1.81074485e-03 -2.37938636e-01  2.61289369e-03 
 1.51530480e+02  7.75310940e-10 -5.89255127e-08  7.47491657e-10 -1.51920604e-07 -4.91792580e-10 -2.27603432e-09  2.73286956e-10  6.67360088e-08  8.68277444e-01 -2.59743348e-04 -2.18313184e-01 -1.80796462e-03 -2.38649312e-01  2.64570786e-03 
 1.51705037e+02  7.73245279e-10 -5.85586634e-08  7.44692131e-10 -1.51732639e-07 -4.94205972e-10 -2.43965304e-09  2.81424450e-10  6.68615929e-08  8.68946661e-01 -2.66288547e-04 -2.17549658e-01 -1.80532165e-03 -2.39373651e-01  2.67910747e-03 
 1.51879794e+02  7.71206428e-10 -5.81918956e-08  7.41912429e-10 -1.51545208e-07 -4.96692729e-10 -2.60437406e-09  2.89686143e-10  6.69906837e-08  8.69617411e-01 -2.72883422e-04 -2.16786774e-01 -1.80281800e-03 -2.40111909e-01  2.71310835e-03 
 1.52054753e+02  7.69194603e-10 -5.78252004e-08  7.39152650e-10 -1.51358307e-07 -4.99254566e-10 -2.77022796e-09  2.98075703e-10  6.71233416e-08  8.70289717e-01 -2.79528870e-04 -2.16024481e-01 -1.80045585e-03 -2.40864348e-01  2.74772682e-03 
 1.52229913e+02  7.67210033e-10 -5.74585688e-08  7.36412898e-10 -1.51171929e-07 -5.01893254e-10 -2.93724610e-09  3.06596921e-10  6.72596289e-08  8.70963601e-01 -2.86225819e-04 -2.15262724e-01 -1.79823743e-03 -2.41631239e-01  2.78297976e-03 
 1.52405275e+02  7.65252953e-10 -5.70919918e-08  7.33693287e-10 -1.50986070e-07 -5.04610628e-10 -3.10546065e-09  3.15253717e-10  6.73996096e-08  8.71639087e-01 -2.92975227e-04 -2.14501451e-01 -1.79616508e-03 -2.42412857e-01  2.81888463e-03 
 1.52580839e+02  7.63323615e-10 -5.67254602e-08  7.30993936e-10 -1.50800724e-07 -5.07408588e-10 -3.27490461e-09  3.24050143e-10  6.75433494e-08  8.72316197e-01 -2.99778084e-04 -2.13740606e-01 -1.79424122e-03 -2.43209490e-01  2.85545946e-03 
 1.52756606e+02  7.61422279e-10 -5.63589645e-08  7.28314975e-10 -1.50615884e-07 -5.10289102e-10 -3.44561187e-09  3.32990388e-10  6.76909162e-08  8.72994955e-01 -3.06635415e-04 -2.12980133e-01 -1.79246840e-03 -2.44021429e-01  2.89272294e-03 
 1.52932575e+02  7.59549220e-10 -5.59924953e-08  7.25656539e-10 -1.50431545e-07 -5.13254208e-10 -3.61761718e-09  3.42078790e-10  6.78423797e-08  8.73675386e-01 -3.13548278e-04 -2.12219975e-01 -1.79084922e-03 -2.44848977e-01  2.93069436e-03 
 1.53108746e+02  7.57704724e-10 -5.56260430e-08  7.23018772e-10 -1.50247701e-07 -5.16306017e-10 -3.79095625e-09  3.51319834e-10  6.79978118e-08  8.74357515e-01 -3.20517768e-04 -2.11460074e-01 -1.78938643e-03 -2.45692445e-01  2.96939371e-03 
 1.53285121e+02  7.55889092e-10 -5.52595978e-08  7.20401829e-10 -1.50064346e-07 -5.19446718e-10 -3.96566573e-09  3.60718162e-10  6.81572866e-08  8.75041365e-01 -3.27545018e-04 -2.10700369e-01 -1.78808286e-03 -2.46552152e-01  3.00884168e-03 
 1.53461698e+02  7.54102638e-10 -5.48931497e-08  7.17805872e-10 -1.49881475e-07 -5.22678579e-10 -4.14178330e-09  3.70278584e-10  6.83208801e-08  8.75726964e-01 -3.34631199e-04 -2.09940800e-01 -1.78694147e-03 -2.47428427e-01  3.04905969e-03 
 1.53638479e+02  7.52345692e-10 -5.45266887e-08  7.15231073e-10 -1.49699080e-07 -5.26003952e-10 -4.31934764e-09  3.80006076e-10  6.84886710e-08  8.76414336e-01 -3.41777525e-04 -2.09181304e-01 -1.78596533e-03 -2.48321609e-01  3.09006992e-03 
 1.53815464e+02  7.50618598e-10 -5.41602045e-08  7.12677615e-10 -1.49517155e-07 -5.29425274e-10 -4.49839852e-09  3.89905797e-10  6.86607401e-08  8.77103509e-01 -3.48985250e-04 -2.08421818e-01 -1.78515764e-03 -2.49232047e-01  3.13189533e-03 
 1.53992653e+02  7.48921715e-10 -5.37936866e-08  7.10145689e-10 -1.49335695e-07 -5.32945074e-10 -4.67897683e-09  3.99983092e-10  6.88371708e-08  8.77794509e-01 -3.56255674e-04 -2.07662276e-01 -1.78452173e-03 -2.50160100e-01  3.17455975e-03 
 1.54170045e+02  7.47255421e-10 -5.34271244e-08  7.07635499e-10 -1.49154692e-07 -5.36565977e-10 -4.86112461e-09  4.10243498e-10  6.90180489e-08  8.78487364e-01 -3.63590143e-04 -2.06902612e-01 -1.78406106e-03 -2.51106139e-01  3.21808786e-03 
 1.54347642e+02  7.45620108e-10 -5.30605071e-08  7.05147260e-10 -1.48974141e-07 -5.40290704e-10 -5.04488510e-09  4.20692759e-10  6.92034632e-08  8.79182102e-01 -3.70990050e-04 -2.06142758e-01 -1.78377923e-03 -2.52070544e-01  3.26250522e-03 
 1.54525444e+02  7.44016188e-10 -5.26938237e-08  7.02681195e-10 -1.48794034e-07 -5.44122081e-10 -5.23030278e-09  4.31336832e-10  6.93935048e-08  8.79878751e-01 -3.78456841e-04 -2.05382643e-01 -1.78367998e-03 -2.53053708e-01  3.30783839e-03 
 1.54703450e+02  7.42444092e-10 -5.23270631e-08  7.00237545e-10 -1.48614364e-07 -5.48063042e-10 -5.41742343e-09  4.42181896e-10  6.95882680e-08  8.80577342e-01 -3.85992011e-04 -2.04622196e-01 -1.78376721e-03 -2.54056038e-01  3.35411487e-03 
 1.54881662e+02  7.40904269e-10 -5.19602136e-08  6.97816559e-10 -1.48435125e-07 -5.52116633e-10 -5.60629417e-09  4.53234362e-10  6.97878500e-08  8.81277903e-01 -3.93597114e-04 -2.03861344e-01 -1.78404499e-03 -2.55077949e-01  3.40136324e-03 
 1.55060079e+02  7.39397188e-10 -5.15932638e-08  6.95418501e-10 -1.48256309e-07 -5.56286018e-10 -5.79696352e-09  4.64500887e-10  6.99923509e-08  8.81980465e-01 -4.01273757e-04 -2.03100011e-01 -1.78451755e-03 -2.56119874e-01  3.44961313e-03 
 1.55238701e+02  7.37923342e-10 -5.12262018e-08  6.93043648e-10 -1.48077909e-07 -5.60574486e-10 -5.98948144e-09  4.75988383e-10  7.02018742e-08  8.82685060e-01 -4.09023609e-04 -2.02338120e-01 -1.78518927e-03 -2.57182256e-01  3.49889532e-03 
 1.55417529e+02  7.36483243e-10 -5.08590153e-08  6.90692293e-10 -1.47899919e-07 -5.64985453e-10 -6.18389941e-09  4.87704027e-10  7.04165267e-08  8.83391718e-01 -4.16848403e-04 -2.01575593e-01 -1.78606475e-03 -2.58265554e-01  3.54924177e-03 
 1.55596563e+02  7.35077427e-10 -5.04916921e-08  6.88364742e-10 -1.47722329e-07 -5.69522471e-10 -6.38027047e-09  4.99655278e-10  7.06364185e-08  8.84100474e-01 -4.24749934e-04 -2.00812348e-01 -1.78714876e-03 -2.59370241e-01  3.60068570e-03 
 1.55775803e+02  7.33706456e-10 -5.01242195e-08  6.86061319e-10 -1.47545133e-07 -5.74189234e-10 -6.57864929e-09  5.11849890e-10  7.08616635e-08  8.84811359e-01 -4.32730069e-04 -2.00048301e-01 -1.78844628e-03 -2.60496804e-01  3.65326160e-03 
 1.55955250e+02  7.32370915e-10 -4.97565847e-08  6.83782361e-10 -1.47368322e-07 -5.78989584e-10 -6.77909225e-09  5.24295922e-10  7.10923792e-08  8.85524408e-01 -4.40790743e-04 -1.99283368e-01 -1.78996248e-03 -2.61645749e-01  3.70700536e-03 
 1.56134904e+02  7.31071416e-10 -4.93887743e-08  6.81528225e-10 -1.47191889e-07 -5.83927517e-10 -6.98165746e-09  5.37001756e-10  7.13286871e-08  8.86239656e-01 -4.48933970e-04 -1.98517459e-01 -1.79170276e-03 -2.62817595e-01  3.76195427e-03 
 1.56314764e+02  7.29808601e-10 -4.90207751e-08  6.79299286e-10 -1.47015825e-07 -5.89007195e-10 -7.18640492e-09  5.49976113e-10  7.15707125e-08  8.86957138e-01 -4.57161840e-04 -1.97750486e-01 -1.79367276e-03 -2.64012879e-01  3.81814714e-03 
 1.56494832e+02  7.28583138e-10 -4.86525730e-08  6.77095936e-10 -1.46840122e-07 -5.94232949e-10 -7.39339649e-09  5.63228068e-10  7.18185853e-08  8.87676891e-01 -4.65476525e-04 -1.96982354e-01 -1.79587836e-03 -2.65232159e-01  3.87562434e-03 
 1.56675107e+02  7.27395728e-10 -4.82841541e-08  6.74918589e-10 -1.46664772e-07 -5.99609288e-10 -7.60269607e-09  5.76767072e-10  7.20724393e-08  8.88398953e-01 -4.73880285e-04 -1.96212969e-01 -1.79832566e-03 -2.66476007e-01  3.93442789e-03 
 1.56855590e+02  7.26247101e-10 -4.79155039e-08  6.72767677e-10 -1.46489764e-07 -6.05140913e-10 -7.81436961e-09  5.90602963e-10  7.23324133e-08  8.89123361e-01 -4.82375468e-04 -1.95442232e-01 -1.80102106e-03 -2.67745016e-01  3.99460155e-03 
 1.57036280e+02  7.25138024e-10 -4.75466076e-08  6.70643656e-10 -1.46315091e-07 -6.10832719e-10 -8.02848522e-09  6.04745993e-10  7.25986506e-08  8.89850156e-01 -4.90964520e-04 -1.94670041e-01 -1.80397123e-03 -2.69039801e-01  4.05619091e-03 
 1.57217179e+02  7.24069296e-10 -4.71774500e-08  6.68547005e-10 -1.46140744e-07 -6.16689811e-10 -8.24511331e-09  6.19206847e-10  7.28712996e-08  8.90579377e-01 -4.99649985e-04 -1.93896293e-01 -1.80718311e-03 -2.70360996e-01  4.11924344e-03 
 1.57398286e+02  7.23041756e-10 -4.68080156e-08  6.66478223e-10 -1.45966711e-07 -6.22717512e-10 -8.46432659e-09  6.33996662e-10  7.31505137e-08  8.91311065e-01 -5.08434511e-04 -1.93120880e-01 -1.81066398e-03 -2.71709258e-01  4.18380866e-03 
 1.57579602e+02  7.22056280e-10 -4.64382884e-08  6.64437840e-10 -1.45792984e-07 -6.28921372e-10 -8.68620027e-09  6.49127057e-10  7.34364518e-08  8.92045264e-01 -5.17320856e-04 -1.92343691e-01 -1.81442141e-03 -2.73085265e-01  4.24993817e-03 
 1.57761127e+02  7.21113784e-10 -4.60682521e-08  6.62426408e-10 -1.45619553e-07 -6.35307187e-10 -8.91081210e-09  6.64610151e-10  7.37292786e-08  8.92782017e-01 -5.26311895e-04 -1.91564613e-01 -1.81846334e-03 -2.74489721e-01  4.31768582e-03 
 1.57942861e+02  7.20215228e-10 -4.56978899e-08  6.60444508e-10 -1.45446407e-07 -6.41881003e-10 -9.13824253e-09  6.80458594e-10  7.40291643e-08  8.93521369e-01 -5.35410623e-04 -1.90783527e-01 -1.82279803e-03 -2.75923355e-01  4.38710778e-03 
 1.58124804e+02  7.19361618e-10 -4.53271844e-08  6.58492750e-10 -1.45273536e-07 -6.48649136e-10 -9.36857479e-09  6.96685596e-10  7.43362855e-08  8.94263365e-01 -5.44620162e-04 -1.90000312e-01 -1.82743414e-03 -2.77386919e-01  4.45826270e-03 
 1.58306957e+02  7.18554006e-10 -4.49561181e-08  6.56571777e-10 -1.45100929e-07 -6.55618182e-10 -9.60189504e-09  7.13304953e-10  7.46508252e-08  8.95008054e-01 -5.53943771e-04 -1.89214842e-01 -1.83238071e-03 -2.78881196e-01  4.53121182e-03 
 1.58489319e+02  7.17793494e-10 -4.45846726e-08  6.54682260e-10 -1.44928574e-07 -6.62795035e-10 -9.83829250e-09  7.30331083e-10  7.49729729e-08  8.95755484e-01 -5.63384848e-04 -1.88426989e-01 -1.83764722e-03 -2.80406996e-01  4.60601911e-03 
 1.58671892e+02  7.17081238e-10 -4.42128292e-08  6.52824909e-10 -1.44756460e-07 -6.70186903e-10 -1.00778596e-08  7.47779057e-10  7.53029254e-08  8.96505705e-01 -5.72946941e-04 -1.87636618e-01 -1.84324355e-03 -2.81965157e-01  4.68275144e-03 
 1.58854675e+02  7.16418448e-10 -4.38405687e-08  6.51000465e-10 -1.44584575e-07 -6.77801322e-10 -1.03206921e-08  7.65664639e-10  7.56408865e-08  8.97258769e-01 -5.82633755e-04 -1.86843591e-01 -1.84918008e-03 -2.83556550e-01  4.76147873e-03 
 1.59037668e+02  7.15806394e-10 -4.34678710e-08  6.49209711e-10 -1.44412907e-07 -6.85646180e-10 -1.05668892e-08  7.84004318e-10  7.59870678e-08  8.98014730e-01 -5.92449160e-04 -1.86047765e-01 -1.85546764e-03 -2.85182078e-01  4.84227408e-03 
 1.59220873e+02  7.15246406e-10 -4.30947159e-08  6.47453469e-10 -1.44241443e-07 -6.93729729e-10 -1.08165538e-08  8.02815359e-10  7.63416892e-08  8.98773642e-01 -6.02397203e-04 -1.85248991e-01 -1.86211760e-03 -2.86842678e-01  4.92521402e-03 
 1.59404288e+02  7.14739882e-10 -4.27210821e-08  6.45732601e-10 -1.44070170e-07 -7.02060612e-10 -1.10697928e-08  8.22115835e-10  7.67049784e-08  8.99535561e-01 -6.12482113e-04 -1.84447118e-01 -1.86914187e-03 -2.88539322e-01  5.01037864e-03 
 1.59587915e+02  7.14288285e-10 -4.23469479e-08  6.44048016e-10 -1.43899074e-07 -7.10647885e-10 -1.13267169e-08  8.41924685e-10  7.70771725e-08  9.00300546e-01 -6.22708314e-04 -1.83641986e-01 -1.87655293e-03 -2.90273022e-01  5.09785185e-03 
 1.59771753e+02  7.13893156e-10 -4.19722910e-08  6.42400669e-10 -1.43728142e-07 -7.19501034e-10 -1.15874411e-08  8.62261755e-10  7.74585175e-08  9.01068658e-01 -6.33080437e-04 -1.82833430e-01 -1.88436385e-03 -2.92044825e-01  5.18772153e-03 
 1.59955803e+02  7.13556107e-10 -4.15970880e-08  6.40791567e-10 -1.43557359e-07 -7.28630010e-10 -1.18520849e-08  8.83147859e-10  7.78492690e-08  9.01839959e-01 -6.43603330e-04 -1.82021282e-01 -1.89258838e-03 -2.93855822e-01  5.28007984e-03 
 1.60140065e+02  7.13278837e-10 -4.12213152e-08  6.39221766e-10 -1.43386710e-07 -7.38045247e-10 -1.21207722e-08  9.04604828e-10  7.82496931e-08  9.02614512e-01 -6.54282071e-04 -1.81205364e-01 -1.90124090e-03 -2.95707146e-01  5.37502340e-03 
 1.60324539e+02  7.13063127e-10 -4.08449477e-08  6.37692382e-10 -1.43216180e-07 -7.47757698e-10 -1.23936321e-08  9.26655579e-10  7.86600661e-08  9.03392385e-01 -6.65121983e-04 -1.80385492e-01 -1.91033655e-03 -2.97599975e-01  5.47265361e-03 
 1.60509226e+02  7.12910854e-10 -4.04679600e-08  6.36204588e-10 -1.43045753e-07 -7.57778861e-10 -1.26707985e-08  9.49324175e-10  7.90806759e-08  9.04173646e-01 -6.76128645e-04 -1.79561478e-01 -1.91989121e-03 -2.99535536e-01  5.57307691e-03 
 1.60694125e+02  7.12823987e-10 -4.00903257e-08  6.34759619e-10 -1.42875412e-07 -7.68120815e-10 -1.29524109e-08  9.72635897e-10  7.95118219e-08  9.04958366e-01 -6.87307911e-04 -1.78733124e-01 -1.92992157e-03 -3.01515104e-01  5.67640507e-03 
 1.60879238e+02  7.12804602e-10 -3.97120173e-08  6.33358779e-10 -1.42705141e-07 -7.78796253e-10 -1.32386144e-08  9.96617318e-10  7.99538160e-08  9.05746619e-01 -6.98665923e-04 -1.77900225e-01 -1.94044519e-03 -3.03540006e-01  5.78275558e-03 
 1.61064564e+02  7.12854881e-10 -3.93330066e-08  6.32003441e-10 -1.42534920e-07 -7.89818522e-10 -1.35295600e-08  1.02129639e-09  8.04069828e-08  9.06538481e-01 -7.10209134e-04 -1.77062568e-01 -1.95148052e-03 -3.05611627e-01  5.89225192e-03 
 1.61250103e+02  7.12977124e-10 -3.89532642e-08  6.30695054e-10 -1.42364733e-07 -8.01201665e-10 -1.38254049e-08  1.04670251e-09  8.08716609e-08  9.07334031e-01 -7.21944320e-04 -1.76219931e-01 -1.96304699e-03 -3.07731408e-01  6.00502399e-03 
 1.61435856e+02  7.13173754e-10 -3.85727595e-08  6.29435147e-10 -1.42194559e-07 -8.12960461e-10 -1.41263131e-08  1.07286664e-09  8.13482032e-08  9.08133351e-01 -7.33878607e-04 -1.75372085e-01 -1.97516505e-03 -3.09900850e-01  6.12120851e-03 
 1.61621823e+02  7.13447324e-10 -3.81914611e-08  6.28225332e-10 -1.42024380e-07 -8.25110475e-10 -1.44324553e-08  1.09982139e-09  8.18369777e-08  9.08936526e-01 -7.46019487e-04 -1.74518789e-01 -1.98785625e-03 -3.12121521e-01  6.24094943e-03 
 1.61808004e+02  7.13800527e-10 -3.78093360e-08  6.27067316e-10 -1.41854174e-07 -8.37668109e-10 -1.47440097e-08  1.12760114e-09  8.23383683e-08  9.09743644e-01 -7.58374845e-04 -1.73659794e-01 -2.00114329e-03 -3.14395055e-01  6.36439842e-03 
 1.61994399e+02  7.14236204e-10 -3.74263503e-08  6.25962896e-10 -1.41683919e-07 -8.50650653e-10 -1.50611620e-08  1.15624212e-09  8.28527758e-08  9.10554797e-01 -7.70952985e-04 -1.72794839e-01 -2.01505011e-03 -3.16723157e-01  6.49171537e-03 
 1.62181010e+02  7.14757355e-10 -3.70424686e-08  6.24913977e-10 -1.41513594e-07 -8.64076350e-10 -1.53841062e-08  1.18578258e-09  8.33806190e-08  9.11370080e-01 -7.83762655e-04 -1.71923654e-01 -2.02960198e-03 -3.19107610e-01  6.62306895e-03 
 1.62367835e+02  7.15367149e-10 -3.66576540e-08  6.23922572e-10 -1.41343175e-07 -8.77964453e-10 -1.57130449e-08  1.21626291e-09  8.39223351e-08  9.12189591e-01 -7.96813075e-04 -1.71045956e-01 -2.04482557e-03 -3.21550273e-01  6.75863714e-03 
 1.62554876e+02  7.16068934e-10 -3.62718682e-08  6.22990808e-10 -1.41172638e-07 -8.92335296e-10 -1.60481897e-08  1.24772575e-09  8.44783812e-08  9.13013435e-01 -8.10113974e-04 -1.70161450e-01 -2.06074904e-03 -3.24053092e-01  6.89860793e-03 
 1.62742132e+02  7.16866251e-10 -3.58850714e-08  6.22120942e-10 -1.41001957e-07 -9.07210368e-10 -1.63897619e-08  1.28021620e-09  8.50492356e-08  9.13841718e-01 -8.23675619e-04 -1.69269827e-01 -2.07740217e-03 -3.26618101e-01  7.04317995e-03 
 1.62929603e+02  7.17762845e-10 -3.54972220e-08  6.21315359e-10 -1.40831107e-07 -9.22612395e-10 -1.67379927e-08  1.31378196e-09  8.56353985e-08  9.14674552e-01 -8.37508853e-04 -1.68370765e-01 -2.09481645e-03 -3.29247428e-01  7.19256323e-03 
 1.63117291e+02  7.18762684e-10 -3.51082766e-08  6.20576591e-10 -1.40660059e-07 -9.38565421e-10 -1.70931243e-08  1.34847351e-09  8.62373935e-08  9.15512053e-01 -8.51625136e-04 -1.67463929e-01 -2.11302520e-03 -3.31943300e-01  7.34698001e-03 
 1.63305195e+02  7.19869968e-10 -3.47181902e-08  6.19907321e-10 -1.40488786e-07 -9.55094905e-10 -1.74554101e-08  1.38434431e-09  8.68557692e-08  9.16354343e-01 -8.66036588e-04 -1.66548966e-01 -2.13206369e-03 -3.34708049e-01  7.50666556e-03 
 1.63493315e+02  7.21089151e-10 -3.43269155e-08  6.19310396e-10 -1.40317256e-07 -9.72227823e-10 -1.78251158e-08  1.42145105e-09  8.74911005e-08  9.17201548e-01 -8.80756034e-04 -1.65625508e-01 -2.15196931e-03 -3.37544122e-01  7.67186918e-03 
 1.63681652e+02  7.22424957e-10 -3.39344033e-08  6.18788838e-10 -1.40145438e-07 -9.89992775e-10 -1.82025196e-08  1.45985383e-09  8.81439900e-08  9.18053801e-01 -8.95797057e-04 -1.64693169e-01 -2.17278171e-03 -3.40454079e-01  7.84285514e-03 
 1.63870206e+02  7.23882399e-10 -3.35406020e-08  6.18345860e-10 -1.39973300e-07 -1.00842011e-09 -1.85879134e-08  1.49961643e-09  8.88150702e-08  9.18911240e-01 -9.11174051e-04 -1.63751545e-01 -2.19454292e-03 -3.43440610e-01  8.01990383e-03 
 1.64058977e+02  7.25466805e-10 -3.31454578e-08  6.17984874e-10 -1.39800807e-07 -1.02754204e-09 -1.89816035e-08  1.54080662e-09  8.95050047e-08  9.19774010e-01 -9.26902282e-04 -1.62800213e-01 -2.21729762e-03 -3.46506538e-01  8.20331297e-03 
 1.64247966e+02  7.27183833e-10 -3.27489143e-08  6.17709513e-10 -1.39627922e-07 -1.04739280e-09 -1.93839115e-08  1.58349641e-09  9.02144908e-08  9.20642262e-01 -9.42997950e-04 -1.61838728e-01 -2.24109325e-03 -3.49654824e-01  8.39339887e-03 
 1.64437172e+02  7.29039505e-10 -3.23509125e-08  6.17523642e-10 -1.39454609e-07 -1.06800881e-09 -1.97951752e-08  1.62776242e-09  9.09442612e-08  9.21516155e-01 -9.59478266e-04 -1.60866623e-01 -2.26598025e-03 -3.52888585e-01  8.59049787e-03 
 1.64626597e+02  7.31040230e-10 -3.19513904e-08  6.17431380e-10 -1.39280827e-07 -1.08942879e-09 -2.02157499e-08  1.67368619e-09  9.16950863e-08  9.22395855e-01 -9.76361520e-04 -1.59883409e-01 -2.29201232e-03 -3.56211095e-01  8.79496789e-03 
 1.64816239e+02  7.33192835e-10 -3.15502830e-08  6.17437118e-10 -1.39106534e-07 -1.11169402e-09 -2.06460091e-08  1.72135461e-09  9.24677769e-08  9.23281535e-01 -9.93667172e-04 -1.58888570e-01 -2.31924663e-03 -3.59625799e-01  9.00719013e-03 
 1.65006100e+02  7.35504600e-10 -3.11475223e-08  6.17545541e-10 -1.38931687e-07 -1.13484847e-09 -2.10863464e-08  1.77086033e-09  9.32631868e-08  9.24173379e-01 -1.01141594e-03 -1.57881564e-01 -2.34774412e-03 -3.63136327e-01  9.22757087e-03 
 1.65196180e+02  7.37983291e-10 -3.07430364e-08  6.17761649e-10 -1.38756240e-07 -1.15893905e-09 -2.15371759e-08  1.82230223e-09  9.40822154e-08  9.25071579e-01 -1.02962991e-03 -1.56861820e-01 -2.37756980e-03 -3.66746502e-01  9.45654356e-03 
 1.65386478e+02  7.40637204e-10 -3.03367502e-08  6.18090790e-10 -1.38580143e-07 -1.18401587e-09 -2.19989344e-08  1.87578591e-09  9.49258111e-08  9.25976337e-01 -1.04833262e-03 -1.55828738e-01 -2.40879307e-03 -3.70460352e-01  9.69457096e-03 
 1.65576996e+02  7.43475201e-10 -2.99285843e-08  6.18538680e-10 -1.38403346e-07 -1.21013245e-09 -2.24720827e-08  1.93142427e-09  9.57949746e-08  9.26887865e-01 -1.06754920e-03 -1.54781685e-01 -2.44148810e-03 -3.74282130e-01  9.94214762e-03 
 1.65767734e+02  7.46506768e-10 -2.95184552e-08  6.19111440e-10 -1.38225794e-07 -1.23734607e-09 -2.29571070e-08  1.98933813e-09  9.66907625e-08  9.27806387e-01 -1.08730653e-03 -1.53719990e-01 -2.47573419e-03 -3.78216326e-01  1.01998025e-02 
 1.65958691e+02  7.49742059e-10 -2.91062750e-08  6.19815625e-10 -1.38047431e-07 -1.26571801e-09 -2.34545211e-08  2.04965687e-09  9.76142912e-08  9.28732138e-01 -1.10763332e-03 -1.52642950e-01 -2.51161627e-03 -3.82267682e-01  1.04681020e-02 
 1.66149868e+02  7.53191957e-10 -2.86919508e-08  6.20658270e-10 -1.37868197e-07 -1.29531400e-09 -2.39648682e-08  2.11251921e-09  9.85667412e-08  9.29665366e-01 -1.12856031e-03 -1.51549818e-01 -2.54922530e-03 -3.86441215e-01  1.07476529e-02 
 1.66341265e+02  7.56868139e-10 -2.82753845e-08  6.21646922e-10 -1.37688028e-07 -1.32620449e-09 -2.44887229e-08  2.17807402e-09  9.95493618e-08  9.30606335e-01 -1.15012047e-03 -1.50439805e-01 -2.58865889e-03 -3.90742232e-01  1.10391063e-02 
 1.66532883e+02  7.60783141e-10 -2.78564726e-08  6.22789692e-10 -1.37506857e-07 -1.35846517e-09 -2.50266939e-08  2.24648120e-09  1.00563476e-07  9.31555321e-01 -1.17234913e-03 -1.49312078e-01 -2.63002179e-03 -3.95176354e-01  1.13431613e-02 
 1.66724721e+02  7.64950444e-10 -2.74351055e-08  6.24095304e-10 -1.37324612e-07 -1.39217739e-09 -2.55794261e-08  2.31791273e-09  1.01610487e-07  9.32512617e-01 -1.19528425e-03 -1.48165750e-01 -2.67342663e-03 -3.99749540e-01  1.16605694e-02 
 1.66916781e+02  7.69384552e-10 -2.70111671e-08  6.25573151e-10 -1.37141219e-07 -1.42742868e-09 -2.61476036e-08  2.39255373e-09  1.02691883e-07  9.33478534e-01 -1.21896662e-03 -1.46999886e-01 -2.71899456e-03 -4.04468110e-01  1.19921393e-02 
 1.67109061e+02  7.74101091e-10 -2.65845345e-08  6.27233359e-10 -1.36956596e-07 -1.46431336e-09 -2.67319527e-08  2.47060370e-09  1.03809243e-07  9.34453399e-01 -1.24344014e-03 -1.45813490e-01 -2.76685609e-03 -4.09338776e-01  1.23387420e-02 
 1.67301564e+02  7.79116914e-10 -2.61550772e-08  6.29086852e-10 -1.36770660e-07 -1.50293312e-09 -2.73332454e-08  2.55227792e-09  1.04964247e-07  9.35437562e-01 -1.26875213e-03 -1.44605505e-01 -2.81715194e-03 -4.14368671e-01  1.27013172e-02 
 1.67494288e+02  7.84450220e-10 -2.57226567e-08  6.31145434e-10 -1.36583320e-07 -1.54339779e-09 -2.79523024e-08  2.63780892e-09  1.06158681e-07  9.36431393e-01 -1.29495360e-03 -1.43374808e-01 -2.87003404e-03 -4.19565382e-01  1.30808794e-02 
 1.67687234e+02  7.90120682e-10 -2.52871257e-08  6.33421871e-10 -1.36394479e-07 -1.58582610e-09 -2.85899978e-08  2.72744820e-09  1.07394447e-07  9.37435285e-01 -1.32209966e-03 -1.42120202e-01 -2.92566660e-03 -4.24936988e-01  1.34785253e-02 
 1.67880402e+02  7.96149595e-10 -2.48483274e-08  6.35929989e-10 -1.36204036e-07 -1.63034657e-09 -2.92472631e-08  2.82146811e-09  1.08673574e-07  9.38449655e-01 -1.35024990e-03 -1.40840414e-01 -2.98422737e-03 -4.30492099e-01  1.38954424e-02 
 1.68073793e+02  8.02560040e-10 -2.44060949e-08  6.38684778e-10 -1.36011881e-07 -1.67709849e-09 -2.99250919e-08  2.92016395e-09  1.09998223e-07  9.39474950e-01 -1.37946883e-03 -1.39534085e-01 -3.04590893e-03 -4.36239903e-01  1.43329174e-02 
 1.68267406e+02  8.09377067e-10 -2.39602502e-08  6.41702516e-10 -1.35817898e-07 -1.72623305e-09 -3.06245456e-08  3.02385638e-09  1.11370707e-07  9.40511644e-01 -1.40982642e-03 -1.38199763e-01 -3.11092028e-03 -4.42190212e-01  1.47923470e-02 
 1.68461243e+02  8.16627896e-10 -2.35106031e-08  6.45000899e-10 -1.35621963e-07 -1.77791453e-09 -3.13467586e-08  3.13289400e-09  1.12793495e-07  9.41560245e-01 -1.44139861e-03 -1.36835899e-01 -3.17948849e-03 -4.48353518e-01  1.52752492e-02 
 1.68655303e+02  8.24342155e-10 -2.30569503e-08  6.48599196e-10 -1.35423942e-07 -1.83232177e-09 -3.20929456e-08  3.24765642e-09  1.14269231e-07  9.42621295e-01 -1.47426797e-03 -1.35440834e-01 -3.25186068e-03 -4.54741051e-01  1.57832759e-02 
 1.68849586e+02  8.32552133e-10 -2.25990742e-08  6.52518414e-10 -1.35223692e-07 -1.88964967e-09 -3.28644077e-08  3.36855755e-09  1.15800751e-07  9.43695372e-01 -1.50852442e-03 -1.34012789e-01 -3.32830612e-03 -4.61364847e-01  1.63182280e-02 
 1.69044093e+02  8.41293076e-10 -2.21367417e-08  6.56781498e-10 -1.35021062e-07 -1.95011100e-09 -3.36625414e-08  3.49604945e-09  1.17391096e-07  9.44783100e-01 -1.54426603e-03 -1.32549857e-01 -3.40911871e-03 -4.68237820e-01  1.68820714e-02 
 1.69238824e+02  8.50603521e-10 -2.16697024e-08  6.61413539e-10 -1.34815886e-07 -2.01393841e-09 -3.44888467e-08  3.63062659e-09  1.19043533e-07  9.45885143e-01 -1.58159991e-03 -1.31049992e-01 -3.49461973e-03 -4.75373844e-01  1.74769555e-02 
 1.69433780e+02  8.60525666e-10 -2.11976875e-08  6.66442027e-10 -1.34607989e-07 -2.08138667e-09 -3.53449369e-08  3.77283075e-09  1.20761577e-07  9.47002219e-01 -1.62064323e-03 -1.29510990e-01 -3.58516094e-03 -4.82787844e-01  1.81052343e-02 
 1.69628960e+02  8.71105804e-10 -2.07204077e-08  6.71897130e-10 -1.34397179e-07 -2.15273529e-09 -3.62325501e-08  3.92325655e-09  1.22549015e-07  9.48135098e-01 -1.66152445e-03 -1.27930481e-01 -3.68112819e-03 -4.90495897e-01  1.87694905e-02 
 1.69824365e+02  8.82394804e-10 -2.02375509e-08  6.77812011e-10 -1.34183252e-07 -2.22829146e-09 -3.71535607e-08  4.08255776e-09  1.24409930e-07  9.49284610e-01 -1.70438458e-03 -1.26305905e-01 -3.78294541e-03 -4.98515344e-01  1.94725624e-02 
 1.70019995e+02  8.94448668e-10 -1.97487807e-08  6.84223193e-10 -1.33965988e-07 -2.30839336e-09 -3.81099935e-08  4.25145449e-09  1.26348736e-07  9.50451650e-01 -1.74937870e-03 -1.24634500e-01 -3.89107925e-03 -5.06864918e-01  2.02175752e-02 
 1.70215851e+02  9.07329168e-10 -1.92537333e-08  6.91170976e-10 -1.33745145e-07 -2.39341409e-09 -3.91040392e-08  4.43074148e-09  1.28370206e-07  9.51637186e-01 -1.79667777e-03 -1.22913280e-01 -4.00604436e-03 -5.15564887e-01  2.10079764e-02 
 1.70411932e+02  9.21104576e-10 -1.87520146e-08  6.98699916e-10 -1.33520466e-07 -2.48376602e-09 -4.01380712e-08  4.62129755e-09  1.30479513e-07  9.52842266e-01 -1.84647051e-03 -1.21139006e-01 -4.12840947e-03 -5.24637211e-01  2.18475765e-02 
 1.70608239e+02  9.35850500e-10 -1.82431975e-08  7.06859375e-10 -1.33291668e-07 -2.57990588e-09 -4.12146654e-08  4.82409652e-09  1.32682271e-07  9.54068027e-01 -1.89896580e-03 -1.19308167e-01 -4.25880436e-03 -5.34105725e-01  2.27405965e-02 
 1.70804772e+02  9.51650856e-10 -1.77268179e-08  7.15704160e-10 -1.33058446e-07 -2.68234067e-09 -4.23366223e-08  5.04021981e-09  1.34984584e-07  9.55315701e-01 -1.95439523e-03 -1.17416944e-01 -4.39792791e-03 -5.43996341e-01  2.36917215e-02 
 1.71001532e+02  9.68598992e-10 -1.72023705e-08  7.25295256e-10 -1.32820467e-07 -2.79163439e-09 -4.35069915e-08  5.27087103e-09  1.37393100e-07  9.56586633e-01 -2.01301620e-03 -1.15461180e-01 -4.54655745e-03 -5.54337281e-01  2.47061641e-02 
 1.71198518e+02  9.86798986e-10 -1.66693046e-08  7.35700683e-10 -1.32577367e-07 -2.90841599e-09 -4.47291007e-08  5.51739294e-09  1.39915072e-07  9.57882284e-01 -2.07511548e-03 -1.13436338e-01 -4.70555957e-03 -5.65159337e-01  2.57897367e-02 
 1.71395731e+02  1.00636717e-09 -1.61270183e-08  7.46996494e-10 -1.32328751e-07 -3.03338851e-09 -4.60065872e-08  5.78128722e-09  1.42558431e-07  9.59204255e-01 -2.14101330e-03 -1.11337463e-01 -4.87590274e-03 -5.76496172e-01  2.69489372e-02 
 1.71593171e+02  1.02743390e-09 -1.55748528e-08  7.59267940e-10 -1.32074182e-07 -3.16733987e-09 -4.73434357e-08  6.06423757e-09  1.45331863e-07  9.60554296e-01 -2.21106822e-03 -1.09159122e-01 -5.05867208e-03 -5.88384660e-01  2.81910478e-02 
 1.71790839e+02  1.05014564e-09 -1.50120852e-08  7.72610839e-10 -1.31813184e-07 -3.31115546e-09 -4.87440196e-08  6.36813684e-09  1.48244904e-07  9.61934326e-01 -2.28568274e-03 -1.06895358e-01 -5.25508667e-03 -6.00865277e-01  2.95242522e-02 
 1.71988734e+02  1.07466743e-09 -1.44379205e-08  7.87133188e-10 -1.31545232e-07 -3.46583303e-09 -5.02131503e-08  6.69511907e-09  1.51308044e-07  9.63346456e-01 -2.36531002e-03 -1.04539614e-01 -5.46651992e-03 -6.13982552e-01  3.09577725e-02 
 1.72186857e+02  1.10118577e-09 -1.38514829e-08  8.02957072e-10 -1.31269747e-07 -3.63250021e-09 -5.17561330e-08  7.04759721e-09  1.54532852e-07  9.64793013e-01 -2.45046172e-03 -1.02084662e-01 -5.69452367e-03 -6.27785585e-01  3.25020321e-02 
 1.72385209e+02  1.12991205e-09 -1.32518043e-08  8.20220924e-10 -1.30986090e-07 -3.81243544e-09 -5.33788313e-08  7.42830815e-09  1.57932113e-07  9.66276564e-01 -2.54171735e-03 -9.95225155e-02 -5.94085686e-03 -6.42328649e-01  3.41688485e-02 
 1.72583789e+02  1.16108670e-09 -1.26378126e-08  8.39082229e-10 -1.30693552e-07 -4.00709280e-09 -5.50877429e-08  7.84036625e-09  1.61519998e-07  9.67799957e-01 -2.63973542e-03 -9.68443227e-02 -6.20751957e-03 -6.57671880e-01  3.59716631e-02 
 1.72782598e+02  1.19498409e-09 -1.20083169e-08  8.59720760e-10 -1.30391345e-07 -4.21813185e-09 -5.68900869e-08  8.28732760e-09  1.65312249e-07  9.69366350e-01 -2.74526676e-03 -9.40402506e-02 -6.49679395e-03 -6.73882100e-01  3.79258177e-02 
 1.72981636e+02  1.23191844e-09 -1.13619909e-08  8.82342469e-10 -1.30078594e-07 -4.44745352e-09 -5.87939067e-08  8.77326734e-09  1.69326408e-07  9.70979263e-01 -2.85917056e-03 -9.10993442e-02 -6.81129340e-03 -6.91033757e-01  4.00488857e-02 
 1.73180903e+02  1.27225099e-09 -1.06973529e-08  9.07184209e-10 -1.29754317e-07 -4.69724350e-09 -6.08081906e-08  9.30287329e-09  1.73582079e-07  9.72642626e-01 -2.98243376e-03 -8.80093625e-02 -7.15402204e-03 -7.09210047e-01  4.23610738e-02 
 1.73380400e+02  1.31639873e-09 -1.00127423e-08  9.34519458e-10 -1.29417417e-07 -4.97002507e-09 -6.29430141e-08  9.88155983e-09  1.78101237e-07  9.74360844e-01 -3.11619466e-03 -8.47565844e-02 -7.52844712e-03 -7.28504233e-01  4.48857104e-02 
 1.73580126e+02  1.36484505e-09 -9.30629216e-09  9.64665339e-10 -1.29066658e-07 -5.26872368e-09 -6.52097088e-08  1.05156072e-08  1.82908599e-07  9.76138869e-01 -3.26177167e-03 -8.13255794e-02 -7.93858745e-03 -7.49021204e-01  4.76498434e-02 
 1.73780083e+02  1.41815283e-09 -8.57589578e-09  9.97991247e-10 -1.28700645e-07 -5.59674642e-09 -6.76210631e-08  1.12123331e-08  1.88032061e-07  9.77982285e-01 -3.42069877e-03 -7.76989337e-02 -8.38912231e-03 -7.70879337e-01  5.06849746e-02 
 1.73980270e+02  1.47698071e-09 -7.81916740e-09  1.03492954e-09 -1.28317800e-07 -5.95808046e-09 -7.01915633e-08  1.19803050e-08  1.93503221e-07  9.79897419e-01 -3.59476939e-03 -7.38569232e-02 -8.88552619e-03 -7.94212725e-01  5.40279705e-02 
 1.74180687e+02  1.54210330e-09 -7.03339447e-09  1.07598887e-09 -1.27916328e-07 -6.35741568e-09 -7.29376833e-08  1.28296053e-08  1.99358019e-07  9.81891460e-01 -3.78609093e-03 -6.97771182e-02 -9.43423678e-03 -8.19173864e-01  5.77221969e-02 
 1.74381336e+02  1.61443660e-09 -6.21547993e-09  1.12177091e-09 -1.27494176e-07 -6.80029877e-09 -7.58782350e-08  1.37721637e-08  2.05637494e-07  9.83972618e-01 -3.99715338e-03 -6.54339071e-02 -1.00428658e-02 -8.45936894e-01  6.18189437e-02 
 1.74582215e+02  1.69507011e-09 -5.36187201e-09  1.17299150e-09 -1.27048994e-07 -7.29332801e-09 -7.90347964e-08  1.48221785e-08  2.12388723e-07  9.86150306e-01 -4.23091587e-03 -6.07979140e-02 -1.07204658e-02 -8.74701559e-01  6.63792273e-02 
 1.74783326e+02  1.78530783e-09 -4.46847811e-09  1.23050771e-09 -1.26578071e-07 -7.84440185e-09 -8.24322347e-08  1.59966540e-08  2.19665964e-07  9.88435367e-01 -4.49091715e-03 -5.58352865e-02 -1.14778702e-02 -9.05698058e-01  7.14760898e-02 
 1.74984669e+02  1.88672099e-09 -3.53055850e-09  1.29535252e-09 -1.26078267e-07 -8.46303861e-09 -8.60993531e-08  1.73160912e-08  2.27532062e-07  9.90840358e-01 -4.78141747e-03 -5.05068161e-02 -1.23281305e-02 -9.39193025e-01  7.71975566e-02 
 1.75186243e+02  2.00121648e-09 -2.54259416e-09  1.36877999e-09 -1.25545926e-07 -9.16079175e-09 -9.00696948e-08  1.88053867e-08  2.36060213e-07  9.93379901e-01 -5.10758283e-03 -4.47668439e-02 -1.32870849e-02 -9.75496978e-01  8.36504778e-02 
 1.75388050e+02  2.13112665e-09 -1.49812129e-09  1.45232444e-09 -1.24976765e-07 -9.95179449e-09 -9.43825498e-08  2.04950108e-08  2.45336156e-07  9.96071114e-01 -5.47572643e-03 -3.85618913e-02 -1.43741026e-02 -1.01497364e+00  9.09655672e-02 
 1.75590089e+02  2.27932834e-09 -3.89522164e-10  1.54787896e-09 -1.24365738e-07 -1.08534820e-08 -9.90842272e-08  2.24225708e-08  2.55460956e-07  9.98934170e-01 -5.89362862e-03 -3.18289289e-02 -1.56130716e-02 -1.05805170e+00  9.93040834e-02 
 1.75792361e+02  2.44940258e-09  7.92241359e-10  1.65780076e-09 -1.23706854e-07 -1.18875605e-08 -1.04229676e-07  2.46349089e-08  2.66554542e-07  1.00199300e+00 -6.37096583e-03 -2.44931716e-02 -1.70337235e-02 -1.10523987e+00  1.08866794e-01 
 1.75994866e+02  2.64585155e-09  2.05797056e-09  1.78505427e-09 -1.22992954e-07 -1.30813235e-08 -1.09884572e-07  2.71909537e-08  2.78760264e-07  1.00527620e+00 -6.91989296e-03 -1.64652416e-02 -1.86734329e-02 -1.15714612e+00  1.19906158e-01 
 1.76197605e+02  2.87439743e-09  3.42067518e-09  1.93340841e-09 -1.22215416e-07 -1.44694656e-08 -1.16128023e-07  3.01656503e-08  2.92250814e-07  1.00881820e+00 -7.55584512e-03 -7.63748444e-03 -2.05796958e-02 -1.21450282e+00  1.32743104e-01 
 1.76400576e+02  3.14240032e-09  4.89615806e-09  2.10771241e-09 -1.21363763e-07 -1.60966192e-08 -1.23056132e-07  3.36554579e-08  3.07235997e-07  1.01266082e+00 -8.29865805e-03  2.12086990e-03 -2.28135957e-02 -1.27819968e+00  1.47790500e-01 
 1.76603782e+02  3.45945243e-09  6.50379156e-09  2.31428808e-09 -1.20425153e-07 -1.80209612e-08 -1.30786717e-07  3.77861704e-08  3.23973057e-07  1.01685531e+00 -9.17416006e-03  1.29701302e-02 -2.54547305e-02 -1.34932741e+00  1.65586529e-01 
 1.76807222e+02  3.83823828e-09  8.26756064e-09  2.56149790e-09 -1.19383681e-07 -2.03194348e-08 -1.39465661e-07  4.27242436e-08  3.42780558e-07  1.02146511e+00 -1.02164752e-02  2.51087749e-02 -2.86083444e-02 -1.42923661e+00  1.86843006e-01 
 1.77010896e+02  4.29580531e-09  1.02174820e-08  2.86058423e-09 -1.18219444e-07 -2.30954644e-08 -1.49275546e-07  4.86935344e-08  3.64057265e-07  1.02656959e+00 -1.14714231e-02  3.87851923e-02 -3.24158625e-02 -1.51961764e+00  2.12516766e-01 
 1.77214805e+02  4.85548288e-09  1.23915587e-08  3.22693712e-09 -1.16907236e-07 -2.64906078e-08 -1.60447553e-07  5.60005952e-08  3.88308174e-07  1.03226920e+00 -1.30016497e-02  5.43138509e-02 -3.70707976e-02 -1.62261082e+00  2.43917488e-01 
 1.77418948e+02  5.54985313e-09  1.48385068e-08  3.68205756e-09 -1.15414743e-07 -3.07025977e-08 -1.73278059e-07  6.50738516e-08  4.16180828e-07  1.03869266e+00 -1.48945653e-02  7.20978508e-02 -4.28433751e-02 -1.74096011e+00  2.82874653e-01 
 1.77623327e+02  6.42547901e-09  1.76216000e-08  4.25668267e-09 -1.13699987e-07 -3.60140586e-08 -1.88152040e-07  7.65259879e-08  4.48516574e-07  1.04600706e+00 -1.72749685e-02  9.26607217e-02 -5.01197188e-02 -1.87822987e+00  3.32003293e-01 
 1.77827941e+02  7.55066625e-09  2.08241353e-08  4.99591768e-09 -1.11707693e-07 -4.28396554e-08 -2.05576361e-07  9.12564179e-08  4.86423494e-07  1.05443226e+00 -2.03257537e-02  1.16691616e-01 -5.94661721e-02 -2.03911305e+00  3.95140333e-01 
 1.78032791e+02  9.02865735e-09  2.45572058e-08  5.96796180e-09 -1.09364123e-07 -5.18062504e-08 -2.26227120e-07  1.10625571e-07  5.31380258e-07  1.06426123e+00 -2.43230832e-02  1.45109559e-01 -7.17386227e-02 -2.22986975e+00  4.78086429e-01 
 1.78237877e+02  1.10209543e-08  2.89705649e-08  7.27953745e-09 -1.06569837e-07 -6.38946147e-08 -2.51015865e-07  1.36763167e-07  5.85381624e-07  1.07588849e+00 -2.96985053e-02  1.79153215e-01 -8.82757273e-02 -2.45894051e+00  5.89917539e-01 
 1.78443199e+02  1.37903841e-08  3.42668686e-08  9.10438956e-09 -1.03190199e-07 -8.07011403e-08 -2.81176485e-07  1.73137828e-07  6.51129993e-07  1.08984709e+00 -3.71535465e-02  2.20498451e-01 -1.11255652e-01 -2.73775136e+00  7.45407220e-01 
 1.78648757e+02  1.77844931e-08  4.07164768e-08  1.17384937e-08 -9.90454361e-08 -1.04944725e-07 -3.18355796e-07  2.25660964e-07  7.32237077e-07  1.10684633e+00 -4.78813732e-02  2.71380195e-01 -1.44386771e-01 -3.08155378e+00  9.69718372e-01 
 1.78854553e+02  2.38050890e-08  4.86564259e-08  1.57123450e-08 -9.39110474e-08 -1.41497502e-07 -3.64608500e-07  3.04933062e-07  8.33221576e-07  1.12776587e+00 -6.40168496e-02  3.34582461e-01 -1.94311608e-01 -3.50938095e+00  1.30794422e+00 
 1.79060585e+02  3.33668989e-08  5.84014693e-08  2.20286389e-08 -8.75761486e-08 -1.99565913e-07 -4.21858927e-07  4.31001392e-07  9.58354488e-07  1.15341280e+00 -8.95869818e-02  4.12698609e-01 -2.73576054e-01 -4.03907154e+00  1.84529902e+00 
 1.79266855e+02  4.94525215e-08  6.97656056e-08  3.26630406e-08 -8.01591522e-08 -2.97283822e-07 -4.88997598e-07  6.43394067e-07  1.10537028e-06  1.18323729e+00 -1.32506067e-01  5.04162722e-01 -4.06876873e-01 -4.66040691e+00  2.74964253e+00 
 1.79473363e+02  7.77852327e-08  7.99731714e-08  5.14105072e-08 -7.34892062e-08 -4.69465393e-07 -5.49190933e-07  1.01812238e-06  1.23787630e-06  1.20976333e+00 -2.07915297e-01  5.85940787e-01 -6.41583618e-01 -5.21766503e+00  4.34328072e+00 
 1.79680108e+02  1.25758999e-07  7.61505059e-08  8.31886666e-08 -7.60806592e-08 -7.61153865e-07 -5.24227125e-07  1.65400526e-06  1.18580539e-06  1.19867670e+00 -3.35201173e-01  5.51364725e-01 -1.03881370e+00 -4.98700345e+00  7.04337888e+00 
 1.79887092e+02  1.79499796e-07  2.62905927e-08  1.18860067e-07 -1.09153902e-07 -1.08823182e-06 -2.19422174e-07  2.36936265e-06  5.24179607e-07  1.06527038e+00 -4.76931216e-01  1.35509446e-01 -1.48340361e+00 -2.16608613e+00  1.00718525e+01 
 1.80094313e+02  1.73647499e-07 -5.99454442e-08  1.15121392e-07 -1.66415110e-07 -1.05327714e-06  3.06957100e-07  2.29761032e-06 -6.23359861e-07  8.36419955e-01 -4.59777939e-01 -5.81061046e-01 -1.43420095e+00  2.70686278e+00  9.74978736e+00 
 1.80301774e+02  1.17070692e-07 -1.01309937e-07  7.77161213e-08 -1.94039964e-07 -7.09624886e-07  5.60906920e-07  1.55083040e-06 -1.17979157e-06  7.27643875e-01 -3.08811649e-01 -9.25625688e-01 -9.65343493e-01  5.05893214e+00  6.56948344e+00 
 1.80509474e+02  7.17950962e-08 -1.01204714e-07  4.77291743e-08 -1.94182120e-07 -4.34381064e-07  5.62664971e-07  9.51013126e-07 -1.18605118e-06  7.28745554e-01 -1.88625758e-01 -9.26887761e-01 -5.90425841e-01  5.07638582e+00  4.02169067e+00 
 1.80717413e+02  4.56444294e-08 -9.00751940e-08  3.03909533e-08 -1.86992967e-07 -2.75327225e-07  4.97266466e-07  6.03842380e-07 -1.04498115e-06  7.58755619e-01 -1.19417320e-01 -8.37027632e-01 -3.73973015e-01  4.47187246e+00  2.54922381e+00 
 1.80925591e+02  3.08139423e-08 -7.86368026e-08  2.05495599e-08 -1.79581810e-07 -1.85091482e-07  4.29911029e-07  4.06629203e-07 -8.99067782e-07  7.89374944e-01 -8.02659438e-02 -7.44710727e-01 -2.51263149e-01  3.84904827e+00  1.71376809e+00 
 1.81134009e+02  2.19708926e-08 -6.90009279e-08  1.46765155e-08 -1.73355561e-07 -1.31268842e-07  3.73472880e-07  2.88862139e-07 -7.76639857e-07  8.15098750e-01 -5.69753105e-02 -6.67375249e-01 -1.78118606e-01  3.32717554e+00  1.21540218e+00 
 1.81342668e+02  1.63853284e-08 -6.11877360e-08  1.09638127e-08 -1.68331952e-07 -9.72628694e-08  3.28094164e-07  2.14374073e-07 -6.78146577e-07  8.35924825e-01 -4.22979400e-02 -6.05164749e-01 -1.31932972e-01  2.90761699e+00  9.00501075e-01 
 1.81551566e+02  1.26712129e-08 -5.48461523e-08  8.49292026e-09 -1.64280690e-07 -7.46447230e-08  2.91650481e-07  1.64778340e-07 -5.99029084e-07  8.52811211e-01 -3.25609712e-02 -5.55160154e-01 -1.01231742e-01  2.57073192e+00  6.91036972e-01 
 1.81760706e+02  1.00922033e-08 -4.96351018e-08  6.77561397e-09 -1.60977065e-07 -5.89354125e-08  2.62073577e-07  1.30296584e-07 -5.34817698e-07  8.66677196e-01 -2.58160738e-02 -5.14530781e-01 -7.99203273e-02  2.29738813e+00  5.45544111e-01 
 1.81970086e+02  8.23559299e-09 -4.52874711e-08  5.53813139e-09 -1.58244833e-07 -4.76240023e-08  2.37742528e-07  1.05443151e-07 -4.82001067e-07  8.78239639e-01 -2.09726720e-02 -4.81061196e-01 -6.45834745e-02  2.07258862e+00  4.40775357e-01 
 1.82179707e+02  6.85810945e-09 -4.16047287e-08  4.61903567e-09 -1.55952899e-07 -3.92301120e-08  2.17452139e-07  8.69817506e-08 -4.37965169e-07  8.88030154e-01 -1.73886913e-02 -4.53105334e-01 -5.32083949e-02  1.88518167e+00  3.63024117e-01 
 1.82389570e+02  5.80980003e-09 -3.84406318e-08  3.91877925e-09 -1.54004650e-07 -3.28410672e-08  2.00314434e-07  7.29159498e-08 -4.00782525e-07  8.96439791e-01 -1.46688070e-02 -4.29450929e-01 -4.45546145e-02  1.72695027e+00  3.03839683e-01 
 1.82599675e+02  4.99456483e-09 -3.56867940e-08  3.37354175e-09 -1.52328458e-07 -2.78718594e-08  1.85671197e-07  6.19653201e-08 -3.69023611e-07  9.03758092e-01 -1.25599437e-02 -4.09199655e-01 -3.78272794e-02  1.59180331e+00  2.57805044e-01 
 1.82810022e+02  4.34869896e-09 -3.32619416e-08  2.94100134e-09 -1.50870601e-07 -2.39346173e-08  1.73028811e-07  5.32804340e-08 -3.41615958e-07  9.10202017e-01 -1.08945142e-02 -3.91677985e-01 -3.24995593e-02  1.47517269e+00  2.21328462e-01 
 1.83020611e+02  3.82871098e-09 -3.11043036e-08  2.59225476e-09 -1.49590242e-07 -2.07644954e-08  1.62012079e-07  4.62809667e-08 -3.17744136e-07  9.15936371e-01 -9.55822468e-03 -3.76374062e-01 -2.82118403e-02  1.37358618e+00  1.91957325e-01 
 1.83231442e+02  3.40413477e-09 -2.91662841e-08  2.30704810e-09 -1.48455908e-07 -1.81759364e-08  1.52331890e-07  4.05601082e-08 -2.96779648e-07  9.21088083e-01 -8.47109260e-03 -3.62893523e-01 -2.47122472e-02  1.28436811e+00  1.67973201e-01 
 1.83442517e+02  3.05313958e-09 -2.74107214e-08  2.07086334e-09 -1.47443027e-07 -1.60359559e-08  1.43762503e-07  3.58261511e-08 -2.78231661e-07  9.25756224e-01 -7.57586334e-03 -3.50928483e-01 -2.18203226e-02  1.20542931e+00  1.48144475e-01 
 1.83653834e+02  2.75976554e-09 -2.58082370e-08  1.87308319e-09 -1.46532168e-07 -1.42473166e-08  1.36125453e-07  3.18656893e-08 -2.61712071e-07  9.30019089e-01 -6.83072117e-03 -3.40235560e-01 -1.94041584e-02  1.13511809e+00  1.31570563e-01 
 1.83865395e+02  2.51213469e-09 -2.43353353e-08  1.70580323e-09 -1.45707794e-07 -1.27376391e-08  1.29278013e-07  2.85197885e-08 -2.46910443e-07  9.33939284e-01 -6.20457586e-03 -3.30620122e-01 -1.73655968e-02  1.07211350e+00  1.17581081e-01 
 1.84077200e+02  2.30126459e-09 -2.29730230e-08  1.56304395e-09 -1.44957342e-07 -1.14521794e-08  1.23104805e-07  2.56681768e-08 -2.33575797e-07  9.37567403e-01 -5.67393918e-03 -3.21924844e-01 -1.56304192e-02  1.01534771e+00  1.05668961e-01 
 1.84289249e+02  2.12026409e-09 -2.17057939e-08  1.44021648e-09 -1.44270557e-07 -1.03489322e-08  1.17511635e-07  2.32185218e-08 -2.21503216e-07  9.40944747e-01 -5.22080911e-03 -3.14021295e-01 -1.41416944e-02  9.63948926e-01  9.54451147e-02 
 1.84501542e+02  1.96377733e-09 -2.05208727e-08  1.33375314e-09 -1.43638989e-07 -9.39524551e-09  1.12420901e-07  2.10990137e-08 -2.10523858e-07  9.44105340e-01 -4.83120784e-03 -3.06803673e-01 -1.28551809e-02  9.17198936e-01  8.66070784e-02 
 1.84714079e+02  1.82759223e-09 -1.94076449e-08  1.24084724e-09 -1.43055618e-07 -8.56543628e-09  1.07768131e-07  1.92531402e-08 -2.00497439e-07  9.47077444e-01 -4.49415337e-03 -3.00184080e-01 -1.17360904e-02  8.74501024e-01  7.89169340e-02 
 1.84926862e+02  1.70836041e-09 -1.83572228e-08  1.15926687e-09 -1.42514566e-07 -7.83908462e-09  1.03499343e-07  1.76359473e-08 -1.91306490e-07  9.49884725e-01 -4.20092405e-03 -2.94088920e-01 -1.07567718e-02  8.35355570e-01  7.21855115e-02 
 1.85139889e+02  1.60339372e-09 -1.73621105e-08  1.08721964e-09 -1.42010876e-07 -7.19979450e-09  9.95690122e-08  1.62113210e-08 -1.82851940e-07  9.52547139e-01 -3.94452481e-03 -2.88456134e-01 -9.89502924e-03  7.99341229e-01  6.62609120e-02 
 1.85353162e+02  1.51051448e-09 -1.64159436e-08  1.02325302e-09 -1.41540341e-07 -6.63428122e-09  9.59384908e-08  1.49499856e-08 -1.75049677e-07  9.55081630e-01 -3.71929436e-03 -2.83233035e-01 -9.13288417e-03  7.66100296e-01  6.10200561e-02 
 1.85566681e+02  1.42794373e-09 -1.55132851e-08  9.66180093e-10 -1.41099364e-07 -6.13169085e-09  9.25747637e-08  1.38280100e-08 -1.67827846e-07  9.57502673e-01 -3.52061251e-03 -2.78374617e-01 -8.45565199e-03  7.35327204e-01  5.63623808e-02 
 1.85780446e+02  1.35421703e-09 -1.46494629e-08  9.15023409e-10 -1.40684858e-07 -5.68308685e-09  8.94494657e-08  1.28256808e-08 -1.61124708e-07  9.59822706e-01 -3.34467957e-03 -2.73842215e-01 -7.85124574e-03  7.06759425e-01  5.22050847e-02 
 1.85994456e+02  1.28812016e-09 -1.38204408e-08  8.68972302e-10 -1.40294153e-07 -5.28105864e-09  8.65380954e-08  1.19266424e-08 -1.54886932e-07  9.62052474e-01 -3.18834823e-03 -2.69602429e-01 -7.30964529e-03  6.80170185e-01  4.84795023e-02 
 1.86208714e+02  1.22863971e-09 -1.30227143e-08  8.27349926e-10 -1.39924935e-07 -4.91942002e-09  8.38193819e-08  1.11172347e-08 -1.49068217e-07  9.64201307e-01 -3.04899418e-03 -2.65626265e-01 -6.82248853e-03  6.55362617e-01  4.51283111e-02 
 1.86423218e+02  1.17492457e-09 -1.22532260e-08  7.89587664e-10 -1.39575183e-07 -4.59297491e-09  8.12747724e-08  1.03859782e-08 -1.43628177e-07  9.66277345e-01 -2.92441565e-03 -2.61888433e-01 -6.38275374e-03  6.32165006e-01  4.21033606e-02 
 1.86637969e+02  1.12625583e-09 -1.15092969e-08  7.55205047e-10 -1.39243126e-07 -4.29733347e-09  7.88880132e-08  9.72316968e-09 -1.38531428e-07  9.68287723e-01 -2.81275463e-03 -2.58366778e-01 -5.98451053e-03  6.10426919e-01  3.93639708e-02 
 1.86852968e+02  1.08202294e-09 -1.07885698e-08  7.23793889e-10 -1.38927209e-07 -4.02876699e-09  7.66448060e-08  9.12056317e-09 -1.33746845e-07  9.70238716e-01 -2.71243476e-03 -2.55041811e-01 -5.62272302e-03  5.90016019e-01  3.68755861e-02 
 1.87068214e+02  1.04170474e-09 -1.00889623e-08  6.95005646e-10 -1.38626056e-07 -3.78409211e-09  7.45325231e-08  8.57111524e-09 -1.29246937e-07  9.72135872e-01 -2.62211178e-03 -2.51896317e-01 -5.29309323e-03  5.70815435e-01  3.46087042e-02 
 1.87283708e+02  1.00485424e-09 -9.40862814e-09  6.68541281e-10 -1.38338448e-07 -3.56057816e-09  7.25399718e-08  8.06878094e-09 -1.25007336e-07  9.73984107e-01 -2.54063394e-03 -2.48915042e-01 -4.99193535e-03  5.52721573e-01  3.25380170e-02 
 1.87499451e+02  9.71086347e-10 -8.74592451e-09  6.44143073e-10 -1.38063302e-07 -3.35587214e-09  7.06571965e-08  7.60834890e-09 -1.21006368e-07  9.75787799e-01 -2.46700995e-03 -2.46084413e-01 -4.71607437e-03  5.35642294e-01  3.06417161e-02 
 1.87715442e+02  9.40067883e-10 -8.09938500e-09  6.21587965e-10 -1.37799651e-07 -3.16793798e-09  6.88753130e-08  7.18530733e-09 -1.17224691e-07  9.77550855e-01 -2.40038302e-03 -2.43392321e-01 -4.46276365e-03  5.19495373e-01  2.89009292e-02 
 1.87931682e+02  9.11509433e-10 -7.46769642e-09  6.00682132e-10 -1.37546628e-07 -2.99500671e-09  6.71863688e-08  6.79573441e-09 -1.13644991e-07  9.79276775e-01 -2.34000966e-03 -2.40827926e-01 -4.22961760e-03  5.04207208e-01  2.72992596e-02 
 1.88148171e+02  8.85158641e-10 -6.84967930e-09  5.81256504e-10 -1.37303457e-07 -2.83553565e-09  6.55832242e-08  6.43620824e-09 -1.10251724e-07  9.80968703e-01 -2.28524226e-03 -2.38381495e-01 -4.01455639e-03  4.89711721e-01  2.58224073e-02 
 1.88364909e+02  8.60794676e-10 -6.24427128e-09  5.63163081e-10 -1.37069437e-07 -2.68817457e-09  6.40594513e-08  6.10373238e-09 -1.07030894e-07  9.82629473e-01 -2.23551468e-03 -2.36044266e-01 -3.81576021e-03  4.75949424e-01  2.44578560e-02 
 1.88581897e+02  8.38223635e-10 -5.65051293e-09  5.46271857e-10 -1.36843937e-07 -2.55173772e-09  6.26092479e-08  5.79567400e-09 -1.03969870e-07  9.84261643e-01 -2.19033033e-03 -2.33808329e-01 -3.63163136e-03  4.62866616e-01  2.31946133e-02 
 1.88799135e+02  8.17274707e-10 -5.06753551e-09  5.30468270e-10 -1.36626386e-07 -2.42518035e-09  6.12273632e-08  5.50971229e-09 -1.01057217e-07  9.85867532e-01 -2.14925224e-03 -2.31666526e-01 -3.46076256e-03  4.50414703e-01  2.20229938e-02 
 1.89016623e+02  7.97796963e-10 -4.49455049e-09  5.15651050e-10 -1.36416266e-07 -2.30757917e-09  5.99090341e-08  5.24379513e-09 -9.82825669e-08  9.87449245e-01 -2.11189468e-03 -2.29612365e-01 -3.30191049e-03  4.38549603e-01  2.09344376e-02 
 1.89234362e+02  7.79656646e-10 -3.93084045e-09  5.01730416e-10 -1.36213104e-07 -2.19811578e-09  5.86499297e-08  4.99610270e-09 -9.56364890e-08  9.89008698e-01 -2.07791620e-03 -2.27639940e-01 -3.15397340e-03  4.27231238e-01  1.99213573e-02 
 1.89452351e+02  7.62734891e-10 -3.37575125e-09  4.88626549e-10 -1.36016472e-07 -2.09606279e-09  5.74461038e-08  4.76501665e-09 -9.31103915e-08  9.90547639e-01 -2.04701369e-03 -2.25743871e-01 -3.01597233e-03  4.16423086e-01  1.89770084e-02 
 1.89670592e+02  7.46925781e-10 -2.82868509e-09  4.76268297e-10 -1.35825978e-07 -2.00077189e-09  5.62939531e-08  4.54909396e-09 -9.06964291e-08  9.92067665e-01 -2.01891732e-03 -2.23919247e-01 -2.88703503e-03  4.06091800e-01  1.80953799e-02 
 1.89889084e+02  7.32134699e-10 -2.28909461e-09  4.64592071e-10 -1.35641263e-07 -1.91166384e-09  5.51901807e-08  4.34704464e-09 -8.83874235e-08  9.93570241e-01 -1.99338636e-03 -2.22161571e-01 -2.76638240e-03  3.96206872e-01  1.72711010e-02 
 1.90107828e+02  7.18276915e-10 -1.75647760e-09  4.53540904e-10 -1.35461998e-07 -1.82821985e-09  5.41317642e-08  4.15771272e-09 -8.61767946e-08  9.95056711e-01 -1.97020545e-03 -2.20466723e-01 -2.65331681e-03  3.86740331e-01  1.64993609e-02 
 1.90326824e+02  7.05276376e-10 -1.23037239e-09  4.43063638e-10 -1.35287882e-07 -1.74997413e-09  5.31159283e-08  3.98005988e-09 -8.40584993e-08  9.96528312e-01 -1.94918150e-03 -2.18830919e-01 -2.54721212e-03  3.77666495e-01  1.57758403e-02 
 1.90546072e+02  6.93064665e-10 -7.10353848e-10  4.33114232e-10 -1.35118637e-07 -1.67650760e-09  5.21401192e-08  3.81315139e-09 -8.20269781e-08  9.97986181e-01 -1.93014102e-03 -2.17250676e-01 -2.44750514e-03  3.68961733e-01  1.50966528e-02 
 1.90765572e+02  6.81580103e-10 -1.96029750e-10  4.23651159e-10 -1.34954007e-07 -1.60744235e-09  5.12019838e-08  3.65614399e-09 -8.00771076e-08  9.99431372e-01 -1.91292778e-03 -2.15722786e-01 -2.35368815e-03  3.60604269e-01  1.44582940e-02 
 1.90985326e+02  6.70766969e-10  3.12962356e-10  4.14636887e-10 -1.34793757e-07 -1.54243693e-09  5.02993500e-08  3.50827534e-09 -7.82041587e-08  1.00086486e+00 -1.89740081e-03 -2.14244285e-01 -2.26530253e-03  3.52574004e-01  1.38575971e-02 
 1.91205332e+02  6.60574829e-10  8.16957962e-10  4.06037426e-10 -1.34637667e-07 -1.48118221e-09  4.94302096e-08  3.36885491e-09 -7.64037596e-08  1.00228754e+00 -1.88343268e-03 -2.12812437e-01 -2.18193319e-03  3.44852356e-01  1.32916949e-02 
 1.91425593e+02  6.50957944e-10  1.31626810e-09  3.97821936e-10 -1.34485536e-07 -1.42339775e-09  4.85927034e-08  3.23725602e-09 -7.46718623e-08  1.00370025e+00 -1.87090794e-03 -2.11424703e-01 -2.10320371e-03  3.37422121e-01  1.27579866e-02 
 1.91646106e+02  6.41874757e-10  1.81118158e-09  3.89962383e-10 -1.34337177e-07 -1.36882874e-09  4.77851074e-08  3.11290887e-09 -7.30047138e-08  1.00510378e+00 -1.85972186e-03 -2.10078734e-01 -2.02877212e-03  3.30267349e-01  1.22541087e-02 
 1.91866874e+02  6.33287449e-10  2.30196694e-09  3.82433236e-10 -1.34192417e-07 -1.31724319e-09  4.70058208e-08  2.99529452e-09 -7.13988293e-08  1.00649883e+00 -1.84977920e-03 -2.08772346e-01 -1.95832718e-03  3.23373227e-01  1.17779093e-02 
 1.92087896e+02  6.25161539e-10  2.78887428e-09  3.75211209e-10 -1.34051092e-07 -1.26842955e-09  4.62533554e-08  2.88393948e-09 -6.98509689e-08  1.00788609e+00 -1.84099330e-03 -2.07503508e-01 -1.89158519e-03  3.16725986e-01  1.13274263e-02 
 1.92309173e+02  6.17465542e-10  3.27213679e-09  3.68275024e-10 -1.33913055e-07 -1.22219461e-09  4.55263256e-08  2.77841107e-09 -6.83581162e-08  1.00926619e+00 -1.83328509e-03 -2.06270330e-01 -1.82828705e-03  3.10312806e-01  1.09008672e-02 
 1.92530705e+02  6.10170660e-10  3.75197224e-09  3.61605209e-10 -1.33778163e-07 -1.17836158e-09  4.48234399e-08  2.67831325e-09 -6.69174601e-08  1.01063972e+00 -1.82658235e-03 -2.05071050e-01 -1.76819581e-03  3.04121740e-01  1.04965922e-02 
 1.92752491e+02  6.03250517e-10  4.22858424e-09  3.55183917e-10 -1.33646287e-07 -1.13676853e-09  4.41434930e-08  2.58328299e-09 -6.55263767e-08  1.01200723e+00 -1.82081905e-03 -2.03904023e-01 -1.71109445e-03  2.98141635e-01  1.01130989e-02 
 1.92974534e+02  5.96680916e-10  4.70216343e-09  3.48994763e-10 -1.33517305e-07 -1.09726682e-09  4.34853587e-08  2.49298699e-09 -6.41824147e-08  1.01336923e+00 -1.81593467e-03 -2.02767714e-01 -1.65678384e-03  2.92362073e-01  9.74900858e-03 
 1.93196832e+02  5.90439630e-10  5.17288849e-09  3.43022689e-10 -1.33391102e-07 -1.05971990e-09  4.28479835e-08  2.40711884e-09 -6.28832811e-08  1.01472621e+00 -1.81187372e-03 -2.01660683e-01 -1.60508111e-03  2.86773309e-01  9.40305425e-03 
 1.93419386e+02  5.84506213e-10  5.64092711e-09  3.37253831e-10 -1.33267573e-07 -1.02400211e-09  4.22303810e-08  2.32539645e-09 -6.16268290e-08  1.01607862e+00 -1.80858522e-03 -2.00581585e-01 -1.55581799e-03  2.81366218e-01  9.07407012e-03 
 1.93642196e+02  5.78861833e-10  6.10643687e-09  3.31675411e-10 -1.33146616e-07 -9.89997674e-10  4.16316265e-08  2.24755979e-09 -6.04110455e-08  1.01742690e+00 -1.80602229e-03 -1.99529158e-01 -1.50883951e-03  2.76132245e-01  8.76098196e-03 
 1.93865264e+02  5.73489119e-10  6.56956600e-09  3.26275632e-10 -1.33028138e-07 -9.57599776e-10  4.10508522e-08  2.17336881e-09 -5.92340423e-08  1.01877146e+00 -1.80414174e-03 -1.98502216e-01 -1.46400272e-03  2.71063363e-01  8.46279871e-03 
 1.94088588e+02  5.68372035e-10  7.03045409e-09  3.21043596e-10 -1.32912051e-07 -9.26709745e-10  4.04872430e-08  2.10260168e-09 -5.80940454e-08  1.02011266e+00 -1.80290379e-03 -1.97499649e-01 -1.42117560e-03  2.66152035e-01  8.17860482e-03 
 1.94312169e+02  5.63495753e-10  7.48923277e-09  3.15969215e-10 -1.32798273e-07 -8.97236326e-10  3.99400326e-08  2.03505314e-09 -5.69893871e-08  1.02145088e+00 -1.80227169e-03 -1.96520408e-01 -1.38023612e-03  2.61391171e-01  7.90755354e-03 
 1.94536008e+02  5.58846548e-10  7.94602624e-09  3.11043147e-10 -1.32686725e-07 -8.69095021e-10  3.94084998e-08  1.97053301e-09 -5.59184981e-08  1.02278645e+00 -1.80221150e-03 -1.95563509e-01 -1.34107127e-03  2.56774101e-01  7.64886079e-03 
 1.94760105e+02  5.54411704e-10  8.40095186e-09  3.06256725e-10 -1.32577334e-07 -8.42207503e-10  3.88919652e-08  1.90886495e-09 -5.48799000e-08  1.02411970e+00 -1.80269181e-03 -1.94628025e-01 -1.30357636e-03  2.52294542e-01  7.40179970e-03 
 1.94984460e+02  5.50179424e-10  8.85412064e-09  3.01601901e-10 -1.32470032e-07 -8.16501079e-10  3.83897884e-08  1.84988517e-09 -5.38721994e-08  1.02545093e+00 -1.80368357e-03 -1.93713080e-01 -1.26765422e-03  2.47946572e-01  7.16569572e-03 
 1.95209073e+02  5.46138754e-10  9.30563767e-09  2.97071196e-10 -1.32364753e-07 -7.91908218e-10  3.79013651e-08  1.79344149e-09 -5.28940814e-08  1.02678044e+00 -1.80515981e-03 -1.92817850e-01 -1.23321464e-03  2.43724602e-01  6.93992213e-03 
 1.95433946e+02  5.42279512e-10  9.75560253e-09  2.92657649e-10 -1.32261436e-07 -7.68366114e-10  3.74261245e-08  1.73939227e-09 -5.19443044e-08  1.02810849e+00 -1.80709553e-03 -1.91941555e-01 -1.20017372e-03  2.39623354e-01  6.72389607e-03 
 1.95659077e+02  5.38592223e-10  1.02041097e-08  2.88354777e-10 -1.32160024e-07 -7.45816301e-10  3.69635274e-08  1.68760560e-09 -5.10216949e-08  1.02943536e+00 -1.80946752e-03 -1.91083458e-01 -1.16845338e-03  2.35637842e-01  6.51707493e-03 
 1.95884467e+02  5.35068063e-10  1.06512489e-08  2.84156531e-10 -1.32060461e-07 -7.24204295e-10  3.65130634e-08  1.63795851e-09 -5.01251430e-08  1.03076129e+00 -1.81225420e-03 -1.90242861e-01 -1.13798089e-03  2.31763347e-01  6.31895305e-03 
 1.96110118e+02  5.31698807e-10  1.10971053e-08  2.80057270e-10 -1.31962695e-07 -7.03479277e-10  3.60742497e-08  1.59033622e-09 -4.92535984e-08  1.03208653e+00 -1.81543549e-03 -1.89419104e-01 -1.10868840e-03  2.27995405e-01  6.12905875e-03 
 1.96336028e+02  5.28476779e-10  1.15417601e-08  2.76051721e-10 -1.31866679e-07 -6.83593802e-10  3.56466288e-08  1.54463154e-09 -4.84060659e-08  1.03341129e+00 -1.81899271e-03 -1.88611564e-01 -1.08051262e-03  2.24329786e-01  5.94695169e-03 
 1.96562198e+02  5.25394812e-10  1.19852905e-08  2.72134953e-10 -1.31772364e-07 -6.64503533e-10  3.52297670e-08  1.50074423e-09 -4.75816023e-08  1.03473579e+00 -1.82290844e-03 -1.87819645e-01 -1.05339439e-03  2.20762481e-01  5.77222032e-03 
 1.96788629e+02  5.22446205e-10  1.24277700e-08  2.68302349e-10 -1.31679709e-07 -6.46167000e-10  3.48232529e-08  1.45858050e-09 -4.67793129e-08  1.03606026e+00 -1.82716643e-03 -1.87042787e-01 -1.02727840e-03  2.17289688e-01  5.60447973e-03 
 1.97015321e+02  5.19624692e-10  1.28692690e-08  2.64549587e-10 -1.31588670e-07 -6.28545387e-10  3.44266960e-08  1.41805251e-09 -4.59983485e-08  1.03738487e+00 -1.83175155e-03 -1.86280455e-01 -1.00211289e-03  2.13907795e-01  5.44336962e-03 
 1.97242274e+02  5.16924405e-10  1.33098543e-08  2.60872611e-10 -1.31499210e-07 -6.11602323e-10  3.40397252e-08  1.37907793e-09 -4.52379022e-08  1.03870983e+00 -1.83664964e-03 -1.85532142e-01 -9.77849371e-04  2.10613374e-01  5.28855239e-03 
 1.97469488e+02  5.14339848e-10  1.37495901e-08  2.57267616e-10 -1.31411289e-07 -5.95303708e-10  3.36619880e-08  1.34157952e-09 -4.44972074e-08  1.04003531e+00 -1.84184747e-03 -1.84797365e-01 -9.54442398e-04  2.07403166e-01  5.13971147e-03 
 1.97696964e+02  5.11865866e-10  1.41885376e-08  2.53731027e-10 -1.31324873e-07 -5.79617541e-10  3.32931490e-08  1.30548475e-09 -4.37755347e-08  1.04136149e+00 -1.84733269e-03 -1.84075666e-01 -9.31849326e-04  2.04274070e-01  4.99654982e-03 
 1.97924702e+02  5.09497623e-10  1.46267554e-08  2.50259485e-10 -1.31239928e-07 -5.64513768e-10  3.29328887e-08  1.27072548e-09 -4.30721903e-08  1.04268854e+00 -1.85309373e-03 -1.83366608e-01 -9.10030118e-04  2.01223137e-01  4.85878845e-03 
 1.98152703e+02  5.07230578e-10  1.50642996e-08  2.46849828e-10 -1.31156421e-07 -5.49964145e-10  3.25809034e-08  1.23723765e-09 -4.23865132e-08  1.04401662e+00 -1.85911976e-03 -1.82669774e-01 -8.88947153e-04  1.98247558e-01  4.72616515e-03 
 1.98380966e+02  5.05060464e-10  1.55012241e-08  2.43499080e-10 -1.31074323e-07 -5.35942105e-10  3.22369033e-08  1.20496096e-09 -4.17178739e-08  1.04534589e+00 -1.86540063e-03 -1.81984769e-01 -8.68565053e-04  1.95344656e-01  4.59843329e-03 
 1.98609492e+02  5.02983268e-10  1.59375806e-08  2.40204435e-10 -1.30993604e-07 -5.22422643e-10  3.19006121e-08  1.17383863e-09 -4.10656720e-08  1.04667650e+00 -1.87192685e-03 -1.81311214e-01 -8.48850528e-04  1.92511878e-01  4.47536074e-03 
 1.98838281e+02  5.00995218e-10  1.63734186e-08  2.36963249e-10 -1.30914237e-07 -5.09382209e-10  3.15717665e-08  1.14381716e-09 -4.04293349e-08  1.04800859e+00 -1.87868950e-03 -1.80648749e-01 -8.29772230e-04  1.89746792e-01  4.35672885e-03 
 1.99067334e+02  4.99092758e-10  1.68087859e-08  2.33773025e-10 -1.30836195e-07 -4.96798604e-10  3.12501148e-08  1.11484609e-09 -3.98083162e-08  1.04934230e+00 -1.88568022e-03 -1.79997029e-01 -8.11300614e-04  1.87047073e-01  4.24233153e-03 
 1.99296651e+02  4.97272541e-10  1.72437283e-08  2.30631407e-10 -1.30759453e-07 -4.84650891e-10  3.09354171e-08  1.08687783e-09 -3.92020941e-08  1.05067777e+00 -1.89289115e-03 -1.79355725e-01 -7.93407824e-04  1.84410503e-01  4.13197441e-03 
 1.99526231e+02  4.95531413e-10  1.76782898e-08  2.27536166e-10 -1.30683988e-07 -4.72919310e-10  3.06274437e-08  1.05986740e-09 -3.86101700e-08  1.05201513e+00 -1.90031495e-03 -1.78724524e-01 -7.76067572e-04  1.81834963e-01  4.02547402e-03 
 1.99756077e+02  4.93866396e-10  1.81125131e-08  2.24485196e-10 -1.30609777e-07 -4.61585200e-10  3.03259752e-08  1.03377234e-09 -3.80320672e-08  1.05335450e+00 -1.90794468e-03 -1.78103123e-01 -7.59255037e-04  1.79318426e-01  3.92265710e-03 
 1.99986187e+02  4.92274685e-10  1.85464391e-08  2.21476502e-10 -1.30536797e-07 -4.50630926e-10  3.00308019e-08  1.00855248e-09 -3.74673300e-08  1.05469602e+00 -1.91577384e-03 -1.77491237e-01 -7.42946767e-04  1.76858955e-01  3.82335993e-03 
 2.00216562e+02  4.90753626e-10  1.89801074e-08  2.18508197e-10 -1.30465029e-07 -4.40039812e-10  2.97417229e-08  9.84169838e-10 -3.69155224e-08  1.05603979e+00 -1.92379633e-03 -1.76888589e-01 -7.27120591e-04  1.74454696e-01  3.72742768e-03 
 2.00447203e+02  4.89300717e-10  1.94135561e-08  2.15578490e-10 -1.30394453e-07 -4.29796082e-10  2.94585460e-08  9.60588441e-10 -3.63762268e-08  1.05738593e+00 -1.93200639e-03 -1.76294917e-01 -7.11755533e-04  1.72103872e-01  3.63471385e-03 
 2.00678109e+02  4.87913590e-10  1.98468221e-08  2.12685684e-10 -1.30325049e-07 -4.19884799e-10  2.91810870e-08  9.37774228e-10 -3.58490433e-08  1.05873455e+00 -1.94039863e-03 -1.75709967e-01 -6.96831742e-04  1.69804785e-01  3.54507978e-03 
 2.00909281e+02  4.86590008e-10  2.02799412e-08  2.09828169e-10 -1.30256801e-07 -4.10291815e-10  2.89091694e-08  9.15694918e-10 -3.53335888e-08  1.06008577e+00 -1.94896797e-03 -1.75133498e-01 -6.82330413e-04  1.67555806e-01  3.45839409e-03 
 2.01140720e+02  4.85327855e-10  2.07129478e-08  2.07004416e-10 -1.30189690e-07 -4.01003719e-10  2.86426241e-08  8.94319898e-10 -3.48294962e-08  1.06143969e+00 -1.95770962e-03 -1.74565278e-01 -6.68233728e-04  1.65355371e-01  3.37453227e-03 
 2.01372425e+02  4.84125126e-10  2.11458753e-08  2.04212971e-10 -1.30123700e-07 -3.92007796e-10  2.83812888e-08  8.73620125e-10 -3.43364130e-08  1.06279641e+00 -1.96661909e-03 -1.74005084e-01 -6.54524792e-04  1.63201985e-01  3.29337624e-03 
 2.01604397e+02  4.82979925e-10  2.15787562e-08  2.01452454e-10 -1.30058815e-07 -3.83291979e-10  2.81250077e-08  8.53568031e-10 -3.38540014e-08  1.06415604e+00 -1.97569214e-03 -1.73452702e-01 -6.41187575e-04  1.61094209e-01  3.21481399e-03 
 2.01836636e+02  4.81890456e-10  2.20116219e-08  1.98721549e-10 -1.29995022e-07 -3.74844814e-10  2.78736314e-08  8.34137429e-10 -3.33819370e-08  1.06551867e+00 -1.98492480e-03 -1.72907928e-01 -6.28206863e-04  1.59030665e-01  3.13873914e-03 
 2.02069143e+02  4.80855016e-10  2.24445028e-08  1.96019007e-10 -1.29932305e-07 -3.66655421e-10  2.76270163e-08  8.15303437e-10 -3.29199084e-08  1.06688440e+00 -1.99431330e-03 -1.72370564e-01 -6.15568207e-04  1.57010028e-01  3.06505069e-03 
 2.02301918e+02  4.79871993e-10  2.28774286e-08  1.93343636e-10 -1.29870650e-07 -3.58713462e-10  2.73850244e-08  7.97042397e-10 -3.24676163e-08  1.06825331e+00 -2.00385413e-03 -1.71840421e-01 -6.03257876e-04  1.55031025e-01  2.99365263e-03 
 2.02534961e+02  4.78939856e-10  2.33104280e-08  1.90694300e-10 -1.29810045e-07 -3.51009107e-10  2.71475233e-08  7.79331805e-10 -3.20247732e-08  1.06962552e+00 -2.01354396e-03 -1.71317317e-01 -5.91262817e-04  1.53092433e-01  2.92445369e-03 
 2.02768272e+02  4.78057154e-10  2.37435290e-08  1.88069915e-10 -1.29750477e-07 -3.43533004e-10  2.69143855e-08  7.62150246e-10 -3.15911026e-08  1.07100109e+00 -2.02337966e-03 -1.70801077e-01 -5.79570616e-04  1.51193078e-01  2.85736704e-03 
 2.03001852e+02  4.77222511e-10  2.41767589e-08  1.85469450e-10 -1.29691934e-07 -3.36276254e-10  2.66854882e-08  7.45477326e-10 -3.11663387e-08  1.07238013e+00 -2.03335831e-03 -1.70291532e-01 -5.68169457e-04  1.49331827e-01  2.79231007e-03 
 2.03235701e+02  4.76434618e-10  2.46101442e-08  1.82891917e-10 -1.29634406e-07 -3.29230385e-10  2.64607137e-08  7.29293623e-10 -3.07502256e-08  1.07376272e+00 -2.04347712e-03 -1.69788521e-01 -5.57048092e-04  1.47507594e-01  2.72920409e-03 
 2.03469820e+02  4.75692236e-10  2.50437107e-08  1.80336374e-10 -1.29577879e-07 -3.22387324e-10  2.62399482e-08  7.13580622e-10 -3.03425172e-08  1.07514893e+00 -2.05373351e-03 -1.69291888e-01 -5.46195805e-04  1.45719331e-01  2.66797416e-03 
 2.03704208e+02  4.74994187e-10  2.54774836e-08  1.77801920e-10 -1.29522346e-07 -3.15739379e-10  2.60230824e-08  6.98320673e-10 -2.99429764e-08  1.07653887e+00 -2.06412502e-03 -1.68801481e-01 -5.35602385e-04  1.43966029e-01  2.60854886e-03 
 2.03938866e+02  4.74339351e-10  2.59114875e-08  1.75287694e-10 -1.29467795e-07 -3.09279217e-10  2.58100110e-08  6.83496938e-10 -2.95513750e-08  1.07793259e+00 -2.07464936e-03 -1.68317157e-01 -5.25258098e-04  1.42246718e-01  2.55086009e-03 
 2.04173794e+02  4.73726665e-10  2.63457464e-08  1.72792871e-10 -1.29414217e-07 -3.02999840e-10  2.56006324e-08  6.69093351e-10 -2.91674929e-08  1.07933020e+00 -2.08530437e-03 -1.67838776e-01 -5.15153657e-04  1.40560462e-01  2.49484290e-03 
 2.04408994e+02  4.73155118e-10  2.67802839e-08  1.70316663e-10 -1.29361602e-07 -2.96894574e-10  2.53948488e-08  6.55094572e-10 -2.87911182e-08  1.08073176e+00 -2.09608802e-03 -1.67366203e-01 -5.05280202e-04  1.38906360e-01  2.44043530e-03 
 2.04644464e+02  4.72623750e-10  2.72151228e-08  1.67858312e-10 -1.29309943e-07 -2.90957045e-10  2.51925659e-08  6.41485949e-10 -2.84220465e-08  1.08213735e+00 -2.10699841e-03 -1.66899309e-01 -4.95629272e-04  1.37283541e-01  2.38757813e-03 
 2.04880205e+02  4.72131649e-10  2.76502856e-08  1.65417095e-10 -1.29259230e-07 -2.85181166e-10  2.49936925e-08  6.28253483e-10 -2.80600807e-08  1.08354705e+00 -2.11803376e-03 -1.66437967e-01 -4.86192789e-04  1.35691167e-01  2.33621486e-03 
 2.05116218e+02  4.71677946e-10  2.80857943e-08  1.62992316e-10 -1.29209456e-07 -2.79561121e-10  2.47981409e-08  6.15383793e-10 -2.77050305e-08  1.08496094e+00 -2.12919239e-03 -1.65982059e-01 -4.76963032e-04  1.34128429e-01  2.28629152e-03 
 2.05352503e+02  4.71261816e-10  2.85216704e-08  1.60583308e-10 -1.29160614e-07 -2.74091351e-10  2.46058263e-08  6.02864083e-10 -2.73567124e-08  1.08637908e+00 -2.14047275e-03 -1.65531466e-01 -4.67932624e-04  1.32594547e-01  2.23775649e-03 
 2.05589060e+02  4.70882475e-10  2.89579351e-08  1.58189432e-10 -1.29112695e-07 -2.68766541e-10  2.44166668e-08  5.90682111e-10 -2.70149494e-08  1.08780156e+00 -2.15187337e-03 -1.65086077e-01 -4.59094506e-04  1.31088765e-01  2.19056042e-03 
 2.05825889e+02  4.70539175e-10  2.93946089e-08  1.55810072e-10 -1.29065693e-07 -2.63581606e-10  2.42305834e-08  5.78826162e-10 -2.66795702e-08  1.08922844e+00 -2.16339289e-03 -1.64645782e-01 -4.50441929e-04  1.29610357e-01  2.14465611e-03 
 2.06062991e+02  4.70231207e-10  2.98317123e-08  1.53444636e-10 -1.29019602e-07 -2.58531680e-10  2.40474997e-08  5.67285020e-10 -2.63504096e-08  1.09065980e+00 -2.17503003e-03 -1.64210476e-01 -4.41968433e-04  1.28158620e-01  2.09999839e-03 
 2.06300367e+02  4.69957897e-10  3.02692651e-08  1.51092557e-10 -1.28974414e-07 -2.53612106e-10  2.38673419e-08  5.56047945e-10 -2.60273080e-08  1.09209570e+00 -2.18678360e-03 -1.63780058e-01 -4.33667833e-04  1.26732873e-01  2.05654403e-03 
 2.06538016e+02  4.69718601e-10  3.07072871e-08  1.48753287e-10 -1.28930125e-07 -2.48818422e-10  2.36900386e-08  5.45104646e-10 -2.57101110e-08  1.09353622e+00 -2.19865250e-03 -1.63354430e-01 -4.25534205e-04  1.25332460e-01  2.01425162e-03 
 2.06775938e+02  4.69512710e-10  3.11457974e-08  1.46426301e-10 -1.28886727e-07 -2.44146355e-10  2.35155208e-08  5.34445259e-10 -2.53986694e-08  1.09498142e+00 -2.21063572e-03 -1.62933496e-01 -4.17561873e-04  1.23956747e-01  1.97308149e-03 
 2.07014135e+02  4.69339642e-10  3.15848150e-08  1.44111090e-10 -1.28844217e-07 -2.39591811e-10  2.33437218e-08  5.24060328e-10 -2.50928390e-08  1.09643138e+00 -2.22273229e-03 -1.62517164e-01 -4.09745398e-04  1.22605118e-01  1.93299564e-03 
 2.07252606e+02  4.69198846e-10  3.20243587e-08  1.41807166e-10 -1.28802587e-07 -2.35150862e-10  2.31745771e-08  5.13940785e-10 -2.47924802e-08  1.09788616e+00 -2.23494135e-03 -1.62105347e-01 -4.02079563e-04  1.21276981e-01  1.89395762e-03 
 2.07491352e+02  4.69089796e-10  3.24644467e-08  1.39514059e-10 -1.28761835e-07 -2.30819745e-10  2.30080241e-08  5.04077929e-10 -2.44974579e-08  1.09934582e+00 -2.24726209e-03 -1.61697957e-01 -3.94559366e-04  1.19971760e-01  1.85593249e-03 
 2.07730373e+02  4.69011994e-10  3.29050972e-08  1.37231312e-10 -1.28721954e-07 -2.26594847e-10  2.28440024e-08  4.94463409e-10 -2.42076414e-08  1.10081045e+00 -2.25969378e-03 -1.61294911e-01 -3.87180007e-04  1.18688899e-01  1.81888673e-03 
 2.07969669e+02  4.68964966e-10  3.33463281e-08  1.34958488e-10 -1.28682940e-07 -2.22472702e-10  2.26824533e-08  4.85089210e-10 -2.39229043e-08  1.10228009e+00 -2.27223572e-03 -1.60896129e-01 -3.79936878e-04  1.17427860e-01  1.78278819e-03 
 2.08209241e+02  4.68948260e-10  3.37881570e-08  1.32695162e-10 -1.28644789e-07 -2.18449984e-10  2.25233202e-08  4.75947631e-10 -2.36431240e-08  1.10375483e+00 -2.28488732e-03 -1.60501533e-01 -3.72825554e-04  1.16188121e-01  1.74760598e-03 
 2.08449088e+02  4.68961448e-10  3.42306013e-08  1.30440926e-10 -1.28607497e-07 -2.14523496e-10  2.23665481e-08  4.67031277e-10 -2.33681819e-08  1.10523471e+00 -2.29764800e-03 -1.60111046e-01 -3.65841786e-04  1.14969177e-01  1.71331046e-03 
 2.08689212e+02  4.69004124e-10  3.46736782e-08  1.28195383e-10 -1.28571060e-07 -2.10690171e-10  2.22120838e-08  4.58333042e-10 -2.30979629e-08  1.10671982e+00 -2.31051727e-03 -1.59724596e-01 -3.58981492e-04  1.13770538e-01  1.67987315e-03 
 2.08929613e+02  4.69075903e-10  3.51174045e-08  1.25958150e-10 -1.28535475e-07 -2.06947059e-10  2.20598756e-08  4.49846092e-10 -2.28323558e-08  1.10821020e+00 -2.32349468e-03 -1.59342111e-01 -3.52240747e-04  1.12591730e-01  1.64726669e-03 
 2.09170291e+02  4.69176417e-10  3.55617973e-08  1.23728856e-10 -1.28500737e-07 -2.03291327e-10  2.19098735e-08  4.41563860e-10 -2.25712524e-08  1.10970594e+00 -2.33657983e-03 -1.58963522e-01 -3.45615777e-04  1.11432294e-01  1.61546480e-03 
 2.09411246e+02  4.69305320e-10  3.60068729e-08  1.21507144e-10 -1.28466845e-07 -1.99720248e-10  2.17620289e-08  4.33480027e-10 -2.23145482e-08  1.11120709e+00 -2.34977238e-03 -1.58588763e-01 -3.39102955e-04  1.10291784e-01  1.58444218e-03 
 2.09652478e+02  4.69462283e-10  3.64526479e-08  1.19292664e-10 -1.28433793e-07 -1.96231203e-10  2.16162949e-08  4.25588515e-10 -2.20621415e-08  1.11271371e+00 -2.36307202e-03 -1.58217769e-01 -3.32698788e-04  1.09169767e-01  1.55417454e-03 
 2.09893988e+02  4.69646993e-10  3.68991385e-08  1.17085080e-10 -1.28401580e-07 -1.92821671e-10  2.14726256e-08  4.17883472e-10 -2.18139340e-08  1.11422587e+00 -2.37647849e-03 -1.57850477e-01 -3.26399916e-04  1.08065825e-01  1.52463849e-03 
 2.10135777e+02  4.69859157e-10  3.73463608e-08  1.14884065e-10 -1.28370204e-07 -1.89489224e-10  2.13309769e-08  4.10359267e-10 -2.15698301e-08  1.11574363e+00 -2.38999160e-03 -1.57486825e-01 -3.20203105e-04  1.06979549e-01  1.49581151e-03 
 2.10377844e+02  4.70098493e-10  3.77943308e-08  1.12689301e-10 -1.28339660e-07 -1.86231528e-10  2.11913057e-08  4.03010477e-10 -2.13297371e-08  1.11726705e+00 -2.40361116e-03 -1.57126755e-01 -3.14105239e-04  1.05910546e-01  1.46767197e-03 
 2.10620190e+02  4.70364740e-10  3.82430644e-08  1.10500481e-10 -1.28309948e-07 -1.83046335e-10  2.10535702e-08  3.95831878e-10 -2.10935649e-08  1.11879620e+00 -2.41733705e-03 -1.56770208e-01 -3.08103318e-04  1.04858432e-01  1.44019900e-03 
 2.10862815e+02  4.70657646e-10  3.86925771e-08  1.08317305e-10 -1.28281064e-07 -1.79931478e-10  2.09177299e-08  3.88818438e-10 -2.08612263e-08  1.12033115e+00 -2.43116918e-03 -1.56417130e-01 -3.02194451e-04  1.03822836e-01  1.41337253e-03 
 2.11105720e+02  4.70976979e-10  3.91428847e-08  1.06139483e-10 -1.28253007e-07 -1.76884872e-10  2.07837454e-08  3.81965306e-10 -2.06326364e-08  1.12187194e+00 -2.44510751e-03 -1.56067466e-01 -2.96375849e-04  1.02803395e-01  1.38717322e-03 
 2.11348904e+02  4.71322515e-10  3.95940025e-08  1.03966731e-10 -1.28225774e-07 -1.73904507e-10  2.06515784e-08  3.75267807e-10 -2.04077129e-08  1.12341866e+00 -2.45915202e-03 -1.55721163e-01 -2.90644827e-04  1.01799759e-01  1.36158242e-03 
 2.11592369e+02  4.71694048e-10  4.00459460e-08  1.01798774e-10 -1.28199364e-07 -1.70988444e-10  2.05211918e-08  3.68721432e-10 -2.01863756e-08  1.12497135e+00 -2.47330273e-03 -1.55378170e-01 -2.84998791e-04  1.00811587e-01  1.33658218e-03 
 2.11836114e+02  4.72091381e-10  4.04987304e-08  9.96353439e-11 -1.28173776e-07 -1.68134815e-10  2.03925494e-08  3.62321833e-10 -1.99685469e-08  1.12653008e+00 -2.48755969e-03 -1.55038438e-01 -2.79435243e-04  9.98385478e-02  1.31215518e-03 
 2.12080139e+02  4.72514330e-10  4.09523709e-08  9.74761800e-11 -1.28149007e-07 -1.65341820e-10  2.02656161e-08  3.56064816e-10 -1.97541511e-08  1.12809491e+00 -2.50192301e-03 -1.54701917e-01 -2.73951768e-04  9.88803192e-02  1.28828472e-03 
 2.12324446e+02  4.72962725e-10  4.14068826e-08  9.53210276e-11 -1.28125056e-07 -1.62607719e-10  2.01403578e-08  3.49946333e-10 -1.95431148e-08  1.12966591e+00 -2.51639280e-03 -1.54368561e-01 -2.68546038e-04  9.79365883e-02  1.26495470e-03 
 2.12569035e+02  4.73436404e-10  4.18622804e-08  9.31696386e-11 -1.28101923e-07 -1.59930836e-10  2.00167412e-08  3.43962476e-10 -1.93353667e-08  1.13124313e+00 -2.53096922e-03 -1.54038325e-01 -2.63215804e-04  9.70070507e-02  1.24214958e-03 
 2.12813905e+02  4.73935218e-10  4.23185794e-08  9.10217707e-11 -1.28079605e-07 -1.57309553e-10  1.98947340e-08  3.38109475e-10 -1.91308372e-08  1.13282665e+00 -2.54565246e-03 -1.53711164e-01 -2.57958894e-04  9.60914107e-02  1.21985436e-03 
 2.13059057e+02  4.74459027e-10  4.27757944e-08  8.88771877e-11 -1.28058102e-07 -1.54742307e-10  1.97743048e-08  3.32383685e-10 -1.89294587e-08  1.13441651e+00 -2.56044272e-03 -1.53387034e-01 -2.52773208e-04  9.51893803e-02  1.19805458e-03 
 2.13304491e+02  4.75007704e-10  4.32339403e-08  8.67356585e-11 -1.28037413e-07 -1.52227591e-10  1.96554231e-08  3.26781589e-10 -1.87311658e-08  1.13601280e+00 -2.57534026e-03 -1.53065894e-01 -2.47656720e-04  9.43006795e-02  1.17673626e-03 
 2.13550209e+02  4.75581128e-10  4.36930317e-08  8.45969576e-11 -1.28017538e-07 -1.49763946e-10  1.95380590e-08  3.21299789e-10 -1.85358942e-08  1.13761556e+00 -2.59034535e-03 -1.52747703e-01 -2.42607468e-04  9.34250360e-02  1.15588592e-03 
 2.13796209e+02  4.76179191e-10  4.41530835e-08  8.24608643e-11 -1.27998475e-07 -1.47349966e-10  1.94221837e-08  3.15934998e-10 -1.83435820e-08  1.13922486e+00 -2.60545828e-03 -1.52432422e-01 -2.37623557e-04  9.25621845e-02  1.13549050e-03 
 2.14042493e+02  4.76801791e-10  4.46141102e-08  8.03271626e-11 -1.27980224e-07 -1.44984290e-10  1.93077688e-08  3.10684043e-10 -1.81541686e-08  1.14084076e+00 -2.62067940e-03 -1.52120010e-01 -2.32703154e-04  9.17118671e-02  1.11553744e-03 
 2.14289060e+02  4.77448838e-10  4.50761266e-08  7.81956412e-11 -1.27962785e-07 -1.42665605e-10  1.91947870e-08  3.05543854e-10 -1.79675949e-08  1.14246332e+00 -2.63600904e-03 -1.51810431e-01 -2.27844484e-04  9.08738323e-02  1.09601455e-03 
 2.14535912e+02  4.78120248e-10  4.55391472e-08  7.60660931e-11 -1.27946156e-07 -1.40392639e-10  1.90832116e-08  3.00511462e-10 -1.77838036e-08  1.14409262e+00 -2.65144760e-03 -1.51503649e-01 -2.23045832e-04  9.00478358e-02  1.07691008e-03 
 2.14783047e+02  4.78815948e-10  4.60031867e-08  7.39383153e-11 -1.27930340e-07 -1.38164165e-10  1.89730163e-08  2.95583998e-10 -1.76027390e-08  1.14572871e+00 -2.66699547e-03 -1.51199627e-01 -2.18305536e-04  8.92336390e-02  1.05821265e-03 
 2.15030468e+02  4.79535870e-10  4.64682594e-08  7.18121090e-11 -1.27915334e-07 -1.35978994e-10  1.88641760e-08  2.90758684e-10 -1.74243464e-08  1.14737165e+00 -2.68265309e-03 -1.50898330e-01 -2.13621987e-04  8.84310101e-02  1.03991128e-03 
 2.15278173e+02  4.80279957e-10  4.69343801e-08  6.96872790e-11 -1.27901139e-07 -1.33835976e-10  1.87566658e-08  2.86032832e-10 -1.72485729e-08  1.14902151e+00 -2.69842092e-03 -1.50599726e-01 -2.08993627e-04  8.76397230e-02  1.02199534e-03 
 2.15526164e+02  4.81048159e-10  4.74015631e-08  6.75636337e-11 -1.27887755e-07 -1.31734000e-10  1.86504617e-08  2.81403842e-10 -1.70753670e-08  1.15067836e+00 -2.71429942e-03 -1.50303780e-01 -2.04418946e-04  8.68595573e-02  1.00445452e-03 
 2.15774441e+02  4.81840430e-10  4.78698231e-08  6.54409848e-11 -1.27875182e-07 -1.29671990e-10  1.85455401e-08  2.76869197e-10 -1.69046781e-08  1.15234225e+00 -2.73028910e-03 -1.50010461e-01 -1.99896482e-04  8.60902985e-02  9.87278891e-04 
 2.16023003e+02  4.82656737e-10  4.83391744e-08  6.33191476e-11 -1.27863421e-07 -1.27648903e-10  1.84418782e-08  2.72426457e-10 -1.67364573e-08  1.15401325e+00 -2.74639050e-03 -1.49719738e-01 -1.95424818e-04  8.53317372e-02  9.70458809e-04 
 2.16271852e+02  4.83497049e-10  4.88096316e-08  6.11979401e-11 -1.27852471e-07 -1.25663732e-10  1.83394536e-08  2.68073264e-10 -1.65706568e-08  1.15569142e+00 -2.76260414e-03 -1.49431579e-01 -1.91002579e-04  8.45836696e-02  9.53984953e-04 
 2.16520988e+02  4.84361346e-10  4.92812093e-08  5.90771836e-11 -1.27842335e-07 -1.23715499e-10  1.82382446e-08  2.63807330e-10 -1.64072298e-08  1.15737684e+00 -2.77893061e-03 -1.49145957e-01 -1.86628432e-04  8.38458967e-02  9.37848295e-04 
 2.16770410e+02  4.85249611e-10  4.97539218e-08  5.69567020e-11 -1.27833011e-07 -1.21803258e-10  1.81382299e-08  2.59626441e-10 -1.62461311e-08  1.15906956e+00 -2.79537050e-03 -1.48862840e-01 -1.82301084e-04  8.31182248e-02  9.22040095e-04 
 2.17020120e+02  4.86161837e-10  5.02277838e-08  5.48363219e-11 -1.27824500e-07 -1.19926095e-10  1.80393888e-08  2.55528449e-10 -1.60873163e-08  1.16076965e+00 -2.81192442e-03 -1.48582202e-01 -1.78019281e-04  8.24004645e-02  9.06551885e-04 
 2.17270118e+02  4.87098020e-10  5.07028096e-08  5.27158725e-11 -1.27816804e-07 -1.18083119e-10  1.79417010e-08  2.51511274e-10 -1.59307420e-08  1.16247717e+00 -2.82859300e-03 -1.48304015e-01 -1.73781805e-04  8.16924315e-02  8.91375465e-04 
 2.17520403e+02  4.88058166e-10  5.11790140e-08  5.05951854e-11 -1.27809924e-07 -1.16273472e-10  1.78451470e-08  2.47572901e-10 -1.57763662e-08  1.16419220e+00 -2.84537690e-03 -1.48028252e-01 -1.69587475e-04  8.09939458e-02  8.76502887e-04 
 2.17770977e+02  4.89042283e-10  5.16564114e-08  4.84740945e-11 -1.27803859e-07 -1.14496318e-10  1.77497074e-08  2.43711373e-10 -1.56241477e-08  1.16591479e+00 -2.86227679e-03 -1.47754887e-01 -1.65435142e-04  8.03048318e-02  8.61926449e-04 
 2.18021840e+02  4.90050390e-10  5.21350165e-08  4.63524358e-11 -1.27798611e-07 -1.12750850e-10  1.76553633e-08  2.39924795e-10 -1.54740463e-08  1.16764502e+00 -2.87929338e-03 -1.47483894e-01 -1.61323691e-04  7.96249181e-02  8.47638688e-04 
 2.18272991e+02  4.91082506e-10  5.26148438e-08  4.42300475e-11 -1.27794182e-07 -1.11036283e-10  1.75620966e-08  2.36211328e-10 -1.53260229e-08  1.16938294e+00 -2.89642739e-03 -1.47215249e-01 -1.57252041e-04  7.89540374e-02  8.33632366e-04 
 2.18524432e+02  4.92138661e-10  5.30959080e-08  4.21067696e-11 -1.27790572e-07 -1.09351856e-10  1.74698893e-08  2.32569189e-10 -1.51800392e-08  1.17112864e+00 -2.91367954e-03 -1.46948928e-01 -1.53219138e-04  7.82920265e-02  8.19900466e-04 
 2.18776162e+02  4.93218888e-10  5.35782238e-08  3.99824441e-11 -1.27787783e-07 -1.07696832e-10  1.73787238e-08  2.28996646e-10 -1.50360578e-08  1.17288217e+00 -2.93105061e-03 -1.46684906e-01 -1.49223959e-04  7.76387261e-02  8.06436184e-04 
 2.19028183e+02  4.94323226e-10  5.40618059e-08  3.78569147e-11 -1.27785816e-07 -1.06070496e-10  1.72885831e-08  2.25492021e-10 -1.48940423e-08  1.17464361e+00 -2.94854136e-03 -1.46423162e-01 -1.45265510e-04  7.69939804e-02  7.93232917e-04 
 2.19280494e+02  4.95451719e-10  5.45466691e-08  3.57300268e-11 -1.27784672e-07 -1.04472151e-10  1.71994506e-08  2.22053682e-10 -1.47539572e-08  1.17641301e+00 -2.96615260e-03 -1.46163672e-01 -1.41342823e-04  7.63576374e-02  7.80284263e-04 
 2.19533095e+02  4.96604418e-10  5.50328282e-08  3.36016271e-11 -1.27784353e-07 -1.02901125e-10  1.71113099e-08  2.18680049e-10 -1.46157675e-08  1.17819046e+00 -2.98388514e-03 -1.45906415e-01 -1.37454958e-04  7.57295488e-02  7.67584008e-04 
 2.19785987e+02  4.97781377e-10  5.55202979e-08  3.14715641e-11 -1.27784860e-07 -1.01356763e-10  1.70241451e-08  2.15369584e-10 -1.44794395e-08  1.17997601e+00 -3.00173983e-03 -1.45651369e-01 -1.33600999e-04  7.51095696e-02  7.55126120e-04 
 2.20039171e+02  4.98982657e-10  5.60090933e-08  2.93396876e-11 -1.27786196e-07 -9.98384290e-11  1.69379406e-08  2.12120796e-10 -1.43449398e-08  1.18176975e+00 -3.01971752e-03 -1.45398514e-01 -1.29780054e-04  7.44975580e-02  7.42904747e-04 
 2.20292646e+02  5.00208323e-10  5.64992293e-08  2.72058485e-11 -1.27788361e-07 -9.83455064e-11  1.68526813e-08  2.08932235e-10 -1.42122362e-08  1.18357173e+00 -3.03781908e-03 -1.45147829e-01 -1.25991256e-04  7.38933756e-02  7.30914207e-04 
 2.20546414e+02  5.01458445e-10  5.69907208e-08  2.50698991e-11 -1.27791358e-07 -9.68773958e-11  1.67683523e-08  2.05802495e-10 -1.40812969e-08  1.18538204e+00 -3.05604542e-03 -1.44899295e-01 -1.22233761e-04  7.32968872e-02  7.19148981e-04 
 2.20800473e+02  5.02733100e-10  5.74835831e-08  2.29316929e-11 -1.27795188e-07 -9.54335149e-11  1.66849391e-08  2.02730207e-10 -1.39520910e-08  1.18720073e+00 -3.07439745e-03 -1.44652891e-01 -1.18506744e-04  7.27079607e-02  7.07603712e-04 
 2.21054826e+02  5.04032368e-10  5.79778311e-08  2.07910842e-11 -1.27799854e-07 -9.40132979e-11  1.66024273e-08  1.99714043e-10 -1.38245882e-08  1.18902789e+00 -3.09287610e-03 -1.44408600e-01 -1.14809405e-04  7.21264667e-02  6.96273194e-04 
 2.21309471e+02  5.05356333e-10  5.84734801e-08  1.86479285e-11 -1.27805358e-07 -9.26161953e-11  1.65208033e-08  1.96752712e-10 -1.36987590e-08  1.19086358e+00 -3.11148233e-03 -1.44166403e-01 -1.11140963e-04  7.15522790e-02  6.85152373e-04 
 2.21564410e+02  5.06705086e-10  5.89705453e-08  1.65020821e-11 -1.27811701e-07 -9.12416727e-11  1.64400534e-08  1.93844959e-10 -1.35745745e-08  1.19270788e+00 -3.13021712e-03 -1.43926282e-01 -1.07500654e-04  7.09852741e-02  6.74236336e-04 
 2.21819642e+02  5.08078722e-10  5.94690422e-08  1.43534022e-11 -1.27818886e-07 -8.98892107e-11  1.63601642e-08  1.90989562e-10 -1.34520063e-08  1.19456085e+00 -3.14908145e-03 -1.43688219e-01 -1.03887738e-04  7.04253313e-02  6.63520310e-04 
 2.22075168e+02  5.09477340e-10  5.99689860e-08  1.22017467e-11 -1.27826915e-07 -8.85583043e-11  1.62811229e-08  1.88185337e-10 -1.33310270e-08  1.19642258e+00 -3.16807634e-03 -1.43452198e-01 -1.00301489e-04  6.98723324e-02  6.52999655e-04 
 2.22330989e+02  5.10901044e-10  6.04703924e-08  1.00469742e-11 -1.27835790e-07 -8.72484625e-11  1.62029167e-08  1.85431128e-10 -1.32116094e-08  1.19829314e+00 -3.18720282e-03 -1.43218201e-01 -9.67412008e-05  6.93261619e-02  6.42669862e-04 
 2.22587104e+02  5.12349944e-10  6.09732768e-08  7.88894415e-12 -1.27845514e-07 -8.59592077e-11  1.61255332e-08  1.82725814e-10 -1.30937271e-08  1.20017259e+00 -3.20646194e-03 -1.42986213e-01 -9.32061837e-05  6.87867069e-02  6.32526547e-04 
 2.22843515e+02  5.13824151e-10  6.14776549e-08  5.72751624e-12 -1.27856089e-07 -8.46900754e-11  1.60489602e-08  1.80068303e-10 -1.29773544e-08  1.20206103e+00 -3.22585478e-03 -1.42756218e-01 -8.96957647e-05  6.82538570e-02  6.22565447e-04 
 2.23100221e+02  5.15323786e-10  6.19835424e-08  3.56255092e-12 -1.27867518e-07 -8.34406136e-11  1.59731858e-08  1.77457533e-10 -1.28624657e-08  1.20395851e+00 -3.24538242e-03 -1.42528200e-01 -8.62092866e-05  6.77275038e-02  6.12782416e-04 
 2.23357222e+02  5.16848968e-10  6.24909552e-08  1.39390898e-12 -1.27879803e-07 -8.22103825e-11  1.58981983e-08  1.74892471e-10 -1.27490365e-08  1.20586512e+00 -3.26504597e-03 -1.42302145e-01 -8.27461075e-05  6.72075417e-02  6.03173423e-04 
 2.23614520e+02  5.18399827e-10  6.29999091e-08 -7.78548349e-13 -1.27892948e-07 -8.09989543e-11  1.58239865e-08  1.72372111e-10 -1.26370426e-08  1.20778094e+00 -3.28484656e-03 -1.42078037e-01 -7.93056004e-05  6.66938671e-02  5.93734545e-04 
 2.23872114e+02  5.19976493e-10  6.35104202e-08 -2.95495950e-12 -1.27906954e-07 -7.98059122e-11  1.57505390e-08  1.69895474e-10 -1.25264601e-08  1.20970604e+00 -3.30478535e-03 -1.41855862e-01 -7.58871526e-05  6.61863786e-02  5.84461965e-04 
 2.24130005e+02  5.21579101e-10  6.40225046e-08 -5.13546264e-12 -1.27921825e-07 -7.86308509e-11  1.56778450e-08  1.67461607e-10 -1.24172659e-08  1.21164050e+00 -3.32486350e-03 -1.41635606e-01 -7.24901654e-05  6.56849772e-02  5.75351972e-04 
 2.24388192e+02  5.23207793e-10  6.45361785e-08 -7.32019570e-12 -1.27937564e-07 -7.74733754e-11  1.56058938e-08  1.65069584e-10 -1.23094374e-08  1.21358439e+00 -3.34508220e-03 -1.41417255e-01 -6.91140531e-05  6.51895656e-02  5.66400951e-04 
 2.24646678e+02  5.24862713e-10  6.50514581e-08 -9.50929642e-12 -1.27954173e-07 -7.63331014e-11  1.55346750e-08  1.62718500e-10 -1.22029523e-08  1.21553781e+00 -3.36544266e-03 -1.41200797e-01 -6.57582433e-05  6.47000488e-02  5.57605385e-04 
 2.24905461e+02  5.26544010e-10  6.55683599e-08 -1.17029025e-11 -1.27971655e-07 -7.52096542e-11  1.54641781e-08  1.60407477e-10 -1.20977887e-08  1.21750082e+00 -3.38594610e-03 -1.40986219e-01 -6.24221758e-05  6.42163338e-02  5.48961850e-04 
 2.25164542e+02  5.28251837e-10  6.60869003e-08 -1.39011513e-11 -1.27990014e-07 -7.41026693e-11  1.53943933e-08  1.58135656e-10 -1.19939256e-08  1.21947352e+00 -3.40659378e-03 -1.40773506e-01 -5.91053025e-05  6.37383294e-02  5.40467014e-04 
 2.25423921e+02  5.29986353e-10  6.66070960e-08 -1.61041806e-11 -1.28009253e-07 -7.30117912e-11  1.53253106e-08  1.55902205e-10 -1.18913418e-08  1.22145597e+00 -3.42738697e-03 -1.40562649e-01 -5.58070869e-05  6.32659463e-02  5.32117629e-04 
 2.25683600e+02  5.31747720e-10  6.71289637e-08 -1.83121278e-11 -1.28029376e-07 -7.19366737e-11  1.52569205e-08  1.53706309e-10 -1.17900171e-08  1.22344826e+00 -3.44832696e-03 -1.40353633e-01 -5.25270038e-05  6.27990972e-02  5.23910536e-04 
 2.25943577e+02  5.33536104e-10  6.76525203e-08 -2.05251306e-11 -1.28050384e-07 -7.08769793e-11  1.51892134e-08  1.51547176e-10 -1.16899314e-08  1.22545048e+00 -3.46941506e-03 -1.40146448e-01 -4.92645390e-05  6.23376963e-02  5.15842656e-04 
 2.26203854e+02  5.35351677e-10  6.81777827e-08 -2.27433268e-11 -1.28072283e-07 -6.98323793e-11  1.51221802e-08  1.49424036e-10 -1.15910652e-08  1.22746270e+00 -3.49065260e-03 -1.39941082e-01 -4.60191883e-05  6.18816599e-02  5.07910990e-04 
 2.26464431e+02  5.37194614e-10  6.87047680e-08 -2.49668542e-11 -1.28095074e-07 -6.88025530e-11  1.50558118e-08  1.47336134e-10 -1.14933991e-08  1.22948502e+00 -3.51204093e-03 -1.39737524e-01 -4.27904582e-05  6.14309056e-02  5.00112616e-04 
 2.26725308e+02  5.39065095e-10  6.92334934e-08 -2.71958510e-11 -1.28118763e-07 -6.77871879e-11  1.49900992e-08  1.45282738e-10 -1.13969144e-08  1.23151751e+00 -3.53358143e-03 -1.39535763e-01 -3.95778645e-05  6.09853530e-02  4.92444688e-04 
 2.26986485e+02  5.40963305e-10  6.97639763e-08 -2.94304556e-11 -1.28143352e-07 -6.67859791e-11  1.49250338e-08  1.43263133e-10 -1.13015927e-08  1.23356026e+00 -3.55527549e-03 -1.39335788e-01 -3.63809328e-05  6.05449232e-02  4.84904431e-04 
 2.27247964e+02  5.42889431e-10  7.02962340e-08 -3.16708066e-11 -1.28168845e-07 -6.57986296e-11  1.48606071e-08  1.41276622e-10 -1.12074159e-08  1.23561336e+00 -3.57712454e-03 -1.39137590e-01 -3.31991976e-05  6.01095388e-02  4.77489142e-04 
 2.27509743e+02  5.44843667e-10  7.08302841e-08 -3.39170433e-11 -1.28195246e-07 -6.48248494e-11  1.47968106e-08  1.39322526e-10 -1.11143662e-08  1.23767689e+00 -3.59913001e-03 -1.38941158e-01 -3.00322024e-05  5.96791240e-02  4.70196185e-04 
 2.27771824e+02  5.46826211e-10  7.13661445e-08 -3.61693049e-11 -1.28222559e-07 -6.38643558e-11  1.47336363e-08  1.37400180e-10 -1.10224264e-08  1.23975095e+00 -3.62129336e-03 -1.38746483e-01 -2.68794990e-05  5.92536046e-02  4.63022992e-04 
 2.28034207e+02  5.48837265e-10  7.19038329e-08 -3.84277314e-11 -1.28250787e-07 -6.29168728e-11  1.46710760e-08  1.35508939e-10 -1.09315794e-08  1.24183562e+00 -3.64361607e-03 -1.38553555e-01 -2.37406475e-05  5.88329076e-02  4.55967057e-04 
 2.28296892e+02  5.50877034e-10  7.24433673e-08 -4.06924631e-11 -1.28279935e-07 -6.19821312e-11  1.46091219e-08  1.33648172e-10 -1.08418086e-08  1.24393099e+00 -3.66609966e-03 -1.38362364e-01 -2.06152162e-05  5.84169618e-02  4.49025939e-04 
 2.28559880e+02  5.52945731e-10  7.29847658e-08 -4.29636408e-11 -1.28310007e-07 -6.10598683e-11  1.45477662e-08  1.31817265e-10 -1.07530976e-08  1.24603715e+00 -3.68874564e-03 -1.38172902e-01 -1.75027806e-05  5.80056970e-02  4.42197255e-04 
 2.28823171e+02  5.55043571e-10  7.35280469e-08 -4.52414061e-11 -1.28341006e-07 -6.01498277e-11  1.44870014e-08  1.30015615e-10 -1.06654303e-08  1.24815419e+00 -3.71155558e-03 -1.37985160e-01 -1.44029240e-05  5.75990446e-02  4.35478683e-04 
 2.29086765e+02  5.57170773e-10  7.40732288e-08 -4.75259008e-11 -1.28372938e-07 -5.92517590e-11  1.44268201e-08  1.28242639e-10 -1.05787911e-08  1.25028221e+00 -3.73453104e-03 -1.37799129e-01 -1.13152366e-05  5.71969374e-02  4.28867956e-04 
 2.29350663e+02  5.59327563e-10  7.46203301e-08 -4.98172678e-11 -1.28405805e-07 -5.83654179e-11  1.43672149e-08  1.26497764e-10 -1.04931646e-08  1.25242129e+00 -3.75767363e-03 -1.37614801e-01 -8.23931568e-06  5.67993093e-02  4.22362864e-04 
 2.29614865e+02  5.61514170e-10  7.51693696e-08 -5.21156503e-11 -1.28439613e-07 -5.74905657e-11  1.43081787e-08  1.24780433e-10 -1.04085356e-08  1.25457153e+00 -3.78098496e-03 -1.37432169e-01 -5.17476503e-06  5.64060956e-02  4.15961250e-04 
 2.29879371e+02  5.63730827e-10  7.57203662e-08 -5.44211924e-11 -1.28474366e-07 -5.66269693e-11  1.42497046e-08  1.23090100e-10 -1.03248893e-08  1.25673302e+00 -3.80446669e-03 -1.37251224e-01 -2.12119495e-06  5.60172327e-02  4.09661008e-04 
 2.30144182e+02  5.65977773e-10  7.62733389e-08 -5.67340389e-11 -1.28510068e-07 -5.57744011e-11  1.41917856e-08  1.21426235e-10 -1.02422111e-08  1.25890587e+00 -3.82812048e-03 -1.37071958e-01  9.21778081e-07  5.56326583e-02  4.03460086e-04 
 2.30409298e+02  5.68255252e-10  7.68283069e-08 -5.90543356e-11 -1.28546725e-07 -5.49326387e-11  1.41344149e-08  1.19788317e-10 -1.01604869e-08  1.26109016e+00 -3.85194803e-03 -1.36894365e-01  3.95453159e-06  5.52523114e-02  3.97356479e-04 
 2.30674719e+02  5.70563511e-10  7.73852896e-08 -6.13822288e-11 -1.28584340e-07 -5.41014649e-11  1.40775861e-08  1.18175841e-10 -1.00797026e-08  1.26328599e+00 -3.87595106e-03 -1.36718437e-01  6.97743737e-06  5.48761318e-02  3.91348229e-04 
 2.30940446e+02  5.72902804e-10  7.79443065e-08 -6.37178659e-11 -1.28622918e-07 -5.32806674e-11  1.40212925e-08  1.16588311e-10 -9.99984450e-09  1.26549347e+00 -3.90013131e-03 -1.36544167e-01  9.99086161e-06  5.45040609e-02  3.85433426e-04 
 2.31206479e+02  5.75273387e-10  7.85053773e-08 -6.60613952e-11 -1.28662464e-07 -5.24700387e-11  1.39655278e-08  1.15025244e-10 -9.92089908e-09  1.26771268e+00 -3.92449055e-03 -1.36371548e-01  1.29951652e-05  5.41360409e-02  3.79610206e-04 
 2.31472819e+02  5.77675524e-10  7.90685220e-08 -6.84129659e-11 -1.28702984e-07 -5.16693761e-11  1.39102858e-08  1.13486167e-10 -9.84285316e-09  1.26994374e+00 -3.94903059e-03 -1.36200574e-01  1.59907037e-05  5.37720150e-02  3.73876747e-04 
 2.31739465e+02  5.80109481e-10  7.96337605e-08 -7.07727283e-11 -1.28744481e-07 -5.08784814e-11  1.38555603e-08  1.11970619e-10 -9.76569376e-09  1.27218673e+00 -3.97375323e-03 -1.36031239e-01  1.89778280e-05  5.34119277e-02  3.68231270e-04 
 2.32006419e+02  5.82575531e-10  8.02011131e-08 -7.31408337e-11 -1.28786962e-07 -5.00971607e-11  1.38013453e-08  1.10478150e-10 -9.68940814e-09  1.27444177e+00 -3.99866035e-03 -1.35863536e-01  2.19568839e-05  5.30557243e-02  3.62672038e-04 
 2.32273680e+02  5.85073951e-10  8.07706002e-08 -7.55174343e-11 -1.28830430e-07 -4.93252246e-11  1.37476349e-08  1.09008320e-10 -9.61398380e-09  1.27670896e+00 -4.02375380e-03 -1.35697460e-01  2.49282127e-05  5.27033514e-02  3.57197355e-04 
 2.32541249e+02  5.87605024e-10  8.13422425e-08 -7.79026838e-11 -1.28874892e-07 -4.85624878e-11  1.36944233e-08  1.07560697e-10 -9.53940849e-09  1.27898840e+00 -4.04903549e-03 -1.35533004e-01  2.78921513e-05  5.23547563e-02  3.51805563e-04 
 2.32809126e+02  5.90169038e-10  8.19160606e-08 -8.02967367e-11 -1.28920352e-07 -4.78087690e-11  1.36417048e-08  1.06134861e-10 -9.46567015e-09  1.28128019e+00 -4.07450736e-03 -1.35370164e-01  3.08490324e-05  5.20098873e-02  3.46495043e-04 
 2.33077312e+02  5.92766284e-10  8.24920757e-08 -8.26997488e-11 -1.28966816e-07 -4.70638910e-11  1.35894738e-08  1.04730402e-10 -9.39275696e-09  1.28358445e+00 -4.10017136e-03 -1.35208933e-01  3.37991843e-05  5.16686938e-02  3.41264212e-04 
 2.33345806e+02  5.95397060e-10  8.30703089e-08 -8.51118772e-11 -1.29014290e-07 -4.63276803e-11  1.35377249e-08  1.03346918e-10 -9.32065732e-09  1.28590127e+00 -4.12602948e-03 -1.35049308e-01  3.67429316e-05  5.13311260e-02  3.36111524e-04 
 2.33614610e+02  5.98061671e-10  8.36507815e-08 -8.75332802e-11 -1.29062778e-07 -4.55999673e-11  1.34864525e-08  1.01984016e-10 -9.24935982e-09  1.28823077e+00 -4.15208374e-03 -1.34891281e-01  3.96805951e-05  5.09971349e-02  3.31035468e-04 
 2.33883724e+02  6.00760423e-10  8.42335152e-08 -8.99641176e-11 -1.29112287e-07 -4.48805857e-11  1.34356516e-08  1.00641311e-10 -9.17885327e-09  1.29057306e+00 -4.17833618e-03 -1.34734850e-01  4.26124920e-05  5.06666726e-02  3.26034568e-04 
 2.34153148e+02  6.03493632e-10  8.48185317e-08 -9.24045502e-11 -1.29162822e-07 -4.41693732e-11  1.33853168e-08  9.93184290e-11 -9.10912669e-09  1.29292825e+00 -4.20478888e-03 -1.34580009e-01  4.55389359e-05  5.03396920e-02  3.21107378e-04 
 2.34422882e+02  6.06261616e-10  8.54058530e-08 -9.48547405e-11 -1.29214388e-07 -4.34661706e-11  1.33354430e-08  9.80150022e-11 -9.04016927e-09  1.29529644e+00 -4.23144395e-03 -1.34426753e-01  4.84602371e-05  5.00161466e-02  3.16252489e-04 
 2.34692926e+02  6.09064700e-10  8.59955014e-08 -9.73148524e-11 -1.29266993e-07 -4.27708221e-11  1.32860253e-08  9.67306717e-11 -8.97197042e-09  1.29767776e+00 -4.25830351e-03 -1.34275080e-01  5.13767026e-05  4.96959911e-02  3.11468520e-04 
 2.34963282e+02  6.11903216e-10  8.65874992e-08 -9.97850512e-11 -1.29320641e-07 -4.20831752e-11  1.32370588e-08  9.54650861e-11 -8.90451972e-09  1.30007231e+00 -4.28536975e-03 -1.34124983e-01  5.42886367e-05  4.93791808e-02  3.06754121e-04 
 2.35233949e+02  6.14777497e-10  8.71818692e-08 -1.02265504e-10 -1.29375338e-07 -4.14030805e-11  1.31885386e-08  9.42179022e-11 -8.83780694e-09  1.30248022e+00 -4.31264485e-03 -1.33976460e-01  5.71963403e-05  4.90656717e-02  3.02107974e-04 
 2.35504928e+02  6.17687888e-10  8.77786341e-08 -1.04756378e-10 -1.29431092e-07 -4.07303918e-11  1.31404600e-08  9.29887837e-11 -8.77182203e-09  1.30490159e+00 -4.34013104e-03 -1.33829507e-01  6.01001119e-05  4.87554208e-02  2.97528787e-04 
 2.35776220e+02  6.20634735e-10  8.83778171e-08 -1.07257845e-10 -1.29487907e-07 -4.00649658e-11  1.30928182e-08  9.17774019e-11 -8.70655511e-09  1.30733655e+00 -4.36783059e-03 -1.33684120e-01  6.30002470e-05  4.84483857e-02  2.93015298e-04 
 2.36047823e+02  6.23618392e-10  8.89794414e-08 -1.09770075e-10 -1.29545791e-07 -3.94066621e-11  1.30456089e-08  9.05834352e-11 -8.64199649e-09  1.30978522e+00 -4.39574580e-03 -1.33540296e-01  6.58970390e-05  4.81445247e-02  2.88566273e-04 
 2.36319740e+02  6.26639218e-10  8.95835307e-08 -1.12293243e-10 -1.29604749e-07 -3.87553432e-11  1.29988274e-08  8.94065688e-11 -8.57813664e-09  1.31224771e+00 -4.42387899e-03 -1.33398031e-01  6.87907784e-05  4.78437970e-02  2.84180503e-04 
 2.36591970e+02  6.29697579e-10  9.01901087e-08 -1.14827522e-10 -1.29664789e-07 -3.81108742e-11  1.29524694e-08  8.82464947e-11 -8.51496618e-09  1.31472414e+00 -4.45223253e-03 -1.33257323e-01  7.16817538e-05  4.75461623e-02  2.79856807e-04 
 2.36864513e+02  6.32793847e-10  9.07991995e-08 -1.17373091e-10 -1.29725916e-07 -3.74731231e-11  1.29065304e-08  8.71029113e-11 -8.45247592e-09  1.31721465e+00 -4.48080881e-03 -1.33118168e-01  7.45702514e-05  4.72515812e-02  2.75594029e-04 
 2.37137371e+02  6.35928400e-10  9.14108274e-08 -1.19930127e-10 -1.29788137e-07 -3.68419603e-11  1.28610064e-08  8.59755237e-11 -8.39065681e-09  1.31971934e+00 -4.50961027e-03 -1.32980564e-01  7.74565554e-05  4.69600149e-02  2.71391035e-04 
 2.37410542e+02  6.39101622e-10  9.20250168e-08 -1.22498811e-10 -1.29851459e-07 -3.62172589e-11  1.28158930e-08  8.48640428e-11 -8.32949995e-09  1.32223836e+00 -4.53863937e-03 -1.32844508e-01  8.03409481e-05  4.66714251e-02  2.67246719e-04 
 2.37684029e+02  6.42313903e-10  9.26417925e-08 -1.25079326e-10 -1.29915890e-07 -3.55988945e-11  1.27711863e-08  8.37681861e-11 -8.26899661e-09  1.32477183e+00 -4.56789862e-03 -1.32709997e-01  8.32237100e-05  4.63857744e-02  2.63159997e-04 
 2.37957830e+02  6.45565641e-10  9.32611796e-08 -1.27671856e-10 -1.29981435e-07 -3.49867449e-11  1.27268820e-08  8.26876765e-11 -8.20913821e-09  1.32731986e+00 -4.59739056e-03 -1.32577030e-01  8.61051198e-05  4.61030259e-02  2.59129808e-04 
 2.38231947e+02  6.48857239e-10  9.38832035e-08 -1.30276586e-10 -1.30048102e-07 -3.43806905e-11  1.26829764e-08  8.16222430e-11 -8.14991629e-09  1.32988260e+00 -4.62711776e-03 -1.32445604e-01  8.89854546e-05  4.58231434e-02  2.55155112e-04 
 2.38506380e+02  6.52189108e-10  9.45078895e-08 -1.32893707e-10 -1.30115898e-07 -3.37806137e-11  1.26394654e-08  8.05716202e-11 -8.09132256e-09  1.33246018e+00 -4.65708285e-03 -1.32315717e-01  9.18649899e-05  4.55460912e-02  2.51234892e-04 
 2.38781128e+02  6.55561665e-10  9.51352637e-08 -1.35523407e-10 -1.30184830e-07 -3.31863994e-11  1.25963454e-08  7.95355480e-11 -8.03334886e-09  1.33505272e+00 -4.68728848e-03 -1.32187368e-01  9.47440002e-05  4.52718344e-02  2.47368152e-04 
 2.39056194e+02  6.58975334e-10  9.57653520e-08 -1.38165880e-10 -1.30254906e-07 -3.25979344e-11  1.25536124e-08  7.85137719e-11 -7.97598716e-09  1.33766037e+00 -4.71773733e-03 -1.32060554e-01  9.76227581e-05  4.50003384e-02  2.43553917e-04 
 2.39331576e+02  6.62430546e-10  9.63981810e-08 -1.40821321e-10 -1.30326133e-07 -3.20151079e-11  1.25112629e-08  7.75060425e-11 -7.91922958e-09  1.34028325e+00 -4.74843216e-03 -1.31935275e-01  1.00501536e-04  4.47315694e-02  2.39791231e-04 
 2.39607275e+02  6.65927740e-10  9.70337771e-08 -1.43489926e-10 -1.30398519e-07 -3.14378108e-11  1.24692931e-08  7.65121154e-11 -7.86306835e-09  1.34292151e+00 -4.77937571e-03 -1.31811528e-01  1.03380603e-04  4.44654942e-02  2.36079160e-04 
 2.39883292e+02  6.69467360e-10  9.76721675e-08 -1.46171895e-10 -1.30472071e-07 -3.08659363e-11  1.24276996e-08  7.55317513e-11 -7.80749585e-09  1.34557527e+00 -4.81057082e-03 -1.31689313e-01  1.06260230e-04  4.42020799e-02  2.32416786e-04 
 2.40159627e+02  6.73049860e-10  9.83133793e-08 -1.48867429e-10 -1.30546796e-07 -3.02993794e-11  1.23864788e-08  7.45647157e-11 -7.75250459e-09  1.34824470e+00 -4.84202034e-03 -1.31568628e-01  1.09140686e-04  4.39412944e-02  2.28803211e-04 
 2.40436280e+02  6.76675699e-10  9.89574401e-08 -1.51576733e-10 -1.30622704e-07 -2.97380370e-11  1.23456274e-08  7.36107789e-11 -7.69808717e-09  1.35092991e+00 -4.87372717e-03 -1.31449473e-01  1.12022238e-04  4.36831060e-02  2.25237556e-04 
 2.40713252e+02  6.80345346e-10  9.96043777e-08 -1.54300013e-10 -1.30699801e-07 -2.91818078e-11  1.23051418e-08  7.26697157e-11 -7.64423635e-09  1.35363106e+00 -4.90569424e-03 -1.31331847e-01  1.14905153e-04  4.34274836e-02  2.21718959e-04 
 2.40990543e+02  6.84059275e-10  1.00254220e-07 -1.57037477e-10 -1.30778097e-07 -2.86305925e-11  1.22650189e-08  7.17413054e-11 -7.59094499e-09  1.35634830e+00 -4.93792455e-03 -1.31215749e-01  1.17789699e-04  4.31743965e-02  2.18246575e-04 
 2.41268153e+02  6.87817970e-10  1.00906996e-07 -1.59789338e-10 -1.30857598e-07 -2.80842932e-11  1.22252553e-08  7.08253319e-11 -7.53820607e-09  1.35908177e+00 -4.97042112e-03 -1.31101178e-01  1.20676141e-04  4.29238146e-02  2.14819577e-04 
 2.41546083e+02  6.91621923e-10  1.01562735e-07 -1.62555810e-10 -1.30938314e-07 -2.75428141e-11  1.21858478e-08  6.99215831e-11 -7.48601268e-09  1.36183161e+00 -5.00318704e-03 -1.30988135e-01  1.23564745e-04  4.26757083e-02  2.11437153e-04 
 2.41824334e+02  6.95471631e-10  1.02221464e-07 -1.65337108e-10 -1.31020253e-07 -2.70060606e-11  1.21467934e-08  6.90298513e-11 -7.43435804e-09  1.36459798e+00 -5.03622542e-03 -1.30876619e-01  1.26455775e-04  4.24300484e-02  2.08098508e-04 
 2.42102905e+02  6.99367602e-10  1.02883214e-07 -1.68133453e-10 -1.31103423e-07 -2.64739401e-11  1.21080888e-08  6.81499327e-11 -7.38323545e-09  1.36738103e+00 -5.06953943e-03 -1.30766630e-01  1.29349498e-04  4.21868062e-02  2.04802861e-04 
 2.42381796e+02  7.03310353e-10  1.03548015e-07 -1.70945067e-10 -1.31187833e-07 -2.59463614e-11  1.20697311e-08  6.72816278e-11 -7.33263835e-09  1.37018091e+00 -5.10313229e-03 -1.30658168e-01  1.32246178e-04  4.19459535e-02  2.01549450e-04 
 2.42661010e+02  7.07300408e-10  1.04215897e-07 -1.73772175e-10 -1.31273492e-07 -2.54232348e-11  1.20317173e-08  6.64247406e-11 -7.28256027e-09  1.37299778e+00 -5.13700727e-03 -1.30551234e-01  1.35146079e-04  4.17074626e-02  1.98337525e-04 
 2.42940544e+02  7.11338298e-10  1.04886889e-07 -1.76615004e-10 -1.31360409e-07 -2.49044722e-11  1.19940444e-08  6.55790792e-11 -7.23299483e-09  1.37583180e+00 -5.17116768e-03 -1.30445827e-01  1.38049467e-04  4.14713061e-02  1.95166350e-04 
 2.43220401e+02  7.15424566e-10  1.05561023e-07 -1.79473786e-10 -1.31448592e-07 -2.43899868e-11  1.19567096e-08  6.47444554e-11 -7.18393579e-09  1.37868312e+00 -5.20561688e-03 -1.30341949e-01  1.40956606e-04  4.12374572e-02  1.92035204e-04 
 2.43500580e+02  7.19559763e-10  1.06238330e-07 -1.82348754e-10 -1.31538051e-07 -2.38796933e-11  1.19197100e-08  6.39206843e-11 -7.13537697e-09  1.38155191e+00 -5.24035829e-03 -1.30239599e-01  1.43867761e-04  4.10058895e-02  1.88943382e-04 
 2.43781082e+02  7.23744446e-10  1.06918841e-07 -1.85240145e-10 -1.31628796e-07 -2.33735078e-11  1.18830429e-08  6.31075850e-11 -7.08731232e-09  1.38443832e+00 -5.27539539e-03 -1.30138780e-01  1.46783199e-04  4.07765768e-02  1.85890190e-04 
 2.44061907e+02  7.27979187e-10  1.07602589e-07 -1.88148200e-10 -1.31720834e-07 -2.28713477e-11  1.18467055e-08  6.23049798e-11 -7.03973585e-09  1.38734253e+00 -5.31073168e-03 -1.30039491e-01  1.49703183e-04  4.05494937e-02  1.82874947e-04 
 2.44343055e+02  7.32264562e-10  1.08289605e-07 -1.91073161e-10 -1.31814177e-07 -2.23731316e-11  1.18106952e-08  6.15126944e-11 -6.99264171e-09  1.39026470e+00 -5.34637075e-03 -1.29941734e-01  1.52627981e-04  4.03246149e-02  1.79896986e-04 
 2.44624528e+02  7.36601159e-10  1.08979922e-07 -1.94015274e-10 -1.31908834e-07 -2.18787795e-11  1.17750093e-08  6.07305579e-11 -6.94602411e-09  1.39320499e+00 -5.38231623e-03 -1.29845510e-01  1.55557859e-04  4.01019156e-02  1.76955653e-04 
 2.44906324e+02  7.40989576e-10  1.09673573e-07 -1.96974791e-10 -1.32004814e-07 -2.13882126e-11  1.17396452e-08  5.99584024e-11 -6.89987736e-09  1.39616359e+00 -5.41857181e-03 -1.29750821e-01  1.58493084e-04  3.98813714e-02  1.74050304e-04 
 2.45188445e+02  7.45430419e-10  1.10370592e-07 -1.99951963e-10 -1.32102127e-07 -2.09013532e-11  1.17046004e-08  5.91960635e-11 -6.85419585e-09  1.39914065e+00 -5.45514122e-03 -1.29657668e-01  1.61433925e-04  3.96629584e-02  1.71180311e-04 
 2.45470892e+02  7.49924307e-10  1.11071012e-07 -2.02947047e-10 -1.32200784e-07 -2.04181249e-11  1.16698723e-08  5.84433795e-11 -6.80897409e-09  1.40213637e+00 -5.49202827e-03 -1.29566052e-01  1.64380649e-04  3.94466528e-02  1.68345053e-04 
 2.45753663e+02  7.54471866e-10  1.11774867e-07 -2.05960304e-10 -1.32300794e-07 -1.99384523e-11  1.16354587e-08  5.77001920e-11 -6.76420663e-09  1.40515090e+00 -5.52923683e-03 -1.29475976e-01  1.67333527e-04  3.92324314e-02  1.65543924e-04 
 2.46036760e+02  7.59073735e-10  1.12482191e-07 -2.08991996e-10 -1.32402168e-07 -1.94622612e-11  1.16013569e-08  5.69663454e-11 -6.71988815e-09  1.40818444e+00 -5.56677080e-03 -1.29387442e-01  1.70292828e-04  3.90202713e-02  1.62776327e-04 
 2.46320184e+02  7.63730563e-10  1.13193021e-07 -2.12042393e-10 -1.32504917e-07 -1.89894785e-11  1.15675647e-08  5.62416870e-11 -6.67601337e-09  1.41123717e+00 -5.60463417e-03 -1.29300451e-01  1.73258825e-04  3.88101500e-02  1.60041676e-04 
 2.46603934e+02  7.68443008e-10  1.13907391e-07 -2.15111764e-10 -1.32609051e-07 -1.85200319e-11  1.15340798e-08  5.55260670e-11 -6.63257713e-09  1.41430926e+00 -5.64283100e-03 -1.29215006e-01  1.76231790e-04  3.86020453e-02  1.57339398e-04 
 2.46888010e+02  7.73211741e-10  1.14625337e-07 -2.18200385e-10 -1.32714580e-07 -1.80538505e-11  1.15008999e-08  5.48193382e-11 -6.58957432e-09  1.41740090e+00 -5.68136537e-03 -1.29131110e-01  1.79211996e-04  3.83959354e-02  1.54668928e-04 
 2.47172415e+02  7.78037444e-10  1.15346895e-07 -2.21308534e-10 -1.32821517e-07 -1.75908640e-11  1.14680226e-08  5.41213561e-11 -6.54699993e-09  1.42051229e+00 -5.72024147e-03 -1.29048764e-01  1.82199719e-04  3.81917986e-02  1.52029711e-04 
 2.47457146e+02  7.82920810e-10  1.16072102e-07 -2.24436495e-10 -1.32929871e-07 -1.71310032e-11  1.14354460e-08  5.34319789e-11 -6.50484901e-09  1.42364360e+00 -5.75946354e-03 -1.28967972e-01  1.85195235e-04  3.79896140e-02  1.49421203e-04 
 2.47742206e+02  7.87862543e-10  1.16800995e-07 -2.27584554e-10 -1.33039654e-07 -1.66742000e-11  1.14031677e-08  5.27510674e-11 -6.46311671e-09  1.42679505e+00 -5.79903588e-03 -1.28888736e-01  1.88198823e-04  3.77893607e-02  1.46842869e-04 
 2.48027594e+02  7.92863360e-10  1.17533613e-07 -2.30753002e-10 -1.33150877e-07 -1.62203869e-11  1.13711857e-08  5.20784847e-11 -6.42179822e-09  1.42996681e+00 -5.83896285e-03 -1.28811060e-01  1.91210760e-04  3.75910180e-02  1.44294185e-04 
 2.48313311e+02  7.97923989e-10  1.18269991e-07 -2.33942135e-10 -1.33263553e-07 -1.57694975e-11  1.13394979e-08  5.14140965e-11 -6.38088884e-09  1.43315909e+00 -5.87924892e-03 -1.28734946e-01  1.94231330e-04  3.73945659e-02  1.41774634e-04 
 2.48599356e+02  8.03045171e-10  1.19010171e-07 -2.37152251e-10 -1.33377691e-07 -1.53214661e-11  1.13081022e-08  5.07577710e-11 -6.34038391e-09  1.43637209e+00 -5.91989859e-03 -1.28660399e-01  1.97260813e-04  3.71999845e-02  1.39283709e-04 
 2.48885732e+02  8.08227661e-10  1.19754189e-07 -2.40383656e-10 -1.33493306e-07 -1.48762280e-11  1.12769967e-08  5.01093786e-11 -6.30027886e-09  1.43960601e+00 -5.96091644e-03 -1.28587420e-01  2.00299495e-04  3.70072542e-02  1.36820911e-04 
 2.49172437e+02  8.13472223e-10  1.20502087e-07 -2.43636658e-10 -1.33610408e-07 -1.44337192e-11  1.12461795e-08  4.94687919e-11 -6.26056919e-09  1.44286106e+00 -6.00230714e-03 -1.28516015e-01  2.03347662e-04  3.68163558e-02  1.34385752e-04 
 2.49459473e+02  8.18779636e-10  1.21253903e-07 -2.46911568e-10 -1.33729009e-07 -1.39938763e-11  1.12156485e-08  4.88358859e-11 -6.22125045e-09  1.44613744e+00 -6.04407542e-03 -1.28446186e-01  2.06405602e-04  3.66272701e-02  1.31977749e-04 
 2.49746839e+02  8.24150694e-10  1.22009678e-07 -2.50208707e-10 -1.33849122e-07 -1.35566369e-11  1.11854019e-08  4.82105377e-11 -6.18231828e-09  1.44943536e+00 -6.08622609e-03 -1.28377938e-01  2.09473606e-04  3.64399787e-02  1.29596430e-04 
 2.50034536e+02  8.29586202e-10  1.22769454e-07 -2.53528394e-10 -1.33970760e-07 -1.31219393e-11  1.11554378e-08  4.75926267e-11 -6.14376837e-09  1.45275505e+00 -6.12876405e-03 -1.28311275e-01  2.12551966e-04  3.62544630e-02  1.27241329e-04 
 2.50322565e+02  8.35086980e-10  1.23533272e-07 -2.56870959e-10 -1.34093935e-07 -1.26897224e-11  1.11257545e-08  4.69820343e-11 -6.10559649e-09  1.45609670e+00 -6.17169426e-03 -1.28246200e-01  2.15640977e-04  3.60707050e-02  1.24911989e-04 
 2.50610925e+02  8.40653861e-10  1.24301173e-07 -2.60236734e-10 -1.34218661e-07 -1.22599258e-11  1.10963502e-08  4.63786437e-11 -6.06779845e-09  1.45946055e+00 -6.21502178e-03 -1.28182719e-01  2.18740936e-04  3.58886868e-02  1.22607961e-04 
 2.50899618e+02  8.46287693e-10  1.25073201e-07 -2.63626054e-10 -1.34344949e-07 -1.18324899e-11  1.10672230e-08  4.57823405e-11 -6.03037014e-09  1.46284682e+00 -6.25875173e-03 -1.28120836e-01  2.21852143e-04  3.57083909e-02  1.20328801e-04 
 2.51188643e+02  8.51989340e-10  1.25849399e-07 -2.67039265e-10 -1.34472814e-07 -1.14073555e-11  1.10383714e-08  4.51930121e-11 -5.99330752e-09  1.46625572e+00 -6.30288933e-03 -1.28060555e-01  2.24974899e-04  3.55297999e-02  1.18074075e-04 
 2.51478001e+02  8.57759677e-10  1.26629810e-07 -2.70476712e-10 -1.34602268e-07 -1.09844642e-11  1.10097936e-08  4.46105477e-11 -5.95660659e-09  1.46968749e+00 -6.34743988e-03 -1.28001881e-01  2.28109509e-04  3.53528970e-02  1.15843356e-04 
 2.51767693e+02  8.63599598e-10  1.27414478e-07 -2.73938749e-10 -1.34733326e-07 -1.05637581e-11  1.09814880e-08  4.40348386e-11 -5.92026341e-09  1.47314236e+00 -6.39240878e-03 -1.27944820e-01  2.31256280e-04  3.51776652e-02  1.13636221e-04 
 2.52057718e+02  8.69510012e-10  1.28203449e-07 -2.77425736e-10 -1.34866001e-07 -1.01451801e-11  1.09534530e-08  4.34657777e-11 -5.88427412e-09  1.47662056e+00 -6.43780151e-03 -1.27889377e-01  2.34415523e-04  3.50040881e-02  1.11452257e-04 
 2.52348077e+02  8.75491841e-10  1.28996768e-07 -2.80938035e-10 -1.35000308e-07 -9.72867323e-12  1.09256870e-08  4.29032599e-11 -5.84863490e-09  1.48012232e+00 -6.48362363e-03 -1.27835556e-01  2.37587550e-04  3.48321494e-02  1.09291056e-04 
 2.52638771e+02  8.81546025e-10  1.29794480e-07 -2.84476018e-10 -1.35136259e-07 -9.31418143e-12  1.08981885e-08  4.23471817e-11 -5.81334200e-09  1.48364790e+00 -6.52988081e-03 -1.27783364e-01  2.40772677e-04  3.46618332e-02  1.07152217e-04 
 2.52929800e+02  8.87673522e-10  1.30596632e-07 -2.88040059e-10 -1.35273871e-07 -8.90164901e-12  1.08709560e-08  4.17974414e-11 -5.77839170e-09  1.48719752e+00 -6.57657880e-03 -1.27732805e-01  2.43971223e-04  3.44931236e-02  1.05035346e-04 
 2.53221164e+02  8.93875303e-10  1.31403273e-07 -2.91630542e-10 -1.35413157e-07 -8.49102079e-12  1.08439880e-08  4.12539390e-11 -5.74378036e-09  1.49077143e+00 -6.62372347e-03 -1.27683887e-01  2.47183510e-04  3.43260051e-02  1.02940052e-04 
 2.53512863e+02  9.00152360e-10  1.32214448e-07 -2.95247853e-10 -1.35554133e-07 -8.08224205e-12  1.08172830e-08  4.07165760e-11 -5.70950439e-09  1.49436990e+00 -6.67132076e-03 -1.27636614e-01  2.50409864e-04  3.41604625e-02  1.00865955e-04 
 2.53804899e+02  9.06505699e-10  1.33030208e-07 -2.98892388e-10 -1.35696812e-07 -7.67525856e-12  1.07908397e-08  4.01852557e-11 -5.67556024e-09  1.49799316e+00 -6.71937673e-03 -1.27590994e-01  2.53650614e-04  3.39964807e-02  9.88126762e-05 
 2.54097271e+02  9.12936346e-10  1.33850600e-07 -3.02564545e-10 -1.35841211e-07 -7.27001651e-12  1.07646567e-08  3.96598828e-11 -5.64194442e-09  1.50164147e+00 -6.76789754e-03 -1.27547032e-01  2.56906092e-04  3.38340448e-02  9.67798454e-05 
 2.54389979e+02  9.19445345e-10  1.34675675e-07 -3.06264733e-10 -1.35987346e-07 -6.86646252e-12  1.07387326e-08  3.91403638e-11 -5.60865351e-09  1.50531510e+00 -6.81688944e-03 -1.27504735e-01  2.60176633e-04  3.36731404e-02  9.47670969e-05 
 2.54683025e+02  9.26033756e-10  1.35505484e-07 -3.09993365e-10 -1.36135230e-07 -6.46454359e-12  1.07130661e-08  3.86266063e-11 -5.57568411e-09  1.50901431e+00 -6.86635880e-03 -1.27464109e-01  2.63462578e-04  3.35137530e-02  9.27740706e-05 
 2.54976409e+02  9.32702662e-10  1.36340076e-07 -3.13750860e-10 -1.36284882e-07 -6.06420714e-12  1.06876559e-08  3.81185198e-11 -5.54303287e-09  1.51273935e+00 -6.91631210e-03 -1.27425162e-01  2.66764270e-04  3.33558684e-02  9.08004118e-05 
 2.55270130e+02  9.39453163e-10  1.37179505e-07 -3.17537647e-10 -1.36436316e-07 -5.66540093e-12  1.06625008e-08  3.76160149e-11 -5.51069653e-09  1.51649052e+00 -6.96675593e-03 -1.27387901e-01  2.70082056e-04  3.31994728e-02  8.88457709e-05 
 2.55564190e+02  9.46286377e-10  1.38023823e-07 -3.21354160e-10 -1.36589549e-07 -5.26807308e-12  1.06375995e-08  3.71190038e-11 -5.47867183e-09  1.52026807e+00 -7.01769699e-03 -1.27352333e-01  2.73416287e-04  3.30445523e-02  8.69098036e-05 
 2.55858589e+02  9.53203446e-10  1.38873082e-07 -3.25200839e-10 -1.36744598e-07 -4.87217204e-12  1.06129509e-08  3.66274000e-11 -5.44695558e-09  1.52407229e+00 -7.06914209e-03 -1.27318464e-01  2.76767320e-04  3.28910936e-02  8.49921704e-05 
 2.56153326e+02  9.60205529e-10  1.39727337e-07 -3.29078134e-10 -1.36901480e-07 -4.47764656e-12  1.05885538e-08  3.61411185e-11 -5.41554464e-09  1.52790346e+00 -7.12109817e-03 -1.27286304e-01  2.80135514e-04  3.27390833e-02  8.30925364e-05 
 2.56448404e+02  9.67293808e-10  1.40586643e-07 -3.32986500e-10 -1.37060211e-07 -4.08444571e-12  1.05644070e-08  3.56600753e-11 -5.38443591e-09  1.53176186e+00 -7.17357229e-03 -1.27255859e-01  2.83521233e-04  3.25885083e-02  8.12105718e-05 
 2.56743821e+02  9.74469485e-10  1.41451055e-07 -3.36926403e-10 -1.37220809e-07 -3.69251882e-12  1.05405095e-08  3.51841880e-11 -5.35362633e-09  1.53564778e+00 -7.22657162e-03 -1.27227139e-01  2.86924846e-04  3.24393558e-02  7.93459513e-05 
 2.57039578e+02  9.81733786e-10  1.42320629e-07 -3.40898313e-10 -1.37383292e-07 -3.30181549e-12  1.05168601e-08  3.47133755e-11 -5.32311289e-09  1.53956152e+00 -7.28010347e-03 -1.27200150e-01  2.90346727e-04  3.22916129e-02  7.74983538e-05 
 2.57335676e+02  9.89087957e-10  1.43195422e-07 -3.44902710e-10 -1.37547677e-07 -2.91228557e-12  1.04934578e-08  3.42475575e-11 -5.29289264e-09  1.54350338e+00 -7.33417527e-03 -1.27174901e-01  2.93787253e-04  3.21452673e-02  7.56674629e-05 
 2.57632116e+02  9.96533268e-10  1.44075493e-07 -3.48940082e-10 -1.37713983e-07 -2.52387913e-12  1.04703017e-08  3.37866554e-11 -5.26296263e-09  1.54747365e+00 -7.38879459e-03 -1.27151401e-01  2.97246808e-04  3.20003066e-02  7.38529663e-05 
 2.57928896e+02  1.00407101e-09  1.44960899e-07 -3.53010926e-10 -1.37882228e-07 -2.13654646e-12  1.04473906e-08  3.33305915e-11 -5.23332001e-09  1.55147265e+00 -7.44396913e-03 -1.27129659e-01  3.00725780e-04  3.18567187e-02  7.20545559e-05 
 2.58226019e+02  1.01170250e-09  1.45851700e-07 -3.57115745e-10 -1.38052430e-07 -1.75023803e-12  1.04247237e-08  3.28792894e-11 -5.20396192e-09  1.55550068e+00 -7.49970671e-03 -1.27109683e-01  3.04224561e-04  3.17144917e-02  7.02719276e-05 
 2.58523484e+02  1.01942909e-09  1.46747957e-07 -3.61255054e-10 -1.38224609e-07 -1.36490452e-12  1.04023000e-08  3.24326738e-11 -5.17488558e-09  1.55955806e+00 -7.55601532e-03 -1.27091483e-01  3.07743552e-04  3.15736139e-02  6.85047813e-05 
 2.58821292e+02  1.02725213e-09  1.47649730e-07 -3.65429374e-10 -1.38398784e-07 -9.80496732e-13  1.03801185e-08  3.19906704e-11 -5.14608822e-09  1.56364510e+00 -7.61290307e-03 -1.27075069e-01  3.11283154e-04  3.14340737e-02  6.67528207e-05 
 2.59119442e+02  1.03517301e-09  1.48557082e-07 -3.69639237e-10 -1.38574974e-07 -5.96965650e-13  1.03581785e-08  3.15532060e-11 -5.11756714e-09  1.56776215e+00 -7.67037823e-03 -1.27060449e-01  3.14843779e-04  3.12958596e-02  6.50157531e-05 
 2.59417936e+02  1.04319317e-09  1.49470075e-07 -3.73885184e-10 -1.38753199e-07 -2.14262369e-13  1.03364791e-08  3.11202087e-11 -5.08931965e-09  1.57190951e+00 -7.72844920e-03 -1.27047634e-01  3.18425842e-04  3.11589606e-02  6.32932898e-05 
 2.59716774e+02  1.05131403e-09  1.50388773e-07 -3.78167765e-10 -1.38933480e-07  1.67661899e-13  1.03150194e-08  3.06916074e-11 -5.06134313e-09  1.57608753e+00 -7.78712455e-03 -1.27036633e-01  3.22029762e-04  3.10233657e-02  6.15851453e-05 
 2.60015956e+02  1.05953707e-09  1.51313242e-07 -3.82487539e-10 -1.39115836e-07  5.48855847e-13  1.02937987e-08  3.02673320e-11 -5.03363497e-09  1.58029654e+00 -7.84641300e-03 -1.27027458e-01  3.25655969e-04  3.08890639e-02  5.98910376e-05 
 2.60315483e+02  1.06786378e-09  1.52243546e-07 -3.86845076e-10 -1.39300289e-07  9.29368082e-13  1.02728162e-08  2.98473134e-11 -5.00619262e-09  1.58453689e+00 -7.90632343e-03 -1.27020118e-01  3.29304895e-04  3.07560446e-02  5.82106882e-05 
 2.60615355e+02  1.07629570e-09  1.53179752e-07 -3.91240957e-10 -1.39486858e-07  1.30924715e-12  1.02520711e-08  2.94314837e-11 -4.97901355e-09  1.58880893e+00 -7.96686488e-03 -1.27014624e-01  3.32976980e-04  3.06242973e-02  5.65438218e-05 
 2.60915572e+02  1.08483438e-09  1.54121928e-07 -3.95675771e-10 -1.39675567e-07  1.68854155e-12  1.02315627e-08  2.90197758e-11 -4.95209528e-09  1.59311300e+00 -8.02804655e-03 -1.27010987e-01  3.36672670e-04  3.04938117e-02  5.48901661e-05 
 2.61216135e+02  1.09348140e-09  1.55070142e-07 -4.00150120e-10 -1.39866436e-07  2.06729974e-12  1.02112904e-08  2.86121233e-11 -4.92543536e-09  1.59744947e+00 -8.08987783e-03 -1.27009218e-01  3.40392418e-04  3.03645776e-02  5.32494521e-05 
 2.61517045e+02  1.10223838e-09  1.56024465e-07 -4.04664614e-10 -1.40059487e-07  2.44557018e-12  1.01912535e-08  2.82084610e-11 -4.89903137e-09  1.60181871e+00 -8.15236825e-03 -1.27009330e-01  3.44136683e-04  3.02365850e-02  5.16214137e-05 
 2.61818301e+02  1.11110696e-09  1.56984965e-07 -4.09219877e-10 -1.40254743e-07  2.82340132e-12  1.01714513e-08  2.78087245e-11 -4.87288095e-09  1.60622108e+00 -8.21552755e-03 -1.27011332e-01  3.47905934e-04  3.01098241e-02  5.00057876e-05 
 2.62119904e+02  1.12008883e-09  1.57951716e-07 -4.13816542e-10 -1.40452227e-07  3.20084162e-12  1.01518834e-08  2.74128502e-11 -4.84698175e-09  1.61065695e+00 -8.27936563e-03 -1.27015238e-01  3.51700642e-04  2.99842852e-02  4.84023135e-05 
 2.62421854e+02  1.12918569e-09  1.58924790e-07 -4.18455256e-10 -1.40651961e-07  3.57793959e-12  1.01325490e-08  2.70207755e-11 -4.82133146e-09  1.61512671e+00 -8.34389259e-03 -1.27021059e-01  3.55521291e-04  2.98599588e-02  4.68107337e-05 
 2.62724153e+02  1.13839929e-09  1.59904261e-07 -4.23136675e-10 -1.40853968e-07  3.95474378e-12  1.01134476e-08  2.66324384e-11 -4.79592781e-09  1.61963074e+00 -8.40911871e-03 -1.27028808e-01  3.59368368e-04  2.97368355e-02  4.52307932e-05 
 2.63026799e+02  1.14773139e-09  1.60890203e-07 -4.27861469e-10 -1.41058273e-07  4.33130281e-12  1.00945787e-08  2.62477779e-11 -4.77076856e-09  1.62416944e+00 -8.47505446e-03 -1.27038497e-01  3.63242370e-04  2.96149062e-02  4.36622395e-05 
 2.63329794e+02  1.15718382e-09  1.61882693e-07 -4.32630320e-10 -1.41264900e-07  4.70766540e-12  1.00759419e-08  2.58667337e-11 -4.74585151e-09  1.62874321e+00 -8.54171052e-03 -1.27050140e-01  3.67143803e-04  2.94941617e-02  4.21048226e-05 
 2.63633139e+02  1.16675842e-09  1.62881807e-07 -4.37443922e-10 -1.41473873e-07  5.08388033e-12  1.00575366e-08  2.54892462e-11 -4.72117448e-09  1.63335244e+00 -8.60909777e-03 -1.27063750e-01  3.71073178e-04  2.93745932e-02  4.05582948e-05 
 2.63936832e+02  1.17645707e-09  1.63887625e-07 -4.42302984e-10 -1.41685218e-07  5.45999655e-12  1.00393625e-08  2.51152567e-11 -4.69673532e-09  1.63799755e+00 -8.67722728e-03 -1.27079339e-01  3.75031016e-04  2.92561920e-02  3.90224110e-05 
 2.64240876e+02  1.18628170e-09  1.64900225e-07 -4.47208225e-10 -1.41898958e-07  5.83606310e-12  1.00214191e-08  2.47447072e-11 -4.67253194e-09  1.64267895e+00 -8.74611035e-03 -1.27096922e-01  3.79017848e-04  2.91389494e-02  3.74969280e-05 
 2.64545269e+02  1.19623425e-09  1.65919689e-07 -4.52160380e-10 -1.42115121e-07  6.21212921e-12  1.00037059e-08  2.43775403e-11 -4.64856226e-09  1.64739707e+00 -8.81575851e-03 -1.27116512e-01  3.83034211e-04  2.90228569e-02  3.59816050e-05 
 2.64850014e+02  1.20631673e-09  1.66946098e-07 -4.57160197e-10 -1.42333731e-07  6.58824425e-12  9.98622279e-09  2.40136993e-11 -4.62482422e-09  1.65215234e+00 -8.88618347e-03 -1.27138125e-01  3.87080653e-04  2.89079064e-02  3.44762031e-05 
 2.65155109e+02  1.21653118e-09  1.67979536e-07 -4.62208439e-10 -1.42554817e-07  6.96445780e-12  9.96896928e-09  2.36531284e-11 -4.60131582e-09  1.65694520e+00 -8.95739720e-03 -1.27161774e-01  3.91157731e-04  2.87940895e-02  3.29804854e-05 
 2.65460556e+02  1.22687966e-09  1.69020088e-07 -4.67305883e-10 -1.42778403e-07  7.34081962e-12  9.95194510e-09  2.32957722e-11 -4.57803506e-09  1.66177608e+00 -9.02941189e-03 -1.27187475e-01  3.95266010e-04  2.86813984e-02  3.14942172e-05 
 2.65766355e+02  1.23736430e-09  1.70067838e-07 -4.72453320e-10 -1.43004519e-07  7.71737974e-12  9.93514999e-09  2.29415760e-11 -4.55498000e-09  1.66664543e+00 -9.10223998e-03 -1.27215242e-01  3.99406067e-04  2.85698252e-02  3.00171652e-05 
 2.66072506e+02  1.24798726e-09  1.71122875e-07 -4.77651557e-10 -1.43233191e-07  8.09418837e-12  9.91858369e-09  2.25904859e-11 -4.53214872e-09  1.67155372e+00 -9.17589414e-03 -1.27245091e-01  4.03578486e-04  2.84593620e-02  2.85490983e-05 
 2.66379010e+02  1.25875074e-09  1.72185287e-07 -4.82901417e-10 -1.43464449e-07  8.47129604e-12  9.90224599e-09  2.22424485e-11 -4.50953931e-09  1.67650141e+00 -9.25038729e-03 -1.27277038e-01  4.07783865e-04  2.83500014e-02  2.70897868e-05 
 2.66685866e+02  1.26965700e-09  1.73255164e-07 -4.88203738e-10 -1.43698319e-07  8.84875351e-12  9.88613669e-09  2.18974109e-11 -4.48714991e-09  1.68148897e+00 -9.32573261e-03 -1.27311099e-01  4.12022808e-04  2.82417358e-02  2.56390027e-05 
 2.66993077e+02  1.28070832e-09  1.74332597e-07 -4.93559376e-10 -1.43934833e-07  9.22661187e-12  9.87025564e-09  2.15553208e-11 -4.46497868e-09  1.68651687e+00 -9.40194354e-03 -1.27347289e-01  4.16295933e-04  2.81345580e-02  2.41965196e-05 
 2.67300641e+02  1.29190705e-09  1.75417679e-07 -4.98969202e-10 -1.44174018e-07  9.60492253e-12  9.85460270e-09  2.12161267e-11 -4.44302382e-09  1.69158561e+00 -9.47903379e-03 -1.27385627e-01  4.20603868e-04  2.80284608e-02  2.27621124e-05 
 2.67608559e+02  1.30325558e-09  1.76510505e-07 -5.04434105e-10 -1.44415907e-07  9.98373721e-12  9.83917776e-09  2.08797774e-11 -4.42128354e-09  1.69669568e+00 -9.55701734e-03 -1.27426129e-01  4.24947252e-04  2.79234372e-02  2.13355576e-05 
 2.67916832e+02  1.31475635e-09  1.77611171e-07 -5.09954991e-10 -1.44660528e-07  1.03631080e-11  9.82398075e-09  2.05462223e-11 -4.39975609e-09  1.70184758e+00 -9.63590844e-03 -1.27468812e-01  4.29326736e-04  2.78194801e-02  1.99166330e-05 
 2.68225461e+02  1.32641185e-09  1.78719773e-07 -5.15532784e-10 -1.44907914e-07  1.07430874e-11  9.80901161e-09  2.02154114e-11 -4.37843976e-09  1.70704183e+00 -9.71572165e-03 -1.27513694e-01  4.33742982e-04  2.77165830e-02  1.85051174e-05 
 2.68534445e+02  1.33822461e-09  1.79836411e-07 -5.21168427e-10 -1.45158095e-07  1.11237282e-11  9.79427033e-09  1.98872950e-11 -4.35733283e-09  1.71227893e+00 -9.79647181e-03 -1.27560793e-01  4.38196665e-04  2.76147390e-02  1.71007911e-05 
 2.68843784e+02  1.35019723e-09  1.80961185e-07 -5.26862882e-10 -1.45411104e-07  1.15050837e-11  9.77975692e-09  1.95618241e-11 -4.33643364e-09  1.71755942e+00 -9.87817406e-03 -1.27610128e-01  4.42688471e-04  2.75139418e-02  1.57034353e-05 
 2.69153480e+02  1.36233236e-09  1.82094198e-07 -5.32617129e-10 -1.45666974e-07  1.18872078e-11  9.76547142e-09  1.92389501e-11 -4.31574055e-09  1.72288384e+00 -9.96084385e-03 -1.27661717e-01  4.47219102e-04  2.74141849e-02  1.43128323e-05 
 2.69463533e+02  1.37463271e-09  1.83235553e-07 -5.38432169e-10 -1.45925738e-07  1.22701544e-11  9.75141388e-09  1.89186249e-11 -4.29525193e-09  1.72825273e+00 -1.00444970e-02 -1.27715580e-01  4.51789268e-04  2.73154621e-02  1.29287652e-05 
 2.69773943e+02  1.38710102e-09  1.84385356e-07 -5.44309023e-10 -1.46187430e-07  1.26539783e-11  9.73758441e-09  1.86008007e-11 -4.27496621e-09  1.73366664e+00 -1.01291495e-02 -1.27771735e-01  4.56399698e-04  2.72177672e-02  1.15510182e-05 
 2.70084711e+02  1.39974013e-09  1.85543715e-07 -5.50248733e-10 -1.46452083e-07  1.30387348e-11  9.72398314e-09  1.82854303e-11 -4.25488181e-09  1.73912613e+00 -1.02148178e-02 -1.27830204e-01  4.61051130e-04  2.71210944e-02  1.01793762e-05 
 2.70395836e+02  1.41255290e-09  1.86710738e-07 -5.56252361e-10 -1.46719734e-07  1.34244794e-11  9.71061023e-09  1.79724668e-11 -4.23499719e-09  1.74463178e+00 -1.03015187e-02 -1.27891005e-01  4.65744319e-04  2.70254377e-02  8.81362477e-06 
 2.70707320e+02  1.42554229e-09  1.87886536e-07 -5.62320994e-10 -1.46990417e-07  1.38112684e-11  9.69746585e-09  1.76618637e-11 -4.21531084e-09  1.75018417e+00 -1.03892693e-02 -1.27954161e-01  4.70480034e-04  2.69307914e-02  7.45355027e-06 
 2.71019163e+02  1.43871128e-09  1.89071222e-07 -5.68455737e-10 -1.47264168e-07  1.41991586e-11  9.68455023e-09  1.73535751e-11 -4.19582128e-09  1.75578390e+00 -1.04780871e-02 -1.28019691e-01  4.75259057e-04  2.68371499e-02  6.09893954e-06 
 2.71331365e+02  1.45206295e-09  1.90264911e-07 -5.74657721e-10 -1.47541025e-07  1.45882075e-11  9.67186362e-09  1.70475551e-11 -4.17652704e-09  1.76143155e+00 -1.05679899e-02 -1.28087618e-01  4.80082187e-04  2.67445077e-02  4.74957997e-06 
 2.71643927e+02  1.46560043e-09  1.91467720e-07 -5.80928100e-10 -1.47821025e-07  1.49784732e-11  9.65940630e-09  1.67437584e-11 -4.15742668e-09  1.76712775e+00 -1.06589960e-02 -1.28157963e-01  4.84950240e-04  2.66528594e-02  3.40525937e-06 
 2.71956849e+02  1.47932693e-09  1.92679766e-07 -5.87268052e-10 -1.48104205e-07  1.53700142e-11  9.64717857e-09  1.64421401e-11 -4.13851879e-09  1.77287311e+00 -1.07511238e-02 -1.28230749e-01  4.89864044e-04  2.65621999e-02  2.06576592e-06 
 2.72270131e+02  1.49324570e-09  1.93901171e-07 -5.93678780e-10 -1.48390606e-07  1.57628900e-11  9.63518079e-09  1.61426555e-11 -4.11980198e-09  1.77866827e+00 -1.08443925e-02 -1.28305999e-01  4.94824446e-04  2.64725241e-02  7.30888056e-07 
 2.72583774e+02  1.50736010e-09  1.95132057e-07 -6.00161511e-10 -1.48680264e-07  1.61571606e-11  9.62341332e-09  1.58452602e-11 -4.10127488e-09  1.78451388e+00 -1.09388214e-02 -1.28383735e-01  4.99832311e-04  2.63838269e-02 -5.99585546e-07 
 2.72897778e+02  1.52167354e-09  1.96372549e-07 -6.06717499e-10 -1.48973222e-07  1.65528868e-11  9.61187658e-09  1.55499103e-11 -4.08293616e-09  1.79041058e+00 -1.10344303e-02 -1.28463982e-01  5.04888518e-04  2.62961034e-02 -1.92586610e-06 
 2.73212144e+02  1.53618950e-09  1.97622773e-07 -6.13348026e-10 -1.49269519e-07  1.69501303e-11  9.60057101e-09  1.52565618e-11 -4.06478450e-09  1.79635904e+00 -1.11312394e-02 -1.28546763e-01  5.09993968e-04  2.62093491e-02 -3.24816477e-06 
 2.73526873e+02  1.55091156e-09  1.98882860e-07 -6.20054400e-10 -1.49569198e-07  1.73489532e-11  9.58949707e-09  1.49651715e-11 -4.04681861e-09  1.80235994e+00 -1.12292696e-02 -1.28632103e-01  5.15149575e-04  2.61235593e-02 -4.56669273e-06 
 2.73841963e+02  1.56584337e-09  2.00152940e-07 -6.26837957e-10 -1.49872300e-07  1.77494188e-11  9.57865529e-09  1.46756959e-11 -4.02903722e-09  1.80841398e+00 -1.13285418e-02 -1.28720028e-01  5.20356277e-04  2.60387294e-02 -5.88166127e-06 
 2.74157417e+02  1.58098864e-09  2.01433147e-07 -6.33700062e-10 -1.50178868e-07  1.81515910e-11  9.56804619e-09  1.43880923e-11 -4.01143908e-09  1.81452184e+00 -1.14290777e-02 -1.28810563e-01  5.25615027e-04  2.59548552e-02 -7.19328186e-06 
 2.74473234e+02  1.59635119e-09  2.02723616e-07 -6.40642110e-10 -1.50488945e-07  1.85555348e-11  9.55767036e-09  1.41023178e-11 -3.99402298e-09  1.82068424e+00 -1.15308993e-02 -1.28903734e-01  5.30926801e-04  2.58719323e-02 -8.50176624e-06 
 2.74789415e+02  1.61193493e-09  2.04024487e-07 -6.47665526e-10 -1.50802578e-07  1.89613157e-11  9.54752840e-09  1.38183298e-11 -3.97678770e-09  1.82690192e+00 -1.16340291e-02 -1.28999567e-01  5.36292593e-04  2.57899568e-02 -9.80732649e-06 
 2.75105960e+02  1.62774383e-09  2.05335900e-07 -6.54771767e-10 -1.51119809e-07  1.93690006e-11  9.53762097e-09  1.35360862e-11 -3.95973209e-09  1.83317560e+00 -1.17384903e-02 -1.29098090e-01  5.41713418e-04  2.57089245e-02 -1.11101751e-05 
 2.75422870e+02  1.64378196e-09  2.06657998e-07 -6.61962321e-10 -1.51440687e-07  1.97786572e-11  9.52794874e-09  1.32555448e-11 -3.94285499e-09  1.83950605e+00 -1.18443064e-02 -1.29199331e-01  5.47190314e-04  2.56288317e-02 -1.24105252e-05 
 2.75740145e+02  1.66005351e-09  2.07990928e-07 -6.69238710e-10 -1.51765257e-07  2.01903540e-11  9.51851244e-09  1.29766637e-11 -3.92615526e-09  1.84589402e+00 -1.19515015e-02 -1.29303318e-01  5.52724340e-04  2.55496746e-02 -1.37085902e-05 
 2.76057786e+02  1.67656272e-09  2.09334837e-07 -6.76602489e-10 -1.52093568e-07  2.06041607e-11  9.50931282e-09  1.26994010e-11 -3.90963181e-09  1.85234030e+00 -1.20601001e-02 -1.29410079e-01  5.58316577e-04  2.54714496e-02 -1.50045846e-05 
 2.76375792e+02  1.69331397e-09  2.10689877e-07 -6.84055248e-10 -1.52425668e-07  2.10201482e-11  9.50035066e-09  1.24237151e-11 -3.89328354e-09  1.85884568e+00 -1.21701275e-02 -1.29519644e-01  5.63968130e-04  2.53941532e-02 -1.62987233e-05 
 2.76694165e+02  1.71031171e-09  2.12056202e-07 -6.91598613e-10 -1.52761607e-07  2.14383883e-11  9.49162681e-09  1.21495647e-11 -3.87710940e-09  1.86541096e+00 -1.22816094e-02 -1.29632042e-01  5.69680126e-04  2.53177820e-02 -1.75912224e-05 
 2.77012904e+02  1.72756051e-09  2.13433969e-07 -6.99234245e-10 -1.53101435e-07  2.18589540e-11  9.48314213e-09  1.18769082e-11 -3.86110835e-09  1.87203698e+00 -1.23945722e-02 -1.29747305e-01  5.75453720e-04  2.52423327e-02 -1.88822986e-05 
 2.77332010e+02  1.74506505e-09  2.14823337e-07 -7.06963845e-10 -1.53445203e-07  2.22819195e-11  9.47489753e-09  1.16057044e-11 -3.84527937e-09  1.87872456e+00 -1.25090428e-02 -1.29865464e-01  5.81290088e-04  2.51678023e-02 -2.01721700e-05 
 2.77651485e+02  1.76283010e-09  2.16224468e-07 -7.14789151e-10 -1.53792964e-07  2.27073603e-11  9.46689396e-09  1.13359122e-11 -3.82962147e-09  1.88547457e+00 -1.26250486e-02 -1.29986550e-01  5.87190434e-04  2.50941878e-02 -2.14610554e-05 
 2.77971327e+02  1.78086055e-09  2.17637529e-07 -7.22711941e-10 -1.54144772e-07  2.31353530e-11  9.45913240e-09  1.10674904e-11 -3.81413367e-09  1.89228787e+00 -1.27426180e-02 -1.30110596e-01  5.93155990e-04  2.50214862e-02 -2.27491753e-05 
 2.78291537e+02  1.79916142e-09  2.19062688e-07 -7.30734035e-10 -1.54500680e-07  2.35659756e-11  9.45161389e-09  1.08003981e-11 -3.79881504e-09  1.89916534e+00 -1.28617798e-02 -1.30237634e-01  5.99188012e-04  2.49496949e-02 -2.40367512e-05 
 2.78612117e+02  1.81773784e-09  2.20500116e-07 -7.38857293e-10 -1.54860744e-07  2.39993075e-11  9.44433950e-09  1.05345943e-11 -3.78366464e-09  1.90610789e+00 -1.29825634e-02 -1.30367699e-01  6.05287786e-04  2.48788111e-02 -2.53240061e-05 
 2.78933066e+02  1.83659505e-09  2.21949989e-07 -7.47083620e-10 -1.55225020e-07  2.44354293e-11  9.43731033e-09  1.02700379e-11 -3.76868157e-09  1.91311644e+00 -1.31049990e-02 -1.30500826e-01  6.11456626e-04  2.48088325e-02 -2.66111645e-05 
 2.79254384e+02  1.85573843e-09  2.23412484e-07 -7.55414965e-10 -1.55593566e-07  2.48744232e-11  9.43052754e-09  1.00066881e-11 -3.75386494e-09  1.92019191e+00 -1.32291177e-02 -1.30637048e-01  6.17695877e-04  2.47397567e-02 -2.78984526e-05 
 2.79576073e+02  1.87517349e-09  2.24887784e-07 -7.63853321e-10 -1.55966440e-07  2.53163730e-11  9.42399235e-09  9.74450402e-12 -3.73921390e-09  1.92733527e+00 -1.33549509e-02 -1.30776402e-01  6.24006913e-04  2.46715814e-02 -2.91860984e-05 
 2.79898132e+02  1.89490586e-09  2.26376073e-07 -7.72400731e-10 -1.56343702e-07  2.57613637e-11  9.41770598e-09  9.48344462e-12 -3.72472761e-09  1.93454749e+00 -1.34825311e-02 -1.30918925e-01  6.30391140e-04  2.46043044e-02 -3.04743314e-05 
 2.80220562e+02  1.91494132e-09  2.27877540e-07 -7.81059282e-10 -1.56725413e-07  2.62094821e-11  9.41166973e-09  9.22346896e-12 -3.71040525e-09  1.94182956e+00 -1.36118915e-02 -1.31064653e-01  6.36849996e-04  2.45379239e-02 -3.17633834e-05 
 2.80543364e+02  1.93528578e-09  2.29392377e-07 -7.89831116e-10 -1.57111635e-07  2.66608166e-11  9.40588493e-09  8.96453602e-12 -3.69624603e-09  1.94918248e+00 -1.37430659e-02 -1.31213626e-01  6.43384953e-04  2.44724380e-02 -3.30534881e-05 
 2.80866537e+02  1.95594531e-09  2.30920780e-07 -7.98718421e-10 -1.57502431e-07  2.71154573e-11  9.40035298e-09  8.70660473e-12 -3.68224917e-09  1.95660729e+00 -1.38760893e-02 -1.31365881e-01  6.49997516e-04  2.44078449e-02 -3.43448814e-05 
 2.81190083e+02  1.97692611e-09  2.32462949e-07 -8.07723440e-10 -1.57897865e-07  2.75734960e-11  9.39507529e-09  8.44963393e-12 -3.66841394e-09  1.96410503e+00 -1.40109970e-02 -1.31521458e-01  6.56689225e-04  2.43441431e-02 -3.56378015e-05 
 2.81514002e+02  1.99823456e-09  2.34019087e-07 -8.16848471e-10 -1.58298003e-07  2.80350263e-11  9.39005336e-09  8.19358237e-12 -3.65473960e-09  1.97167678e+00 -1.41478257e-02 -1.31680399e-01  6.63461658e-04  2.42813311e-02 -3.69324889e-05 
 2.81838293e+02  2.01987716e-09  2.35589402e-07 -8.26095867e-10 -1.58702913e-07  2.85001437e-11  9.38528871e-09  7.93840868e-12 -3.64122544e-09  1.97932361e+00 -1.42866127e-02 -1.31842744e-01  6.70316428e-04  2.42194076e-02 -3.82291868e-05 
 2.82162958e+02  2.04186060e-09  2.37174105e-07 -8.35468036e-10 -1.59112662e-07  2.89689456e-11  9.38078291e-09  7.68407136e-12 -3.62787079e-09  1.98704665e+00 -1.44273963e-02 -1.32008535e-01  6.77255188e-04  2.41583714e-02 -3.95281410e-05 
 2.82487997e+02  2.06419174e-09  2.38773413e-07 -8.44967448e-10 -1.59527320e-07  2.94415313e-11  9.37653761e-09  7.43052878e-12 -3.61467499e-09  1.99484703e+00 -1.45702157e-02 -1.32177816e-01  6.84279629e-04  2.40982215e-02 -4.08296000e-05 
 2.82813411e+02  2.08687761e-09  2.40387545e-07 -8.54596634e-10 -1.59946959e-07  2.99180022e-11  9.37255449e-09  7.17773912e-12 -3.60163739e-09  2.00272591e+00 -1.47151110e-02 -1.32350630e-01  6.91391484e-04  2.40389569e-02 -4.21338153e-05 
 2.83139200e+02  2.10992540e-09  2.42016726e-07 -8.64358185e-10 -1.60371650e-07  3.03984619e-11  9.36883529e-09  6.92566039e-12 -3.58875739e-09  2.01068445e+00 -1.48621235e-02 -1.32527023e-01  6.98592526e-04  2.39805768e-02 -4.34410414e-05 
 2.83465363e+02  2.13334250e-09  2.43661184e-07 -8.74254757e-10 -1.60801468e-07  3.08830160e-11  9.36538180e-09  6.67425038e-12 -3.57603439e-09  2.01872387e+00 -1.50112955e-02 -1.32707040e-01  7.05884574e-04  2.39230807e-02 -4.47515361e-05 
 2.83791903e+02  2.15713648e-09  2.45321154e-07 -8.84289076e-10 -1.61236488e-07  3.13717724e-11  9.36219587e-09  6.42346668e-12 -3.56346782e-09  2.02684540e+00 -1.51626700e-02 -1.32890728e-01  7.13269489e-04  2.38664680e-02 -4.60655605e-05 
 2.84118818e+02  2.18131513e-09  2.46996874e-07 -8.94463931e-10 -1.61676788e-07  3.18648415e-11  9.35927941e-09  6.17326660e-12 -3.55105714e-09  2.03505028e+00 -1.53162917e-02 -1.33078135e-01  7.20749178e-04  2.38107385e-02 -4.73833790e-05 
 2.84446111e+02  2.20588640e-09  2.48688587e-07 -9.04782187e-10 -1.62122445e-07  3.23623357e-11  9.35663439e-09  5.92360723e-12 -3.53880182e-09  2.04333979e+00 -1.54722059e-02 -1.33269309e-01  7.28325596e-04  2.37558918e-02 -4.87052601e-05 
 2.84773780e+02  2.23085848e-09  2.50396541e-07 -9.15246776e-10 -1.62573541e-07  3.28643703e-11  9.35426284e-09  5.67444533e-12 -3.52670136e-09  2.05171523e+00 -1.56304594e-02 -1.33464301e-01  7.36000746e-04  2.37019280e-02 -5.00314755e-05 
 2.85101827e+02  2.25623976e-09  2.52120989e-07 -9.25860711e-10 -1.63030156e-07  3.33710629e-11  9.35216683e-09  5.42573740e-12 -3.51475529e-09  2.06017795e+00 -1.57910999e-02 -1.33663162e-01  7.43776681e-04  2.36488471e-02 -5.13623013e-05 
 2.85430251e+02  2.28203885e-09  2.53862190e-07 -9.36627077e-10 -1.63492375e-07  3.38825338e-11  9.35034853e-09  5.17743958e-12 -3.50296315e-09  2.06872928e+00 -1.59541766e-02 -1.33865944e-01  7.51655505e-04  2.35966494e-02 -5.26980177e-05 
 2.85759054e+02  2.30826459e-09  2.55620407e-07 -9.47549041e-10 -1.63960283e-07  3.43989061e-11  9.34881014e-09  4.92950766e-12 -3.49132450e-09  2.07737063e+00 -1.61197399e-02 -1.34072699e-01  7.59639376e-04  2.35453353e-02 -5.40389089e-05 
 2.86088236e+02  2.33492606e-09  2.57395911e-07 -9.58629853e-10 -1.64433966e-07  3.49203054e-11  9.34755395e-09  4.68189707e-12 -3.47983896e-09  2.08610340e+00 -1.62878415e-02 -1.34283482e-01  7.67730508e-04  2.34949053e-02 -5.53852639e-05 
 2.86417797e+02  2.36203257e-09  2.59188976e-07 -9.69872847e-10 -1.64913515e-07  3.54468607e-11  9.34658230e-09  4.43456284e-12 -3.46850612e-09  2.09492904e+00 -1.64585344e-02 -1.34498349e-01  7.75931170e-04  2.34453601e-02 -5.67373762e-05 
 2.86747738e+02  2.38959369e-09  2.60999883e-07 -9.81281443e-10 -1.65399019e-07  3.59787036e-11  9.34589760e-09  4.18745957e-12 -3.45732564e-09  2.10384903e+00 -1.66318730e-02 -1.34717357e-01  7.84243689e-04  2.33967007e-02 -5.80955441e-05 
 2.87078058e+02  2.41761924e-09  2.62828919e-07 -9.92859153e-10 -1.65890572e-07  3.65159689e-11  9.34550235e-09  3.94054143e-12 -3.44629717e-09  2.11286486e+00 -1.68079132e-02 -1.34940563e-01  7.92670453e-04  2.33489280e-02 -5.94600712e-05 
 2.87408759e+02  2.44611931e-09  2.64676376e-07 -1.00460958e-09 -1.66388268e-07  3.70587947e-11  9.34539909e-09  3.69376210e-12 -3.43542042e-09  2.12197810e+00 -1.69867124e-02 -1.35168027e-01  8.01213912e-04  2.33020432e-02 -6.08312660e-05 
 2.87739841e+02  2.47510426e-09  2.66542554e-07 -1.01653643e-09 -1.66892204e-07  3.76073224e-11  9.34559046e-09  3.44707476e-12 -3.42469509e-09  2.13119029e+00 -1.71683295e-02 -1.35399809e-01  8.09876581e-04  2.32560477e-02 -6.22094428e-05 
 2.88071305e+02  2.50458474e-09  2.68427759e-07 -1.02864349e-09 -1.67402479e-07  3.81616966e-11  9.34607917e-09  3.20043209e-12 -3.41412092e-09  2.14050305e+00 -1.73528250e-02 -1.35635971e-01  8.18661039e-04  2.32109430e-02 -6.35949212e-05 
 2.88403150e+02  2.53457170e-09  2.70332303e-07 -1.04093468e-09 -1.67919194e-07  3.87220657e-11  9.34686798e-09  2.95378619e-12 -3.40369769e-09  2.14991803e+00 -1.75402610e-02 -1.35876577e-01  8.27569936e-04  2.31667309e-02 -6.49880270e-05 
 2.88735378e+02  2.56507637e-09  2.72256505e-07 -1.05341400e-09 -1.68442452e-07  3.92885817e-11  9.34795978e-09  2.70708859e-12 -3.39342518e-09  2.15943689e+00 -1.77307013e-02 -1.36121692e-01  8.36605991e-04  2.31234131e-02 -6.63890920e-05 
 2.89067988e+02  2.59611031e-09  2.74200691e-07 -1.06608556e-09 -1.68972360e-07  3.98614002e-11  9.34935749e-09  2.46029020e-12 -3.38330321e-09  2.16906135e+00 -1.79242116e-02 -1.36371381e-01  8.45771996e-04  2.30809918e-02 -6.77984544e-05 
 2.89400982e+02  2.62768540e-09  2.76165195e-07 -1.07895360e-09 -1.69509024e-07  4.04406810e-11  9.35106414e-09  2.21334129e-12 -3.37333162e-09  2.17879317e+00 -1.81208591e-02 -1.36625713e-01  8.55070817e-04  2.30394692e-02 -6.92164588e-05 
 2.89734359e+02  2.65981386e-09  2.78150356e-07 -1.09202246e-09 -1.70052555e-07  4.10265875e-11  9.35308285e-09  1.96619147e-12 -3.36351028e-09  2.18863413e+00 -1.83207132e-02 -1.36884757e-01  8.64505401e-04  2.29988477e-02 -7.06434570e-05 
 2.90068120e+02  2.69250824e-09  2.80156525e-07 -1.10529661e-09 -1.70603066e-07  4.16192878e-11  9.35541680e-09  1.71878961e-12 -3.35383910e-09  2.19858606e+00 -1.85238450e-02 -1.37148583e-01  8.74078773e-04  2.29591299e-02 -7.20798077e-05 
 2.90402265e+02  2.72578146e-09  2.82184055e-07 -1.11878064e-09 -1.71160672e-07  4.22189539e-11  9.35806930e-09  1.47108386e-12 -3.34431799e-09  2.20865083e+00 -1.87303276e-02 -1.37417265e-01  8.83794041e-04  2.29203186e-02 -7.35258771e-05 
 2.90736796e+02  2.75964679e-09  2.84233313e-07 -1.13247927e-09 -1.71725492e-07  4.28257625e-11  9.36104370e-09  1.22302160e-12 -3.33494690e-09  2.21883036e+00 -1.89402362e-02 -1.37690876e-01  8.93654399e-04  2.28824169e-02 -7.49820389e-05 
 2.91071712e+02  2.79411792e-09  2.86304670e-07 -1.14639736e-09 -1.72297645e-07  4.34398949e-11  9.36434350e-09  9.74549389e-13 -3.32572583e-09  2.22912661e+00 -1.91536483e-02 -1.37969492e-01  9.03663131e-04  2.28454278e-02 -7.64486750e-05 
 2.91407013e+02  2.82920890e-09  2.88398507e-07 -1.16053989e-09 -1.72877255e-07  4.40615369e-11  9.36797225e-09  7.25612926e-13 -3.31665477e-09  2.23954157e+00 -1.93706434e-02 -1.38253191e-01  9.13823610e-04  2.28093549e-02 -7.79261755e-05 
 2.91742701e+02  2.86493421e-09  2.90515213e-07 -1.17491200e-09 -1.73464448e-07  4.46908797e-11  9.37193362e-09  4.76157032e-13 -3.30773376e-09  2.25007729e+00 -1.95913032e-02 -1.38542053e-01  9.24139308e-04  2.27742017e-02 -7.94149391e-05 
 2.92078776e+02  2.90130873e-09  2.92655188e-07 -1.18951897e-09 -1.74059354e-07  4.53281194e-11  9.37623139e-09  2.26125599e-13 -3.29896287e-09  2.26073588e+00 -1.98157120e-02 -1.38836160e-01  9.34613791e-04  2.27399720e-02 -8.09153733e-05 
 2.92415238e+02  2.93834780e-09  2.94818839e-07 -1.20436624e-09 -1.74662104e-07  4.59734572e-11  9.38086942e-09 -2.45384546e-14 -3.29034220e-09  2.27151946e+00 -2.00439564e-02 -1.39135593e-01  9.45250728e-04  2.27066698e-02 -8.24278950e-05 
 2.92752087e+02  2.97606721e-09  2.97006584e-07 -1.21945938e-09 -1.75272834e-07  4.66271002e-11  9.38585171e-09 -2.75893223e-13 -3.28187188e-09  2.28243024e+00 -2.02761255e-02 -1.39440439e-01  9.56053894e-04  2.26742995e-02 -8.39529309e-05 
 2.93089325e+02  3.01448321e-09  2.99218849e-07 -1.23480417e-09 -1.75891682e-07  4.72892609e-11  9.39118234e-09 -5.27997858e-13 -3.27355205e-09  2.29347046e+00 -2.05123112e-02 -1.39750786e-01  9.67027173e-04  2.26428655e-02 -8.54909172e-05 
 2.93426950e+02  3.05361254e-09  3.01456073e-07 -1.25040652e-09 -1.76518790e-07  4.79601577e-11  9.39686553e-09 -7.80912618e-13 -3.26538292e-09  2.30464242e+00 -2.07526078e-02 -1.40066722e-01  9.78174559e-04  2.26123725e-02 -8.70423010e-05 
 2.93764965e+02  3.09347245e-09  3.03718703e-07 -1.26627253e-09 -1.77154303e-07  4.86400153e-11  9.40290558e-09 -1.03469891e-12 -3.25736471e-09  2.31594847e+00 -2.09971127e-02 -1.40388340e-01  9.89500164e-04  2.25828255e-02 -8.86075398e-05 
 2.94103369e+02  3.13408071e-09  3.06007197e-07 -1.28240848e-09 -1.77798370e-07  4.93290645e-11  9.40930696e-09 -1.28941935e-12 -3.24949767e-09  2.32739102e+00 -2.12459260e-02 -1.40715733e-01  1.00100822e-03  2.25542297e-02 -9.01871025e-05 
 2.94442163e+02  3.17545564e-09  3.08322025e-07 -1.29882083e-09 -1.78451142e-07  5.00275428e-11  9.41607422e-09 -1.54513781e-12 -3.24178208e-09  2.33897254e+00 -2.14991510e-02 -1.41048997e-01  1.01270309e-03  2.25265904e-02 -9.17814694e-05 
 2.94781348e+02  3.21761609e-09  3.10663667e-07 -1.31551626e-09 -1.79112775e-07  5.07356943e-11  9.42321206e-09 -1.80191945e-12 -3.23421828e-09  2.35069555e+00 -2.17568938e-02 -1.41388231e-01  1.02458926e-03  2.24999134e-02 -9.33911331e-05 
 2.95120923e+02  3.26058152e-09  3.13032616e-07 -1.33250162e-09 -1.79783430e-07  5.14537704e-11  9.43072531e-09 -2.05983082e-12 -3.22680661e-09  2.36256265e+00 -2.20192641e-02 -1.41733537e-01  1.03667134e-03  2.24742047e-02 -9.50165985e-05 
 2.95460889e+02  3.30437200e-09  3.15429377e-07 -1.34978399e-09 -1.80463269e-07  5.21820296e-11  9.43861891e-09 -2.31893989e-12 -3.21954747e-09  2.37457648e+00 -2.22863747e-02 -1.42085017e-01  1.04895411e-03  2.24494705e-02 -9.66583838e-05 
 2.95801247e+02  3.34900820e-09  3.17854467e-07 -1.36737066e-09 -1.81152461e-07  5.29207381e-11  9.44689798e-09 -2.57931609e-12 -3.21244129e-09  2.38673976e+00 -2.25583421e-02 -1.42442779e-01  1.06144246e-03  2.24257172e-02 -9.83170203e-05 
 2.96141997e+02  3.39451146e-09  3.20308415e-07 -1.38526914e-09 -1.81851176e-07  5.36701698e-11  9.45556775e-09 -2.84103042e-12 -3.20548854e-09  2.39905528e+00 -2.28352860e-02 -1.42806930e-01  1.07414146e-03  2.24029516e-02 -9.99930538e-05 
 2.96483139e+02  3.44090378e-09  3.22791764e-07 -1.40348719e-09 -1.82559592e-07  5.44306068e-11  9.46463362e-09 -3.10415548e-12 -3.19868971e-09  2.41152589e+00 -2.31173304e-02 -1.43177582e-01  1.08705630e-03  2.23811809e-02 -1.01687044e-04 
 2.96824674e+02  3.48820787e-09  3.25305072e-07 -1.42203279e-09 -1.83277888e-07  5.52023399e-11  9.47410111e-09 -3.36876556e-12 -3.19204535e-09  2.42415452e+00 -2.34046026e-02 -1.43554850e-01  1.10019237e-03  2.23604123e-02 -1.03399567e-04 
 2.97166603e+02  3.53644716e-09  3.27848909e-07 -1.44091418e-09 -1.84006250e-07  5.59856682e-11  9.48397593e-09 -3.63493669e-12 -3.18555604e-09  2.43694416e+00 -2.36972344e-02 -1.43938851e-01  1.11355519e-03  2.23406535e-02 -1.05131214e-04 
 2.97508926e+02  3.58564585e-09  3.30423860e-07 -1.46013988e-09 -1.84744867e-07  5.67809004e-11  9.49426393e-09 -3.90274674e-12 -3.17922241e-09  2.44989790e+00 -2.39953615e-02 -1.44329706e-01  1.12715049e-03  2.23219125e-02 -1.06882592e-04 
 2.97851643e+02  3.63582889e-09  3.33030526e-07 -1.47971866e-09 -1.85493934e-07  5.75883542e-11  9.50497113e-09 -4.17227546e-12 -3.17304511e-09  2.46301888e+00 -2.42991241e-02 -1.44727538e-01  1.14098415e-03  2.23041976e-02 -1.08654325e-04 
 2.98194755e+02  3.68702208e-09  3.35669522e-07 -1.49965956e-09 -1.86253651e-07  5.84083576e-11  9.51610373e-09 -4.44360460e-12 -3.16702486e-09  2.47631035e+00 -2.46086668e-02 -1.45132474e-01  1.15506224e-03  2.22875175e-02 -1.10447055e-04 
 2.98538262e+02  3.73925205e-09  3.38341480e-07 -1.51997195e-09 -1.87024222e-07  5.92412483e-11  9.52766809e-09 -4.71681797e-12 -3.16116239e-09  2.48977562e+00 -2.49241389e-02 -1.45544644e-01  1.16939105e-03  2.22718810e-02 -1.12261445e-04 
 2.98882165e+02  3.79254631e-09  3.41047048e-07 -1.54066547e-09 -1.87805858e-07  6.00873751e-11  9.53967078e-09 -4.99200156e-12 -3.15545852e-09  2.50341811e+00 -2.52456946e-02 -1.45964181e-01  1.18397705e-03  2.22572974e-02 -1.14098172e-04 
 2.99226464e+02  3.84693329e-09  3.43786892e-07 -1.56175009e-09 -1.88598775e-07  6.09470974e-11  9.55211852e-09 -5.26924356e-12 -3.14991407e-09  2.51724130e+00 -2.55734931e-02 -1.46391222e-01  1.19882692e-03  2.22437766e-02 -1.15957937e-04 
 2.99571159e+02  3.90244237e-09  3.46561694e-07 -1.58323611e-09 -1.89403194e-07  6.18207863e-11  9.56501825e-09 -5.54863455e-12 -3.14452994e-09  2.53124879e+00 -2.59076990e-02 -1.46825909e-01  1.21394756e-03  2.22313284e-02 -1.17841460e-04 
 2.99916252e+02  3.95910391e-09  3.49372155e-07 -1.60513417e-09 -1.90219342e-07  6.27088249e-11  9.57837711e-09 -5.83026753e-12 -3.13930705e-09  2.54544426e+00 -2.62484823e-02 -1.47268386e-01  1.22934610e-03  2.22199633e-02 -1.19749484e-04 
 3.00261742e+02  4.01694931e-09  3.52218995e-07 -1.62745525e-09 -1.91047453e-07  6.36116083e-11  9.59220243e-09 -6.11423804e-12 -3.13424641e-09  2.55983149e+00 -2.65960186e-02 -1.47718801e-01  1.24502990e-03  2.22096921e-02 -1.21682772e-04 
 3.00607630e+02  4.07601104e-09  3.55102954e-07 -1.65021073e-09 -1.91887766e-07  6.45295450e-11  9.60650177e-09 -6.40064429e-12 -3.12934903e-09  2.57441438e+00 -2.69504895e-02 -1.48177307e-01  1.26100657e-03  2.22005260e-02 -1.23642113e-04 
 3.00953917e+02  4.13632269e-09  3.58024790e-07 -1.67341235e-09 -1.92740529e-07  6.54630565e-11  9.62128290e-09 -6.68958727e-12 -3.12461601e-09  2.58919690e+00 -2.73120827e-02 -1.48644061e-01  1.27728398e-03  2.21924766e-02 -1.25628319e-04 
 3.01300602e+02  4.19791901e-09  3.60985283e-07 -1.69707225e-09 -1.93605993e-07  6.64125785e-11  9.63655382e-09 -6.98117083e-12 -3.12004850e-09  2.60418317e+00 -2.76809926e-02 -1.49119223e-01  1.29387026e-03  2.21855561e-02 -1.27642228e-04 
 3.01647687e+02  4.26083595e-09  3.63985236e-07 -1.72120300e-09 -1.94484420e-07  6.73785612e-11  9.65232278e-09 -7.27550188e-12 -3.11564769e-09  2.61937739e+00 -2.80574198e-02 -1.49602959e-01  1.31077380e-03  2.21797768e-02 -1.29684703e-04 
 3.01995172e+02  4.32511074e-09  3.67025472e-07 -1.74581761e-09 -1.95376075e-07  6.83614698e-11  9.66859825e-09 -7.57269043e-12 -3.11141484e-09  2.63478390e+00 -2.84415723e-02 -1.50095439e-01  1.32800330e-03  2.21751517e-02 -1.31756635e-04 
 3.02343057e+02  4.39078191e-09  3.70106837e-07 -1.77092951e-09 -1.96281235e-07  6.93617856e-11  9.68538897e-09 -7.87284982e-12 -3.10735125e-09  2.65040714e+00 -2.88336650e-02 -1.50596838e-01  1.34556776e-03  2.21716943e-02 -1.33858946e-04 
 3.02691343e+02  4.45788938e-09  3.73230203e-07 -1.79655264e-09 -1.97200182e-07  7.03800059e-11  9.70270393e-09 -8.17609679e-12 -3.10345831e-09  2.66625169e+00 -2.92339207e-02 -1.51107336e-01  1.36347648e-03  2.21694185e-02 -1.35992585e-04 
 3.03040030e+02  4.52647447e-09  3.76396464e-07 -1.82270141e-09 -1.98133205e-07  7.14166455e-11  9.72055240e-09 -8.48255166e-12 -3.09973745e-09  2.68232226e+00 -2.96425698e-02 -1.51627119e-01  1.38173909e-03  2.21683386e-02 -1.38158534e-04 
 3.03389118e+02  4.59658002e-09  3.79606541e-07 -1.84939074e-09 -1.99080604e-07  7.24722370e-11  9.73894392e-09 -8.79233852e-12 -3.09619018e-09  2.69862369e+00 -3.00598511e-02 -1.52156375e-01  1.40036556e-03  2.21684695e-02 -1.40357806e-04 
 3.03738609e+02  4.66825041e-09  3.82861383e-07 -1.87663609e-09 -2.00042686e-07  7.35473314e-11  9.75788832e-09 -9.10558532e-12 -3.09281805e-09  2.71516096e+00 -3.04860118e-02 -1.52695302e-01  1.41936621e-03  2.21698269e-02 -1.42591450e-04 
 3.04088503e+02  4.74153165e-09  3.86161962e-07 -1.90445349e-09 -2.01019768e-07  7.46424994e-11  9.77739574e-09 -9.42242412e-12 -3.08962272e-09  2.73193919e+00 -3.09213082e-02 -1.53244101e-01  1.43875174e-03  2.21724266e-02 -1.44860548e-04 
 3.04438799e+02  4.81647144e-09  3.89509283e-07 -1.93285954e-09 -2.02012175e-07  7.57583319e-11  9.79747661e-09 -9.74299124e-12 -3.08660587e-09  2.74896365e+00 -3.13660059e-02 -1.53802979e-01  1.45853322e-03  2.21762852e-02 -1.47166221e-04 
 3.04789499e+02  4.89311928e-09  3.92904377e-07 -1.96187144e-09 -2.03020241e-07  7.68954409e-11  9.81814171e-09 -1.00674275e-11 -3.08376931e-09  2.76623977e+00 -3.18203802e-02 -1.54372150e-01  1.47872213e-03  2.21814199e-02 -1.49509627e-04 
 3.05140603e+02  4.97152647e-09  3.96348309e-07 -1.99150703e-09 -2.04044313e-07  7.80544606e-11  9.83940212e-09 -1.03958782e-11 -3.08111487e-09  2.78377314e+00 -3.22847166e-02 -1.54951834e-01  1.49933037e-03  2.21878486e-02 -1.51891966e-04 
 3.05492111e+02  5.05174629e-09  3.99842172e-07 -2.02178483e-09 -2.05084744e-07  7.92360483e-11  9.86126930e-09 -1.07284937e-11 -3.07864451e-09  2.80156951e+00 -3.27593113e-02 -1.55542257e-01  1.52037028e-03  2.21955895e-02 -1.54314478e-04 
 3.05844025e+02  5.13383403e-09  4.03387095e-07 -2.05272404e-09 -2.06141902e-07  8.04408852e-11  9.88375504e-09 -1.10654295e-11 -3.07636022e-09  2.81963482e+00 -3.32444714e-02 -1.56143654e-01  1.54185465e-03  2.22046619e-02 -1.56778450e-04 
 3.06196343e+02  5.21784707e-09  4.06984238e-07 -2.08434457e-09 -2.07216164e-07  8.16696781e-11  9.90687152e-09 -1.14068462e-11 -3.07426410e-09  2.83797516e+00 -3.37405160e-02 -1.56756264e-01  1.56379677e-03  2.22150855e-02 -1.59285212e-04 
 3.06549068e+02  5.30384505e-09  4.10634800e-07 -2.11666711e-09 -2.08307917e-07  8.29231598e-11  9.93063130e-09 -1.17529101e-11 -3.07235835e-09  2.85659683e+00 -3.42477760e-02 -1.57380335e-01  1.58621040e-03  2.22268807e-02 -1.61836144e-04 
 3.06902199e+02  5.39188988e-09  4.14340014e-07 -2.14971314e-09 -2.09417562e-07  8.42020909e-11  9.95504733e-09 -1.21037934e-11 -3.07064524e-09  2.87550632e+00 -3.47665953e-02 -1.58016124e-01  1.60910984e-03  2.22400687e-02 -1.64432676e-04 
 3.07255737e+02  5.48204592e-09  4.18101152e-07 -2.18350496e-09 -2.10545513e-07  8.55072607e-11  9.98013299e-09 -1.24596743e-11 -3.06912713e-09  2.89471032e+00 -3.52973307e-02 -1.58663893e-01  1.63250995e-03  2.22546716e-02 -1.67076290e-04 
 3.07609681e+02  5.57438007e-09  4.21919526e-07 -2.21806573e-09 -2.11692195e-07  8.68394888e-11  1.00059021e-08 -1.28207374e-11 -3.06780649e-09  2.91421572e+00 -3.58403534e-02 -1.59323914e-01  1.65642613e-03  2.22707120e-02 -1.69768523e-04 
 3.07964034e+02  5.66896187e-09  4.25796490e-07 -2.25341955e-09 -2.12858047e-07  8.81996263e-11  1.00323689e-08 -1.31871742e-11 -3.06668587e-09  2.93402963e+00 -3.63960490e-02 -1.59996468e-01  1.68087442e-03  2.22882135e-02 -1.72510971e-04 
 3.08318795e+02  5.76586366e-09  4.29733438e-07 -2.28959144e-09 -2.14043522e-07  8.95885575e-11  1.00595481e-08 -1.35591830e-11 -3.06576795e-09  2.95415939e+00 -3.69648182e-02 -1.60681844e-01  1.70587146e-03  2.23072005e-02 -1.75305289e-04 
 3.08673965e+02  5.86516070e-09  4.33731812e-07 -2.32660744e-09 -2.15249088e-07  9.10072012e-11  1.00874549e-08 -1.39369696e-11 -3.06505550e-09  2.97461257e+00 -3.75470780e-02 -1.61380341e-01  1.73143455e-03  2.23276983e-02 -1.78153198e-04 
 3.09029543e+02  5.96693132e-09  4.37793099e-07 -2.36449462e-09 -2.16475228e-07  9.24565129e-11  1.01161050e-08 -1.43207474e-11 -3.06455139e-09  2.99539700e+00 -3.81432620e-02 -1.62092267e-01  1.75758169e-03  2.23497331e-02 -1.81056481e-04 
 3.09385532e+02  6.07125706e-09  4.41918833e-07 -2.40328115e-09 -2.17722440e-07  9.39374857e-11  1.01455148e-08 -1.47107381e-11 -3.06425863e-09  3.01652074e+00 -3.87538216e-02 -1.62817940e-01  1.78433161e-03  2.23733321e-02 -1.84016994e-04 
 3.09741930e+02  6.17822283e-09  4.46110601e-07 -2.44299637e-09 -2.18991239e-07  9.54511531e-11  1.01757008e-08 -1.51071717e-11 -3.06418034e-09  3.03799212e+00 -3.93792265e-02 -1.63557690e-01  1.81170379e-03  2.23985234e-02 -1.87036665e-04 
 3.10098739e+02  6.28791708e-09  4.50370039e-07 -2.48367081e-09 -2.20282156e-07  9.69985903e-11  1.02066806e-08 -1.55102872e-11 -3.06431977e-09  3.05981975e+00 -4.00199658e-02 -1.64311854e-01  1.83971850e-03  2.24253362e-02 -1.90117499e-04 
 3.10455959e+02  6.40043199e-09  4.54698841e-07 -2.52533627e-09 -2.21595740e-07  9.85809165e-11  1.02384720e-08 -1.59203332e-11 -3.06468027e-09  3.08201254e+00 -4.06765490e-02 -1.65080786e-01  1.86839685e-03  2.24538007e-02 -1.93261581e-04 
 3.10813590e+02  6.51586366e-09  4.59098755e-07 -2.56802588e-09 -2.22932561e-07  1.00199297e-10  1.02710936e-08 -1.63375678e-11 -3.06526537e-09  3.10457967e+00 -4.13495072e-02 -1.65864847e-01  1.89776084e-03  2.24839483e-02 -1.96471080e-04 
 3.11171634e+02  6.63431227e-09  4.63571590e-07 -2.61177418e-09 -2.24293203e-07  1.01854947e-10  1.03045646e-08 -1.67622596e-11 -3.06607870e-09  3.12753065e+00 -4.20393936e-02 -1.66664413e-01  1.92783337e-03  2.25158115e-02 -1.99748254e-04 
 3.11530090e+02  6.75588234e-09  4.68119214e-07 -2.65661718e-09 -2.25678276e-07  1.03549130e-10  1.03389049e-08 -1.71946882e-11 -3.06712407e-09  3.15087531e+00 -4.27467854e-02 -1.67479872e-01  1.95863834e-03  2.25494241e-02 -2.03095455e-04 
 3.11888958e+02  6.88068295e-09  4.72743564e-07 -2.70259243e-09 -2.27088406e-07  1.05283165e-10  1.03741350e-08 -1.76351445e-11 -3.06840541e-09  3.17462383e+00 -4.34722843e-02 -1.68311625e-01  1.99020065e-03  2.25848209e-02 -2.06515133e-04 
 3.12248241e+02  7.00882795e-09  4.77446639e-07 -2.74973911e-09 -2.28524243e-07  1.07058428e-10  1.04102762e-08 -1.80839315e-11 -3.06992683e-09  3.19878671e+00 -4.42165185e-02 -1.69160087e-01  2.02254626e-03  2.26220384e-02 -2.10009838e-04 
 3.12607937e+02  7.14043623e-09  4.82230512e-07 -2.79809812e-09 -2.29986461e-07  1.08876353e-10  1.04473506e-08 -1.85413649e-11 -3.07169260e-09  3.22337485e+00 -4.49801435e-02 -1.70025689e-01  2.05570229e-03  2.26611141e-02 -2.13582233e-04 
 3.12968047e+02  7.27563199e-09  4.87097328e-07 -2.84771216e-09 -2.31475754e-07  1.10738437e-10  1.04853811e-08 -1.90077736e-11 -3.07370716e-09  3.24839952e+00 -4.57638438e-02 -1.70908875e-01  2.08969702e-03  2.27020872e-02 -2.17235092e-04 
 3.13328572e+02  7.41454504e-09  4.92049307e-07 -2.89862584e-09 -2.32992846e-07  1.12646242e-10  1.05243912e-08 -1.94835008e-11 -3.07597512e-09  3.27387241e+00 -4.65683347e-02 -1.71810107e-01  2.12456000e-03  2.27449982e-02 -2.20971311e-04 
 3.13689513e+02  7.55731109e-09  4.97088751e-07 -2.95088577e-09 -2.34538482e-07  1.14601402e-10  1.05644056e-08 -1.99689044e-11 -3.07850130e-09  3.29980560e+00 -4.73943633e-02 -1.72729863e-01  2.16032208e-03  2.27898894e-02 -2.24793911e-04 
 3.14050869e+02  7.70407205e-09  5.02218043e-07 -3.00454067e-09 -2.36113436e-07  1.16605622e-10  1.06054497e-08 -2.04643579e-11 -3.08129069e-09  3.32621164e+00 -4.82427111e-02 -1.73668638e-01  2.19701553e-03  2.28368044e-02 -2.28706048e-04 
 3.14412642e+02  7.85497643e-09  5.07439657e-07 -3.05964149e-09 -2.37718513e-07  1.18660683e-10  1.06475499e-08 -2.09702514e-11 -3.08434850e-09  3.35310351e+00 -4.91141951e-02 -1.74626944e-01  2.23467406e-03  2.28857887e-02 -2.32711017e-04 
 3.14774831e+02  8.01017966e-09  5.12756155e-07 -3.11624154e-09 -2.39354543e-07  1.20768450e-10  1.06907336e-08 -2.14869923e-11 -3.08768015e-09  3.38049470e+00 -5.00096701e-02 -1.75605315e-01  2.27333292e-03  2.29368896e-02 -2.36812265e-04 
 3.15137438e+02  8.16984452e-09  5.18170197e-07 -3.17439661e-09 -2.41022390e-07  1.22930873e-10  1.07350292e-08 -2.20150063e-11 -3.09129128e-09  3.40839918e+00 -5.09300312e-02 -1.76604302e-01  2.31302904e-03  2.29901562e-02 -2.41013391e-04 
 3.15500462e+02  8.33414151e-09  5.23684540e-07 -3.23416513e-09 -2.42722950e-07  1.25149992e-10  1.07804662e-08 -2.25547389e-11 -3.09518776e-09  3.43683145e+00 -5.18762155e-02 -1.77624479e-01  2.35380102e-03  2.30456394e-02 -2.45318164e-04 
 3.15863905e+02  8.50324935e-09  5.29302050e-07 -3.29560828e-09 -2.44457153e-07  1.27427943e-10  1.08270753e-08 -2.31066555e-11 -3.09937572e-09  3.46580657e+00 -5.28492045e-02 -1.78666441e-01  2.39568932e-03  2.31033925e-02 -2.49730526e-04 
 3.16227766e+02  8.67735542e-09  5.35025699e-07 -3.35879021e-09 -2.46225964e-07  1.29766966e-10  1.08748882e-08 -2.36712438e-11 -3.10386152e-09  3.49534017e+00 -5.38500272e-02 -1.79730805e-01  2.43873632e-03  2.31634707e-02 -2.54254603e-04 
 3.16592046e+02  8.85665628e-09  5.40858578e-07 -3.42377815e-09 -2.48030387e-07  1.32169404e-10  1.09239381e-08 -2.42490141e-11 -3.10865182e-09  3.52544850e+00 -5.48797626e-02 -1.80818213e-01  2.48298645e-03  2.32259312e-02 -2.58894718e-04 
 3.16956746e+02  9.04135820e-09  5.46803895e-07 -3.49064264e-09 -2.49871464e-07  1.34637717e-10  1.09742594e-08 -2.48405010e-11 -3.11375353e-09  3.55614842e+00 -5.59395423e-02 -1.81929331e-01  2.52848627e-03  2.32908341e-02 -2.63655403e-04 
 3.17321866e+02  9.23167777e-09  5.52864988e-07 -3.55945769e-09 -2.51750279e-07  1.37174483e-10  1.10258877e-08 -2.54462650e-11 -3.11917386e-09  3.58745748e+00 -5.70305542e-02 -1.83064854e-01  2.57528466e-03  2.33582415e-02 -2.68541405e-04 
 3.17687407e+02  9.42784250e-09  5.59045327e-07 -3.63030103e-09 -2.53667957e-07  1.39782410e-10  1.10788604e-08 -2.60668938e-11 -3.12492035e-09  3.61939392e+00 -5.81540454e-02 -1.84225503e-01  2.62343292e-03  2.34282183e-02 -2.73557707e-04 
 3.18053369e+02  9.63009151e-09  5.65348521e-07 -3.70325428e-09 -2.55625672e-07  1.42464339e-10  1.11332161e-08 -2.67030040e-11 -3.13100084e-09  3.65197671e+00 -5.93113263e-02 -1.85412026e-01  2.67298491e-03  2.35008319e-02 -2.78709536e-04 
 3.18419752e+02  9.83867619e-09  5.71778328e-07 -3.77840323e-09 -2.57624643e-07  1.45223254e-10  1.11889951e-08 -2.73552428e-11 -3.13742352e-09  3.68522561e+00 -6.05037739e-02 -1.86625206e-01  2.72399722e-03  2.35761529e-02 -2.84002382e-04 
 3.18786558e+02  1.00538611e-08  5.78338658e-07 -3.85583811e-09 -2.59666141e-07  1.48062293e-10  1.12462395e-08 -2.80242901e-11 -3.14419693e-09  3.71916117e+00 -6.17328363e-02 -1.87865855e-01  2.77652935e-03  2.36542546e-02 -2.89442012e-04 
 3.19153786e+02  1.02759245e-08  5.85033586e-07 -3.93565381e-09 -2.61751488e-07  1.50984755e-10  1.13049929e-08 -2.87108605e-11 -3.15133001e-09  3.75380482e+00 -6.30000371e-02 -1.89134820e-01  2.83064386e-03  2.37352134e-02 -2.95034486e-04 
 3.19521436e+02  1.05051596e-08  5.91867356e-07 -4.01795023e-09 -2.63882063e-07  1.53994111e-10  1.13653009e-08 -2.94157050e-11 -3.15883206e-09  3.78917887e+00 -6.43069803e-02 -1.90432983e-01  2.88640659e-03  2.38191093e-02 -3.00786179e-04 
 3.19889511e+02  1.07418754e-08  5.98844395e-07 -4.10283257e-09 -2.66059302e-07  1.57094014e-10  1.14272111e-08 -3.01396140e-11 -3.16671281e-09  3.82530658e+00 -6.56553548e-02 -1.91761263e-01  2.94388687e-03  2.39060256e-02 -3.06703797e-04 
 3.20258009e+02  1.09863975e-08  6.05969316e-07 -4.19041168e-09 -2.68284706e-07  1.60288311e-10  1.14907731e-08 -3.08834194e-11 -3.17498244e-09  3.86221221e+00 -6.70469410e-02 -1.93120621e-01  3.00315770e-03  2.39960492e-02 -3.12794402e-04 
 3.20626932e+02  1.12390694e-08  6.13246936e-07 -4.28080443e-09 -2.70559837e-07  1.63581057e-10  1.15560387e-08 -3.16479975e-11 -3.18365158e-09  3.89992108e+00 -6.84836156e-02 -1.94512057e-01  3.06429606e-03  2.40892710e-02 -3.19065431e-04 
 3.20996280e+02  1.15002537e-08  6.20682281e-07 -4.37413412e-09 -2.72886327e-07  1.66976529e-10  1.16230617e-08 -3.24342717e-11 -3.19273134e-09  3.93845962e+00 -6.99673588e-02 -1.95936617e-01  3.12738311e-03  2.41857860e-02 -3.25524724e-04 
 3.21366054e+02  1.17703332e-08  6.28280600e-07 -4.47053088e-09 -2.75265882e-07  1.70479237e-10  1.16918989e-08 -3.32432158e-11 -3.20223337e-09  3.97785541e+00 -7.15002608e-02 -1.97395390e-01  3.19250449e-03  2.42856933e-02 -3.32180548e-04 
 3.21736253e+02  1.20497126e-08  6.36047377e-07 -4.57013215e-09 -2.77700282e-07  1.74093942e-10  1.17626090e-08 -3.40758574e-11 -3.21216982e-09  4.01813728e+00 -7.30845295e-02 -1.98889519e-01  3.25975065e-03  2.43890968e-02 -3.39041628e-04 
 3.22106879e+02  1.23388195e-08  6.43988346e-07 -4.67308319e-09 -2.80191389e-07  1.77825675e-10  1.18352538e-08 -3.49332813e-11 -3.22255345e-09  4.05933539e+00 -7.47224981e-02 -2.00420194e-01  3.32921711e-03  2.44961050e-02 -3.46117177e-04 
 3.22477932e+02  1.26381065e-08  6.52109502e-07 -4.77953757e-09 -2.82741150e-07  1.81679753e-10  1.19098979e-08 -3.58166337e-11 -3.23339760e-09  4.10148123e+00 -7.64166343e-02 -2.01988662e-01  3.40100487e-03  2.46068317e-02 -3.53416928e-04 
 3.22849412e+02  1.29480528e-08  6.60417120e-07 -4.88965783e-09 -2.85351603e-07  1.85661799e-10  1.19866087e-08 -3.67271265e-11 -3.24471627e-09  4.14460781e+00 -7.81695494e-02 -2.03596228e-01  3.47522078e-03  2.47213957e-02 -3.60951172e-04 
 3.23221320e+02  1.32691659e-08  6.68917767e-07 -5.00361603e-09 -2.88024881e-07  1.89777762e-10  1.20654570e-08 -3.76660416e-11 -3.25652412e-09  4.18874964e+00 -7.99840084e-02 -2.05244258e-01  3.55197791e-03  2.48399218e-02 -3.68730797e-04 
 3.23593657e+02  1.36019838e-08  6.77618325e-07 -5.12159450e-09 -2.90763218e-07  1.94033947e-10  1.21465169e-08 -3.86347361e-11 -3.26883652e-09  4.23394290e+00 -8.18629412e-02 -2.06934181e-01  3.63139607e-03  2.49625408e-02 -3.76767327e-04 
 3.23966422e+02  1.39470771e-08  6.86526004e-07 -5.24378654e-09 -2.93568956e-07  1.98437032e-10  1.22298660e-08 -3.96346477e-11 -3.28166963e-09  4.28022550e+00 -8.38094544e-02 -2.08667499e-01  3.71360220e-03  2.50893897e-02 -3.85072973e-04 
 3.24339617e+02  1.43050518e-08  6.95648366e-07 -5.37039723e-09 -2.96444551e-07  2.02994100e-10  1.23155858e-08 -4.06673004e-11 -3.29504039e-09  4.32763717e+00 -8.58268444e-02 -2.10445782e-01  3.79873099e-03  2.52206123e-02 -3.93660679e-04 
 3.24713242e+02  1.46765512e-08  7.04993344e-07 -5.50164432e-09 -2.99392578e-07  2.07712669e-10  1.24037618e-08 -4.17343111e-11 -3.30896661e-09  4.37621964e+00 -8.79186112e-02 -2.12270682e-01  3.88692536e-03  2.53563597e-02 -4.02544180e-04 
 3.25087297e+02  1.50622595e-08  7.14569268e-07 -5.63775919e-09 -3.02415744e-07  2.12600721e-10  1.24944836e-08 -4.28373965e-11 -3.32346698e-09  4.42601668e+00 -9.00884743e-02 -2.14143930e-01  3.97833716e-03  2.54967906e-02 -4.11738053e-04 
 3.25461783e+02  1.54629045e-08  7.24384887e-07 -5.77898783e-09 -3.05516889e-07  2.17666742e-10  1.25878457e-08 -4.39783806e-11 -3.33856119e-09  4.47707429e+00 -9.23403885e-02 -2.16067345e-01  4.07312778e-03  2.56420716e-02 -4.21257790e-04 
 3.25836701e+02  1.58792610e-08  7.34449398e-07 -5.92559204e-09 -3.08699000e-07  2.22919757e-10  1.26839472e-08 -4.51592026e-11 -3.35426993e-09  4.52944081e+00 -9.46785629e-02 -2.18042840e-01  4.17146892e-03  2.57923782e-02 -4.31119861e-04 
 3.26212050e+02  1.63121545e-08  7.44772474e-07 -6.07785061e-09 -3.11965218e-07  2.28369373e-10  1.27828922e-08 -4.63819264e-11 -3.37061499e-09  4.58316710e+00 -9.71074805e-02 -2.20072428e-01  4.27354339e-03  2.59478949e-02 -4.41341795e-04 
 3.26587832e+02  1.67624654e-08  7.55364296e-07 -6.23606068e-09 -3.15318850e-07  2.34025826e-10  1.28847906e-08 -4.76487502e-11 -3.38761934e-09  4.63830667e+00 -9.96319195e-02 -2.22158225e-01  4.37954597e-03  2.61088161e-02 -4.51942258e-04 
 3.26964047e+02  1.72311332e-08  7.66235584e-07 -6.40053923e-09 -3.18763377e-07  2.39900029e-10  1.29897581e-08 -4.89620168e-11 -3.40530717e-09  4.69491588e+00 -1.02256978e-01 -2.24302460e-01  4.48968437e-03  2.62753464e-02 -4.62941148e-04 
 3.27340695e+02  1.77191615e-08  7.77397637e-07 -6.57162466e-09 -3.22302468e-07  2.46003627e-10  1.30979164e-08 -5.03242260e-11 -3.42370399e-09  4.75305413e+00 -1.04988097e-01 -2.26507485e-01  4.60418029e-03  2.64477018e-02 -4.74359689e-04 
 3.27717777e+02  1.82276233e-08  7.88862370e-07 -6.74967858e-09 -3.25939994e-07  2.52349060e-10  1.32093940e-08 -5.17380467e-11 -3.44283673e-09  4.81278404e+00 -1.07831095e-01 -2.28775777e-01  4.72327055e-03  2.66261099e-02 -4.86220547e-04 
 3.28095293e+02  1.87576665e-08  8.00642359e-07 -6.93508772e-09 -3.29680037e-07  2.58949625e-10  1.33243266e-08 -5.32063316e-11 -3.46273385e-09  4.87417173e+00 -1.10792192e-01 -2.31109952e-01  4.84720837e-03  2.68108113e-02 -4.98547941e-04 
 3.28473244e+02  1.93105207e-08  8.12750885e-07 -7.12826608e-09 -3.33526911e-07  2.65819550e-10  1.34428575e-08 -5.47321323e-11 -3.48342541e-09  4.93728701e+00 -1.13878048e-01 -2.33512772e-01  4.97626475e-03  2.70020600e-02 -5.11367782e-04 
 3.28851631e+02  1.98875042e-08  8.25201983e-07 -7.32965729e-09 -3.37485175e-07  2.72974077e-10  1.35651382e-08 -5.63187162e-11 -3.50494319e-09  5.00220365e+00 -1.17095802e-01 -2.35987156e-01  5.11072997e-03  2.72001245e-02 -5.24707808e-04 
 3.29230453e+02  2.04900315e-08  8.38010502e-07 -7.53973713e-09 -3.41559648e-07  2.80429542e-10  1.36913287e-08 -5.79695855e-11 -3.52732084e-09  5.06899972e+00 -1.20453107e-01 -2.38536193e-01  5.25091528e-03  2.74052891e-02 -5.38597751e-04 
 3.29609712e+02  2.11196220e-08  8.51192156e-07 -7.75901643e-09 -3.45755437e-07  2.88203479e-10  1.38215987e-08 -5.96884979e-11 -3.55059401e-09  5.13775782e+00 -1.23958184e-01 -2.41163151e-01  5.39715476e-03  2.76178547e-02 -5.53069506e-04 
 3.29989408e+02  2.17779095e-08  8.64763598e-07 -7.98804420e-09 -3.50077948e-07  2.96314724e-10  1.39561280e-08 -6.14794888e-11 -3.57480047e-09  5.20856549e+00 -1.27619869e-01 -2.43871495e-01  5.54980736e-03  2.78381403e-02 -5.68157328e-04 
 3.30369541e+02  2.24666527e-08  8.78742483e-07 -8.22741110e-09 -3.54532914e-07  3.04783532e-10  1.40951070e-08 -6.33468973e-11 -3.59998031e-09  5.28151553e+00 -1.31447668e-01 -2.46664895e-01  5.70925914e-03  2.80664840e-02 -5.83898042e-04 
 3.30750112e+02  2.31877466e-08  8.93147547e-07 -8.47775331e-09 -3.59126421e-07  3.13631712e-10  1.42387379e-08 -6.52953934e-11 -3.62617608e-09  5.35670643e+00 -1.35451819e-01 -2.49547251e-01  5.87592580e-03  2.83032450e-02 -6.00331281e-04 
 3.31131121e+02  2.39432357e-08  9.07998695e-07 -8.73975680e-09 -3.63864931e-07  3.22882765e-10  1.43872357e-08 -6.73300096e-11 -3.65343301e-09  5.43424283e+00 -1.39643366e-01 -2.52522701e-01  6.05025543e-03  2.85488049e-02 -6.17499747e-04 
 3.31512570e+02  2.47353281e-08  9.23317086e-07 -9.01416208e-09 -3.68755318e-07  3.32562053e-10  1.45408287e-08 -6.94561748e-11 -3.68179919e-09  5.51423594e+00 -1.44034228e-01 -2.55595648e-01  6.23273162e-03  2.88035692e-02 -6.35449505e-04 
 3.31894458e+02  2.55664114e-08  9.39125240e-07 -9.30176949e-09 -3.73804893e-07  3.42696975e-10  1.46997600e-08 -7.16797528e-11 -3.71132585e-09  5.59680414e+00 -1.48637292e-01 -2.58770775e-01  6.42387689e-03  2.90679700e-02 -6.54230305e-04 
 3.32276785e+02  2.64390708e-08  9.55447144e-07 -9.60344512e-09 -3.79021447e-07  3.53317166e-10  1.48642886e-08 -7.40070851e-11 -3.74206756e-09  5.68207353e+00 -1.53466501e-01 -2.62053072e-01  6.62425650e-03  2.93424674e-02 -6.73895943e-04 
 3.32659553e+02  2.73561087e-08  9.72308378e-07 -9.92012739e-09 -3.84413286e-07  3.64454724e-10  1.50346906e-08 -7.64450383e-11 -3.77408254e-09  5.77017857e+00 -1.58536968e-01 -2.65447860e-01  6.83448275e-03  2.96275521e-02 -6.94504664e-04 
 3.33042762e+02  2.83205669e-08  9.89736247e-07 -1.02528344e-08 -3.89989277e-07  3.76144457e-10  1.52112609e-08 -7.90010574e-11 -3.80743294e-09  5.86126277e+00 -1.63865086e-01 -2.68960817e-01  7.05521977e-03  2.99237480e-02 -7.16119613e-04 
 3.33426413e+02  2.93357520e-08  1.00775993e-06 -1.06026724e-08 -3.95758896e-07  3.88424164e-10  1.53943145e-08 -8.16832258e-11 -3.84218522e-09  5.95547951e+00 -1.69468670e-01 -2.72598014e-01  7.28718885e-03  3.02316153e-02 -7.38809344e-04 
 3.33810505e+02  3.04052629e-08  1.02641063e-06 -1.09708446e-08 -4.01732277e-07  4.01334951e-10  1.55841884e-08 -8.45003323e-11 -3.87841049e-09  6.05299284e+00 -1.75367102e-01 -2.76365943e-01  7.53117449e-03  3.05517530e-02 -7.62648382e-04 
 3.34195040e+02  3.15330229e-08  1.04572178e-06 -1.13586622e-08 -4.07920277e-07  4.14921584e-10  1.57812436e-08 -8.74619461e-11 -3.91618491e-09  6.15397850e+00 -1.81581501e-01 -2.80271556e-01  7.78803118e-03  3.08848029e-02 -7.87717863e-04 
 3.34580018e+02  3.27233149e-08  1.06572924e-06 -1.17675559e-08 -4.14334536e-07  4.29232887e-10  1.59858671e-08 -9.05785026e-11 -3.95559020e-09  6.25862489e+00 -1.88134914e-01 -2.84322311e-01  8.05869102e-03  3.12314533e-02 -8.14106257e-04 
 3.34965439e+02  3.39808218e-08  1.08647148e-06 -1.21990891e-08 -4.20987552e-07  4.44322198e-10  1.61984746e-08 -9.38613988e-11 -3.99671410e-09  6.36713430e+00 -1.95052528e-01 -2.88526212e-01  8.34417239e-03  3.15924434e-02 -8.41910175e-04 
 3.35351304e+02  3.53106722e-08  1.10798987e-06 -1.26549733e-08 -4.27892758e-07  4.60247873e-10  1.64195127e-08 -9.73231026e-11 -4.03965094e-09  6.47972419e+00 -2.02361918e-01 -2.92891865e-01  8.64558969e-03  3.19685676e-02 -8.71235293e-04 
 3.35737614e+02  3.67184923e-08  1.13032894e-06 -1.31370850e-08 -4.35064615e-07  4.77073870e-10  1.66494625e-08 -1.00977276e-10 -4.08450231e-09  6.59662863e+00 -2.10093319e-01 -2.97428532e-01  8.96416445e-03  3.23606814e-02 -9.02197393e-04 
 3.36124369e+02  3.82104646e-08  1.15353670e-06 -1.36474852e-08 -4.42518709e-07  4.94870406e-10  1.68888422e-08 -1.04838914e-10 -4.13137769e-09  6.71809992e+00 -2.18279946e-01 -3.02146197e-01  9.30123797e-03  3.27697068e-02 -9.34923551e-04 
 3.36511569e+02  3.97933954e-08  1.17766496e-06 -1.41884419e-08 -4.50271867e-07  5.13714711e-10  1.71382114e-08 -1.08924509e-10 -4.18039533e-09  6.84441039e+00 -2.26958345e-01 -3.07055637e-01  9.65828568e-03  3.31966393e-02 -9.69553491e-04 
 3.36899216e+02  4.14747915e-08  1.20276973e-06 -1.47624552e-08 -4.58342276e-07  5.33691882e-10  1.73981751e-08 -1.13252229e-10 -4.23168304e-09  6.97585446e+00 -2.36168811e-01 -3.12168504e-01  1.00369336e-02  3.36425551e-02 -1.00624113e-03 
 3.37287309e+02  4.32629489e-08  1.22891166e-06 -1.53722864e-08 -4.66749628e-07  5.54895876e-10  1.76693882e-08 -1.17842127e-10 -4.28537925e-09  7.11275087e+00 -2.45955855e-01 -3.17497409e-01  1.04389773e-02  3.41086195e-02 -1.04515635e-03 
 3.37675849e+02  4.51670537e-08  1.25615649e-06 -1.60209920e-08 -4.75515278e-07  5.77430633e-10  1.79525609e-08 -1.22716388e-10 -4.34163407e-09  7.25544528e+00 -2.56368744e-01 -3.23056033e-01  1.08664033e-02  3.45960961e-02 -1.08648703e-03 
 3.38064836e+02  4.71972995e-08  1.28457569e-06 -1.67119618e-08 -4.84662421e-07  6.01411384e-10  1.82484647e-08 -1.27899600e-10 -4.40061060e-09  7.40431316e+00 -2.67462125e-01 -3.28859232e-01  1.13214145e-02  3.51063579e-02 -1.13044140e-03 
 3.38454272e+02  4.93650229e-08  1.31424696e-06 -1.74489638e-08 -4.94216298e-07  6.26966160e-10  1.85579391e-08 -1.33419076e-10 -4.46248633e-09  7.55976305e+00 -2.79296748e-01 -3.34923174e-01  1.18064587e-02  3.56408987e-02 -1.17725075e-03 
 3.38844156e+02  5.16828600e-08  1.34525505e-06 -1.82361958e-08 -5.04204421e-07  6.54237534e-10  1.88818993e-08 -1.39305229e-10 -4.52745476e-09  7.72224031e+00 -2.91940299e-01 -3.41265483e-01  1.23242620e-02  3.62013471e-02 -1.22717256e-03 
 3.39234490e+02  5.41649296e-08  1.37769250e-06 -1.90783459e-08 -5.14656840e-07  6.83384662e-10  1.92213447e-08 -1.45592002e-10 -4.59572723e-09  7.89223134e+00 -3.05468373e-01 -3.47905406e-01  1.28778682e-02  3.67894817e-02 -1.28049417e-03 
 3.39625273e+02  5.68270466e-08  1.41166058e-06 -1.99806629e-08 -5.25606438e-07  7.14585646e-10  1.95773690e-08 -1.52317373e-10 -4.66753506e-09  8.07026840e+00 -3.19965614e-01 -3.54864005e-01  1.34706840e-02  3.74072490e-02 -1.33753704e-03 
 3.40016506e+02  5.96869719e-08  1.44727035e-06 -2.09490383e-08 -5.37089272e-07  7.48040320e-10  1.99511716e-08 -1.59523946e-10 -4.74313190e-09  8.25693517e+00 -3.35527039e-01 -3.62164377e-01  1.41065322e-02  3.80567838e-02 -1.39866172e-03 
 3.40408190e+02  6.27647068e-08  1.48464384e-06 -2.19901036e-08 -5.49144968e-07  7.83973511e-10  2.03440705e-08 -1.67259646e-10 -4.82279654e-09  8.45287303e+00 -3.52259610e-01 -3.69831902e-01  1.47897145e-02  3.87404317e-02 -1.46427376e-03 
 3.40800325e+02  6.60828403e-08  1.52391546e-06 -2.31113444e-08 -5.61817170e-07  8.22638894e-10  2.07575174e-08 -1.75578537e-10 -4.90683603e-09  8.65878846e+00 -3.70284074e-01 -3.77894536e-01  1.55250850e-02  3.94607767e-02 -1.53483060e-03 
 3.41192912e+02  6.96669608e-08  1.56523364e-06 -2.43212362e-08 -5.75154061e-07  8.64323559e-10  2.11931150e-08 -1.84541795e-10 -4.99558944e-09  8.87546141e+00 -3.89737156e-01 -3.86383141e-01  1.63181383e-02  4.02206713e-02 -1.61084978e-03 
 3.41585951e+02  7.35461464e-08  1.60876261e-06 -2.56294053e-08 -5.89208971e-07  9.09353437e-10  2.16526370e-08 -1.94218863e-10 -5.08943200e-09  9.10375510e+00 -4.10774162e-01 -3.95331876e-01  1.71751132e-02  4.10232729e-02 -1.69291866e-03 
 3.41979443e+02  7.77535511e-08  1.65468465e-06 -2.70468221e-08 -6.04041078e-07  9.58099798e-10  2.21380519e-08 -2.04688828e-10 -5.18878016e-09  9.34462747e+00 -4.33572095e-01 -4.04778643e-01  1.81031174e-02  4.18720851e-02 -1.78170614e-03 
 3.42373388e+02  8.23271089e-08  1.70320258e-06 -2.85860324e-08 -6.19716231e-07  1.01098703e-09  2.26515498e-08 -2.16042079e-10 -5.29409733e-09  9.59914441e+00 -4.58333392e-01 -4.14765621e-01  1.91102769e-02  4.27710067e-02 -1.87797656e-03 
 3.42767787e+02  8.73103839e-08  1.75454276e-06 -3.02614366e-08 -6.36307916e-07  1.06850207e-09  2.31955751e-08 -2.28382304e-10 -5.40590066e-09  9.86849545e+00 -4.85290441e-01 -4.25339877e-01  2.02059162e-02  4.37243884e-02 -1.98260665e-03 
 3.43162640e+02  9.27536023e-08  1.80895854e-06 -3.20896292e-08 -6.53898393e-07  1.13120575e-09  2.37728637e-08 -2.41828917e-10 -5.52476906e-09  1.01540121e+01 -5.14711054e-01 -4.36554096e-01  2.14007772e-02  4.47371004e-02 -2.09660590e-03 
 3.43557948e+02  9.87149107e-08  1.86673448e-06 -3.40898118e-08 -6.72580038e-07  1.19974676e-09  2.43864881e-08 -2.56520007e-10 -5.65135267e-09  1.04571898e+01 -5.46905149e-01 -4.48467445e-01  2.27072859e-02  4.58146119e-02 -2.22114157e-03 
 3.43953711e+02  1.05261921e-07  1.92819123e-06 -3.62843009e-08 -6.92456947e-07  1.27487866e-09  2.50399106e-08 -2.72615963e-10 -5.78638411e-09  1.07797134e+01 -5.82232946e-01 -4.61146594e-01  2.41398795e-02  4.69630860e-02 -2.35756920e-03 
 3.44349931e+02  1.12473620e-07  1.99369144e-06 -3.86991535e-08 -7.13646848e-07  1.35748093e-09  2.57370467e-08 -2.90303946e-10 -5.93069194e-09  1.11234887e+01 -6.21115082e-01 -4.74666944e-01  2.57154103e-02  4.81894926e-02 -2.50747039e-03 
 3.44746607e+02  1.20442737e-07  2.06364682e-06 -4.13649458e-08 -7.36283394e-07  1.44858512e-09  2.64823417e-08 -3.09803438e-10 -6.08521684e-09  1.14906792e+01 -6.64045186e-01 -4.89114095e-01  2.74536472e-02  4.95017444e-02 -2.67269961e-03 
 3.45143739e+02  1.29278715e-07  2.13852674e-06 -4.43177462e-08 -7.60518950e-07  1.54940751e-09  2.72808628e-08 -3.31373186e-10 -6.25103113e-09  1.18837513e+01 -7.11605605e-01 -5.04585627e-01  2.93779030e-02  5.09088615e-02 -2.85544276e-03 
 3.45541330e+02  1.39111448e-07  2.21886861e-06 -4.76003425e-08 -7.86527960e-07  1.66139032e-09  2.81384117e-08 -3.55319951e-10 -6.42936254e-09  1.23055288e+01 -7.64487233e-01 -5.21193261e-01  3.15158254e-02  5.24211710e-02 -3.05829103e-03 
 3.45939378e+02  1.50096041e-07  2.30529060e-06 -5.12638001e-08 -8.14511085e-07  1.78625400e-09  2.90616617e-08 -3.82009610e-10 -6.62162329e-09  1.27592599e+01 -8.23514695e-01 -5.39065506e-01  3.39004008e-02  5.40505516e-02 -3.28433449e-03 
 3.46337885e+02  1.62418898e-07  2.39850738e-06 -5.53694590e-08 -8.44700291e-07  1.92606421e-09  3.00583271e-08 -4.11881385e-10 -6.82944588e-09  1.32486996e+01 -8.89678617e-01 -5.58350915e-01  3.65712405e-02  5.58107345e-02 -3.53728215e-03 
 3.46736850e+02  1.76305605e-07  2.49934953e-06 -5.99915147e-08 -8.77365169e-07  2.08331843e-09  3.11373731e-08 -4.45466216e-10 -7.05472756e-09  1.37782120e+01 -9.64177343e-01 -5.79222133e-01  3.95762429e-02  5.77176775e-02 -3.82161688e-03 
 3.47136276e+02  1.92031217e-07  2.60878796e-06 -6.52203877e-08 -9.12820834e-07  2.26105883e-09  3.23092783e-08 -4.83410746e-10 -7.29968587e-09  1.43528981e+01 -1.04847140e+00 -6.01880956e-01  4.29737631e-02  5.97900321e-02 -4.14279765e-03 
 3.47536161e+02  2.09933837e-07  2.72796458e-06 -7.11671678e-08 -9.51437894e-07  2.46302132e-09  3.35863665e-08 -5.26508932e-10 -7.56692878e-09  1.49787575e+01 -1.14435531e+00 -6.26564708e-01  4.68354738e-02  6.20497331e-02 -4.50752614e-03 
 3.47936508e+02  2.30432731e-07  2.85823145e-06 -7.79695436e-08 -9.93655134e-07  2.69383420e-09  3.49832278e-08 -5.75744217e-10 -7.85954385e-09  1.56628931e+01 -1.25405351e+00 -6.53554364e-01  5.12501813e-02  6.45227487e-02 -4.92410221e-03 
 3.48337315e+02  2.54052818e-07  3.00120099e-06 -8.57998106e-08 -1.03999581e-06  2.95928634e-09  3.65172601e-08 -6.32346446e-10 -8.18121285e-09  1.64137757e+01 -1.38034971e+00 -6.83184978e-01  5.63289787e-02  6.72400438e-02 -5.40290372e-03 
 3.48738584e+02  2.81458182e-07  3.15881123e-06 -9.48758330e-08 -1.09108880e-06  3.26669427e-09  3.82093725e-08 -6.97869741e-10 -8.53636049e-09  1.72415858e+01 -1.52676420e+00 -7.15859229e-01  6.22122974e-02  7.02388310e-02 -5.95704301e-03 
 3.49140315e+02  3.13498650e-07  3.33341147e-06 -1.05476267e-07 -1.14769641e-06  3.62541178e-09  4.00849080e-08 -7.74300622e-10 -8.93034973e-09  1.81586640e+01 -1.69779995e+00 -7.52065196e-01  6.90796988e-02  7.35642128e-02 -6.60327812e-03 
 3.49542510e+02  3.51275540e-07  3.52787611e-06 -1.17962046e-07 -1.21075123e-06  4.04754876e-09  4.21748702e-08 -8.64210504e-10 -9.36974116e-09  1.91801080e+01 -1.89929002e+00 -7.92399984e-01  7.71636899e-02  7.72713625e-02 -7.36329795e-03 
 3.49945167e+02  3.96236127e-07  3.74575793e-06 -1.32807239e-07 -1.28140588e-06  4.54900352e-09  4.45175731e-08 -9.70974635e-10 -9.86264229e-09  2.03245777e+01 -2.13889648e+00 -8.37601517e-01  8.67695617e-02  8.14284606e-02 -8.26556718e-03 
 3.50348288e+02  4.50312044e-07  3.99149737e-06 -1.50644238e-07 -1.36110082e-06  5.15097384e-09  4.71608954e-08 -1.09909258e-09 -1.04191842e-08  2.16153930e+01 -2.42684128e+00 -8.88591952e-01  9.83044345e-02  8.61207021e-02 -9.34802648e-03 
 3.50751874e+02  5.16126451e-07  4.27071264e-06 -1.72331386e-07 -1.45165838e-06  5.88221753e-09  5.01654024e-08 -1.25466754e-09 -1.10521819e-08  2.30820568e+01 -2.77699975e+00 -9.46537839e-01  1.12320713e-01  9.14558498e-02 -1.06621307e-02 
 3.51155925e+02  5.97311737e-07  4.59060860e-06 -1.99056628e-07 -1.55541524e-06  6.78251628e-09  5.36087450e-08 -1.44614080e-09 -1.17780652e-08  2.47624000e+01 -3.20857720e+00 -1.01293486e+00  1.29582684e-01  9.75720551e-02 -1.22790358e-02 
 3.51560441e+02  6.99010068e-07  4.96056280e-06 -2.32500777e-07 -1.67541226e-06  7.90812918e-09  5.75919613e-08 -1.68544785e-09 -1.26182108e-08  2.67056553e+01 -3.74874939e+00 -1.08972929e+00  1.51171372e-01  1.04649062e-01 -1.42993359e-02 
 3.51965423e+02  8.28686488e-07  5.39298086e-06 -2.75102592e-07 -1.81567152e-06  9.34064464e-09  6.22486690e-08 -1.98989463e-09 -1.36008871e-08  2.89769437e+01 -4.43695053e+00 -1.17949508e+00  1.78654769e-01  1.12924544e-01 -1.68688657e-02 
 3.52370871e+02  9.97496372e-07  5.90456718e-06 -3.30504429e-07 -1.98160759e-06  1.12018556e-08  6.77587094e-08 -2.38531021e-09 -1.47641383e-08  3.16639354e+01 -5.33208213e+00 -1.28569689e+00  2.14373929e-01  1.22718350e-01 -2.02052476e-02 
 3.52776787e+02  1.22267821e-06  6.51824280e-06 -4.04331676e-07 -2.18064801e-06  1.36797671e-08  7.43687178e-08 -2.91155784e-09 -1.61601335e-08  3.48868994e+01 -6.52512275e+00 -1.41308657e+00  2.61943227e-01  1.34469042e-01 -2.46442933e-02 
 3.53183170e+02  1.53193557e-06  7.26606751e-06 -5.05619535e-07 -2.42317777e-06  1.70761824e-08  8.24234125e-08 -3.63261724e-09 -1.78617792e-08  3.88140038e+01 -8.16221172e+00 -1.56830652e+00  3.27165834e-01  1.48789440e-01 -3.07248822e-02 
 3.53590021e+02  1.97189343e-06  8.19365687e-06 -6.49565085e-07 -2.72396505e-06  2.18984511e-08  9.24127631e-08 -4.65602017e-09 -1.99726827e-08  4.36844170e+01 -1.04891787e+01 -1.76079954e+00  4.19799035e-01  1.66550283e-01 -3.93525572e-02 
 3.53997341e+02  2.62542615e-06  9.36646905e-06 -8.63163523e-07 -3.10418464e-06  2.90472748e-08  1.05038755e-07 -6.17262741e-09 -2.26412409e-08  4.98411107e+01 -1.39427482e+01 -2.00409798e+00  5.57168400e-01  1.88998415e-01 -5.21342881e-02 
 3.54405130e+02  3.64962246e-06  1.08765865e-05 -1.19754935e-06 -3.59357959e-06  4.02276958e-08  1.21286060e-07 -8.54365692e-09 -2.60755010e-08  5.77659619e+01 -1.93502646e+01 -2.31719250e+00  7.72078445e-01  2.17881078e-01 -7.21107650e-02 
 3.54813389e+02  5.36483359e-06  1.28381072e-05 -1.75692057e-06 -4.22886645e-06  5.89116445e-08  1.42365958e-07 -1.25044520e-08 -3.05310519e-08  6.80542122e+01 -2.83978507e+01 -2.72347191e+00  1.13134411e+00  2.55342310e-01 -1.05470598e-01 
 3.55222118e+02  8.47268370e-06  1.53020921e-05 -2.76927102e-06 -5.02586551e-06  9.26893079e-08  1.68781394e-07 -1.96620625e-08 -3.61125100e-08  8.09640530e+01 -4.47754877e+01 -3.23277169e+00  1.78107666e+00  3.02248628e-01 -1.65734787e-01 
 3.55631319e+02  1.45296913e-05  1.77162506e-05 -4.73966520e-06 -5.80344922e-06  1.58352496e-07  1.94451401e-07 -3.35700075e-08 -4.15283457e-08  9.35686294e+01 -7.66594511e+01 -3.72836367e+00  3.04466386e+00  3.47704276e-01 -2.82788146e-01 
 3.56040990e+02  2.58158506e-05  1.63363549e-05 -8.40471055e-06 -5.34272763e-06  2.80292196e-07  1.78730134e-07 -5.93821530e-08 -3.81673983e-08  8.61468482e+01 -1.35983314e+02 -3.42825215e+00  5.39248521e+00  3.19219867e-01 -4.99917170e-01 
 3.56451133e+02  3.60974868e-05  1.67928662e-06 -1.17288810e-05 -5.69725962e-07  3.90439528e-07  1.95142417e-08 -8.26625054e-08 -4.42996655e-09  8.92668846e+00 -1.89830457e+02 -3.65436038e-01  7.51618178e+00  3.51994422e-02 -6.95488760e-01 
 3.56861749e+02  2.80363131e-05 -1.51264860e-05 -9.09163672e-06  4.88125059e-06  3.02096853e-07 -1.61649830e-07 -6.39149439e-08  3.39054027e-08 -7.93225110e+01 -1.47197171e+02  3.12391634e+00  5.81911903e+00 -2.87147303e-01 -5.37440493e-01 
 3.57272838e+02  1.59808519e-05 -1.79841074e-05 -5.17202881e-06  5.79649299e-06  1.71541812e-07 -1.91713626e-07 -3.62676428e-08  4.02407960e-08 -9.41718948e+01 -8.37660454e+01  3.70523518e+00  3.30636318e+00 -3.40202857e-01 -3.04789923e-01 
 3.57684401e+02  9.22791178e-06 -1.57884241e-05 -2.98059230e-06  5.07586304e-06  9.86766933e-08 -1.67508017e-07 -2.08472548e-08  3.51008975e-08 -8.25281377e+01 -4.82904160e+01  3.24063109e+00  1.90312201e+00 -2.96820471e-01 -1.75101647e-01 
 3.58096437e+02  5.78075119e-06 -1.32743197e-05 -1.86345909e-06  4.25540552e-06  6.15790343e-08 -1.40090998e-07 -1.30000211e-08  2.92898684e-08 -6.92585830e+01 -3.02016812e+01  2.71348198e+00  1.18838822e+00 -2.47856123e-01 -1.09132016e-01 
 3.58508948e+02  3.90042692e-06 -1.12387496e-05 -1.25482308e-06  3.59212534e-06  4.13899191e-08 -1.17958115e-07 -8.73121584e-09  2.46016811e-08 -5.85282132e+01 -2.03445564e+01  2.28771901e+00  7.99273427e-01 -2.08368644e-01 -7.32581923e-02 
 3.58921935e+02  2.78944419e-06 -9.66904078e-06 -8.95614549e-07  3.08103242e-06  2.94869855e-08 -1.00916442e-07 -6.21543700e-09  2.09933750e-08 -5.02586908e+01 -1.45258953e+01  1.95980200e+00  5.69781577e-01 -1.77981138e-01 -5.21234300e-02 
 3.59335397e+02  2.08650942e-06 -8.45232273e-06 -6.68582920e-07  2.68506282e-06  2.19715038e-08 -8.77201963e-08 -4.62758622e-09  1.82002477e-08 -4.38512268e+01 -1.08476247e+01  1.70582662e+00  4.24831698e-01 -1.54459667e-01 -3.87884192e-02 
 3.59749335e+02  1.61641644e-06 -7.49264259e-06 -5.16913675e-07  2.37285237e-06  1.69557080e-08 -7.73195691e-08 -3.56826023e-09  1.59995794e-08 -3.87987177e+01 -8.38989563e+00  1.50562065e+00  3.28060557e-01 -1.35927105e-01 -2.98948677e-02 
 3.60163750e+02  1.28768185e-06 -6.72105915e-06 -4.10961894e-07  2.12190387e-06  1.34552266e-08 -6.89626924e-08 -2.82924126e-09  1.42319501e-08 -3.47373195e+01 -6.67268766e+00  1.34472949e+00  2.60502501e-01 -1.21040487e-01 -2.36923900e-02 
 3.60578643e+02  1.04928930e-06 -6.08946802e-06 -3.34206463e-07  1.91653372e-06  1.09217954e-08 -6.21258415e-08 -2.29458424e-09  1.27863472e-08 -3.14133443e+01 -5.42845606e+00  1.21308178e+00  2.11592135e-01 -1.08864877e-01 -1.92064812e-02 
 3.60994014e+02  8.71149326e-07 -5.56411444e-06 -2.76909105e-07  1.74574301e-06  9.03242476e-09 -5.64419201e-08 -1.89599883e-09  1.15849730e-08 -2.86488637e+01 -4.49948166e+00  1.10361693e+00  1.75104069e-01 -9.87451873e-02 -1.58632738e-02 
 3.61409863e+02  7.34654275e-07 -5.12092643e-06 -2.33051070e-07  1.60169106e-06  7.58759875e-09 -5.16493359e-08 -1.59130949e-09  1.05723968e-08 -2.63170312e+01 -3.78827618e+00  1.01130296e+00  1.47192072e-01 -9.02147194e-02 -1.33084148e-02 
 3.61826191e+02  6.27825195e-07 -4.74240874e-06 -1.98759883e-07  1.47868105e-06  6.45901601e-09 -4.75580746e-08 -1.35340003e-09  9.70835914e-09 -2.43256785e+01 -3.23210942e+00  9.32484419e-01  1.25382335e-01 -8.29345399e-02 -1.13141170e-02 
 3.62242998e+02  5.42681074e-07 -4.41560309e-06 -1.71456922e-07  1.37249446e-06  5.56128664e-09 -4.40274601e-08 -1.16422702e-09  8.96305643e-09 -2.26065524e+01 -2.78920628e+00  8.64454820e-01  1.08028151e-01 -7.66537585e-02 -9.72883327e-03 
 3.62660286e+02  4.73744854e-07 -4.13073871e-06 -1.49373542e-07  1.27995104e-06  4.83587245e-09 -4.09514581e-08 -1.01142328e-09  8.31402580e-09 -2.11081964e+01 -2.43091104e+00  8.05174037e-01  9.40004407e-02 -7.11832896e-02 -8.44870916e-03 
 3.63078055e+02  4.17159959e-07 -3.88032597e-06 -1.31265047e-07  1.19861340e-06  4.24159746e-09 -3.82488135e-08 -8.86291352e-10  7.74405470e-09 -1.97911724e+01 -2.13705521e+00  7.53078630e-01  8.25048714e-02 -6.63782494e-02 -7.40071877e-03 
 3.63496305e+02  3.70148999e-07 -3.65853688e-06 -1.16235521e-07  1.12658516e-06  3.74883844e-09 -3.58563143e-08 -7.82575190e-10  7.23975332e-09 -1.86247955e+01 -1.89312041e+00  7.06952278e-01  7.29698809e-02 -6.21259361e-02 -6.53234341e-03 
 3.63915036e+02  3.30671650e-07 -3.46077412e-06 -1.03627152e-07  1.06237054e-06  3.33585572e-09 -3.37241071e-08 -6.95684501e-10  6.79056189e-09 -1.75848622e+01 -1.68844580e+00  6.65835669e-01  6.49759455e-02 -5.83374708e-02 -5.80505445e-03 
 3.64334250e+02  2.97202364e-07 -3.28336581e-06 -9.29483526e-08  1.00477498e-06  2.98641101e-09 -3.18123816e-08 -6.22191233e-10  6.38804828e-09 -1.66520432e+01 -1.51506373e+00  6.28962727e-01  5.82096532e-02 -5.49418844e-02 -5.19008315e-03 
 3.64753947e+02  2.68582360e-07 -3.12334596e-06 -8.38259140e-08  9.52833642e-07  2.68818238e-09 -3.00889855e-08 -5.59494589e-10  6.02540260e-09 -1.58107257e+01 -1.36692470e+00  5.95714724e-01  5.24331414e-02 -5.18818629e-02 -4.66560671e-03 
 3.65174127e+02  2.43918884e-07 -2.97829397e-06 -7.59724546e-08  9.05759170e-07  2.43168618e-09 -2.85276825e-08 -5.05593217e-10  5.69706813e-09 -1.50481689e+01 -1.23936999e+00  5.65586767e-01  4.74633078e-02 -4.91106400e-02 -4.21483483e-03 
 3.65594792e+02  2.22515269e-07 -2.84621566e-06 -6.91638305e-08  8.62902945e-07  2.20952920e-09 -2.71068611e-08 -4.58927196e-10  5.39846778e-09 -1.43538768e+01 -1.12876570e+00  5.38162948e-01  4.31573870e-02 -4.65896948e-02 -3.82468270e-03 
 3.66015941e+02  2.03821517e-07 -2.72545393e-06 -6.32231761e-08  8.23726024e-07  2.01588045e-09 -2.58085649e-08 -4.18266455e-10  5.12579866e-09 -1.37191282e+01 -1.03224419e+00  5.13097700e-01  3.94027628e-02 -4.42870229e-02 -3.48483394e-03 
 3.66437575e+02  1.87398793e-07 -2.61462087e-06 -5.80094458e-08  7.87777029e-07  1.84609215e-09 -2.46177558e-08 -3.82630694e-10  4.87587601e-09 -1.31366187e+01 -9.47518355e-01  4.90101610e-01  3.61096551e-02 -4.21758219e-02 -3.18706826e-03 
 3.66859694e+02  1.72893548e-07 -2.51254547e-06 -5.34090635e-08  7.54675150e-07  1.69642346e-09 -2.35217471e-08 -3.51231054e-10  4.64601315e-09 -1.26001860e+01 -8.72746385e-01  4.68930517e-01  3.32057923e-02 -4.02334818e-02 -2.92477178e-03 
 3.67282300e+02  1.60018398e-07 -2.41823310e-06 -4.93297547e-08  7.24096939e-07  1.56383663e-09 -2.25097640e-08 -3.23427056e-10  4.43392826e-09 -1.21045958e+01 -8.06431765e-01  4.49377048e-01  3.06324759e-02 -3.84407994e-02 -2.69257547e-03 
 3.67705393e+02  1.48537816e-07 -2.33083360e-06 -4.56959340e-08  6.95765949e-07  1.44584451e-09 -2.15725974e-08 -2.98694402e-10  4.23767119e-09 -1.16453744e+01 -7.47348536e-01  4.31263964e-01  2.83416392e-02 -3.67813635e-02 -2.48608493e-03 
 3.68128974e+02  1.38257305e-07 -2.24961611e-06 -4.24452149e-08  6.69444533e-07  1.34039524e-09 -2.07023310e-08 -2.76600637e-10  4.05556560e-09 -1.12186761e+01 -6.94484732e-01  4.14438908e-01  2.62936215e-02 -3.52410667e-02 -2.30167613e-03 
 3.68553042e+02  1.29015117e-07 -2.17394892e-06 -3.95257414e-08  6.44927286e-07  1.24578412e-09 -1.98921230e-08 -2.56786540e-10  3.88616269e-09 -1.08211769e+01 -6.46999129e-01  3.98770196e-01  2.44554672e-02 -3.38077168e-02 -2.13633919e-03 
 3.68977599e+02  1.20675858e-07 -2.10328326e-06 -3.68941284e-08  6.22035784e-07  1.16058562e-09 -1.91360303e-08 -2.38951765e-10  3.72820400e-09 -1.04499893e+01 -6.04187855e-01  3.84143443e-01  2.27996124e-02 -3.24707234e-02 -1.98755797e-03 
 3.69402644e+02  1.13125498e-07 -2.03714019e-06 -3.45138553e-08  6.00614303e-07  1.08360030e-09 -1.84288662e-08 -2.22843656e-10  3.58059125e-09 -1.01025932e+01 -5.65458359e-01  3.70458819e-01  2.13028622e-02 -3.12208440e-02 -1.85321619e-03 
 3.69828180e+02  1.06267456e-07 -1.97509982e-06 -3.23540050e-08  5.80526334e-07  1.01381327e-09 -1.77660840e-08 -2.08248465e-10  3.44236174e-09 -9.77677945e+00 -5.30308962e-01  3.57628813e-01  1.99455866e-02 -3.00499770e-02 -1.73152373e-03 
 3.70254205e+02  1.00019490e-07 -1.91679258e-06 -3.03882641e-08  5.61651716e-07  9.50361158e-10 -1.71436817e-08 -1.94984390e-10  3.31266807e-09 -9.47060352e+00 -4.98312647e-01  3.45576396e-01  1.87110838e-02 -2.89509915e-02 -1.62095827e-03 
 3.70680722e+02  9.43112179e-08 -1.86189184e-06 -2.85941249e-08  5.43884264e-07  8.92505816e-10 -1.65581227e-08 -1.82896027e-10  3.19076147e-09 -9.18234698e+00 -4.69104129e-01  3.34233499e-01  1.75850721e-02 -2.79175861e-02 -1.52021873e-03 
 3.71107729e+02  8.90821237e-08 -1.81010792e-06 -2.69522447e-08  5.27129803e-07  8.39613195e-10 -1.60062708e-08 -1.71849912e-10  3.07597788e-09 -8.91048575e+00 -4.42369459e-01  3.23539754e-01  1.65552820e-02 -2.69441726e-02 -1.42818790e-03 
 3.71535229e+02  8.42799437e-08 -1.76118300e-06 -2.54459265e-08  5.11304519e-07  7.91136242e-10 -1.54853345e-08 -1.61730914e-10  2.96772633e-09 -8.65366345e+00 -4.17837609e-01  3.13441433e-01  1.56111255e-02 -2.60257777e-02 -1.34390218e-03 
 3.71963221e+02  7.98593521e-08 -1.71488689e-06 -2.40606974e-08  4.96333576e-07  7.46600987e-10 -1.49928218e-08 -1.52439301e-10  2.86547917e-09 -8.41066896e+00 -3.95273627e-01  3.03890565e-01  1.47434280e-02 -2.51579609e-02 -1.26652701e-03 
 3.72391706e+02  7.57808849e-08 -1.67101340e-06 -2.27839622e-08  4.82149946e-07  7.05595160e-10 -1.45265003e-08 -1.43888340e-10  2.76876384e-09 -8.18041753e+00 -3.74473031e-01  2.94844185e-01  1.39442074e-02 -2.43367455e-02 -1.19533669e-03 
 3.72820685e+02  7.20100530e-08 -1.62937730e-06 -2.16047192e-08  4.68693420e-07  6.67758814e-10 -1.40843653e-08 -1.36002320e-10  2.67715587e-09 -7.96193479e+00 -3.55257191e-01  2.86263700e-01  1.32064941e-02 -2.35585594e-02 -1.12969785e-03 
 3.73250158e+02  6.85166083e-08 -1.58981177e-06 -2.05133242e-08  4.55909765e-07  6.32776576e-10 -1.36646105e-08 -1.28714918e-10  2.59027294e-09 -7.75434304e+00 -3.37469508e-01  2.78114346e-01  1.25241800e-02 -2.28201851e-02 -1.06905576e-03 
 3.73680125e+02  6.52739332e-08 -1.55216611e-06 -1.95012950e-08  4.43750000e-07  6.00371190e-10 -1.32656051e-08 -1.21967836e-10  2.50776977e-09 -7.55684958e+00 -3.20972231e-01  2.70364727e-01  1.18918948e-02 -2.21187167e-02 -1.01292288e-03 
 3.74110588e+02  6.22585298e-08 -1.51630391e-06 -1.85611469e-08  4.32169777e-07  5.70298138e-10 -1.28858723e-08 -1.15709671e-10  2.42933377e-09 -7.36873670e+00 -3.05643808e-01  2.62986418e-01  1.13049013e-02 -2.14515237e-02 -9.60869394e-04 
 3.74541547e+02  5.94495910e-08 -1.48210134e-06 -1.76862559e-08  4.21128846e-07  5.42341114e-10 -1.25240718e-08 -1.09894960e-10  2.35468124e-09 -7.18935303e+00 -2.91376650e-01  2.55953619e-01  1.07590084e-02 -2.08162184e-02 -9.12515219e-04 
 3.74973002e+02  5.68286394e-08 -1.44944576e-06 -1.68707426e-08  4.10590596e-07  5.16308219e-10 -1.21789845e-08 -1.04483374e-10  2.28355413e-09 -7.01810603e+00 -2.78075252e-01  2.49242864e-01  1.02504971e-02 -2.02106292e-02 -8.67523260e-04 
 3.75404954e+02  5.43792206e-08 -1.41823448e-06 -1.61093737e-08  4.00521649e-07  4.92028731e-10 -1.18494991e-08 -9.94390455e-11  2.21571722e-09 -6.85445555e+00 -2.65654602e-01  2.42832759e-01  9.77605825e-03 -1.96327763e-02 -8.25593737e-04 
 3.75837404e+02  5.20866438e-08 -1.38837371e-06 -1.53974794e-08  3.90891515e-07  4.69350372e-10 -1.15346005e-08 -9.47299847e-11  2.15095565e-09 -6.69790811e+00 -2.54038829e-01  2.36703761e-01  9.33273992e-03 -1.90808515e-02 -7.86459345e-04 
 3.76270352e+02  4.99377588e-08 -1.35977758e-06 -1.47308814e-08  3.81672285e-07  4.48136971e-10 -1.12333592e-08 -9.03275922e-11  2.08907273e-09 -6.54801206e+00 -2.43160049e-01  2.30837983e-01  8.91790185e-03 -1.85531994e-02 -7.49881136e-04 
 3.76703799e+02  4.79207668e-08 -1.33236735e-06 -1.41058329e-08  3.72838364e-07  4.28266469e-10 -1.09449233e-08 -8.62062369e-11  2.02988812e-09 -6.40435316e+00 -2.32957377e-01  2.25219018e-01  8.52917700e-03 -1.80483022e-02 -7.15644999e-04 
 3.77137745e+02  4.60250569e-08 -1.30607066e-06 -1.35189658e-08  3.64366237e-07  4.09629199e-10 -1.06685097e-08 -8.23428946e-11  1.97323615e-09 -6.26655084e+00 -2.23376080e-01  2.19831797e-01  8.16443835e-03 -1.75647654e-02 -6.83558629e-04 
 3.77572191e+02  4.42410649e-08 -1.28082093e-06 -1.29672461e-08  3.56234262e-07  3.92126416e-10 -1.04033978e-08 -7.87168376e-11  1.91896433e-09 -6.13425484e+00 -2.14366846e-01  2.14662446e-01  7.82177036e-03 -1.71013057e-02 -6.53448933e-04 
 3.78007137e+02  4.25601524e-08 -1.25655677e-06 -1.24479344e-08  3.48422485e-07  3.75669014e-10 -1.01489236e-08 -7.53093658e-11  1.86693210e-09 -6.00714226e+00 -2.05885155e-01  2.09698179e-01  7.49944423e-03 -1.66567399e-02 -6.25159771e-04 
 3.78442585e+02  4.09745011e-08 -1.23322150e-06 -1.19585528e-08  3.40912484e-07  3.60176429e-10 -9.90447344e-09 -7.21035740e-11  1.81700968e-09 -5.88491492e+00 -1.97890727e-01  2.04927187e-01  7.19589656e-03 -1.62299756e-02 -5.98550016e-04 
 3.78878534e+02  3.94770207e-08 -1.21076269e-06 -1.14968554e-08  3.33687219e-07  3.45575668e-10 -9.66948027e-09 -6.90841496e-11  1.76907705e-09 -5.76729707e+00 -1.90347051e-01  2.00338551e-01  6.90971073e-03 -1.58200027e-02 -5.73491854e-04 
 3.79314985e+02  3.80612694e-08 -1.18913179e-06 -1.10608025e-08  3.26730910e-07  3.31800482e-10 -9.44341866e-09 -6.62371967e-11  1.72302307e-09 -5.65403329e+00 -1.83220966e-01  1.95922155e-01  6.63960072e-03 -1.54258856e-02 -5.49869317e-04 
 3.79751939e+02  3.67213839e-08 -1.16828377e-06 -1.06485385e-08  3.20028919e-07  3.18790629e-10 -9.22580134e-09 -6.35500820e-11  1.67874465e-09 -5.54488670e+00 -1.76482305e-01  1.91668618e-01  6.38439694e-03 -1.50467564e-02 -5.27576989e-04 
 3.80189396e+02  3.54520182e-08 -1.14817678e-06 -1.02583726e-08  3.13567650e-07  3.06491233e-10 -9.01617573e-09 -6.10113001e-11  1.63614605e-09 -5.43963726e+00 -1.70103570e-01  1.87569228e-01  6.14303383e-03 -1.46818093e-02 -5.06518881e-04 
 3.80627358e+02  3.42482894e-08 -1.12877192e-06 -9.88876100e-09  3.07334459e-07  2.94852226e-10 -8.81412092e-09 -5.86103551e-11  1.59513823e-09 -5.33808033e+00 -1.64059657e-01  1.83615880e-01  5.91453898e-03 -1.43302947e-02 -4.86607441e-04 
 3.81065823e+02  3.31057307e-08 -1.11003297e-06 -9.53829221e-09  3.01317571e-07  2.83827849e-10 -8.61924493e-09 -5.63376567e-11  1.55563829e-09 -5.24002533e+00 -1.58327612e-01  1.79801027e-01  5.69802356e-03 -1.39915148e-02 -4.67762684e-04 
 3.81504794e+02  3.20202497e-08 -1.09192613e-06 -9.20567367e-09  2.95506006e-07  2.73376216e-10 -8.43118231e-09 -5.41844281e-11  1.51756894e-09 -5.14529458e+00 -1.52886411e-01  1.76117634e-01  5.49267384e-03 -1.36648187e-02 -4.49911421e-04 
 3.81944271e+02  3.09880906e-08 -1.07441988e-06 -8.88971982e-09  2.89889515e-07  2.63458932e-10 -8.24959190e-09 -5.21426250e-11  1.48085803e-09 -5.05372218e+00 -1.47716768e-01  1.72559132e-01  5.29774373e-03 -1.33495991e-02 -4.32986582e-04 
 3.82384254e+02  3.00058024e-08 -1.05748474e-06 -8.58934177e-09  2.84458519e-07  2.54040745e-10 -8.07415485e-09 -5.02048637e-11  1.44543812e-09 -4.96515312e+00 -1.42800971e-01  1.69119382e-01  5.11254816e-03 -1.30452883e-02 -4.16926615e-04 
 3.82824743e+02  2.90702091e-08 -1.04109313e-06 -8.30353790e-09  2.79204055e-07  2.45089247e-10 -7.90457285e-09 -4.83643574e-11  1.41124615e-09 -4.87944233e+00 -1.38122724e-01  1.65792639e-01  4.93645722e-03 -1.27513552e-02 -4.01674951e-04 
 3.83265740e+02  2.81783840e-08 -1.02521921e-06 -8.03138568e-09  2.74117727e-07  2.36574604e-10 -7.74056650e-09 -4.66148592e-11  1.37822304e-09 -4.79645395e+00 -1.33667017e-01  1.62573524e-01  4.76889086e-03 -1.24673024e-02 -3.87179532e-04 
 3.83707245e+02  2.73276264e-08 -1.00983877e-06 -7.77203428e-09  2.69191666e-07  2.28469311e-10 -7.58187379e-09 -4.49506116e-11  1.34631340e-09 -4.71606056e+00 -1.29420005e-01  1.59456993e-01  4.60931434e-03 -1.21926635e-02 -3.73392386e-04 
 3.84149259e+02  2.65154413e-08 -9.94929077e-07 -7.52469800e-09  2.64418481e-07  2.20747985e-10 -7.42824885e-09 -4.33663017e-11  1.31546526e-09 -4.63814261e+00 -1.25368902e-01  1.56438310e-01  4.45723397e-03 -1.19270009e-02 -3.60269250e-04 
 3.84591782e+02  2.57395204e-08 -9.80468763e-07 -7.28865036e-09  2.59791231e-07  2.13387164e-10 -7.27946065e-09 -4.18570203e-11  1.28562977e-09 -4.56258774e+00 -1.21501885e-01  1.53513026e-01  4.31219344e-03 -1.16699032e-02 -3.47769232e-04 
 3.85034815e+02  2.49977261e-08 -9.66437744e-07 -7.06321885e-09  2.55303389e-07  2.06365142e-10 -7.13529194e-09 -4.04182262e-11  1.25676102e-09 -4.48929029e+00 -1.17808008e-01  1.50676960e-01  4.17377046e-03 -1.14209838e-02 -3.35854513e-04 
 3.85478358e+02  2.42880761e-08 -9.52817110e-07 -6.84778021e-09  2.50948810e-07  1.99661811e-10 -6.99553824e-09 -3.90457134e-11  1.22881580e-09 -4.41815082e+00 -1.14277125e-01  1.47926172e-01  4.04157380e-03 -1.11798789e-02 -3.24490070e-04 
 3.85922412e+02  2.36087302e-08 -9.39589049e-07 -6.64175612e-09  2.46721703e-07  1.93258524e-10 -6.86000690e-09 -3.77355823e-11  1.20175341e-09 -4.34907563e+00 -1.10899823e-01  1.45256953e-01  3.91524056e-03 -1.09462455e-02 -3.13643434e-04 
 3.86366977e+02  2.29579784e-08 -9.26736760e-07 -6.44460943e-09  2.42616611e-07  1.87137967e-10 -6.72851626e-09 -3.64842130e-11  1.17553545e-09 -4.28197636e+00 -1.07667356e-01  1.42665804e-01  3.79443378e-03 -1.07197603e-02 -3.03284474e-04 
 3.86812055e+02  2.23342298e-08 -9.14244391e-07 -6.25584065e-09  2.38628381e-07  1.81284050e-10 -6.60089488e-09 -3.52882421e-11  1.15012571e-09 -4.21676964e+00 -1.04571592e-01  1.40149424e-01  3.67884021e-03 -1.05001183e-02 -2.93385195e-04 
 3.87257645e+02  2.17360029e-08 -9.02096966e-07 -6.07498488e-09  2.34752147e-07  1.75681804e-10 -6.47698084e-09 -3.41445409e-11  1.12548998e-09 -4.15337668e+00 -1.01604960e-01  1.37704695e-01  3.56816840e-03 -1.02870314e-02 -2.83919563e-04 
 3.87703749e+02  2.11619165e-08 -8.90280329e-07 -5.90160890e-09  2.30983308e-07  1.70317288e-10 -6.35662109e-09 -3.30501966e-11  1.10159595e-09 -4.09172306e+00 -9.87604049e-02  1.35328669e-01  3.46214685e-03 -1.00802271e-02 -2.74863339e-04 
 3.88150366e+02  2.06106818e-08 -8.78781089e-07 -5.73530870e-09  2.27317513e-07  1.65177505e-10 -6.23967082e-09 -3.20024940e-11  1.07841302e-09 -4.03173832e+00 -9.60313479e-02  1.33018557e-01  3.36052245e-03 -9.87944805e-03 -2.66193938e-04 
 3.88597498e+02  2.00810952e-08 -8.67586566e-07 -5.57570711e-09  2.23750641e-07  1.60250329e-10 -6.12599297e-09 -3.09989004e-11  1.05591224e-09 -3.97335579e+00 -9.34116452e-02  1.30771718e-01  3.26305897e-03 -9.68445020e-03 -2.57890292e-04 
 3.89045145e+02  1.95720313e-08 -8.56684748e-07 -5.42245169e-09  2.20278788e-07  1.55524434e-10 -6.01545766e-09 -3.00370509e-11  1.03406622e-09 -3.91651228e+00 -9.08955560e-02  1.28585653e-01  3.16953574e-03 -9.49500258e-03 -2.49932735e-04 
 3.89493308e+02  1.90824370e-08 -8.46064246e-07 -5.27521282e-09  2.16898255e-07  1.50989235e-10 -5.90794177e-09 -2.91147353e-11  1.01284893e-09 -3.86114790e+00 -8.84777106e-02  1.26457988e-01  3.07974645e-03 -9.31088616e-03 -2.42302886e-04 
 3.89941987e+02  1.86113264e-08 -8.35714252e-07 -5.13368195e-09  2.13605528e-07  1.46634824e-10 -5.80332847e-09 -2.82298858e-11  9.92235742e-10 -3.80720580e+00 -8.61530822e-02  1.24386474e-01  2.99349805e-03 -9.13189316e-03 -2.34983557e-04 
 3.90391183e+02  1.81577749e-08 -8.25624507e-07 -4.99757002e-09  2.10397275e-07  1.42451928e-10 -5.70150686e-09 -2.73805671e-11  9.72203233e-10 -3.75463202e+00 -8.39169609e-02  1.22368974e-01  2.91060972e-03 -8.95782633e-03 -2.27958658e-04 
 3.90840896e+02  1.77209153e-08 -8.15785263e-07 -4.86660597e-09  2.07270326e-07  1.38431853e-10 -5.60237159e-09 -2.65649653e-11  9.52729173e-10 -3.70337530e+00 -8.17649298e-02  1.20403460e-01  2.83091197e-03 -8.78849830e-03 -2.21213115e-04 
 3.91291127e+02  1.72999336e-08 -8.06187254e-07 -4.74053544e-09  2.04221672e-07  1.34566446e-10 -5.50582248e-09 -2.57813798e-11  9.33792430e-10 -3.65338690e+00 -7.96928441e-02  1.18488001e-01  2.75424582e-03 -8.62373095e-03 -2.14732795e-04 
 3.91741877e+02  1.68940647e-08 -7.96821663e-07 -4.61911956e-09  2.01248447e-07  1.30848053e-10 -5.41176426e-09 -2.50282143e-11  9.15372903e-10 -3.60462046e+00 -7.76968104e-02  1.16620761e-01  2.68046198e-03 -8.46335486e-03 -2.08504435e-04 
 3.92193146e+02  1.65025892e-08 -7.87680099e-07 -4.50213381e-09  1.98347925e-07  1.27269484e-10 -5.32010625e-09 -2.43039699e-11  8.97451465e-10 -3.55703183e+00 -7.57731692e-02  1.14799995e-01  2.60942019e-03 -8.30720880e-03 -2.02515584e-04 
 3.92644935e+02  1.61248301e-08 -7.78754569e-07 -4.38936699e-09  1.95517509e-07  1.23823980e-10 -5.23076207e-09 -2.36072375e-11  8.80009902e-10 -3.51057899e+00 -7.39184782e-02  1.13024037e-01  2.54098858e-03 -8.15513921e-03 -1.96754536e-04 
 3.93097245e+02  1.57601499e-08 -7.70037459e-07 -4.28062033e-09  1.92754723e-07  1.20505182e-10 -5.14364942e-09 -2.29366918e-11  8.63030859e-10 -3.46522189e+00 -7.21294967e-02  1.11291302e-01  2.47504305e-03 -8.00699979e-03 -1.91210287e-04 
 3.93550075e+02  1.54079477e-08 -7.61521504e-07 -4.17570659e-09  1.90057208e-07  1.17307103e-10 -5.05868982e-09 -2.22910853e-11  8.46497792e-10 -3.42092231e+00 -7.04031720e-02  1.09600279e-01  2.41146674e-03 -7.86265104e-03 -1.85872476e-04 
 3.94003428e+02  1.50676568e-08 -7.53199776e-07 -4.07444925e-09  1.87422713e-07  1.14224101e-10 -4.97580841e-09 -2.16692429e-11  8.30394920e-10 -3.37764383e+00 -6.87366263e-02  1.07949524e-01  2.35014953e-03 -7.72195990e-03 -1.80731348e-04 
 3.94457302e+02  1.47387426e-08 -7.45065660e-07 -3.97668184e-09  1.84849087e-07  1.11250859e-10 -4.89493372e-09 -2.10700571e-11  8.14707182e-10 -3.33535165e+00 -6.71271447e-02  1.06337661e-01  2.29098760e-03 -7.58479935e-03 -1.75777709e-04 
 3.94911699e+02  1.44207000e-08 -7.37112839e-07 -3.88224720e-09  1.82334279e-07  1.08382359e-10 -4.81599750e-09 -2.04924832e-11  7.99420197e-10 -3.29401255e+00 -6.55721646e-02  1.04763374e-01  2.23388297e-03 -7.45104812e-03 -1.71002890e-04 
 3.95366620e+02  1.41130518e-08 -7.29335275e-07 -3.79099692e-09  1.79876326e-07  1.05613866e-10 -4.73893454e-09 -1.99355353e-11  7.84520227e-10 -3.25359478e+00 -6.40692653e-02  1.03225406e-01  2.17874313e-03 -7.32059031e-03 -1.66398707e-04 
 3.95822065e+02  1.38153467e-08 -7.21727197e-07 -3.70279071e-09  1.77473353e-07  1.02940904e-10 -4.66368248e-09 -1.93982821e-11  7.69994139e-10 -3.21406797e+00 -6.26161586e-02  1.01722557e-01  2.12548067e-03 -7.19331517e-03 -1.61957434e-04 
 3.96278034e+02  1.35271577e-08 -7.14283083e-07 -3.61749590e-09  1.75123567e-07  1.00359245e-10 -4.59018168e-09 -1.88798437e-11  7.55829374e-10 -3.17540311e+00 -6.12106806e-02  1.00253676e-01  2.07401297e-03 -7.06911674e-03 -1.57671772e-04 
 3.96734529e+02  1.32480807e-08 -7.06997650e-07 -3.53498697e-09  1.72825249e-07  9.78648885e-11 -4.51837508e-09 -1.83793880e-11  7.42013916e-10 -3.13757239e+00 -5.98507833e-02  9.88176636e-02  2.02426185e-03 -6.94789364e-03 -1.53534819e-04 
 3.97191549e+02  1.29777327e-08 -6.99865838e-07 -3.45514504e-09  1.70576757e-07  9.54540497e-11 -4.44820803e-09 -1.78961279e-11  7.28536263e-10 -3.10054921e+00 -5.85345275e-02  9.74134671e-02  1.97615334e-03 -6.82954884e-03 -1.49540045e-04 
 3.97649096e+02  1.27157507e-08 -6.92882800e-07 -3.37785751e-09  1.68376515e-07  9.31231439e-11 -4.37962821e-09 -1.74293179e-11  7.15385402e-10 -3.06430807e+00 -5.72600756e-02  9.60400775e-02  1.92961735e-03 -6.71398937e-03 -1.45681270e-04 
 3.98107171e+02  1.24617905e-08 -6.86043892e-07 -3.30301763e-09  1.66223015e-07  9.08687749e-11 -4.31258544e-09 -1.69782522e-11  7.02550778e-10 -3.02882456e+00 -5.60256859e-02  9.46965279e-02  1.88458749e-03 -6.60112619e-03 -1.41952642e-04 
 3.98565772e+02  1.22155254e-08 -6.79344660e-07 -3.23052414e-09  1.64114808e-07  8.86877233e-11 -4.24703165e-09 -1.65422617e-11  6.90022276e-10 -2.99407525e+00 -5.48297058e-02  9.33818913e-02  1.84100079e-03 -6.49087390e-03 -1.38348613e-04 
 3.99024902e+02  1.19766452e-08 -6.72780833e-07 -3.16028096e-09  1.62050509e-07  8.65769352e-11 -4.18292071e-09 -1.61207118e-11  6.77790196e-10 -2.96003768e+00 -5.36705674e-02  9.20952788e-02  1.79879754e-03 -6.38315063e-03 -1.34863925e-04 
 3.99484561e+02  1.17448554e-08 -6.66348312e-07 -3.09219686e-09  1.60028784e-07  8.45335127e-11 -4.12020838e-09 -1.57130006e-11  6.65845233e-10 -2.92669028e+00 -5.25467813e-02  9.08358370e-02  1.75792102e-03 -6.27787783e-03 -1.31493589e-04 
 3.99944750e+02  1.15198758e-08 -6.60043161e-07 -3.02618517e-09  1.58048354e-07  8.25547041e-11 -4.05885215e-09 -1.53185567e-11  6.54178455e-10 -2.89401236e+00 -5.14569329e-02  8.96027470e-02  1.71831739e-03 -6.17498009e-03 -1.28232869e-04 
 4.00405468e+02  1.13014401e-08 -6.53861600e-07 -2.96216351e-09  1.56107993e-07  8.06378950e-11 -3.99881125e-09 -1.49368374e-11  6.42781289e-10 -2.86198405e+00 -5.03996772e-02  8.83952220e-02  1.67993551e-03 -6.07438500e-03 -1.25077270e-04 
 4.00866718e+02  1.10892950e-08 -6.47799998e-07 -2.90005353e-09  1.54206519e-07  7.87806009e-11 -3.94004647e-09 -1.45673268e-11  6.31645498e-10 -2.83058624e+00 -4.93737352e-02  8.72125063e-02  1.64272673e-03 -5.97602302e-03 -1.22022518e-04 
 4.01328498e+02  1.08831992e-08 -6.41854864e-07 -2.83978070e-09  1.52342799e-07  7.69804588e-11 -3.88252013e-09 -1.42095347e-11  6.20763169e-10 -2.79980058e+00 -4.83778898e-02  8.60538735e-02  1.60664479e-03 -5.87982730e-03 -1.19064553e-04 
 4.01790811e+02  1.06829231e-08 -6.36022842e-07 -2.78127406e-09  1.50515743e-07  7.52352206e-11 -3.82619602e-09 -1.38629946e-11  6.10126694e-10 -2.76960941e+00 -4.74109824e-02  8.49186251e-02  1.57164567e-03 -5.78573358e-03 -1.16199512e-04 
 4.02253656e+02  1.04882476e-08 -6.30300702e-07 -2.72446604e-09  1.48724301e-07  7.35427465e-11 -3.77103929e-09 -1.35272628e-11  5.99728760e-10 -2.73999576e+00 -4.64719094e-02  8.38060891e-02  1.53768747e-03 -5.69368008e-03 -1.13423721e-04 
 4.02717034e+02  1.02989643e-08 -6.24685339e-07 -2.66929225e-09  1.46967463e-07  7.19009985e-11 -3.71701643e-09 -1.32019168e-11  5.89562329e-10 -2.71094328e+00 -4.55596193e-02  8.27156190e-02  1.50473027e-03 -5.60360734e-03 -1.10733682e-04 
 4.03180946e+02  1.01148740e-08 -6.19173762e-07 -2.61569134e-09  1.45244259e-07  7.03080353e-11 -3.66409517e-09 -1.28865540e-11  5.79620631e-10 -2.68243625e+00 -4.46731096e-02  8.16465925e-02  1.47273602e-03 -5.51545814e-03 -1.08126061e-04 
 4.03645393e+02  9.93578697e-09 -6.13763089e-07 -2.56360475e-09  1.43553751e-07  6.87620061e-11 -3.61224444e-09 -1.25807910e-11  5.69897147e-10 -2.65445953e+00 -4.38114243e-02  8.05984103e-02  1.44166847e-03 -5.42917740e-03 -1.05597687e-04 
 4.04110375e+02  9.76152188e-09 -6.08450547e-07 -2.51297666e-09  1.41895040e-07  6.72611463e-11 -3.56143430e-09 -1.22842621e-11  5.60385602e-10 -2.62699851e+00 -4.29736509e-02  7.95704950e-02  1.41149302e-03 -5.34471206e-03 -1.03145531e-04 
 4.04575892e+02  9.59190567e-09 -6.03233461e-07 -2.46375376e-09  1.40267257e-07  6.58037722e-11 -3.51163592e-09 -1.19966186e-11  5.51079948e-10 -2.60003914e+00 -4.21589188e-02  7.85622903e-02  1.38217669e-03 -5.26201100e-03 -1.00766710e-04 
 4.05041945e+02  9.42677298e-09 -5.98109256e-07 -2.41588515e-09  1.38669563e-07  6.43882769e-11 -3.46282152e-09 -1.17175277e-11  5.41974359e-10 -2.57356787e+00 -4.13663960e-02  7.75732600e-02  1.35368795e-03 -5.18102498e-03 -9.84584701e-05 
 4.05508535e+02  9.26596576e-09 -5.93075444e-07 -2.36932220e-09  1.37101151e-07  6.30131264e-11 -3.41496427e-09 -1.14466720e-11  5.33063220e-10 -2.54757162e+00 -4.05952882e-02  7.66028870e-02  1.32599672e-03 -5.10170649e-03 -9.62181842e-05 
 4.05975663e+02  9.10933288e-09 -5.88129629e-07 -2.32401846e-09  1.35561243e-07  6.16768550e-11 -3.36803834e-09 -1.11837480e-11  5.24341116e-10 -2.52203778e+00 -3.98448359e-02  7.56506725e-02  1.29907426e-03 -5.02400975e-03 -9.40433438e-05 
 4.06443329e+02  8.95672980e-09 -5.83269498e-07 -2.27992948e-09  1.34049088e-07  6.03780625e-11 -3.32201879e-09 -1.09284660e-11  5.15802822e-10 -2.49695420e+00 -3.91143129e-02  7.47161351e-02  1.27289311e-03 -4.94789056e-03 -9.19315527e-05 
 4.06911534e+02  8.80801817e-09 -5.78492817e-07 -2.23701278e-09  1.32563959e-07  5.91154101e-11 -3.27688153e-09 -1.06805492e-11  5.07443301e-10 -2.47230913e+00 -3.84030246e-02  7.37988104e-02  1.24742698e-03 -4.87330630e-03 -8.98805212e-05 
 4.07380278e+02  8.66306557e-09 -5.73797430e-07 -2.19522770e-09  1.31105156e-07  5.78876175e-11 -3.23260334e-09 -1.04397328e-11  4.99257688e-10 -2.44809122e+00 -3.77103064e-02  7.28982498e-02  1.22265076e-03 -4.80021582e-03 -8.78880605e-05 
 4.07849562e+02  8.52174518e-09 -5.69181255e-07 -2.15453532e-09  1.29672003e-07  5.66934600e-11 -3.18916177e-09 -1.02057636e-11  4.91241287e-10 -2.42428954e+00 -3.70355219e-02  7.20140202e-02  1.19854041e-03 -4.72857939e-03 -8.59520776e-05 
 4.08319386e+02  8.38393551e-09 -5.64642281e-07 -2.11489836e-09  1.28263846e-07  5.55317654e-11 -3.14653515e-09 -9.97839931e-12  4.83389566e-10 -2.40089349e+00 -3.63780619e-02  7.11457031e-02  1.17507290e-03 -4.65835861e-03 -8.40705701e-05 
 4.08789752e+02  8.24952010e-09 -5.60178563e-07 -2.07628114e-09  1.26880053e-07  5.44014113e-11 -3.10470251e-09 -9.75740813e-12  4.75698143e-10 -2.37789286e+00 -3.57373425e-02  7.02928941e-02  1.15222621e-03 -4.58951643e-03 -8.22416216e-05 
 4.09260660e+02  8.11838733e-09 -5.55788221e-07 -2.03864944e-09  1.25520015e-07  5.33013229e-11 -3.06364361e-09 -9.54256802e-12  4.68162786e-10 -2.35527777e+00 -3.51128045e-02  6.94552022e-02  1.12997923e-03 -4.52201700e-03 -8.04633978e-05 
 4.09732110e+02  7.99043013e-09 -5.51469439e-07 -2.00197047e-09  1.24183140e-07  5.22304705e-11 -3.02333889e-09 -9.33366636e-12  4.60779405e-10 -2.33303864e+00 -3.45039114e-02  6.86322495e-02  1.10831172e-03 -4.45582569e-03 -7.87341415e-05 
 4.10204103e+02  7.86554577e-09 -5.47220459e-07 -1.96621278e-09  1.22868858e-07  5.11878670e-11 -2.98376939e-09 -9.13049939e-12  4.53544046e-10 -2.31116625e+00 -3.39101490e-02  6.78236704e-02  1.08720429e-03 -4.39090901e-03 -7.70521697e-05 
 4.10676640e+02  7.74363567e-09 -5.43039579e-07 -1.93134621e-09  1.21576616e-07  5.01725662e-11 -2.94491681e-09 -8.93287185e-12  4.46452885e-10 -2.28965165e+00 -3.33310238e-02  6.70291112e-02  1.06663835e-03 -4.32723456e-03 -7.54158694e-05 
 4.11149721e+02  7.62460519e-09 -5.38925156e-07 -1.89734182e-09  1.20305880e-07  4.91836605e-11 -2.90676343e-09 -8.74059651e-12  4.39502221e-10 -2.26848618e+00 -3.27660624e-02  6.62482297e-02  1.04659606e-03 -4.26477100e-03 -7.38236940e-05 
 4.11623347e+02  7.50836342e-09 -5.34875594e-07 -1.86417182e-09  1.19056132e-07  4.82202792e-11 -2.86929209e-09 -8.55349380e-12  4.32688478e-10 -2.24766147e+00 -3.22148101e-02  6.54806945e-02  1.02706030e-03 -4.20348802e-03 -7.22741608e-05 
 4.12097519e+02  7.39482303e-09 -5.30889352e-07 -1.83180953e-09  1.17826871e-07  4.72815866e-11 -2.83248618e-09 -8.37139142e-12  4.26008190e-10 -2.22716941e+00 -3.16768304e-02  6.47261848e-02  1.00801465e-03 -4.14335625e-03 -7.07658471e-05 
 4.12572237e+02  7.28390011e-09 -5.26964936e-07 -1.80022933e-09  1.16617611e-07  4.63667806e-11 -2.79632962e-09 -8.19412405e-12  4.19458006e-10 -2.20700213e+00 -3.11517040e-02  6.39843900e-02  9.89443313e-04 -4.08434727e-03 -6.92973878e-05 
 4.13047502e+02  7.17551397e-09 -5.23100898e-07 -1.76940658e-09  1.15427884e-07  4.54750908e-11 -2.76080683e-09 -8.02153294e-12  4.13034679e-10 -2.18715202e+00 -3.06390278e-02  6.32550091e-02  9.71331150e-04 -4.02643356e-03 -6.78674725e-05 
 4.13523314e+02  7.06958705e-09 -5.19295836e-07 -1.73931763e-09  1.14257232e-07  4.46057772e-11 -2.72590273e-09 -7.85346567e-12  4.06735064e-10 -2.16761172e+00 -3.01384147e-02  6.25377505e-02  9.53663599e-04 -3.96958845e-03 -6.64748428e-05 
 4.13999675e+02  6.96604472e-09 -5.15548390e-07 -1.70993972e-09  1.13105214e-07  4.37581285e-11 -2.69160267e-09 -7.68977579e-12  4.00556115e-10 -2.14837408e+00 -2.96494921e-02  6.18323316e-02  9.36426663e-04 -3.91378612e-03 -6.51182904e-05 
 4.14476584e+02  6.86481517e-09 -5.11857243e-07 -1.68125097e-09  1.11971403e-07  4.29314614e-11 -2.65789250e-09 -7.53032261e-12  3.94494883e-10 -2.12943215e+00 -2.91719018e-02  6.11384784e-02  9.19606892e-04 -3.85900153e-03 -6.37966540e-05 
 4.14954043e+02  6.76582929e-09 -5.08221117e-07 -1.65323033e-09  1.10855383e-07  4.21251185e-11 -2.62475845e-09 -7.37497088e-12  3.88548506e-10 -2.11077923e+00 -2.87052992e-02  6.04559252e-02  9.03191345e-04 -3.80521041e-03 -6.25088176e-05 
 4.15432051e+02  6.66902056e-09 -5.04638772e-07 -1.62585753e-09  1.09756752e-07  4.13384678e-11 -2.59218721e-09 -7.22359057e-12  3.82714211e-10 -2.09240880e+00 -2.82493527e-02  5.97844144e-02  8.87167577e-04 -3.75238922e-03 -6.12537085e-05 
 4.15910610e+02  6.57432488e-09 -5.01109007e-07 -1.59911309e-09  1.08675119e-07  4.05709011e-11 -2.56016582e-09 -7.07605663e-12  3.76989310e-10 -2.07431452e+00 -2.78037429e-02  5.91236959e-02  8.71523613e-04 -3.70051515e-03 -6.00302950e-05 
 4.16389721e+02  6.48168053e-09 -4.97630653e-07 -1.57297822e-09  1.07610105e-07  3.98218334e-11 -2.52868176e-09 -6.93224874e-12  3.71371196e-10 -2.05649027e+00 -2.73681625e-02  5.84735272e-02  8.56247925e-04 -3.64956607e-03 -5.88375848e-05 
 4.16869383e+02  6.39102804e-09 -4.94202578e-07 -1.54743485e-09  1.06561343e-07  3.90907013e-11 -2.49772285e-09 -6.79205116e-12  3.65857340e-10 -2.03893010e+00 -2.69423152e-02  5.78336728e-02  8.41329414e-04 -3.59952049e-03 -5.76746230e-05 
 4.17349598e+02  6.30231007e-09 -4.90823683e-07 -1.52246555e-09  1.05528474e-07  3.83769624e-11 -2.46727725e-09 -6.65535244e-12  3.60445288e-10 -2.02162820e+00 -2.65259158e-02  5.72039043e-02  8.26757394e-04 -3.55035757e-03 -5.65404907e-05 
 4.17830367e+02  6.21547134e-09 -4.87492901e-07 -1.49805354e-09  1.04511152e-07  3.76800943e-11 -2.43733351e-09 -6.52204530e-12  3.55132657e-10 -2.00457899e+00 -2.61186892e-02  5.65839997e-02  8.12521567e-04 -3.50205709e-03 -5.54343033e-05 
 4.18311689e+02  6.13045855e-09 -4.84209193e-07 -1.47418263e-09  1.03509042e-07  3.69995939e-11 -2.40788048e-09 -6.39202644e-12  3.49917138e-10 -1.98777699e+00 -2.57203705e-02  5.59737435e-02  7.98612013e-04 -3.45459940e-03 -5.43552089e-05 
 4.18793565e+02  6.04722027e-09 -4.80971554e-07 -1.45083723e-09  1.02521814e-07  3.63349761e-11 -2.37890733e-09 -6.26519631e-12  3.44796485e-10 -1.97121692e+00 -2.53307040e-02  5.53729264e-02  7.85019170e-04 -3.40796542e-03 -5.33023870e-05 
 4.19275997e+02  5.96570690e-09 -4.77779003e-07 -1.42800229e-09  1.01549152e-07  3.56857736e-11 -2.35040355e-09 -6.14145904e-12  3.39768520e-10 -1.95489362e+00 -2.49494432e-02  5.47813450e-02  7.71733820e-04 -3.36213665e-03 -5.22750472e-05 
 4.19758984e+02  5.88587055e-09 -4.74630591e-07 -1.40566329e-09  1.00590746e-07  3.50515357e-11 -2.32235893e-09 -6.02072218e-12  3.34831125e-10 -1.93880210e+00 -2.45763503e-02  5.41988016e-02  7.58747071e-04 -3.31709507e-03 -5.12724275e-05 
 4.20242528e+02  5.80766498e-09 -4.71525391e-07 -1.38380624e-09  9.96462966e-08  3.44318278e-11 -2.29476353e-09 -5.90289665e-12  3.29982247e-10 -1.92293749e+00 -2.42111958e-02  5.36251041e-02  7.46050351e-04 -3.27282322e-03 -5.02937936e-05 
 4.20726628e+02  5.73104556e-09 -4.68462507e-07 -1.36241760e-09  9.87155115e-08  3.38262307e-11 -2.26760771e-09 -5.78789652e-12  3.25219886e-10 -1.90729506e+00 -2.38537581e-02  5.30600657e-02  7.33635386e-04 -3.22930409e-03 -4.93384376e-05 
 4.21211287e+02  5.65596918e-09 -4.65441062e-07 -1.34148435e-09  9.77981066e-08  3.32343399e-11 -2.24088209e-09 -5.67563893e-12  3.20542101e-10 -1.89187023e+00 -2.35038234e-02  5.25035048e-02  7.21494191e-04 -3.18652117e-03 -4.84056767e-05 
 4.21696503e+02  5.58239417e-09 -4.62460208e-07 -1.32099387e-09  9.68938061e-08  3.26557650e-11 -2.21457753e-09 -5.56604393e-12  3.15947007e-10 -1.87665851e+00 -2.31611852e-02  5.19552448e-02  7.09619061e-04 -3.14445840e-03 -4.74948520e-05 
 4.22182279e+02  5.51028030e-09 -4.59519116e-07 -1.30093400e-09  9.60023412e-08  3.20901293e-11 -2.18868516e-09 -5.45903439e-12  3.11432768e-10 -1.86165556e+00 -2.28256439e-02  5.14151138e-02  6.98002555e-04 -3.10310018e-03 -4.66053281e-05 
 4.22668614e+02  5.43958865e-09 -4.56616983e-07 -1.28129298e-09  9.51234507e-08  3.15370689e-11 -2.16319635e-09 -5.35453585e-12  3.06997601e-10 -1.84685715e+00 -2.24970068e-02  5.08829448e-02  6.86637486e-04 -3.06243131e-03 -4.57364918e-05 
 4.23155510e+02  5.37028161e-09 -4.53753026e-07 -1.26205945e-09  9.42568801e-08  3.09962325e-11 -2.13810271e-09 -5.25247643e-12  3.02639773e-10 -1.83225916e+00 -2.21750876e-02  5.03585750e-02  6.75516914e-04 -3.02243703e-03 -4.48877508e-05 
 4.23642966e+02  5.30232281e-09 -4.50926481e-07 -1.24322242e-09  9.34023821e-08  3.04672806e-11 -2.11339604e-09 -5.15278671e-12  2.98357596e-10 -1.81785758e+00 -2.18597063e-02  4.98418461e-02  6.64634132e-04 -2.98310296e-03 -4.40585335e-05 
 4.24130984e+02  5.23567708e-09 -4.48136607e-07 -1.22477130e-09  9.25597155e-08  2.99498854e-11 -2.08906840e-09 -5.05539967e-12  2.94149429e-10 -1.80364852e+00 -2.15506887e-02  4.93326040e-02  6.53982658e-04 -2.94441513e-03 -4.32482879e-05 
 4.24619564e+02  5.17031038e-09 -4.45382681e-07 -1.20669580e-09  9.17286458e-08  2.94437298e-11 -2.06511204e-09 -4.96025054e-12  2.90013675e-10 -1.78962816e+00 -2.12478666e-02  4.88306987e-02  6.43556228e-04 -2.90635992e-03 -4.24564807e-05 
 4.25108707e+02  5.10618977e-09 -4.42664000e-07 -1.18898601e-09  9.09089444e-08  2.89485075e-11 -2.04151942e-09 -4.86727674e-12  2.85948780e-10 -1.77579281e+00 -2.09510771e-02  4.83359839e-02  6.33348784e-04 -2.86892410e-03 -4.16825966e-05 
 4.25598413e+02  5.04328338e-09 -4.39979879e-07 -1.17163232e-09  9.01003889e-08  2.84639224e-11 -2.01828320e-09 -4.77641781e-12  2.81953232e-10 -1.76213887e+00 -2.06601626e-02  4.78483175e-02  6.23354469e-04 -2.83209475e-03 -4.09261377e-05 
 4.26088684e+02  4.98156035e-09 -4.37329649e-07 -1.15462544e-09  8.93027624e-08  2.79896880e-11 -1.99539622e-09 -4.68761527e-12  2.78025559e-10 -1.74866283e+00 -2.03749708e-02  4.73675607e-02  6.13567618e-04 -2.79585933e-03 -4.01866227e-05 
 4.26579519e+02  4.92099081e-09 -4.34712660e-07 -1.13795637e-09  8.85158536e-08  2.75255272e-11 -1.97285150e-09 -4.60081261e-12  2.74164327e-10 -1.73536125e+00 -2.00953540e-02  4.68935785e-02  6.03982748e-04 -2.76020560e-03 -3.94635864e-05 
 4.27070919e+02  4.86154583e-09 -4.32128279e-07 -1.12161641e-09  8.77394567e-08  2.70711721e-11 -1.95064227e-09 -4.51595516e-12  2.70368140e-10 -1.72223082e+00 -1.98211694e-02  4.64262392e-02  5.94594557e-04 -2.72512166e-03 -3.87565787e-05 
 4.27562886e+02  4.80319736e-09 -4.29575886e-07 -1.10559714e-09  8.69733709e-08  2.66263633e-11 -1.92876191e-09 -4.43299005e-12  2.66635639e-10 -1.70926829e+00 -1.95522787e-02  4.59654147e-02  5.85397910e-04 -2.69059589e-03 -3.80651645e-05 
 4.28055420e+02  4.74591825e-09 -4.27054881e-07 -1.08989039e-09  8.62174009e-08  2.61908498e-11 -1.90720395e-09 -4.35186613e-12  2.62965498e-10 -1.69647047e+00 -1.92885480e-02  4.55109797e-02  5.76387839e-04 -2.65661700e-03 -3.73889229e-05 
 4.28548520e+02  4.68968219e-09 -4.24564674e-07 -1.07448825e-09  8.54713557e-08  2.57643885e-11 -1.88596213e-09 -4.27253390e-12  2.59356429e-10 -1.68383429e+00 -1.90298475e-02  4.50628124e-02  5.67559530e-04 -2.62317395e-03 -3.67274464e-05 
 4.29042189e+02  4.63446367e-09 -4.22104695e-07 -1.05938307e-09  8.47350494e-08  2.53467443e-11 -1.86503031e-09 -4.19494546e-12  2.55807173e-10 -1.67135674e+00 -1.87760514e-02  4.46207940e-02  5.58908325e-04 -2.59025602e-03 -3.60803410e-05 
 4.29536427e+02  4.58023795e-09 -4.19674383e-07 -1.04456742e-09  8.40083007e-08  2.49376892e-11 -1.84440251e-09 -4.11905443e-12  2.52316506e-10 -1.65903487e+00 -1.85270380e-02  4.41848084e-02  5.50429710e-04 -2.55785273e-03 -3.54472251e-05 
 4.30031234e+02  4.52698106e-09 -4.17273194e-07 -1.03003412e-09  8.32909326e-08  2.45370026e-11 -1.82407291e-09 -4.04481592e-12  2.48883233e-10 -1.64686582e+00 -1.82826892e-02  4.37547426e-02  5.42119312e-04 -2.52595387e-03 -3.48277292e-05 
 4.30526610e+02  4.47466974e-09 -4.14900597e-07 -1.01577619e-09  8.25827725e-08  2.41444707e-11 -1.80403582e-09 -3.97218645e-12  2.45506191e-10 -1.63484680e+00 -1.80428905e-02  4.33304863e-02  5.33972892e-04 -2.49454950e-03 -3.42214957e-05 
 4.31022558e+02  4.42328143e-09 -4.12556072e-07 -1.00178688e-09  8.18836520e-08  2.37598863e-11 -1.78428569e-09 -3.90112392e-12  2.42184243e-10 -1.62297507e+00 -1.78075308e-02  4.29119318e-02  5.25986346e-04 -2.46362990e-03 -3.36281781e-05 
 4.31519077e+02  4.37279425e-09 -4.10239114e-07 -9.88059619e-10  8.11934067e-08  2.33830487e-11 -1.76481712e-09 -3.83158751e-12  2.38916285e-10 -1.61124798e+00 -1.75765026e-02  4.24989741e-02  5.18155691e-04 -2.43318561e-03 -3.30474409e-05 
 4.32016168e+02  4.32318696e-09 -4.07949228e-07 -9.74588062e-10  8.05118762e-08  2.30137632e-11 -1.74562482e-09 -3.76353772e-12  2.35701236e-10 -1.59966293e+00 -1.73497014e-02  4.20915107e-02  5.10477068e-04 -2.40320740e-03 -3.24789590e-05 
 4.32513831e+02  4.27443894e-09 -4.05685933e-07 -9.61366039e-10  7.98389039e-08  2.26518412e-11 -1.72670364e-09 -3.69693623e-12  2.32538043e-10 -1.58821738e+00 -1.71270259e-02  4.16894416e-02  5.02946733e-04 -2.37368625e-03 -3.19224173e-05 
 4.33012068e+02  4.22653019e-09 -4.03448756e-07 -9.48387566e-10  7.91743370e-08  2.22970997e-11 -1.70804855e-09 -3.63174591e-12  2.29425681e-10 -1.57690885e+00 -1.69083779e-02  4.12926689e-02  4.95561058e-04 -2.34461337e-03 -3.13775105e-05 
 4.33510878e+02  4.17944128e-09 -4.01237238e-07 -9.35646838e-10  7.85180260e-08  2.19493612e-11 -1.68965464e-09 -3.56793079e-12  2.26363146e-10 -1.56573494e+00 -1.66936619e-02  4.09010974e-02  4.88316519e-04 -2.31598018e-03 -3.08439425e-05 
 4.34010264e+02  4.13315334e-09 -3.99050930e-07 -9.23138219e-10  7.78698253e-08  2.16084537e-11 -1.67151711e-09 -3.50545595e-12  2.23349462e-10 -1.55469326e+00 -1.64827853e-02  4.05146339e-02  4.81209700e-04 -2.28777830e-03 -3.03214265e-05 
 4.34510224e+02  4.08764806e-09 -3.96889393e-07 -9.10856238e-10  7.72295924e-08  2.12742102e-11 -1.65363129e-09 -3.44428756e-12  2.20383674e-10 -1.54378153e+00 -1.62756583e-02  4.01331874e-02  4.74237286e-04 -2.25999957e-03 -2.98096841e-05 
 4.35010761e+02  4.04290763e-09 -3.94752199e-07 -8.98795584e-10  7.65971882e-08  2.09464685e-11 -1.63599260e-09 -3.38439279e-12  2.17464852e-10 -1.53299748e+00 -1.60721935e-02  3.97566690e-02  4.67396059e-04 -2.23263599e-03 -2.93084455e-05 
 4.35511874e+02  3.99891477e-09 -3.92638930e-07 -8.86951098e-10  7.59724768e-08  2.06250715e-11 -1.61859657e-09 -3.32573981e-12  2.14592086e-10 -1.52233891e+00 -1.58723062e-02  3.93849920e-02  4.60682893e-04 -2.20567978e-03 -2.88174489e-05 
 4.36013564e+02  3.95565266e-09 -3.90549175e-07 -8.75317770e-10  7.53553253e-08  2.03098665e-11 -1.60143884e-09 -3.26829772e-12  2.11764489e-10 -1.51180368e+00 -1.56759140e-02  3.90180715e-02  4.54094758e-04 -2.17912332e-03 -2.83364402e-05 
 4.36515832e+02  3.91310498e-09 -3.88482535e-07 -8.63890734e-10  7.47456041e-08  2.00007054e-11 -1.58451515e-09 -3.21203655e-12  2.08981195e-10 -1.50138968e+00 -1.54829369e-02  3.86558247e-02  4.47628706e-04 -2.15295919e-03 -2.78651730e-05 
 4.37018679e+02  3.87125584e-09 -3.86438620e-07 -8.52665263e-10  7.41431862e-08  1.96974441e-11 -1.56782133e-09 -3.15692719e-12  2.06241358e-10 -1.49109486e+00 -1.52932972e-02  3.82981705e-02  4.41281879e-04 -2.12718011e-03 -2.74034082e-05 
 4.37522105e+02  3.83008983e-09 -3.84417047e-07 -8.41636760e-10  7.35479477e-08  1.93999430e-11 -1.55135331e-09 -3.10294141e-12  2.03544152e-10 -1.48091720e+00 -1.51069194e-02  3.79450297e-02  4.35051496e-04 -2.10177900e-03 -2.69509135e-05 
 4.38026111e+02  3.78959192e-09 -3.82417443e-07 -8.30800761e-10  7.29597673e-08  1.91080663e-11 -1.53510712e-09 -3.05005178e-12  2.00888769e-10 -1.47085474e+00 -1.49237299e-02  3.75963249e-02  4.28934859e-04 -2.07674892e-03 -2.65074636e-05 
 4.38530698e+02  3.74974752e-09 -3.80439442e-07 -8.20152926e-10  7.23785265e-08  1.88216822e-11 -1.51907886e-09 -2.99823169e-12  1.98274422e-10 -1.46090557e+00 -1.47436575e-02  3.72519805e-02  4.22929344e-04 -2.05208311e-03 -2.60728396e-05 
 4.39035866e+02  3.71054245e-09 -3.78482689e-07 -8.09689034e-10  7.18041094e-08  1.85406625e-11 -1.50326473e-09 -2.94745527e-12  1.95700340e-10 -1.45106781e+00 -1.45666327e-02  3.69119225e-02  4.17032403e-04 -2.02777494e-03 -2.56468291e-05 
 4.39541615e+02  3.67196287e-09 -3.76546832e-07 -7.99404982e-10  7.12364027e-08  1.82648828e-11 -1.48766101e-09 -2.89769742e-12  1.93165770e-10 -1.44133961e+00 -1.43925880e-02  3.65760785e-02  4.11241557e-04 -2.00381794e-03 -2.52292255e-05 
 4.40047948e+02  3.63399536e-09 -3.74631531e-07 -7.89296781e-10  7.06752954e-08  1.79942221e-11 -1.47226407e-09 -2.84893373e-12  1.90669979e-10 -1.43171919e+00 -1.42214578e-02  3.62443777e-02  4.05554397e-04 -1.98020580e-03 -2.48198285e-05 
 4.40554864e+02  3.59662685e-09 -3.72736452e-07 -7.79360549e-10  7.01206792e-08  1.77285626e-11 -1.45707036e-09 -2.80114051e-12  1.88212246e-10 -1.42220478e+00 -1.40531783e-02  3.59167508e-02  3.99968582e-04 -1.95693233e-03 -2.44184431e-05 
 4.41062363e+02  3.55984459e-09 -3.70861267e-07 -7.69592511e-10  6.95724478e-08  1.74677902e-11 -1.44207639e-09 -2.75429472e-12  1.85791869e-10 -1.41279468e+00 -1.38876873e-02  3.55931302e-02  3.94481835e-04 -1.93399148e-03 -2.40248802e-05 
 4.41570447e+02  3.52363621e-09 -3.69005656e-07 -7.59988994e-10  6.90304975e-08  1.72117935e-11 -1.42727876e-09 -2.70837398e-12  1.83408163e-10 -1.40348718e+00 -1.37249243e-02  3.52734496e-02  3.89091939e-04 -1.91137735e-03 -2.36389557e-05 
 4.42079117e+02  3.48798964e-09 -3.67169307e-07 -7.50546423e-10  6.84947266e-08  1.69604645e-11 -1.41267415e-09 -2.66335653e-12  1.81060455e-10 -1.39428065e+00 -1.35648307e-02  3.49576441e-02  3.83796742e-04 -1.88908415e-03 -2.32604909e-05 
 4.42588372e+02  3.45289314e-09 -3.65351913e-07 -7.41261320e-10  6.79650357e-08  1.67136980e-11 -1.39825930e-09 -2.61922122e-12  1.78748089e-10 -1.38517348e+00 -1.34073490e-02  3.46456503e-02  3.78594145e-04 -1.86710623e-03 -2.28893120e-05 
 4.43098214e+02  3.41833527e-09 -3.63553174e-07 -7.32130298e-10  6.74413275e-08  1.64713917e-11 -1.38403102e-09 -2.57594749e-12  1.76470425e-10 -1.37616410e+00 -1.32524236e-02  3.43374061e-02  3.73482111e-04 -1.84543807e-03 -2.25252499e-05 
 4.43608644e+02  3.38430489e-09 -3.61772796e-07 -7.23150063e-10  6.69235066e-08  1.62334461e-11 -1.36998619e-09 -2.53351534e-12  1.74226833e-10 -1.36725094e+00 -1.31000002e-02  3.40328506e-02  3.68458655e-04 -1.82407425e-03 -2.21681404e-05 
 4.44119661e+02  3.35079115e-09 -3.60010492e-07 -7.14317405e-10  6.64114798e-08  1.59997643e-11 -1.35612177e-09 -2.49190533e-12  1.72016701e-10 -1.35843251e+00 -1.29500260e-02  3.37319243e-02  3.63521844e-04 -1.80300948e-03 -2.18178237e-05 
 4.44631267e+02  3.31778348e-09 -3.58265980e-07 -7.05629198e-10  6.59051558e-08  1.57702521e-11 -1.34243476e-09 -2.45109853e-12  1.69839428e-10 -1.34970733e+00 -1.28024496e-02  3.34345691e-02  3.58669799e-04 -1.78223858e-03 -2.14741443e-05 
 4.45143463e+02  3.28527157e-09 -3.56538986e-07 -6.97082400e-10  6.54044450e-08  1.55448178e-11 -1.32892224e-09 -2.41107655e-12  1.67694427e-10 -1.34107394e+00 -1.26572207e-02  3.31407278e-02  3.53900689e-04 -1.76175648e-03 -2.11369511e-05 
 4.45656248e+02  3.25324540e-09 -3.54829237e-07 -6.88674046e-10  6.49092599e-08  1.53233720e-11 -1.31558134e-09 -2.37182149e-12  1.65581122e-10 -1.33253092e+00 -1.25142907e-02  3.28503445e-02  3.49212731e-04 -1.74155823e-03 -2.08060969e-05 
 4.46169625e+02  3.22169516e-09 -3.53136471e-07 -6.80401249e-10  6.44195147e-08  1.51058279e-11 -1.30240927e-09 -2.33331592e-12  1.63498954e-10 -1.32407689e+00 -1.23736119e-02  3.25633645e-02  3.44604191e-04 -1.72163896e-03 -2.04814387e-05 
 4.46683592e+02  3.19061134e-09 -3.51460428e-07 -6.72261194e-10  6.39351252e-08  1.48921007e-11 -1.28940327e-09 -2.29554290e-12  1.61447370e-10 -1.31571049e+00 -1.22351380e-02  3.22797342e-02  3.40073378e-04 -1.70199393e-03 -2.01628371e-05 
 4.47198152e+02  3.15998462e-09 -3.49800854e-07 -6.64251141e-10  6.34560093e-08  1.46821081e-11 -1.27656066e-09 -2.25848592e-12  1.59425832e-10 -1.30743037e+00 -1.20988238e-02  3.19994012e-02  3.35618645e-04 -1.68261849e-03 -1.98501566e-05 
 4.47713304e+02  3.12980594e-09 -3.48157501e-07 -6.56368417e-10  6.29820861e-08  1.44757699e-11 -1.26387880e-09 -2.22212892e-12  1.57433815e-10 -1.29923523e+00 -1.19646253e-02  3.17223139e-02  3.31238388e-04 -1.66350807e-03 -1.95432652e-05 
 4.48229050e+02  3.10006647e-09 -3.46530125e-07 -6.48610419e-10  6.25132767e-08  1.42730077e-11 -1.25135512e-09 -2.18645627e-12  1.55470802e-10 -1.29112379e+00 -1.18324997e-02  3.14484220e-02  3.26931045e-04 -1.64465823e-03 -1.92420345e-05 
 4.48745390e+02  3.07075757e-09 -3.44918487e-07 -6.40974608e-10  6.20495035e-08  1.40737454e-11 -1.23898707e-09 -2.15145275e-12  1.53536288e-10 -1.28309480e+00 -1.17024050e-02  3.11776760e-02  3.22695093e-04 -1.62606458e-03 -1.89463393e-05 
 4.49262325e+02  3.04187084e-09 -3.43322353e-07 -6.33458509e-10  6.15906907e-08  1.38779089e-11 -1.22677220e-09 -2.11710352e-12  1.51629779e-10 -1.27514702e+00 -1.15743006e-02  3.09100277e-02  3.18529047e-04 -1.60772287e-03 -1.86560580e-05 
 4.49779855e+02  3.01339807e-09 -3.41741494e-07 -6.26059710e-10  6.11367637e-08  1.36854257e-11 -1.21470806e-09 -2.08339416e-12  1.49750791e-10 -1.26727925e+00 -1.14481465e-02  3.06454294e-02  3.14431462e-04 -1.58962889e-03 -1.83710717e-05 
 4.50297981e+02  2.98533126e-09 -3.40175684e-07 -6.18775857e-10  6.06876497e-08  1.34962254e-11 -1.20279229e-09 -2.05031060e-12  1.47898851e-10 -1.25949030e+00 -1.13239041e-02  3.03838348e-02  3.10400926e-04 -1.57177854e-03 -1.80912652e-05 
 4.50816705e+02  2.95766260e-09 -3.38624703e-07 -6.11604655e-10  6.02432771e-08  1.33102394e-11 -1.19102255e-09 -2.01783914e-12  1.46073495e-10 -1.25177902e+00 -1.12015355e-02  3.01251983e-02  3.06436066e-04 -1.55416780e-03 -1.78165257e-05 
 4.51336025e+02  2.93038446e-09 -3.37088336e-07 -6.04543865e-10  5.98035759e-08  1.31274006e-11 -1.17939656e-09 -1.98596643e-12  1.44274267e-10 -1.24414427e+00 -1.10810039e-02  2.98694751e-02  3.02535540e-04 -1.53679273e-03 -1.75467436e-05 
 4.51855944e+02  2.90348941e-09 -3.35566369e-07 -5.97591305e-10  5.93684771e-08  1.29476437e-11 -1.16791207e-09 -1.95467949e-12  1.42500724e-10 -1.23658493e+00 -1.09622731e-02  2.96166215e-02  2.98698043e-04 -1.51964948e-03 -1.72818121e-05 
 4.52376462e+02  2.87697017e-09 -3.34058596e-07 -5.90744844e-10  5.89379135e-08  1.27709052e-11 -1.15656690e-09 -1.92396563e-12  1.40752429e-10 -1.22909991e+00 -1.08453081e-02  2.93665945e-02  2.94922298e-04 -1.50273427e-03 -1.70216272e-05 
 4.52897580e+02  2.85081967e-09 -3.32564812e-07 -5.84002402e-10  5.85118188e-08  1.25971229e-11 -1.14535888e-09 -1.89381250e-12  1.39028956e-10 -1.22168814e+00 -1.07300745e-02  2.91193520e-02  2.91207064e-04 -1.48604338e-03 -1.67660872e-05 
 4.53419298e+02  2.82503097e-09 -3.31084817e-07 -5.77361952e-10  5.80901282e-08  1.24262363e-11 -1.13428592e-09 -1.86420808e-12  1.37329885e-10 -1.21434857e+00 -1.06165390e-02  2.88748526e-02  2.87551126e-04 -1.46957318e-03 -1.65150935e-05 
 4.53941617e+02  2.79959732e-09 -3.29618415e-07 -5.70821512e-10  5.76727781e-08  1.22581864e-11 -1.12334594e-09 -1.83514062e-12  1.35654807e-10 -1.20708017e+00 -1.05046689e-02  2.86330558e-02  2.83953302e-04 -1.45332012e-03 -1.62685494e-05 
 4.54464537e+02  2.77451212e-09 -3.28165414e-07 -5.64379151e-10  5.72597060e-08  1.20929156e-11 -1.11253690e-09 -1.80659870e-12  1.34003321e-10 -1.19988192e+00 -1.03944322e-02  2.83939219e-02  2.80412436e-04 -1.43728071e-03 -1.60263612e-05 
 4.54988060e+02  2.74976892e-09 -3.26725624e-07 -5.58032982e-10  5.68508508e-08  1.19303677e-11 -1.10185683e-09 -1.77857115e-12  1.32375032e-10 -1.19275283e+00 -1.02857979e-02  2.81574119e-02  2.76927403e-04 -1.42145153e-03 -1.57884371e-05 
 4.55512186e+02  2.72536142e-09 -3.25298860e-07 -5.51781164e-10  5.64461522e-08  1.17704879e-11 -1.09130376e-09 -1.75104712e-12  1.30769556e-10 -1.18569193e+00 -1.01787355e-02  2.79234875e-02  2.73497102e-04 -1.40582921e-03 -1.55546878e-05 
 4.56036916e+02  2.70128347e-09 -3.23884941e-07 -5.45621896e-10  5.60455514e-08  1.16132226e-11 -1.08087579e-09 -1.72401599e-12  1.29186514e-10 -1.17869827e+00 -1.00732155e-02  2.76921111e-02  2.70120461e-04 -1.39041048e-03 -1.53250261e-05 
 4.56562250e+02  2.67752906e-09 -3.22483688e-07 -5.39553425e-10  5.56489905e-08  1.14585198e-11 -1.07057103e-09 -1.69746742e-12  1.27625536e-10 -1.17177089e+00 -9.96920873e-03  2.74632460e-02  2.66796431e-04 -1.37519210e-03 -1.50993671e-05 
 4.57088190e+02  2.65409230e-09 -3.21094926e-07 -5.33574033e-10  5.52564126e-08  1.13063284e-11 -1.06038764e-09 -1.67139132e-12  1.26086258e-10 -1.16490889e+00 -9.86668696e-03  2.72368559e-02  2.63523990e-04 -1.36017093e-03 -1.48776279e-05 
 4.57614735e+02  2.63096748e-09 -3.19718483e-07 -5.27682046e-10  5.48677621e-08  1.11565987e-11 -1.05032381e-09 -1.64577786e-12  1.24568325e-10 -1.15811135e+00 -9.76562253e-03  2.70129055e-02  2.60302139e-04 -1.34534385e-03 -1.46597276e-05 
 4.58141887e+02  2.60814896e-09 -3.18354190e-07 -5.21875827e-10  5.44829842e-08  1.10092822e-11 -1.04037777e-09 -1.62061743e-12  1.23071387e-10 -1.15137740e+00 -9.66598841e-03  2.67913598e-02  2.57129903e-04 -1.33070782e-03 -1.44455872e-05 
 4.58669646e+02  2.58563127e-09 -3.17001882e-07 -5.16153777e-10  5.41020252e-08  1.08643315e-11 -1.03054777e-09 -1.59590066e-12  1.21595103e-10 -1.14470616e+00 -9.56775822e-03  2.65721847e-02  2.54006330e-04 -1.31625986e-03 -1.42351299e-05 
 4.59198013e+02  2.56340906e-09 -3.15661395e-07 -5.10514335e-10  5.37248323e-08  1.07217003e-11 -1.02083211e-09 -1.57161843e-12  1.20139136e-10 -1.13809677e+00 -9.47090615e-03  2.63553467e-02  2.50930490e-04 -1.30199705e-03 -1.40282805e-05 
 4.59726989e+02  2.54147707e-09 -3.14332570e-07 -5.04955973e-10  5.33513538e-08  1.05813433e-11 -1.01122911e-09 -1.54776179e-12  1.18703158e-10 -1.13154840e+00 -9.37540700e-03  2.61408127e-02  2.47901474e-04 -1.28791652e-03 -1.38249657e-05 
 4.60256574e+02  2.51983018e-09 -3.13015251e-07 -4.99477200e-10  5.29815388e-08  1.04432166e-11 -1.00173712e-09 -1.52432206e-12  1.17286846e-10 -1.12506022e+00 -9.28123612e-03  2.59285505e-02  2.44918394e-04 -1.27401543e-03 -1.36251138e-05 
 4.60786769e+02  2.49846338e-09 -3.11709283e-07 -4.94076558e-10  5.26153374e-08  1.03072769e-11 -9.92354525e-10 -1.50129073e-12  1.15889884e-10 -1.11863142e+00 -9.18836945e-03  2.57185282e-02  2.41980384e-04 -1.26029104e-03 -1.34286551e-05 
 4.61317575e+02  2.47737178e-09 -3.10414514e-07 -4.88752622e-10  5.22527005e-08  1.01734821e-11 -9.83079739e-10 -1.47865950e-12  1.14511960e-10 -1.11226121e+00 -9.09678342e-03  2.55107147e-02  2.39086596e-04 -1.24674064e-03 -1.32355214e-05 
 4.61848992e+02  2.45655057e-09 -3.09130797e-07 -4.83503999e-10  5.18935800e-08  1.00417912e-11 -9.73911202e-10 -1.45642028e-12  1.13152771e-10 -1.10594880e+00 -9.00645504e-03  2.53050794e-02  2.36236203e-04 -1.23336155e-03 -1.30456461e-05 
 4.62381021e+02  2.43599508e-09 -3.07857985e-07 -4.78329327e-10  5.15379285e-08  9.91216390e-12 -9.64847385e-10 -1.43456517e-12  1.11812018e-10 -1.09969342e+00 -8.91736179e-03  2.51015921e-02  2.33428395e-04 -1.22015116e-03 -1.28589642e-05 
 4.62913664e+02  2.41570071e-09 -3.06595934e-07 -4.73227273e-10  5.11856996e-08  9.78456097e-12 -9.55886786e-10 -1.41308643e-12  1.10489407e-10 -1.09349433e+00 -8.82948167e-03  2.49002233e-02  2.30662382e-04 -1.20710693e-03 -1.26754121e-05 
 4.63446920e+02  2.39566298e-09 -3.05344505e-07 -4.68196536e-10  5.08368475e-08  9.65894403e-12 -9.47027928e-10 -1.39197653e-12  1.09184651e-10 -1.08735078e+00 -8.74279316e-03  2.47009440e-02  2.27937391e-04 -1.19422632e-03 -1.24949280e-05 
 4.63980790e+02  2.37587749e-09 -3.04103558e-07 -4.63235843e-10  5.04913275e-08  9.53527558e-12 -9.38269363e-10 -1.37122811e-12  1.07897469e-10 -1.08126205e+00 -8.65727520e-03  2.45037257e-02  2.25252666e-04 -1.18150686e-03 -1.23174512e-05 
 4.64515275e+02  2.35633996e-09 -3.02872958e-07 -4.58343948e-10  5.01490954e-08  9.41351898e-12 -9.29609668e-10 -1.35083397e-12  1.06627583e-10 -1.07522742e+00 -8.57290723e-03  2.43085403e-02  2.22607469e-04 -1.16894614e-03 -1.21429227e-05 
 4.65050376e+02  2.33704618e-09 -3.01652570e-07 -4.53519632e-10  4.98101079e-08  9.29363838e-12 -9.21047445e-10 -1.33078709e-12  1.05374722e-10 -1.06924618e+00 -8.48966908e-03  2.41153603e-02  2.20001076e-04 -1.15654177e-03 -1.19712846e-05 
 4.65586094e+02  2.31799202e-09 -3.00442264e-07 -4.48761704e-10  4.94743225e-08  9.17559878e-12 -9.12581320e-10 -1.31108060e-12  1.04138618e-10 -1.06331765e+00 -8.40754106e-03  2.39241587e-02  2.17432783e-04 -1.14429142e-03 -1.18024805e-05 
 4.66122428e+02  2.29917347e-09 -2.99241910e-07 -4.44068999e-10  4.91416973e-08  9.05936594e-12 -9.04209944e-10 -1.29170781e-12  1.02919012e-10 -1.05744115e+00 -8.32650390e-03  2.37349089e-02  2.14901898e-04 -1.13219279e-03 -1.16364553e-05 
 4.66659380e+02  2.28058659e-09 -2.98051382e-07 -4.39440374e-10  4.88121912e-08  8.94490637e-12 -8.95931992e-10 -1.27266215e-12  1.01715644e-10 -1.05161600e+00 -8.24653872e-03  2.35475847e-02  2.12407746e-04 -1.12024362e-03 -1.14731550e-05 
 4.67196951e+02  2.26222750e-09 -2.96870554e-07 -4.34874715e-10  4.84857637e-08  8.83218735e-12 -8.87746161e-10 -1.25393723e-12  1.00528265e-10 -1.04584157e+00 -8.16762707e-03  2.33621605e-02  2.09949665e-04 -1.10844171e-03 -1.13125270e-05 
 4.67735141e+02  2.24409244e-09 -2.95699304e-07 -4.30370929e-10  4.81623752e-08  8.72117685e-12 -8.79651173e-10 -1.23552678e-12  9.93566252e-11 -1.04011719e+00 -8.08975088e-03  2.31786111e-02  2.07527011e-04 -1.09678487e-03 -1.11545199e-05 
 4.68273951e+02  2.22617770e-09 -2.94537512e-07 -4.25927946e-10  4.78419865e-08  8.61184358e-12 -8.71645768e-10 -1.21742471e-12  9.82004829e-11 -1.03444224e+00 -8.01289246e-03  2.29969116e-02  2.05139150e-04 -1.08527099e-03 -1.09990833e-05 
 4.68813382e+02  2.20847966e-09 -2.93385058e-07 -4.21544722e-10  4.75245593e-08  8.50415691e-12 -8.63728712e-10 -1.19962502e-12  9.70595993e-11 -1.02881609e+00 -7.93703451e-03  2.28170376e-02  2.02785464e-04 -1.07389795e-03 -1.08461681e-05 
 4.69353434e+02  2.19099477e-09 -2.92241827e-07 -4.17220230e-10  4.72100557e-08  8.39808690e-12 -8.55898791e-10 -1.18212188e-12  9.59337403e-11 -1.02323813e+00 -7.86216009e-03  2.26389653e-02  2.00465348e-04 -1.06266370e-03 -1.06957262e-05 
 4.69894109e+02  2.17371956e-09 -2.91107703e-07 -4.12953470e-10  4.68984388e-08  8.29360423e-12 -8.48154809e-10 -1.16490958e-12  9.48226760e-11 -1.01770776e+00 -7.78825259e-03  2.24626709e-02  1.98178209e-04 -1.05156622e-03 -1.05477106e-05 
 4.70435406e+02  2.15665061e-09 -2.89982574e-07 -4.08743459e-10  4.65896719e-08  8.19068024e-12 -8.40495594e-10 -1.14798254e-12  9.37261805e-11 -1.01222438e+00 -7.71529578e-03  2.22881314e-02  1.95923468e-04 -1.04060351e-03 -1.04020753e-05 
 4.70977326e+02  2.13978460e-09 -2.88866330e-07 -4.04589237e-10  4.62837191e-08  8.08928689e-12 -8.32919993e-10 -1.13133529e-12  9.26440323e-11 -1.00678742e+00 -7.64327375e-03  2.21153240e-02  1.93700557e-04 -1.02977363e-03 -1.02587756e-05 
 4.71519871e+02  2.12311825e-09 -2.87758860e-07 -4.00489862e-10  4.59805452e-08  7.98939673e-12 -8.25426870e-10 -1.11496250e-12  9.15760136e-11 -1.00139630e+00 -7.57217093e-03  2.19442262e-02  1.91508922e-04 -1.01907466e-03 -1.01177673e-05 
 4.72063041e+02  2.10664837e-09 -2.86660059e-07 -3.96444413e-10  4.56801154e-08  7.89098290e-12 -8.18015113e-10 -1.09885895e-12  9.05219105e-11 -9.96050451e-01 -7.50197205e-03  2.17748160e-02  1.89348018e-04 -1.00850471e-03 -9.97900759e-06 
 4.72606837e+02  2.09037182e-09 -2.85569820e-07 -3.92451987e-10  4.53823954e-08  7.79401912e-12 -8.10683624e-10 -1.08301953e-12  8.94815130e-11 -9.90749326e-01 -7.43266217e-03  2.16070717e-02  1.87217314e-04 -9.98061930e-04 -9.84245441e-06 
 4.73151259e+02  2.07428551e-09 -2.84488039e-07 -3.88511701e-10  4.50873519e-08  7.69847965e-12 -8.03431326e-10 -1.06743926e-12  8.84546149e-11 -9.85492377e-01 -7.36422666e-03  2.14409721e-02  1.85116288e-04 -9.87744498e-04 -9.70806667e-06 
 4.73696308e+02  2.05838645e-09 -2.83414615e-07 -3.84622688e-10  4.47949515e-08  7.60433933e-12 -7.96257158e-10 -1.05211325e-12  8.74410135e-11 -9.80279066e-01 -7.29665118e-03  2.12764961e-02  1.83044430e-04 -9.77550625e-04 -9.57580416e-06 
 4.74241985e+02  2.04267168e-09 -2.82349446e-07 -3.80784101e-10  4.45051619e-08  7.51157350e-12 -7.89160080e-10 -1.03703672e-12  8.64405097e-11 -9.75108867e-01 -7.22992168e-03  2.11136231e-02  1.81001242e-04 -9.67478553e-04 -9.44562755e-06 
 4.74788291e+02  2.02713830e-09 -2.81292435e-07 -3.76995108e-10  4.42179510e-08  7.42015802e-12 -7.82139065e-10 -1.02220501e-12  8.54529079e-11 -9.69981260e-01 -7.16402440e-03  2.09523329e-02  1.78986233e-04 -9.57526554e-04 -9.31749835e-06 
 4.75335226e+02  2.01178347e-09 -2.80243484e-07 -3.73254896e-10  4.39332873e-08  7.33006927e-12 -7.75193106e-10 -1.00761353e-12  8.44780161e-11 -9.64895734e-01 -7.09894584e-03  2.07926054e-02  1.76998925e-04 -9.47692928e-04 -9.19137891e-06 
 4.75882791e+02  1.99660442e-09 -2.79202497e-07 -3.69562666e-10  4.36511398e-08  7.24128411e-12 -7.68321212e-10 -9.93257823e-13  8.35156454e-11 -9.59851784e-01 -7.03467280e-03  2.06344210e-02  1.75038849e-04 -9.37976005e-04 -9.06723240e-06 
 4.76430987e+02  1.98159841e-09 -2.78169380e-07 -3.65917637e-10  4.33714781e-08  7.15377990e-12 -7.61522407e-10 -9.79133507e-13  8.25656103e-11 -9.54848917e-01 -6.97119231e-03  2.04777604e-02  1.73105545e-04 -9.28374144e-04 -8.94502275e-06 
 4.76979814e+02  1.96676278e-09 -2.77144040e-07 -3.62319043e-10  4.30942721e-08  7.06753445e-12 -7.54795732e-10 -9.65236300e-13  8.16277286e-11 -9.49886645e-01 -6.90849169e-03  2.03226046e-02  1.71198562e-04 -9.18885729e-04 -8.82471470e-06 
 4.77529274e+02  1.95209490e-09 -2.76126387e-07 -3.58766133e-10  4.28194922e-08  6.98252602e-12 -7.48140242e-10 -9.51562010e-13  8.07018212e-11 -9.44964489e-01 -6.84655849e-03  2.01689348e-02  1.69317460e-04 -9.09509175e-04 -8.70627370e-06 
 4.78079366e+02  1.93759220e-09 -2.75116329e-07 -3.55258172e-10  4.25471095e-08  6.89873334e-12 -7.41555011e-10 -9.38106537e-13  7.97877119e-11 -9.40081976e-01 -6.78538051e-03  2.00167327e-02  1.67461807e-04 -9.00242920e-04 -8.58966595e-06 
 4.78630092e+02  1.92325215e-09 -2.74113779e-07 -3.51794437e-10  4.22770953e-08  6.81613557e-12 -7.35039123e-10 -9.24865865e-13  7.88852279e-11 -9.35238642e-01 -6.72494579e-03  1.98659801e-02  1.65631178e-04 -8.91085431e-04 -8.47485838e-06 
 4.79181453e+02  1.90907229e-09 -2.73118650e-07 -3.48374222e-10  4.20094213e-08  6.73471229e-12 -7.28591681e-10 -9.11836066e-13  7.79941991e-11 -9.30434029e-01 -6.66524262e-03  1.97166592e-02  1.63825160e-04 -8.82035198e-04 -8.36181857e-06 
 4.79733449e+02  1.89505019e-09 -2.72130857e-07 -3.44996833e-10  4.17440600e-08  6.65444349e-12 -7.22211800e-10 -8.99013293e-13  7.71144583e-11 -9.25667687e-01 -6.60625948e-03  1.95687523e-02  1.62043345e-04 -8.73090738e-04 -8.25051484e-06 
 4.80286080e+02  1.88118346e-09 -2.71150313e-07 -3.41661592e-10  4.14809839e-08  6.57530957e-12 -7.15898610e-10 -8.86393779e-13  7.62458412e-11 -9.20939173e-01 -6.54798512e-03  1.94222423e-02  1.60285336e-04 -8.64250592e-04 -8.14091612e-06 
 4.80839348e+02  1.86746978e-09 -2.70176938e-07 -3.38367830e-10  4.12201662e-08  6.49729133e-12 -7.09651254e-10 -8.73973838e-13  7.53881865e-11 -9.16248049e-01 -6.49040848e-03  1.92771121e-02  1.58550741e-04 -8.55513323e-04 -8.03299202e-06 
 4.81393254e+02  1.85390685e-09 -2.69210648e-07 -3.35114896e-10  4.09615804e-08  6.42036996e-12 -7.03468889e-10 -8.61749861e-13  7.45413353e-11 -9.11593886e-01 -6.43351872e-03  1.91333450e-02  1.56839177e-04 -8.46877522e-04 -7.92671277e-06 
 4.81947798e+02  1.84049242e-09 -2.68251364e-07 -3.31902147e-10  4.07052005e-08  6.34452701e-12 -6.97350687e-10 -8.49718312e-13  7.37051315e-11 -9.06976261e-01 -6.37730520e-03  1.89909244e-02  1.55150270e-04 -8.38341798e-04 -7.82204922e-06 
 4.82502980e+02  1.82722429e-09 -2.67299005e-07 -3.28728956e-10  4.04510007e-08  6.26974442e-12 -6.91295830e-10 -8.37875730e-13  7.28794218e-11 -9.02394757e-01 -6.32175750e-03  1.88498341e-02  1.53483652e-04 -8.29904787e-04 -7.71897281e-06 
 4.83058802e+02  1.81410030e-09 -2.66353495e-07 -3.25594705e-10  4.01989558e-08  6.19600447e-12 -6.85303514e-10 -8.26218726e-13  7.20640552e-11 -8.97848963e-01 -6.26686539e-03  1.87100581e-02  1.51838961e-04 -8.21565145e-04 -7.61745558e-06 
 4.83615264e+02  1.80111832e-09 -2.65414755e-07 -3.22498791e-10  3.99490410e-08  6.12328981e-12 -6.79372950e-10 -8.14743979e-13  7.12588835e-11 -8.93338475e-01 -6.21261883e-03  1.85715807e-02  1.50215844e-04 -8.13321550e-04 -7.51747014e-06 
 4.84172368e+02  1.78827626e-09 -2.64482710e-07 -3.19440619e-10  3.97012316e-08  6.05158341e-12 -6.73503357e-10 -8.03448240e-13  7.04637607e-11 -8.88862894e-01 -6.15900798e-03  1.84343864e-02  1.48613955e-04 -8.05172701e-04 -7.41898965e-06 
 4.84730113e+02  1.77557208e-09 -2.63557286e-07 -3.16419609e-10  3.94555036e-08  5.98086860e-12 -6.67693969e-10 -7.92328322e-13  6.96785435e-11 -8.84421829e-01 -6.10602318e-03  1.82984599e-02  1.47032952e-04 -7.97117320e-04 -7.32198784e-06 
 4.85288500e+02  1.76300377e-09 -2.62638409e-07 -3.13435188e-10  3.92118331e-08  5.91112902e-12 -6.61944033e-10 -7.81381106e-13  6.89030907e-11 -8.80014892e-01 -6.05365494e-03  1.81637861e-02  1.45472504e-04 -7.89154147e-04 -7.22643896e-06 
 4.85847531e+02  1.75056936e-09 -2.61726006e-07 -3.10486798e-10  3.89701967e-08  5.84234865e-12 -6.56252803e-10 -7.70603537e-13  6.81372637e-11 -8.75641703e-01 -6.00189398e-03  1.80303503e-02  1.43932282e-04 -7.81281944e-04 -7.13231776e-06 
 4.86407206e+02  1.73826692e-09 -2.60820006e-07 -3.07573887e-10  3.87305713e-08  5.77451175e-12 -6.50619549e-10 -7.59992619e-13  6.73809260e-11 -8.71301886e-01 -5.95073115e-03  1.78981378e-02  1.42411966e-04 -7.73499492e-04 -7.03959953e-06 
 4.86967525e+02  1.72609453e-09 -2.59920339e-07 -3.04695918e-10  3.84929342e-08  5.70760291e-12 -6.45043550e-10 -7.49545421e-13  6.66339435e-11 -8.66995073e-01 -5.90015751e-03  1.77671343e-02  1.40911241e-04 -7.65805591e-04 -6.94826005e-06 
 4.87528490e+02  1.71405034e-09 -2.59026935e-07 -3.01852359e-10  3.82572630e-08  5.64160703e-12 -6.39524096e-10 -7.39259067e-13  6.58961841e-11 -8.62720899e-01 -5.85016427e-03  1.76373256e-02  1.39429799e-04 -7.58199061e-04 -6.85827558e-06 
 4.88090101e+02  1.70213252e-09 -2.58139727e-07 -2.99042693e-10  3.80235355e-08  5.57650926e-12 -6.34060489e-10 -7.29130741e-13  6.51675181e-11 -8.58479005e-01 -5.80074278e-03  1.75086977e-02  1.37967336e-04 -7.50678741e-04 -6.76962285e-06 
 4.88652359e+02  1.69033926e-09 -2.57258646e-07 -2.96266409e-10  3.77917301e-08  5.51229508e-12 -6.28652041e-10 -7.19157683e-13  6.44478177e-11 -8.54269038e-01 -5.75188459e-03  1.73812370e-02  1.36523556e-04 -7.43243486e-04 -6.68227906e-06 
 4.89215265e+02  1.67866879e-09 -2.56383627e-07 -2.93523007e-10  3.75618252e-08  5.44895022e-12 -6.23298074e-10 -7.09337190e-13  6.37369574e-11 -8.50090649e-01 -5.70358137e-03  1.72549299e-02  1.35098167e-04 -7.35892172e-04 -6.59622187e-06 
 4.89778819e+02  1.66711939e-09 -2.55514604e-07 -2.90811994e-10  3.73337999e-08  5.38646070e-12 -6.17997920e-10 -6.99666609e-13  6.30348135e-11 -8.45943495e-01 -5.65582496e-03  1.71297630e-02  1.33690883e-04 -7.28623690e-04 -6.51142937e-06 
 4.90343023e+02  1.65568934e-09 -2.54651513e-07 -2.88132890e-10  3.71076331e-08  5.32481279e-12 -6.12750922e-10 -6.90143345e-13  6.23412644e-11 -8.41827238e-01 -5.60860735e-03  1.70057233e-02  1.32301423e-04 -7.21436951e-04 -6.42788008e-06 
 4.90907876e+02  1.64437697e-09 -2.53794291e-07 -2.85485220e-10  3.68833045e-08  5.26399303e-12 -6.07556432e-10 -6.80764849e-13  6.16561906e-11 -8.37741543e-01 -5.56192067e-03  1.68827977e-02  1.30929512e-04 -7.14330881e-04 -6.34555295e-06 
 4.91473380e+02  1.63318063e-09 -2.52942874e-07 -2.82868520e-10  3.66607938e-08  5.20398822e-12 -6.02413813e-10 -6.71528626e-13  6.09794743e-11 -8.33686083e-01 -5.51575719e-03  1.67609734e-02  1.29574880e-04 -7.07304423e-04 -6.26442735e-06 
 4.92039536e+02  1.62209872e-09 -2.52097202e-07 -2.80282333e-10  3.64400810e-08  5.14478540e-12 -5.97322435e-10 -6.62432230e-13  6.03109997e-11 -8.29660532e-01 -5.47010931e-03  1.66402380e-02  1.28237261e-04 -7.00356536e-04 -6.18448304e-06 
 4.92606343e+02  1.61112964e-09 -2.51257212e-07 -2.77726210e-10  3.62211465e-08  5.08637185e-12 -5.92281680e-10 -6.53473262e-13  5.96506529e-11 -8.25664573e-01 -5.42496959e-03  1.65205790e-02  1.26916395e-04 -6.93486198e-04 -6.10570018e-06 
 4.93173804e+02  1.60027183e-09 -2.50422847e-07 -2.75199712e-10  3.60039709e-08  5.02873511e-12 -5.87290938e-10 -6.44649369e-13  5.89983217e-11 -8.21697888e-01 -5.38033071e-03  1.64019842e-02  1.25612027e-04 -6.86692399e-04 -6.02805932e-06 
 4.93741918e+02  1.58952375e-09 -2.49594045e-07 -2.72702407e-10  3.57885352e-08  4.97186293e-12 -5.82349608e-10 -6.35958247e-13  5.83538958e-11 -8.17760170e-01 -5.33618547e-03  1.62844415e-02  1.24323904e-04 -6.79974146e-04 -5.95154138e-06 
 4.94310687e+02  1.57888391e-09 -2.48770750e-07 -2.70233869e-10  3.55748205e-08  4.91574329e-12 -5.77457097e-10 -6.27397634e-13  5.77172667e-11 -8.13851110e-01 -5.29252682e-03  1.61679391e-02  1.23051782e-04 -6.73330461e-04 -5.87612764e-06 
 4.94880111e+02  1.56835082e-09 -2.47952903e-07 -2.67793682e-10  3.53628083e-08  4.86036441e-12 -5.72612822e-10 -6.18965315e-13  5.70883273e-11 -8.09970407e-01 -5.24934782e-03  1.60524653e-02  1.21795418e-04 -6.66760383e-04 -5.80179977e-06 
 4.95450191e+02  1.55792303e-09 -2.47140448e-07 -2.65381436e-10  3.51524801e-08  4.80571471e-12 -5.67816208e-10 -6.10659114e-13  5.64669726e-11 -8.06117765e-01 -5.20664165e-03  1.59380085e-02  1.20554574e-04 -6.60262962e-04 -5.72853976e-06 
 4.96020927e+02  1.54759910e-09 -2.46333329e-07 -2.62996729e-10  3.49438181e-08  4.75178283e-12 -5.63066689e-10 -6.02476900e-13  5.58530990e-11 -8.02292888e-01 -5.16440162e-03  1.58245574e-02  1.19329018e-04 -6.53837265e-04 -5.65632996e-06 
 4.96592321e+02  1.53737763e-09 -2.45531492e-07 -2.60639166e-10  3.47368044e-08  4.69855763e-12 -5.58363705e-10 -5.94416583e-13  5.52466046e-11 -7.98495488e-01 -5.12262115e-03  1.57121008e-02  1.18118521e-04 -6.47482372e-04 -5.58515306e-06 
 4.97164374e+02  1.52725724e-09 -2.44734881e-07 -2.58308357e-10  3.45314215e-08  4.64602816e-12 -5.53706707e-10 -5.86476111e-13  5.46473891e-11 -7.94725280e-01 -5.08129377e-03  1.56006276e-02  1.16922857e-04 -6.41197378e-04 -5.51499207e-06 
 4.97737085e+02  1.51723658e-09 -2.43943443e-07 -2.56003923e-10  3.43276520e-08  4.59418367e-12 -5.49095153e-10 -5.78653475e-13  5.40553538e-11 -7.90981982e-01 -5.04041315e-03  1.54901269e-02  1.15741807e-04 -6.34981391e-04 -5.44583034e-06 
 4.98310456e+02  1.50731430e-09 -2.43157126e-07 -2.53725487e-10  3.41254789e-08  4.54301361e-12 -5.44528507e-10 -5.70946700e-13  5.34704015e-11 -7.87265316e-01 -4.99997302e-03  1.53805879e-02  1.14575152e-04 -6.28833533e-04 -5.37765150e-06 
 4.98884487e+02  1.49748909e-09 -2.42375877e-07 -2.51472682e-10  3.39248854e-08  4.49250763e-12 -5.40006243e-10 -5.63353851e-13  5.28924365e-11 -7.83575009e-01 -4.95996727e-03  1.52720001e-02  1.13422681e-04 -6.22752937e-04 -5.31043953e-06 
 4.99459180e+02  1.48775967e-09 -2.41599645e-07 -2.49245145e-10  3.37258548e-08  4.44265555e-12 -5.35527841e-10 -5.55873031e-13  5.23213645e-11 -7.79910791e-01 -4.92038986e-03  1.51643531e-02  1.12284183e-04 -6.16738751e-04 -5.24417869e-06 
 5.00034535e+02  1.47812476e-09 -2.40828379e-07 -2.47042520e-10  3.35283708e-08  4.39344740e-12 -5.31092790e-10 -5.48502377e-13  5.17570930e-11 -7.76272395e-01 -4.88123488e-03  1.50576364e-02  1.11159454e-04 -6.10790136e-04 -5.17885353e-06 
 5.00610553e+02  1.46858311e-09 -2.40062029e-07 -2.44864459e-10  3.33324173e-08  4.34487335e-12 -5.26700585e-10 -5.41240061e-13  5.11995305e-11 -7.72659558e-01 -4.84249649e-03  1.49518400e-02  1.10048291e-04 -6.04906265e-04 -5.11444890e-06 
 5.01187234e+02  1.45913351e-09 -2.39300546e-07 -2.42710618e-10  3.31379783e-08  4.29692378e-12 -5.22350728e-10 -5.34084292e-13  5.06485871e-11 -7.69072022e-01 -4.80416897e-03  1.48469539e-02  1.08950497e-04 -5.99086321e-04 -5.05094994e-06 
 5.01764579e+02  1.44977474e-09 -2.38543881e-07 -2.40580658e-10  3.29450381e-08  4.24958923e-12 -5.18042728e-10 -5.27033309e-13  5.01041744e-11 -7.65509531e-01 -4.76624670e-03  1.47429680e-02  1.07865876e-04 -5.93329503e-04 -4.98834205e-06 
 5.02342590e+02  1.44050561e-09 -2.37791987e-07 -2.38474248e-10  3.27535811e-08  4.20286041e-12 -5.13776102e-10 -5.20085386e-13  4.95662052e-11 -7.61971832e-01 -4.72872414e-03  1.46398728e-02  1.06794236e-04 -5.87635020e-04 -4.92661090e-06 
 5.02921266e+02  1.43132496e-09 -2.37044815e-07 -2.36391061e-10  3.25635922e-08  4.15672820e-12 -5.09550373e-10 -5.13238831e-13  4.90345936e-11 -7.58458677e-01 -4.69159586e-03  1.45376586e-02  1.05735390e-04 -5.82002091e-04 -4.86574244e-06 
 5.03500609e+02  1.42223164e-09 -2.36302319e-07 -2.34330778e-10  3.23750562e-08  4.11118363e-12 -5.05365071e-10 -5.06491981e-13  4.85092552e-11 -7.54969819e-01 -4.65485651e-03  1.44363159e-02  1.04689153e-04 -5.76429948e-04 -4.80572286e-06 
 5.04080619e+02  1.41322452e-09 -2.35564453e-07 -2.32293081e-10  3.21879582e-08  4.06621790e-12 -5.01219733e-10 -4.99843204e-13  4.79901067e-11 -7.51505017e-01 -4.61850084e-03  1.43358353e-02  1.03655344e-04 -5.70917836e-04 -4.74653864e-06 
 5.04661298e+02  1.40430250e-09 -2.34831172e-07 -2.30277662e-10  3.20022836e-08  4.02182236e-12 -4.97113900e-10 -4.93290900e-13  4.74770661e-11 -7.48064032e-01 -4.58252366e-03  1.42362076e-02  1.02633782e-04 -5.65465007e-04 -4.68817646e-06 
 5.05242645e+02  1.39546447e-09 -2.34102430e-07 -2.28284215e-10  3.18180178e-08  3.97798851e-12 -4.93047123e-10 -4.86833497e-13  4.69700527e-11 -7.44646627e-01 -4.54691991e-03  1.41374237e-02  1.01624295e-04 -5.60070728e-04 -4.63062329e-06 
 5.05824662e+02  1.38670936e-09 -2.33378183e-07 -2.26312441e-10  3.16351465e-08  3.93470800e-12 -4.89018957e-10 -4.80469454e-13  4.64689870e-11 -7.41252569e-01 -4.51168458e-03  1.40394746e-02  1.00626707e-04 -5.54734273e-04 -4.57386629e-06 
 5.06407350e+02  1.37803611e-09 -2.32658388e-07 -2.24362044e-10  3.14536556e-08  3.89197263e-12 -4.85028963e-10 -4.74197256e-13  4.59737907e-11 -7.37881630e-01 -4.47681275e-03  1.39423515e-02  9.96408517e-05 -5.49454930e-04 -4.51789289e-06 
 5.06990708e+02  1.36944369e-09 -2.31943000e-07 -2.22432736e-10  3.12735312e-08  3.84977433e-12 -4.81076709e-10 -4.68015416e-13  4.54843867e-11 -7.34533581e-01 -4.44229959e-03  1.38460456e-02  9.86665606e-05 -5.44231995e-04 -4.46269075e-06 
 5.07574739e+02  1.36093107e-09 -2.31231979e-07 -2.20524230e-10  3.10947596e-08  3.80810520e-12 -4.77161768e-10 -4.61922477e-13  4.50006990e-11 -7.31208200e-01 -4.40814035e-03  1.37505483e-02  9.77036704e-05 -5.39064774e-04 -4.40824772e-06 
 5.08159443e+02  1.35249723e-09 -2.30525281e-07 -2.18636246e-10  3.09173271e-08  3.76695744e-12 -4.73283720e-10 -4.55917006e-13  4.45226527e-11 -7.27905265e-01 -4.37433034e-03  1.36558510e-02  9.67520201e-05 -5.33952583e-04 -4.35455190e-06 
 5.08744820e+02  1.34414120e-09 -2.29822865e-07 -2.16768510e-10  3.07412205e-08  3.72632342e-12 -4.69442150e-10 -4.49997597e-13  4.40501741e-11 -7.24624559e-01 -4.34086496e-03  1.35619454e-02  9.58114514e-05 -5.28894751e-04 -4.30159159e-06 
 5.09330871e+02  1.33586199e-09 -2.29124690e-07 -2.14920749e-10  3.05664263e-08  3.68619560e-12 -4.65636648e-10 -4.44162870e-13  4.35831907e-11 -7.21365865e-01 -4.30773969e-03  1.34688231e-02  9.48818088e-05 -5.23890612e-04 -4.24935531e-06 
 5.09917598e+02  1.32765864e-09 -2.28430716e-07 -2.13092696e-10  3.03929317e-08  3.64656660e-12 -4.61866811e-10 -4.38411468e-13  4.31216308e-11 -7.18128971e-01 -4.27495008e-03  1.33764761e-02  9.39629392e-05 -5.18939512e-04 -4.19783178e-06 
 5.10505000e+02  1.31953021e-09 -2.27740903e-07 -2.11284089e-10  3.02207238e-08  3.60742917e-12 -4.58132240e-10 -4.32742062e-13  4.26654240e-11 -7.14913669e-01 -4.24249174e-03  1.32848961e-02  9.30546922e-05 -5.14040806e-04 -4.14700991e-06 
 5.11093079e+02  1.31147577e-09 -2.27055211e-07 -2.09494671e-10  3.00497897e-08  3.56877617e-12 -4.54432544e-10 -4.27153343e-13  4.22145009e-11 -7.11719749e-01 -4.21036035e-03  1.31940753e-02  9.21569199e-05 -5.09193858e-04 -4.09687883e-06 
 5.11681836e+02  1.30349440e-09 -2.26373601e-07 -2.07724186e-10  2.98801171e-08  3.53060057e-12 -4.50767333e-10 -4.21644029e-13  4.17687930e-11 -7.08547009e-01 -4.17855169e-03  1.31040058e-02  9.12694767e-05 -5.04398041e-04 -4.04742785e-06 
 5.12271270e+02  1.29558519e-09 -2.25696035e-07 -2.05972386e-10  2.97116934e-08  3.49289548e-12 -4.47136226e-10 -4.16212860e-13  4.13282330e-11 -7.05395246e-01 -4.14706158e-03  1.30146797e-02  9.03922198e-05 -4.99652737e-04 -3.99864647e-06 
 5.12861384e+02  1.28774727e-09 -2.25022476e-07 -2.04239024e-10  2.95445064e-08  3.45565413e-12 -4.43538845e-10 -4.10858597e-13  4.08927544e-11 -7.02264261e-01 -4.11588590e-03  1.29260895e-02  8.95250082e-05 -4.94957337e-04 -3.95052437e-06 
 5.13452178e+02  1.27997975e-09 -2.24352884e-07 -2.02523857e-10  2.93785441e-08  3.41886985e-12 -4.39974819e-10 -4.05580025e-13  4.04622917e-11 -6.99153857e-01 -4.08502063e-03  1.28382276e-02  8.86677038e-05 -4.90311238e-04 -3.90305143e-06 
 5.14043652e+02  1.27228179e-09 -2.23687225e-07 -2.00826650e-10  2.92137946e-08  3.38253607e-12 -4.36443779e-10 -4.00375950e-13  4.00367806e-11 -6.96063840e-01 -4.05446177e-03  1.27510865e-02  8.78201704e-05 -4.85713850e-04 -3.85621769e-06 
 5.14635807e+02  1.26465252e-09 -2.23025460e-07 -1.99147166e-10  2.90502460e-08  3.34664637e-12 -4.32945364e-10 -3.95245199e-13  3.96161574e-11 -6.92994018e-01 -4.02420542e-03  1.26646588e-02  8.69822742e-05 -4.81164588e-04 -3.81001338e-06 
 5.15228645e+02  1.25709111e-09 -2.22367554e-07 -1.97485175e-10  2.88878868e-08  3.31119441e-12 -4.29479215e-10 -3.90186621e-13  3.92003596e-11 -6.89944201e-01 -3.99424773e-03  1.25789373e-02  8.61538834e-05 -4.76662875e-04 -3.76442888e-06 
 5.15822165e+02  1.24959675e-09 -2.21713472e-07 -1.95840451e-10  2.87267054e-08  3.27617395e-12 -4.26044980e-10 -3.85199084e-13  3.87893255e-11 -6.86914203e-01 -3.96458489e-03  1.24939147e-02  8.53348686e-05 -4.72208145e-04 -3.71945475e-06 
 5.16416369e+02  1.24216863e-09 -2.21063177e-07 -1.94212770e-10  2.85666906e-08  3.24157887e-12 -4.22642311e-10 -3.80281475e-13  3.83829941e-11 -6.83903837e-01 -3.93521319e-03  1.24095840e-02  8.45251023e-05 -4.67799836e-04 -3.67508173e-06 
 5.17011258e+02  1.23480594e-09 -2.20416637e-07 -1.92601912e-10  2.84078311e-08  3.20740315e-12 -4.19270864e-10 -3.75432704e-13  3.79813057e-11 -6.80912923e-01 -3.90612894e-03  1.23259382e-02  8.37244592e-05 -4.63437397e-04 -3.63130069e-06 
 5.17606832e+02  1.22750791e-09 -2.19773815e-07 -1.91007662e-10  2.82501158e-08  3.17364086e-12 -4.15930299e-10 -3.70651698e-13  3.75842012e-11 -6.77941280e-01 -3.87732853e-03  1.22429703e-02  8.29328160e-05 -4.59120282e-04 -3.58810269e-06 
 5.18203092e+02  1.22027376e-09 -2.19134678e-07 -1.89429806e-10  2.80935339e-08  3.14028617e-12 -4.12620282e-10 -3.65937402e-13  3.71916222e-11 -6.74988729e-01 -3.84880839e-03  1.21606736e-02  8.21500513e-05 -4.54847955e-04 -3.54547891e-06 
 5.18800039e+02  1.21310273e-09 -2.18499193e-07 -1.87868134e-10  2.79380746e-08  3.10733335e-12 -4.09340483e-10 -3.61288781e-13  3.68035116e-11 -6.72055095e-01 -3.82056503e-03  1.20790413e-02  8.13760458e-05 -4.50619885e-04 -3.50342071e-06 
 5.19397674e+02  1.20599407e-09 -2.17867326e-07 -1.86322440e-10  2.77837272e-08  3.07477678e-12 -4.06090575e-10 -3.56704818e-13  3.64198126e-11 -6.69140204e-01 -3.79259498e-03  1.19980666e-02  8.06106819e-05 -4.46435551e-04 -3.46191958e-06 
 5.19995997e+02  1.19894704e-09 -2.17239046e-07 -1.84792522e-10  2.76304811e-08  3.04261090e-12 -4.02870237e-10 -3.52184513e-13  3.60404696e-11 -6.66243885e-01 -3.76489486e-03  1.19177432e-02  7.98538442e-05 -4.42294436e-04 -3.42096718e-06 
 5.20595009e+02  1.19196092e-09 -2.16614319e-07 -1.83278178e-10  2.74783261e-08  3.01083025e-12 -3.99679150e-10 -3.47726884e-13  3.56654276e-11 -6.63365967e-01 -3.73746131e-03  1.18380644e-02  7.91054187e-05 -4.38196032e-04 -3.38055528e-06 
 5.21194711e+02  1.18503499e-09 -2.15993114e-07 -1.81779213e-10  2.73272517e-08  2.97942948e-12 -3.96517002e-10 -3.43330964e-13  3.52946325e-11 -6.60506284e-01 -3.71029104e-03  1.17590238e-02  7.83652936e-05 -4.34139839e-04 -3.34067582e-06 
 5.21795104e+02  1.17816855e-09 -2.15375399e-07 -1.80295432e-10  2.71772480e-08  2.94840331e-12 -3.93383482e-10 -3.38995807e-13  3.49280309e-11 -6.57664670e-01 -3.68338081e-03  1.16806151e-02  7.76333587e-05 -4.30125360e-04 -3.30132086e-06 
 5.22396189e+02  1.17136089e-09 -2.14761143e-07 -1.78826645e-10  2.70283048e-08  2.91774655e-12 -3.90278285e-10 -3.34720479e-13  3.45655701e-11 -6.54840962e-01 -3.65672741e-03  1.16028322e-02  7.69095055e-05 -4.26152109e-04 -3.26248260e-06 
 5.22997966e+02  1.16461133e-09 -2.14150316e-07 -1.77372663e-10  2.68804123e-08  2.88745408e-12 -3.87201109e-10 -3.30504064e-13  3.42071983e-11 -6.52034998e-01 -3.63032771e-03  1.15256686e-02  7.61936274e-05 -4.22219603e-04 -3.22415337e-06 
 5.23600437e+02  1.15791921e-09 -2.13542887e-07 -1.75933301e-10  2.67335606e-08  2.85752089e-12 -3.84151656e-10 -3.26345662e-13  3.38528643e-11 -6.49246618e-01 -3.60417860e-03  1.14491185e-02  7.54856193e-05 -4.18327369e-04 -3.18632563e-06 
 5.24203601e+02  1.15128384e-09 -2.12938826e-07 -1.74508377e-10  2.65877402e-08  2.82794202e-12 -3.81129633e-10 -3.22244387e-13  3.35025176e-11 -6.46475665e-01 -3.57827703e-03  1.13731757e-02  7.47853778e-05 -4.14474938e-04 -3.14899198e-06 
 5.24807460e+02  1.14470459e-09 -2.12338103e-07 -1.73097712e-10  2.64429415e-08  2.79871261e-12 -3.78134748e-10 -3.18199371e-13  3.31561086e-11 -6.43721984e-01 -3.55261999e-03  1.12978343e-02  7.40928012e-05 -4.10661847e-04 -3.11214512e-06 
 5.25412015e+02  1.13818079e-09 -2.11740689e-07 -1.71701129e-10  2.62991550e-08  2.76982788e-12 -3.75166716e-10 -3.14209757e-13  3.28135883e-11 -6.40985419e-01 -3.52720452e-03  1.12230885e-02  7.34077891e-05 -4.06887641e-04 -3.07577789e-06 
 5.26017266e+02  1.13171183e-09 -2.11146555e-07 -1.70318453e-10  2.61563714e-08  2.74128310e-12 -3.72225252e-10 -3.10274706e-13  3.24749082e-11 -6.38265820e-01 -3.50202770e-03  1.11489323e-02  7.27302430e-05 -4.03151869e-04 -3.03988324e-06 
 5.26623215e+02  1.12529706e-09 -2.10555673e-07 -1.68949513e-10  2.60145816e-08  2.71307366e-12 -3.69310079e-10 -3.06393390e-13  3.21400208e-11 -6.35563036e-01 -3.47708667e-03  1.10753601e-02  7.20600658e-05 -3.99454089e-04 -3.00445425e-06 
 5.27229861e+02  1.11893587e-09 -2.09968014e-07 -1.67594140e-10  2.58737763e-08  2.68519497e-12 -3.66420919e-10 -3.02564999e-13  3.18088791e-11 -6.32876918e-01 -3.45237858e-03  1.10023662e-02  7.13971618e-05 -3.95793862e-04 -2.96948411e-06 
 5.27837207e+02  1.11262765e-09 -2.09383550e-07 -1.66252168e-10  2.57339467e-08  2.65764256e-12 -3.63557500e-10 -2.98788733e-13  3.14814367e-11 -6.30207319e-01 -3.42790065e-03  1.09299450e-02  7.07414370e-05 -3.92170756e-04 -2.93496612e-06 
 5.28445252e+02  1.10637180e-09 -2.08802254e-07 -1.64923433e-10  2.55950838e-08  2.63041201e-12 -3.60719553e-10 -2.95063808e-13  3.11576479e-11 -6.27554095e-01 -3.40365013e-03  1.08580910e-02  7.00927985e-05 -3.88584344e-04 -2.90089369e-06 
 5.29053997e+02  1.10016773e-09 -2.08224098e-07 -1.63607773e-10  2.54571789e-08  2.60349895e-12 -3.57906813e-10 -2.91389452e-13  3.08374677e-11 -6.24917102e-01 -3.37962431e-03  1.07867987e-02  6.94511553e-05 -3.85034206e-04 -2.86726034e-06 
 5.29663444e+02  1.09401485e-09 -2.07649055e-07 -1.62305029e-10  2.53202233e-08  2.57689912e-12 -3.55119016e-10 -2.87764905e-13  3.05208516e-11 -6.22296199e-01 -3.35582052e-03  1.07160627e-02  6.88164174e-05 -3.81519927e-04 -2.83405971e-06 
 5.30273593e+02  1.08791260e-09 -2.07077099e-07 -1.61015044e-10  2.51842084e-08  2.55060830e-12 -3.52355904e-10 -2.84189423e-13  3.02077559e-11 -6.19691244e-01 -3.33223615e-03  1.06458776e-02  6.81884962e-05 -3.78041098e-04 -2.80128552e-06 
 5.30884444e+02  1.08186039e-09 -2.06508203e-07 -1.59737665e-10  2.50491256e-08  2.52462233e-12 -3.49617221e-10 -2.80662271e-13  2.98981374e-11 -6.17102100e-01 -3.30886858e-03  1.05762382e-02  6.75673047e-05 -3.74597313e-04 -2.76893161e-06 
 5.31496000e+02  1.07585769e-09 -2.05942342e-07 -1.58472738e-10  2.49149668e-08  2.49893714e-12 -3.46902714e-10 -2.77182728e-13  2.95919533e-11 -6.14528631e-01 -3.28571528e-03  1.05071393e-02  6.69527570e-05 -3.71188173e-04 -2.73699192e-06 
 5.32108259e+02  1.06990392e-09 -2.05379488e-07 -1.57220114e-10  2.47817235e-08  2.47354870e-12 -3.44212133e-10 -2.73750085e-13  2.92891618e-11 -6.11970699e-01 -3.26277372e-03  1.04385757e-02  6.63447686e-05 -3.67813286e-04 -2.70546049e-06 
 5.32721224e+02  1.06399856e-09 -2.04819618e-07 -1.55979645e-10  2.46493875e-08  2.44845306e-12 -3.41545231e-10 -2.70363644e-13  2.89897212e-11 -6.09428173e-01 -3.24004143e-03  1.03705423e-02  6.57432563e-05 -3.64472262e-04 -2.67433145e-06 
 5.33334895e+02  1.05814105e-09 -2.04262706e-07 -1.54751186e-10  2.45179508e-08  2.42364633e-12 -3.38901766e-10 -2.67022720e-13  2.86935909e-11 -6.06900919e-01 -3.21751597e-03  1.03030341e-02  6.51481379e-05 -3.61164719e-04 -2.64359903e-06 
 5.33949274e+02  1.05233089e-09 -2.03708726e-07 -1.53534592e-10  2.43874055e-08  2.39912465e-12 -3.36281496e-10 -2.63726637e-13  2.84007303e-11 -6.04388807e-01 -3.19519491e-03  1.02360462e-02  6.45593328e-05 -3.57890276e-04 -2.61325755e-06 
 5.34564359e+02  1.04656754e-09 -2.03157655e-07 -1.52329724e-10  2.42577434e-08  2.37488426e-12 -3.33684183e-10 -2.60474733e-13  2.81110999e-11 -6.01891708e-01 -3.17307590e-03  1.01695736e-02  6.39767614e-05 -3.54648561e-04 -2.58330144e-06 
 5.35180154e+02  1.04085049e-09 -2.02609467e-07 -1.51136440e-10  2.41289570e-08  2.35092144e-12 -3.31109594e-10 -2.57266355e-13  2.78246602e-11 -5.99409494e-01 -3.15115659e-03  1.01036115e-02  6.34003453e-05 -3.51439205e-04 -2.55372518e-06 
 5.35796658e+02  1.03517923e-09 -2.02064140e-07 -1.49954605e-10  2.40010383e-08  2.32723252e-12 -3.28557495e-10 -2.54100861e-13  2.75413727e-11 -5.96942039e-01 -3.12943468e-03  1.00381550e-02  6.28300074e-05 -3.48261843e-04 -2.52452339e-06 
 5.36413871e+02  1.02955327e-09 -2.01521648e-07 -1.48784082e-10  2.38739799e-08  2.30381391e-12 -3.26027658e-10 -2.50977620e-13  2.72611992e-11 -5.94489217e-01 -3.10790788e-03  9.97319942e-03  6.22656715e-05 -3.45116117e-04 -2.49569074e-06 
 5.37031796e+02  1.02397211e-09 -2.00981969e-07 -1.47624739e-10  2.37477740e-08  2.28066204e-12 -3.23519857e-10 -2.47896012e-13  2.69841020e-11 -5.92050905e-01 -3.08657397e-03  9.90874010e-03  6.17072627e-05 -3.42001672e-04 -2.46722200e-06 
 5.37650433e+02  1.01843527e-09 -2.00445080e-07 -1.46476443e-10  2.36224133e-08  2.25777342e-12 -3.21033867e-10 -2.44855425e-13  2.67100439e-11 -5.89626981e-01 -3.06543072e-03  9.84477238e-03  6.11547072e-05 -3.38918157e-04 -2.43911202e-06 
 5.38269783e+02  1.01294227e-09 -1.99910956e-07 -1.45339065e-10  2.34978904e-08  2.23514460e-12 -3.18569469e-10 -2.41855259e-13  2.64389884e-11 -5.87217325e-01 -3.04447597e-03  9.78129169e-03  6.06079324e-05 -3.35865227e-04 -2.41135573e-06 
 5.38889845e+02  1.00749263e-09 -1.99379577e-07 -1.44212478e-10  2.33741980e-08  2.21277221e-12 -3.16126443e-10 -2.38894923e-13  2.61708993e-11 -5.84821817e-01 -3.02370756e-03  9.71829349e-03  6.00668664e-05 -3.32842541e-04 -2.38394815e-06 
 5.39510623e+02  1.00208589e-09 -1.98850918e-07 -1.43096554e-10  2.32513288e-08  2.19065288e-12 -3.13704574e-10 -2.35973835e-13  2.59057409e-11 -5.82440338e-01 -3.00312338e-03  9.65577332e-03  5.95314387e-05 -3.29849761e-04 -2.35688437e-06 
 5.40132115e+02  9.96721590e-10 -1.98324958e-07 -1.41991171e-10  2.31292757e-08  2.16878335e-12 -3.11303649e-10 -2.33091424e-13  2.56434780e-11 -5.80072773e-01 -2.98272134e-03  9.59372673e-03  5.90015797e-05 -3.26886556e-04 -2.33015956e-06 
 5.40754323e+02  9.91399275e-10 -1.97801675e-07 -1.40896206e-10  2.30080317e-08  2.14716035e-12 -3.08923458e-10 -2.30247128e-13  2.53840759e-11 -5.77719005e-01 -2.96249938e-03  9.53214938e-03  5.84772208e-05 -3.23952596e-04 -2.30376898e-06 
 5.41377248e+02  9.86118498e-10 -1.97281047e-07 -1.39811538e-10  2.28875897e-08  2.12578071e-12 -3.06563792e-10 -2.27440392e-13  2.51275005e-11 -5.75378920e-01 -2.94245546e-03  9.47103692e-03  5.79582946e-05 -3.21047558e-04 -2.27770794e-06 
 5.42000890e+02  9.80878817e-10 -1.96763053e-07 -1.38737047e-10  2.27679429e-08  2.10464127e-12 -3.04224445e-10 -2.24670672e-13  2.48737178e-11 -5.73052406e-01 -2.92258760e-03  9.41038508e-03  5.74447344e-05 -3.18171122e-04 -2.25197183e-06 
 5.42625251e+02  9.75679797e-10 -1.96247671e-07 -1.37672618e-10  2.26490844e-08  2.08373894e-12 -3.01905215e-10 -2.21937433e-13  2.46226946e-11 -5.70739351e-01 -2.90289381e-03  9.35018964e-03  5.69364745e-05 -3.15322971e-04 -2.22655615e-06 
 5.43250331e+02  9.70521009e-10 -1.95734880e-07 -1.36618133e-10  2.25310076e-08  2.06307068e-12 -2.99605902e-10 -2.19240146e-13  2.43743979e-11 -5.68439644e-01 -2.88337214e-03  9.29044642e-03  5.64334504e-05 -3.12502794e-04 -2.20145641e-06 
 5.43876132e+02  9.65402028e-10 -1.95224659e-07 -1.35573479e-10  2.24137056e-08  2.04263346e-12 -2.97326306e-10 -2.16578294e-13  2.41287954e-11 -5.66153175e-01 -2.86402069e-03  9.23115129e-03  5.59355982e-05 -3.09710281e-04 -2.17666824e-06 
 5.44502653e+02  9.60322436e-10 -1.94716988e-07 -1.34538543e-10  2.22971719e-08  2.02242434e-12 -2.95066231e-10 -2.13951366e-13  2.38858549e-11 -5.63879838e-01 -2.84483755e-03  9.17230016e-03  5.54428552e-05 -3.06945130e-04 -2.15218731e-06 
 5.45129896e+02  9.55281820e-10 -1.94211847e-07 -1.33513215e-10  2.21813999e-08  2.00244039e-12 -2.92825484e-10 -2.11358860e-13  2.36455449e-11 -5.61619524e-01 -2.82582085e-03  9.11388899e-03  5.49551594e-05 -3.04207040e-04 -2.12800938e-06 
 5.45757861e+02  9.50279774e-10 -1.93709215e-07 -1.32497385e-10  2.20663833e-08  1.98267874e-12 -2.90603874e-10 -2.08800280e-13  2.34078343e-11 -5.59372129e-01 -2.80696876e-03  9.05591378e-03  5.44724498e-05 -3.01495714e-04 -2.10413025e-06 
 5.46386550e+02  9.45315894e-10 -1.93209073e-07 -1.31490945e-10  2.19521155e-08  1.96313656e-12 -2.88401211e-10 -2.06275142e-13  2.31726921e-11 -5.57137547e-01 -2.78827945e-03  8.99837060e-03  5.39946663e-05 -2.98810859e-04 -2.08054580e-06 
 5.47015963e+02  9.40389785e-10 -1.92711400e-07 -1.30493788e-10  2.18385904e-08  1.94381106e-12 -2.86217308e-10 -2.03782967e-13  2.29400881e-11 -5.54915674e-01 -2.76975114e-03  8.94125553e-03  5.35217495e-05 -2.96152185e-04 -2.05725198e-06 
 5.47646101e+02  9.35501055e-10 -1.92216177e-07 -1.29505810e-10  2.17258016e-08  1.92469949e-12 -2.84051980e-10 -2.01323282e-13  2.27099923e-11 -5.52706409e-01 -2.75138206e-03  8.88456471e-03  5.30536410e-05 -2.93519408e-04 -2.03424480e-06 
 5.48276965e+02  9.30649319e-10 -1.91723385e-07 -1.28526908e-10  2.16137429e-08  1.90579914e-12 -2.81905045e-10 -1.98895625e-13  2.24823750e-11 -5.50509651e-01 -2.73317046e-03  8.82829432e-03  5.25902831e-05 -2.90912245e-04 -2.01152031e-06 
 5.48908556e+02  9.25834194e-10 -1.91233004e-07 -1.27556978e-10  2.15024082e-08  1.88710734e-12 -2.79776322e-10 -1.96499540e-13  2.22572073e-11 -5.48325298e-01 -2.71511462e-03  8.77244058e-03  5.21316190e-05 -2.88330416e-04 -1.98907465e-06 
 5.49540874e+02  9.21055304e-10 -1.90745017e-07 -1.26595921e-10  2.13917915e-08  1.86862146e-12 -2.77665633e-10 -1.94134576e-13  2.20344601e-11 -5.46153252e-01 -2.69721284e-03  8.71699976e-03  5.16775928e-05 -2.85773648e-04 -1.96690402e-06 
 5.50173921e+02  9.16312279e-10 -1.90259404e-07 -1.25643636e-10  2.12818868e-08  1.85033890e-12 -2.75572801e-10 -1.91800293e-13  2.18141052e-11 -5.43993415e-01 -2.67946345e-03  8.66196816e-03  5.12281491e-05 -2.83241669e-04 -1.94500464e-06 
 5.50807696e+02  9.11604752e-10 -1.89776146e-07 -1.24700027e-10  2.11726882e-08  1.83225712e-12 -2.73497652e-10 -1.89496255e-13  2.15961144e-11 -5.41845689e-01 -2.66186481e-03  8.60734214e-03  5.07832335e-05 -2.80734209e-04 -1.92337283e-06 
 5.51442202e+02  9.06932360e-10 -1.89295225e-07 -1.23764996e-10  2.10641897e-08  1.81437359e-12 -2.71440014e-10 -1.87222034e-13  2.13804600e-11 -5.39709979e-01 -2.64441527e-03  8.55311807e-03  5.03427923e-05 -2.78251004e-04 -1.90200496e-06 
 5.52077439e+02  9.02294748e-10 -1.88816624e-07 -1.22838448e-10  2.09563856e-08  1.79668584e-12 -2.69399715e-10 -1.84977208e-13  2.11671148e-11 -5.37586189e-01 -2.62711322e-03  8.49929238e-03  4.99067727e-05 -2.75791792e-04 -1.88089742e-06 
 5.52713408e+02  8.97691561e-10 -1.88340324e-07 -1.21920289e-10  2.08492702e-08  1.77919141e-12 -2.67376588e-10 -1.82761363e-13  2.09560517e-11 -5.35474225e-01 -2.60995709e-03  8.44586153e-03  4.94751223e-05 -2.73356314e-04 -1.86004671e-06 
 5.53350109e+02  8.93122453e-10 -1.87866308e-07 -1.21010425e-10  2.07428377e-08  1.76188790e-12 -2.65370466e-10 -1.80574090e-13  2.07472441e-11 -5.33373995e-01 -2.59294531e-03  8.39282203e-03  4.90477897e-05 -2.70944315e-04 -1.83944933e-06 
 5.53987544e+02  8.88587080e-10 -1.87394558e-07 -1.20108766e-10  2.06370826e-08  1.74477293e-12 -2.63381185e-10 -1.78414986e-13  2.05406658e-11 -5.31285406e-01 -2.57607632e-03  8.34017042e-03  4.86247241e-05 -2.68555542e-04 -1.81910188e-06 
 5.54625713e+02  8.84085103e-10 -1.86925056e-07 -1.19215222e-10  2.05319993e-08  1.72784415e-12 -2.61408581e-10 -1.76283656e-13  2.03362907e-11 -5.29208368e-01 -2.55934861e-03  8.28790328e-03  4.82058756e-05 -2.66189746e-04 -1.79900097e-06 
 5.55264617e+02  8.79616186e-10 -1.86457786e-07 -1.18329702e-10  2.04275823e-08  1.71109927e-12 -2.59452495e-10 -1.74179711e-13  2.01340934e-11 -5.27142789e-01 -2.54276068e-03  8.23601722e-03  4.77911946e-05 -2.63846681e-04 -1.77914329e-06 
 5.55904257e+02  8.75180000e-10 -1.85992730e-07 -1.17452119e-10  2.03238261e-08  1.69453601e-12 -2.57512765e-10 -1.72102765e-13  1.99340484e-11 -5.25088580e-01 -2.52631102e-03  8.18450890e-03  4.73806326e-05 -2.61526103e-04 -1.75952557e-06 
 5.56544634e+02  8.70776217e-10 -1.85529872e-07 -1.16582386e-10  2.02207254e-08  1.67815211e-12 -2.55589237e-10 -1.70052443e-13  1.97361309e-11 -5.23045654e-01 -2.50999819e-03  8.13337499e-03  4.69741415e-05 -2.59227773e-04 -1.74014460e-06 
 5.57185749e+02  8.66404516e-10 -1.85069195e-07 -1.15720417e-10  2.01182748e-08  1.66194538e-12 -2.53681753e-10 -1.68028371e-13  1.95403162e-11 -5.21013923e-01 -2.49382073e-03  8.08261223e-03  4.65716739e-05 -2.56951453e-04 -1.72099719e-06 
 5.57827602e+02  8.62064579e-10 -1.84610682e-07 -1.14866128e-10  2.00164691e-08  1.64591362e-12 -2.51790160e-10 -1.66030184e-13  1.93465800e-11 -5.18993301e-01 -2.47777721e-03  8.03221737e-03  4.61731832e-05 -2.54696907e-04 -1.70208022e-06 
 5.58470195e+02  8.57756090e-10 -1.84154318e-07 -1.14019436e-10  1.99153030e-08  1.63005470e-12 -2.49914307e-10 -1.64057521e-13  1.91548984e-11 -5.16983701e-01 -2.46186623e-03  7.98218720e-03  4.57786232e-05 -2.52463906e-04 -1.68339063e-06 
 5.59113528e+02  8.53478741e-10 -1.83700085e-07 -1.13180258e-10  1.98147714e-08  1.61436648e-12 -2.48054042e-10 -1.62110027e-13  1.89652475e-11 -5.14985038e-01 -2.44608639e-03  7.93251856e-03  4.53879485e-05 -2.50252219e-04 -1.66492537e-06 
 5.59757601e+02  8.49232223e-10 -1.83247969e-07 -1.12348512e-10  1.97148692e-08  1.59884689e-12 -2.46209217e-10 -1.60187352e-13  1.87776040e-11 -5.12997230e-01 -2.43043633e-03  7.88320830e-03  4.50011142e-05 -2.48061620e-04 -1.64668146e-06 
 5.60402417e+02  8.45016236e-10 -1.82797953e-07 -1.11524120e-10  1.96155912e-08  1.58349386e-12 -2.44379685e-10 -1.58289152e-13  1.85919448e-11 -5.11020193e-01 -2.41491468e-03  7.83425331e-03  4.46180763e-05 -2.45891887e-04 -1.62865596e-06 
 5.61047976e+02  8.40830479e-10 -1.82350021e-07 -1.10707001e-10  1.95169325e-08  1.56830537e-12 -2.42565302e-10 -1.56415089e-13  1.84082471e-11 -5.09053845e-01 -2.39952010e-03  7.78565052e-03  4.42387909e-05 -2.43742798e-04 -1.61084597e-06 
 5.61694278e+02  8.36674659e-10 -1.81904158e-07 -1.09897077e-10  1.94188882e-08  1.55327940e-12 -2.40765922e-10 -1.54564827e-13  1.82264884e-11 -5.07098104e-01 -2.38425129e-03  7.73739690e-03  4.38632152e-05 -2.41614135e-04 -1.59324864e-06 
 5.62341325e+02  8.32548482e-10 -1.81460349e-07 -1.09094271e-10  1.93214533e-08  1.53841398e-12 -2.38981404e-10 -1.52738040e-13  1.80466464e-11 -5.05152890e-01 -2.36910692e-03  7.68948943e-03  4.34913066e-05 -2.39505683e-04 -1.57586116e-06 
 5.62989117e+02  8.28451663e-10 -1.81018578e-07 -1.08298508e-10  1.92246230e-08  1.52370718e-12 -2.37211607e-10 -1.50934402e-13  1.78686993e-11 -5.03218123e-01 -2.35408573e-03  7.64192513e-03  4.31230232e-05 -2.37417229e-04 -1.55868075e-06 
 5.63637656e+02  8.24383915e-10 -1.80578831e-07 -1.07509711e-10  1.91283924e-08  1.50915706e-12 -2.35456393e-10 -1.49153595e-13  1.76926252e-11 -5.01293724e-01 -2.33918642e-03  7.59470107e-03  4.27583237e-05 -2.35348562e-04 -1.54170468e-06 
 5.64286941e+02  8.20344959e-10 -1.80141093e-07 -1.06727808e-10  1.90327568e-08  1.49476173e-12 -2.33715623e-10 -1.47395305e-13  1.75184029e-11 -4.99379615e-01 -2.32440776e-03  7.54781431e-03  4.23971674e-05 -2.33299474e-04 -1.52493028e-06 
 5.64936975e+02  8.16334516e-10 -1.79705348e-07 -1.05952724e-10  1.89377115e-08  1.48051933e-12 -2.31989163e-10 -1.45659223e-13  1.73460112e-11 -4.97475719e-01 -2.30974850e-03  7.50126199e-03  4.20395141e-05 -2.31269760e-04 -1.50835487e-06 
 5.65587757e+02  8.12352314e-10 -1.79271582e-07 -1.05184387e-10  1.88432518e-08  1.46642802e-12 -2.30276876e-10 -1.43945044e-13  1.71754292e-11 -4.95581959e-01 -2.29520741e-03  7.45504123e-03  4.16853239e-05 -2.29259217e-04 -1.49197587e-06 
 5.66239289e+02  8.08398080e-10 -1.78839781e-07 -1.04422726e-10  1.87493732e-08  1.45248597e-12 -2.28578631e-10 -1.42252468e-13  1.70066364e-11 -4.93698259e-01 -2.28078330e-03  7.40914923e-03  4.13345579e-05 -2.27267645e-04 -1.47579068e-06 
 5.66891572e+02  8.04471548e-10 -1.78409930e-07 -1.03667671e-10  1.86560710e-08  1.43869140e-12 -2.26894296e-10 -1.40581200e-13  1.68396123e-11 -4.91824544e-01 -2.26647496e-03  7.36358317e-03  4.09871772e-05 -2.25294845e-04 -1.45979679e-06 
 5.67544605e+02  8.00572454e-10 -1.77982016e-07 -1.02919152e-10  1.85633407e-08  1.42504255e-12 -2.25223741e-10 -1.38930949e-13  1.66743370e-11 -4.89960740e-01 -2.25228122e-03  7.31834031e-03  4.06431439e-05 -2.23340620e-04 -1.44399168e-06 
 5.68198392e+02  7.96700537e-10 -1.77556024e-07 -1.02177101e-10  1.84711778e-08  1.41153766e-12 -2.23566836e-10 -1.37301427e-13  1.65107905e-11 -4.88106773e-01 -2.23820092e-03  7.27341789e-03  4.03024202e-05 -2.21404779e-04 -1.42837290e-06 
 5.68852931e+02  7.92855538e-10 -1.77131940e-07 -1.01441449e-10  1.83795780e-08  1.39817502e-12 -2.21923455e-10 -1.35692353e-13  1.63489534e-11 -4.86262570e-01 -2.22423290e-03  7.22881320e-03  3.99649690e-05 -2.19487128e-04 -1.41293802e-06 
 5.69508224e+02  7.89037203e-10 -1.76709751e-07 -1.00712129e-10  1.82885367e-08  1.38495294e-12 -2.20293473e-10 -1.34103449e-13  1.61888061e-11 -4.84428060e-01 -2.21037604e-03  7.18452357e-03  3.96307537e-05 -2.17587480e-04 -1.39768465e-06 
 5.70164272e+02  7.85245281e-10 -1.76289443e-07 -9.99890760e-11  1.81980498e-08  1.37186974e-12 -2.18676763e-10 -1.32534440e-13  1.60303297e-11 -4.82603170e-01 -2.19662921e-03  7.14054633e-03  3.92997381e-05 -2.15705647e-04 -1.38261044e-06 
 5.70821076e+02  7.81479523e-10 -1.75871002e-07 -9.92722242e-11  1.81081128e-08  1.35892378e-12 -2.17073204e-10 -1.30985056e-13  1.58735053e-11 -4.80787830e-01 -2.18299131e-03  7.09687887e-03  3.89718865e-05 -2.13841445e-04 -1.36771307e-06 
 5.71478637e+02  7.77739682e-10 -1.75454415e-07 -9.85615092e-11  1.80187215e-08  1.34611342e-12 -2.15482672e-10 -1.29455033e-13  1.57183141e-11 -4.78981969e-01 -2.16946124e-03  7.05351858e-03  3.86471637e-05 -2.11994691e-04 -1.35299024e-06 
 5.72136955e+02  7.74025517e-10 -1.75039669e-07 -9.78568674e-11  1.79298716e-08  1.33343707e-12 -2.13905049e-10 -1.27944106e-13  1.55647380e-11 -4.77185520e-01 -2.15603793e-03  7.01046288e-03  3.83255349e-05 -2.10165204e-04 -1.33843970e-06 
 5.72796031e+02  7.70336787e-10 -1.74626751e-07 -9.71582359e-11  1.78415591e-08  1.32089313e-12 -2.12340214e-10 -1.26452019e-13  1.54127586e-11 -4.75398411e-01 -2.14272031e-03  6.96770922e-03  3.80069659e-05 -2.08352806e-04 -1.32405923e-06 
 5.73455867e+02  7.66673256e-10 -1.74215647e-07 -9.64655526e-11  1.77537798e-08  1.30848005e-12 -2.10788049e-10 -1.24978518e-13  1.52623580e-11 -4.73620577e-01 -2.12950732e-03  6.92525509e-03  3.76914226e-05 -2.06557322e-04 -1.30984663e-06 
 5.74116462e+02  7.63034689e-10 -1.73806346e-07 -9.57787562e-11  1.76665295e-08  1.29619629e-12 -2.09248438e-10 -1.23523351e-13  1.51135185e-11 -4.71851948e-01 -2.11639793e-03  6.88309799e-03  3.73788718e-05 -2.04778576e-04 -1.29579975e-06 
 5.74777819e+02  7.59420854e-10 -1.73398834e-07 -9.50977863e-11  1.75798042e-08  1.28404033e-12 -2.07721265e-10 -1.22086272e-13  1.49662225e-11 -4.70092459e-01 -2.10339111e-03  6.84123545e-03  3.70692804e-05 -2.03016398e-04 -1.28191646e-06 
 5.75439937e+02  7.55831523e-10 -1.72993098e-07 -9.44225830e-11  1.74935999e-08  1.27201066e-12 -2.06206417e-10 -1.20667038e-13  1.48204529e-11 -4.68342044e-01 -2.09048585e-03  6.79966501e-03  3.67626157e-05 -2.01270615e-04 -1.26819467e-06 
 5.76102819e+02  7.52266470e-10 -1.72589126e-07 -9.37530873e-11  1.74079127e-08  1.26010581e-12 -2.04703779e-10 -1.19265409e-13  1.46761925e-11 -4.66600636e-01 -2.07768113e-03  6.75838425e-03  3.64588458e-05 -1.99541061e-04 -1.25463229e-06 
 5.76766463e+02  7.48725471e-10 -1.72186907e-07 -9.30892408e-11  1.73227385e-08  1.24832432e-12 -2.03213241e-10 -1.17881149e-13  1.45334244e-11 -4.64868171e-01 -2.06497598e-03  6.71739079e-03  3.61579388e-05 -1.97827569e-04 -1.24122730e-06 
 5.77430873e+02  7.45208306e-10 -1.71786426e-07 -9.24309860e-11  1.72380735e-08  1.23666474e-12 -2.01734691e-10 -1.16514026e-13  1.43921319e-11 -4.63144586e-01 -2.05236942e-03  6.67668224e-03  3.58598633e-05 -1.96129974e-04 -1.22797769e-06 
 5.78096047e+02  7.41714756e-10 -1.71387673e-07 -9.17782659e-11  1.71539139e-08  1.22512566e-12 -2.00268021e-10 -1.15163810e-13  1.42522987e-11 -4.61429815e-01 -2.03986047e-03  6.63625625e-03  3.55645885e-05 -1.94448115e-04 -1.21488147e-06 
 5.78761988e+02  7.38244606e-10 -1.70990636e-07 -9.11310244e-11  1.70702557e-08  1.21370567e-12 -1.98813121e-10 -1.13830275e-13  1.41139085e-11 -4.59723796e-01 -2.02744818e-03  6.59611050e-03  3.52720838e-05 -1.92781830e-04 -1.20193669e-06 
 5.79428696e+02  7.34797642e-10 -1.70595302e-07 -9.04892059e-11  1.69870952e-08  1.20240339e-12 -1.97369886e-10 -1.12513199e-13  1.39769451e-11 -4.58026467e-01 -2.01513162e-03  6.55624268e-03  3.49823191e-05 -1.91130960e-04 -1.18914142e-06 
 5.80096173e+02  7.31373654e-10 -1.70201659e-07 -8.98527556e-11  1.69044287e-08  1.19121746e-12 -1.95938208e-10 -1.11212363e-13  1.38413928e-11 -4.56337766e-01 -2.00290984e-03  6.51665051e-03  3.46952646e-05 -1.89495349e-04 -1.17649377e-06 
 5.80764418e+02  7.27972432e-10 -1.69809697e-07 -8.92216193e-11  1.68222524e-08  1.18014652e-12 -1.94517983e-10 -1.09927550e-13  1.37072358e-11 -4.54657632e-01 -1.99078193e-03  6.47733174e-03  3.44108908e-05 -1.87874842e-04 -1.16399187e-06 
 5.81433432e+02  7.24593773e-10 -1.69419403e-07 -8.85957435e-11  1.67405626e-08  1.16918925e-12 -1.93109106e-10 -1.08658548e-13  1.35744588e-11 -4.52986004e-01 -1.97874698e-03  6.43828413e-03  3.41291688e-05 -1.86269284e-04 -1.15163387e-06 
 5.82103218e+02  7.21237471e-10 -1.69030766e-07 -8.79750753e-11  1.66593558e-08  1.15834433e-12 -1.91711477e-10 -1.07405146e-13  1.34430463e-11 -4.51322821e-01 -1.96680408e-03  6.39950546e-03  3.38500700e-05 -1.84678525e-04 -1.13941795e-06 
 5.82773775e+02  7.17903325e-10 -1.68643774e-07 -8.73595625e-11  1.65786282e-08  1.14761047e-12 -1.90324992e-10 -1.06167138e-13  1.33129833e-11 -4.49668025e-01 -1.95495236e-03  6.36099354e-03  3.35735659e-05 -1.83102414e-04 -1.12734232e-06 
 5.83445104e+02  7.14591137e-10 -1.68258417e-07 -8.67491535e-11  1.64983764e-08  1.13698639e-12 -1.88949551e-10 -1.04944320e-13  1.31842548e-11 -4.48021556e-01 -1.94319092e-03  6.32274621e-03  3.32996288e-05 -1.81540804e-04 -1.11540521e-06 
 5.84117207e+02  7.11300710e-10 -1.67874684e-07 -8.61437973e-11  1.64185967e-08  1.12647084e-12 -1.87585054e-10 -1.03736491e-13  1.30568462e-11 -4.46383356e-01 -1.93151891e-03  6.28476131e-03  3.30282309e-05 -1.79993546e-04 -1.10360488e-06 
 5.84790084e+02  7.08031850e-10 -1.67492562e-07 -8.55434435e-11  1.63392856e-08  1.11606255e-12 -1.86231404e-10 -1.02543453e-13  1.29307428e-11 -4.44753368e-01 -1.91993547e-03  6.24703671e-03  3.27593451e-05 -1.78460498e-04 -1.09193960e-06 
 5.85463736e+02  7.04784364e-10 -1.67112041e-07 -8.49480424e-11  1.62604398e-08  1.10576032e-12 -1.84888503e-10 -1.01365010e-13  1.28059302e-11 -4.43131532e-01 -1.90843975e-03  6.20957031e-03  3.24929445e-05 -1.76941515e-04 -1.08040768e-06 
 5.86138165e+02  7.01558062e-10 -1.66733111e-07 -8.43575448e-11  1.61820556e-08  1.09556291e-12 -1.83556253e-10 -1.00200972e-13  1.26823943e-11 -4.41517794e-01 -1.89703091e-03  6.17236002e-03  3.22290025e-05 -1.75436455e-04 -1.06900745e-06 
 5.86813370e+02  6.98352756e-10 -1.66355761e-07 -8.37719020e-11  1.61041298e-08  1.08546915e-12 -1.82234561e-10 -9.90511465e-14  1.25601211e-11 -4.39912096e-01 -1.88570812e-03  6.13540378e-03  3.19674928e-05 -1.73945179e-04 -1.05773727e-06 
 5.87489353e+02  6.95168261e-10 -1.65979979e-07 -8.31910662e-11  1.60266590e-08  1.07547783e-12 -1.80923331e-10 -9.79153484e-14  1.24390965e-11 -4.38314383e-01 -1.87447057e-03  6.09869953e-03  3.17083895e-05 -1.72467548e-04 -1.04659550e-06 
 5.88166114e+02  6.92004392e-10 -1.65605756e-07 -8.26149897e-11  1.59496397e-08  1.06558781e-12 -1.79622469e-10 -9.67933930e-14  1.23193069e-11 -4.36724599e-01 -1.86331746e-03  6.06224526e-03  3.14516671e-05 -1.71003426e-04 -1.03558054e-06 
 5.88843655e+02  6.88860969e-10 -1.65233082e-07 -8.20436258e-11  1.58730687e-08  1.05579793e-12 -1.78331884e-10 -9.56850990e-14  1.22007388e-11 -4.35142690e-01 -1.85224797e-03  6.02603895e-03  3.11973004e-05 -1.69552676e-04 -1.02469081e-06 
 5.89521977e+02  6.85737811e-10 -1.64861944e-07 -8.14769281e-11  1.57969426e-08  1.04610704e-12 -1.77051484e-10 -9.45902871e-14  1.20833788e-11 -4.33568602e-01 -1.84126133e-03  5.99007862e-03  3.09452642e-05 -1.68115164e-04 -1.01392475e-06 
 5.90201080e+02  6.82634741e-10 -1.64492335e-07 -8.09148508e-11  1.57212583e-08  1.03651404e-12 -1.75781178e-10 -9.35087811e-14  1.19672137e-11 -4.32002280e-01 -1.83035674e-03  5.95436229e-03  3.06955340e-05 -1.66690760e-04 -1.00328083e-06 
 5.90880966e+02  6.79551584e-10 -1.64124242e-07 -8.03573488e-11  1.56460125e-08  1.02701781e-12 -1.74520876e-10 -9.24404071e-14  1.18522303e-11 -4.30443671e-01 -1.81953345e-03  5.91888803e-03  3.04480854e-05 -1.65279330e-04 -9.92757527e-07 
 5.91561634e+02  6.76488165e-10 -1.63757657e-07 -7.98043772e-11  1.55712020e-08  1.01761726e-12 -1.73270489e-10 -9.13849936e-14  1.17384158e-11 -4.28892723e-01 -1.80879068e-03  5.88365389e-03  3.02028945e-05 -1.63880747e-04 -9.82353344e-07 
 5.92243087e+02  6.73444313e-10 -1.63392568e-07 -7.92558918e-11  1.54968237e-08  1.00831130e-12 -1.72029931e-10 -9.03423715e-14  1.16257575e-11 -4.27349383e-01 -1.79812768e-03  5.84865797e-03  2.99599373e-05 -1.62494881e-04 -9.72066808e-07 
 5.92925325e+02  6.70419857e-10 -1.63028968e-07 -7.87118491e-11  1.54228743e-08  9.99098888e-13 -1.70799113e-10 -8.93123744e-14  1.15142426e-11 -4.25813600e-01 -1.78754372e-03  5.81389837e-03  2.97191905e-05 -1.61121607e-04 -9.61896464e-07 
 5.93608348e+02  6.67414631e-10 -1.62666844e-07 -7.81722058e-11  1.53493508e-08  9.89978956e-13 -1.69577950e-10 -8.82948379e-14  1.14038589e-11 -4.24285322e-01 -1.77703804e-03  5.77937322e-03  2.94806309e-05 -1.59760799e-04 -9.51840877e-07 
 5.94292159e+02  6.64428468e-10 -1.62306189e-07 -7.76369193e-11  1.52762501e-08  9.80950469e-13 -1.68366356e-10 -8.72896002e-14  1.12945939e-11 -4.22764498e-01 -1.76660993e-03  5.74508065e-03  2.92442356e-05 -1.58412334e-04 -9.41898630e-07 
 5.94976757e+02  6.61461203e-10 -1.61946991e-07 -7.71059474e-11  1.52035692e-08  9.72012402e-13 -1.67164247e-10 -8.62965015e-14  1.11864355e-11 -4.21251077e-01 -1.75625867e-03  5.71101883e-03  2.90099819e-05 -1.57076088e-04 -9.32068329e-07 
 5.95662144e+02  6.58512674e-10 -1.61589243e-07 -7.65792483e-11  1.51313050e-08  9.63163743e-13 -1.65971540e-10 -8.53153846e-14  1.10793717e-11 -4.19745010e-01 -1.74598353e-03  5.67718594e-03  2.87778476e-05 -1.55751941e-04 -9.22348595e-07 
 5.96348320e+02  6.55582720e-10 -1.61232933e-07 -7.60567811e-11  1.50594545e-08  9.54403493e-13 -1.64788151e-10 -8.43460943e-14  1.09733905e-11 -4.18246248e-01 -1.73578383e-03  5.64358017e-03  2.85478105e-05 -1.54439773e-04 -9.12738071e-07 
 5.97035287e+02  6.52671182e-10 -1.60878054e-07 -7.55385048e-11  1.49880147e-08  9.45730665e-13 -1.63614000e-10 -8.33884775e-14  1.08684804e-11 -4.16754740e-01 -1.72565886e-03  5.61019972e-03  2.83198489e-05 -1.53139466e-04 -9.03235416e-07 
 5.97723045e+02  6.49777903e-10 -1.60524594e-07 -7.50243792e-11  1.49169828e-08  9.37144285e-13 -1.62449005e-10 -8.24423834e-14  1.07646296e-11 -4.15270438e-01 -1.71560793e-03  5.57704284e-03  2.80939412e-05 -1.51850902e-04 -8.93839308e-07 
 5.98411595e+02  6.46902728e-10 -1.60172547e-07 -7.45143647e-11  1.48463558e-08  9.28643391e-13 -1.61293086e-10 -8.15076634e-14  1.06618268e-11 -4.13793295e-01 -1.70563037e-03  5.54410776e-03  2.78700661e-05 -1.50573966e-04 -8.84548443e-07 
 5.99100939e+02  6.44045502e-10 -1.59821901e-07 -7.40084217e-11  1.47761308e-08  9.20227032e-13 -1.60146163e-10 -8.05841707e-14  1.05600605e-11 -4.12323262e-01 -1.69572551e-03  5.51139274e-03  2.76482026e-05 -1.49308542e-04 -8.75361536e-07 
 5.99791076e+02  6.41206073e-10 -1.59472648e-07 -7.35065114e-11  1.47063049e-08  9.11894272e-13 -1.59008158e-10 -7.96717608e-14  1.04593196e-11 -4.10860291e-01 -1.68589267e-03  5.47889607e-03  2.74283299e-05 -1.48054519e-04 -8.66277316e-07 
 6.00482009e+02  6.38384291e-10 -1.59124780e-07 -7.30085955e-11  1.46368753e-08  9.03644184e-13 -1.57878993e-10 -7.87702911e-14  1.03595931e-11 -4.09404337e-01 -1.67613121e-03  5.44661603e-03  2.72104275e-05 -1.46811782e-04 -8.57294533e-07 
 6.01173737e+02  6.35580007e-10 -1.58778287e-07 -7.25146358e-11  1.45678393e-08  8.95475853e-13 -1.56758592e-10 -7.78796210e-14  1.02608699e-11 -4.07955351e-01 -1.66644046e-03  5.41455094e-03  2.69944751e-05 -1.45580223e-04 -8.48411950e-07 
 6.01866263e+02  6.32793073e-10 -1.58433160e-07 -7.20245948e-11  1.44991939e-08  8.87388376e-13 -1.55646877e-10 -7.69996119e-14  1.01631394e-11 -4.06513289e-01 -1.65681980e-03  5.38269913e-03  2.67804526e-05 -1.44359731e-04 -8.39628349e-07 
 6.02559586e+02  6.30023343e-10 -1.58089392e-07 -7.15384354e-11  1.44309364e-08  8.79380862e-13 -1.54543773e-10 -7.61301272e-14  1.00663908e-11 -4.05078104e-01 -1.64726858e-03  5.35105892e-03  2.65683404e-05 -1.43150197e-04 -8.30942529e-07 
 6.03253708e+02  6.27270674e-10 -1.57746972e-07 -7.10561208e-11  1.43630641e-08  8.71452429e-13 -1.53449207e-10 -7.52710319e-14  9.97061353e-12 -4.03649751e-01 -1.63778617e-03  5.31962869e-03  2.63581187e-05 -1.41951514e-04 -8.22353302e-07 
 6.03948629e+02  6.24534923e-10 -1.57405893e-07 -7.05776147e-11  1.42955744e-08  8.63602207e-13 -1.52363103e-10 -7.44221932e-14  9.87579723e-12 -4.02228186e-01 -1.62837196e-03  5.28840680e-03  2.61497683e-05 -1.40763577e-04 -8.13859499e-07 
 6.04644351e+02  6.21815948e-10 -1.57066146e-07 -7.01028813e-11  1.42284644e-08  8.55829338e-13 -1.51285388e-10 -7.35834801e-14  9.78193155e-12 -4.00813362e-01 -1.61902533e-03  5.25739164e-03  2.59432701e-05 -1.39586280e-04 -8.05459965e-07 
 6.05340875e+02  6.19113609e-10 -1.56727722e-07 -6.96318850e-11  1.41617315e-08  8.48132973e-13 -1.50215990e-10 -7.27547631e-14  9.68900633e-12 -3.99405237e-01 -1.60974567e-03  5.22658160e-03  2.57386052e-05 -1.38419519e-04 -7.97153561e-07 
 6.06038201e+02  6.16427770e-10 -1.56390614e-07 -6.91645907e-11  1.40953731e-08  8.40512274e-13 -1.49154838e-10 -7.19359150e-14  9.59701147e-12 -3.98003766e-01 -1.60053237e-03  5.19597512e-03  2.55357549e-05 -1.37263192e-04 -7.88939163e-07 
 6.06736330e+02  6.13758292e-10 -1.56054813e-07 -6.87009637e-11  1.40293865e-08  8.32966414e-13 -1.48101859e-10 -7.11268098e-14  9.50593704e-12 -3.96608907e-01 -1.59138486e-03  5.16557061e-03  2.53347008e-05 -1.36117197e-04 -7.80815661e-07 
 6.07435263e+02  6.11105041e-10 -1.55720310e-07 -6.82409698e-11  1.39637693e-08  8.25494575e-13 -1.47056983e-10 -7.03273237e-14  9.41577319e-12 -3.95220615e-01 -1.58230253e-03  5.13536653e-03  2.51354246e-05 -1.34981433e-04 -7.72781961e-07 
 6.08135001e+02  6.08467882e-10 -1.55387098e-07 -6.77845748e-11  1.38985187e-08  8.18095949e-13 -1.46020142e-10 -6.95373343e-14  9.32651021e-12 -3.93838849e-01 -1.57328481e-03  5.10536133e-03  2.49379084e-05 -1.33855802e-04 -7.64836983e-07 
 6.08835546e+02  6.05846683e-10 -1.55055168e-07 -6.73317455e-11  1.38336322e-08  8.10769740e-13 -1.44991265e-10 -6.87567210e-14  9.23813847e-12 -3.92463566e-01 -1.56433112e-03  5.07555349e-03  2.47421344e-05 -1.32740204e-04 -7.56979662e-07 
 6.09536897e+02  6.03241314e-10 -1.54724513e-07 -6.68824484e-11  1.37691074e-08  8.03515160e-13 -1.43970285e-10 -6.79853650e-14  9.15064849e-12 -3.91094723e-01 -1.55544089e-03  5.04594149e-03  2.45480850e-05 -1.31634543e-04 -7.49208945e-07 
 6.10239057e+02  6.00651644e-10 -1.54395125e-07 -6.64366508e-11  1.37049416e-08  7.96331430e-13 -1.42957134e-10 -6.72231488e-14  9.06403086e-12 -3.89732281e-01 -1.54661356e-03  5.01652384e-03  2.43557427e-05 -1.30538722e-04 -7.41523796e-07 
 6.10942025e+02  5.98077545e-10 -1.54066995e-07 -6.59943204e-11  1.36411324e-08  7.89217782e-13 -1.41951744e-10 -6.64699568e-14  8.97827632e-12 -3.88376196e-01 -1.53784857e-03  4.98729906e-03  2.41650905e-05 -1.29452646e-04 -7.33923189e-07 
 6.11645803e+02  5.95518890e-10 -1.53740116e-07 -6.55554248e-11  1.35776774e-08  7.82173457e-13 -1.40954050e-10 -6.57256749e-14  8.89337568e-12 -3.87026429e-01 -1.52914538e-03  4.95826566e-03  2.39761113e-05 -1.28376221e-04 -7.26406115e-07 
 6.12350392e+02  5.92975553e-10 -1.53414481e-07 -6.51199326e-11  1.35145741e-08  7.75197705e-13 -1.39963985e-10 -6.49901904e-14  8.80931987e-12 -3.85682939e-01 -1.52050343e-03  4.92942220e-03  2.37887884e-05 -1.27309353e-04 -7.18971577e-07 
 6.13055792e+02  5.90447410e-10 -1.53090080e-07 -6.46878121e-11  1.34518201e-08  7.68289785e-13 -1.38981485e-10 -6.42633923e-14  8.72609993e-12 -3.84345685e-01 -1.51192219e-03  4.90076723e-03  2.36031051e-05 -1.26251951e-04 -7.11618589e-07 
 6.13762005e+02  5.87934337e-10 -1.52766908e-07 -6.42590325e-11  1.33894130e-08  7.61448966e-13 -1.38006485e-10 -6.35451712e-14  8.64370699e-12 -3.83014628e-01 -1.50340113e-03  4.87229931e-03  2.34190451e-05 -1.25203923e-04 -7.04346180e-07 
 6.14469032e+02  5.85436214e-10 -1.52444956e-07 -6.38335629e-11  1.33273504e-08  7.54674525e-13 -1.37038921e-10 -6.28354190e-14  8.56213230e-12 -3.81689729e-01 -1.49493972e-03  4.84401704e-03  2.32365921e-05 -1.24165179e-04 -6.97153393e-07 
 6.15176873e+02  5.82952919e-10 -1.52124217e-07 -6.34113731e-11  1.32656299e-08  7.47965747e-13 -1.36078731e-10 -6.21340291e-14  8.48136720e-12 -3.80370947e-01 -1.48653743e-03  4.81591899e-03  2.30557302e-05 -1.23135629e-04 -6.90039280e-07 
 6.15885529e+02  5.80484332e-10 -1.51804683e-07 -6.29924329e-11  1.32042492e-08  7.41321927e-13 -1.35125851e-10 -6.14408964e-14  8.40140312e-12 -3.79058245e-01 -1.47819376e-03  4.78800379e-03  2.28764435e-05 -1.22115186e-04 -6.83002908e-07 
 6.16595002e+02  5.78030336e-10 -1.51486347e-07 -6.25767128e-11  1.31432060e-08  7.34742368e-13 -1.34180219e-10 -6.07559172e-14  8.32223160e-12 -3.77751584e-01 -1.46990818e-03  4.76027004e-03  2.26987163e-05 -1.21103762e-04 -6.76043356e-07 
 6.17305292e+02  5.75590814e-10 -1.51169203e-07 -6.21641832e-11  1.30824980e-08  7.28226381e-13 -1.33241775e-10 -6.00789893e-14  8.24384428e-12 -3.76450925e-01 -1.46168020e-03  4.73271639e-03  2.25225332e-05 -1.20101270e-04 -6.69159714e-07 
 6.18016400e+02  5.73165650e-10 -1.50853241e-07 -6.17548152e-11  1.30221229e-08  7.21773287e-13 -1.32310457e-10 -5.94100118e-14  8.16623287e-12 -3.75156230e-01 -1.45350931e-03  4.70534147e-03  2.23478789e-05 -1.19107625e-04 -6.62351083e-07 
 6.18728328e+02  5.70754729e-10 -1.50538456e-07 -6.13485799e-11  1.29620784e-08  7.15382412e-13 -1.31386205e-10 -5.87488850e-14  8.08938921e-12 -3.73867463e-01 -1.44539503e-03  4.67814394e-03  2.21747382e-05 -1.18122742e-04 -6.55616578e-07 
 6.19441075e+02  5.68357939e-10 -1.50224841e-07 -6.09454489e-11  1.29023623e-08  7.09053093e-13 -1.30468959e-10 -5.80955109e-14  8.01330521e-12 -3.72584585e-01 -1.43733686e-03  4.65112247e-03  2.20030961e-05 -1.17146538e-04 -6.48955325e-07 
 6.20154644e+02  5.65975166e-10 -1.49912387e-07 -6.05453942e-11  1.28429724e-08  7.02784673e-13 -1.29558662e-10 -5.74497925e-14  7.93797288e-12 -3.71307561e-01 -1.42933432e-03  4.62427574e-03  2.18329380e-05 -1.16178929e-04 -6.42366458e-07 
 6.20869034e+02  5.63606299e-10 -1.49601089e-07 -6.01483878e-11  1.27839065e-08  6.96576505e-13 -1.28655253e-10 -5.68116343e-14  7.86338431e-12 -3.70036352e-01 -1.42138692e-03  4.59760244e-03  2.16642492e-05 -1.15219834e-04 -6.35849128e-07 
 6.21584248e+02  5.61251230e-10 -1.49290939e-07 -5.97544023e-11  1.27251624e-08  6.90427947e-13 -1.27758675e-10 -5.61809420e-14  7.78953169e-12 -3.68770924e-01 -1.41349421e-03  4.57110127e-03  2.14970152e-05 -1.14269171e-04 -6.29402491e-07 
 6.22300285e+02  5.58909848e-10 -1.48981930e-07 -5.93634104e-11  1.26667379e-08  6.84338367e-13 -1.26868870e-10 -5.55576226e-14  7.71640731e-12 -3.67511239e-01 -1.40565569e-03  4.54477095e-03  2.13312218e-05 -1.13326860e-04 -6.23025718e-07 
 6.23017147e+02  5.56582046e-10 -1.48674056e-07 -5.89753851e-11  1.26086309e-08  6.78307139e-13 -1.25985783e-10 -5.49415843e-14  7.64400352e-12 -3.66257262e-01 -1.39787092e-03  4.51861021e-03  2.11668548e-05 -1.12392822e-04 -6.16717990e-07 
 6.23734835e+02  5.54267717e-10 -1.48367310e-07 -5.85902999e-11  1.25508392e-08  6.72333646e-13 -1.25109356e-10 -5.43327365e-14  7.57231278e-12 -3.65008958e-01 -1.39013944e-03  4.49261777e-03  2.10039003e-05 -1.11466978e-04 -6.10478496e-07 
 6.24453350e+02  5.51966756e-10 -1.48061685e-07 -5.82081282e-11  1.24933608e-08  6.66417277e-13 -1.24239534e-10 -5.37309900e-14  7.50132761e-12 -3.63766292e-01 -1.38246078e-03  4.46679240e-03  2.08423445e-05 -1.10549250e-04 -6.04306438e-07 
 6.25172693e+02  5.49679057e-10 -1.47757174e-07 -5.78288442e-11  1.24361935e-08  6.60557427e-13 -1.23376261e-10 -5.31362567e-14  7.43104064e-12 -3.62529228e-01 -1.37483451e-03  4.44113285e-03  2.06821736e-05 -1.09639561e-04 -5.98201027e-07 
 6.25892864e+02  5.47404518e-10 -1.47453772e-07 -5.74524218e-11  1.23793353e-08  6.54753502e-13 -1.22519483e-10 -5.25484495e-14  7.36144458e-12 -3.61297732e-01 -1.36726017e-03  4.41563788e-03  2.05233743e-05 -1.08737835e-04 -5.92161486e-07 
 6.26613865e+02  5.45143036e-10 -1.47151470e-07 -5.70788356e-11  1.23227840e-08  6.49004911e-13 -1.21669146e-10 -5.19674826e-14  7.29253220e-12 -3.60071769e-01 -1.35973732e-03  4.39030629e-03  2.03659332e-05 -1.07843997e-04 -5.86187044e-07 
 6.27335696e+02  5.42894509e-10 -1.46850263e-07 -5.67080604e-11  1.22665377e-08  6.43311072e-13 -1.20825196e-10 -5.13932715e-14  7.22429637e-12 -3.58851307e-01 -1.35226553e-03  4.36513686e-03  2.02098370e-05 -1.06957972e-04 -5.80276945e-07 
 6.28058359e+02  5.40658837e-10 -1.46550145e-07 -5.63400711e-11  1.22105944e-08  6.37671411e-13 -1.19987579e-10 -5.08257326e-14  7.15673004e-12 -3.57636310e-01 -1.34484437e-03  4.34012839e-03  2.00550727e-05 -1.06079686e-04 -5.74430438e-07 
 6.28781854e+02  5.38435920e-10 -1.46251108e-07 -5.59748430e-11  1.21549520e-08  6.32085358e-13 -1.19156244e-10 -5.02647834e-14  7.08982624e-12 -3.56426746e-01 -1.33747341e-03  4.31527971e-03  1.99016274e-05 -1.05209067e-04 -5.68646783e-07 
 6.29506183e+02  5.36225659e-10 -1.45953147e-07 -5.56123515e-11  1.20996085e-08  6.26552351e-13 -1.18331137e-10 -4.97103427e-14  7.02357807e-12 -3.55222581e-01 -1.33015223e-03  4.29058962e-03  1.97494884e-05 -1.04346041e-04 -5.62925252e-07 
 6.30231346e+02  5.34027958e-10 -1.45656256e-07 -5.52525726e-11  1.20445620e-08  6.21071834e-13 -1.17512208e-10 -4.91623302e-14  6.95797870e-12 -3.54023783e-01 -1.32288041e-03  4.26605697e-03  1.95986430e-05 -1.03490537e-04 -5.57265123e-07 
 6.30957344e+02  5.31842720e-10 -1.45360427e-07 -5.48954822e-11  1.19898105e-08  6.15643260e-13 -1.16699405e-10 -4.86206667e-14  6.89302140e-12 -3.52830318e-01 -1.31565754e-03  4.24168060e-03  1.94490787e-05 -1.02642485e-04 -5.51665684e-07 
 6.31684179e+02  5.29669848e-10 -1.45065655e-07 -5.45410566e-11  1.19353520e-08  6.10266085e-13 -1.15892677e-10 -4.80852740e-14  6.82869950e-12 -3.51642154e-01 -1.30848321e-03  4.21745936e-03  1.93007833e-05 -1.01801815e-04 -5.46126232e-07 
 6.32411851e+02  5.27509249e-10 -1.44771934e-07 -5.41892724e-11  1.18811846e-08  6.04939773e-13 -1.15091975e-10 -4.75560752e-14  6.76500640e-12 -3.50459260e-01 -1.30135700e-03  4.19339211e-03  1.91537445e-05 -1.00968456e-04 -5.40646075e-07 
 6.33140362e+02  5.25360828e-10 -1.44479258e-07 -5.38401062e-11  1.18273065e-08  5.99663795e-13 -1.14297247e-10 -4.70329940e-14  6.70193559e-12 -3.49281602e-01 -1.29427853e-03  4.16947773e-03  1.90079501e-05 -1.00142341e-04 -5.35224525e-07 
 6.33869711e+02  5.23224492e-10 -1.44187620e-07 -5.34935353e-11  1.17737157e-08  5.94437626e-13 -1.13508446e-10 -4.65159555e-14  6.63948062e-12 -3.48109150e-01 -1.28724739e-03  4.14571510e-03  1.88633884e-05 -9.93234009e-05 -5.29860908e-07 
 6.34599901e+02  5.21100150e-10 -1.43897015e-07 -5.31495367e-11  1.17204103e-08  5.89260748e-13 -1.12725522e-10 -4.60048855e-14  6.57763511e-12 -3.46941873e-01 -1.28026319e-03  4.12210312e-03  1.87200475e-05 -9.85115693e-05 -5.24554555e-07 
 6.35330932e+02  5.18987710e-10 -1.43607436e-07 -5.28080880e-11  1.16673885e-08  5.84132651e-13 -1.11948427e-10 -4.54997108e-14  6.51639276e-12 -3.45779738e-01 -1.27332555e-03  4.09864069e-03  1.85779156e-05 -9.77067793e-05 -5.19304807e-07 
 6.36062805e+02  5.16887082e-10 -1.43318878e-07 -5.24691670e-11  1.16146484e-08  5.79052828e-13 -1.11177112e-10 -4.50003595e-14  6.45574734e-12 -3.44622716e-01 -1.26643407e-03  4.07532671e-03  1.84369814e-05 -9.69089651e-05 -5.14111013e-07 
 6.36795521e+02  5.14798177e-10 -1.43031335e-07 -5.21327515e-11  1.15621882e-08  5.74020779e-13 -1.10411531e-10 -4.45067601e-14  6.39569267e-12 -3.43470775e-01 -1.25958838e-03  4.05216011e-03  1.82972332e-05 -9.61180616e-05 -5.08972528e-07 
 6.37529081e+02  5.12720907e-10 -1.42744802e-07 -5.17988199e-11  1.15100061e-08  5.69036010e-13 -1.09651636e-10 -4.40188425e-14  6.33622267e-12 -3.42323885e-01 -1.25278809e-03  4.02913982e-03  1.81586599e-05 -9.53340040e-05 -5.03888719e-07 
 6.38263486e+02  5.10655183e-10 -1.42459271e-07 -5.14673504e-11  1.14581002e-08  5.64098034e-13 -1.08897381e-10 -4.35365374e-14  6.27733130e-12 -3.41182016e-01 -1.24603284e-03  4.00626477e-03  1.80212503e-05 -9.45567287e-05 -4.98858959e-07 
 6.38998737e+02  5.08600919e-10 -1.42174738e-07 -5.11383217e-11  1.14064688e-08  5.59206366e-13 -1.08148720e-10 -4.30597761e-14  6.21901261e-12 -3.40045138e-01 -1.23932225e-03  3.98353392e-03  1.78849932e-05 -9.37861724e-05 -4.93882628e-07 
 6.39734835e+02  5.06558028e-10 -1.41891197e-07 -5.08117128e-11  1.13551101e-08  5.54360530e-13 -1.07405606e-10 -4.25884913e-14  6.16126069e-12 -3.38913222e-01 -1.23265596e-03  3.96094623e-03  1.77498779e-05 -9.30222725e-05 -4.88959114e-07 
 6.40471782e+02  5.04526427e-10 -1.41608643e-07 -5.04875025e-11  1.13040224e-08  5.49560053e-13 -1.06667995e-10 -4.21226162e-14  6.10406971e-12 -3.37786237e-01 -1.22603361e-03  3.93850066e-03  1.76158934e-05 -9.22649671e-05 -4.84087814e-07 
 6.41209577e+02  5.02506030e-10 -1.41327069e-07 -5.01656703e-11  1.12532038e-08  5.44804470e-13 -1.05935841e-10 -4.16620850e-14  6.04743392e-12 -3.36664155e-01 -1.21945484e-03  3.91619618e-03  1.74830290e-05 -9.15141950e-05 -4.79268131e-07 
 6.41948222e+02  5.00496753e-10 -1.41046470e-07 -4.98461957e-11  1.12026526e-08  5.40093320e-13 -1.05209099e-10 -4.12068328e-14  5.99134759e-12 -3.35546947e-01 -1.21291928e-03  3.89403177e-03  1.73512743e-05 -9.07698953e-05 -4.74499477e-07 
 6.42687717e+02  4.98498515e-10 -1.40766841e-07 -4.95290582e-11  1.11523672e-08  5.35426146e-13 -1.04487727e-10 -4.07567955e-14  5.93580510e-12 -3.34434583e-01 -1.20642660e-03  3.87200644e-03  1.72206187e-05 -9.00320082e-05 -4.69781270e-07 
 6.43428065e+02  4.96511233e-10 -1.40488176e-07 -4.92142379e-11  1.11023458e-08  5.30802499e-13 -1.03771680e-10 -4.03119097e-14  5.88080086e-12 -3.33327036e-01 -1.19997644e-03  3.85011918e-03  1.70910518e-05 -8.93004740e-05 -4.65112936e-07 
 6.44169266e+02  4.94534826e-10 -1.40210470e-07 -4.89017149e-11  1.10525867e-08  5.26221932e-13 -1.03060915e-10 -3.98721132e-14  5.82632936e-12 -3.32224277e-01 -1.19356845e-03  3.82836900e-03  1.69625634e-05 -8.85752341e-05 -4.60493906e-07 
 6.44911320e+02  4.92569214e-10 -1.39933717e-07 -4.85914694e-11  1.10030883e-08  5.21684005e-13 -1.02355389e-10 -3.94373442e-14  5.77238514e-12 -3.31126277e-01 -1.18720230e-03  3.80675492e-03  1.68351435e-05 -8.78562300e-05 -4.55923622e-07 
 6.45654229e+02  4.90614316e-10 -1.39657912e-07 -4.82834821e-11  1.09538489e-08  5.17188283e-13 -1.01655059e-10 -3.90075418e-14  5.71896281e-12 -3.30033010e-01 -1.18087765e-03  3.78527595e-03  1.67087819e-05 -8.71434043e-05 -4.51401529e-07 
 6.46397994e+02  4.88670055e-10 -1.39383050e-07 -4.79777335e-11  1.09048668e-08  5.12734336e-13 -1.00959884e-10 -3.85826461e-14  5.66605702e-12 -3.28944447e-01 -1.17459416e-03  3.76393115e-03  1.65834687e-05 -8.64366997e-05 -4.46927081e-07 
 6.47142616e+02  4.86736351e-10 -1.39109126e-07 -4.76742047e-11  1.08561404e-08  5.08321738e-13 -1.00269821e-10 -3.81625977e-14  5.61366249e-12 -3.27860561e-01 -1.16835150e-03  3.74271955e-03  1.64591942e-05 -8.57360598e-05 -4.42499739e-07 
 6.47888095e+02  4.84813128e-10 -1.38836134e-07 -4.73728766e-11  1.08076680e-08  5.03950067e-13 -9.95848290e-11 -3.77473383e-14  5.56177402e-12 -3.26781324e-01 -1.16214935e-03  3.72164019e-03  1.63359486e-05 -8.50414287e-05 -4.38118969e-07 
 6.48634434e+02  4.82900309e-10 -1.38564070e-07 -4.70737307e-11  1.07594481e-08  4.99618910e-13 -9.89048676e-11 -3.73368099e-14  5.51038642e-12 -3.25706710e-01 -1.15598737e-03  3.70069214e-03  1.62137224e-05 -8.43527509e-05 -4.33784245e-07 
 6.49381632e+02  4.80997817e-10 -1.38292927e-07 -4.67767484e-11  1.07114791e-08  4.95327853e-13 -9.82298958e-11 -3.69309556e-14  5.45949460e-12 -3.24636692e-01 -1.14986525e-03  3.67987446e-03  1.60925060e-05 -8.36699718e-05 -4.29495046e-07 
 6.50129690e+02  4.79105578e-10 -1.38022701e-07 -4.64819113e-11  1.06637593e-08  4.91076490e-13 -9.75598734e-11 -3.65297191e-14  5.40909350e-12 -3.23571243e-01 -1.14378267e-03  3.65918623e-03  1.59722900e-05 -8.29930369e-05 -4.25250859e-07 
 6.50878611e+02  4.77223516e-10 -1.37753388e-07 -4.61892013e-11  1.06162872e-08  4.86864420e-13 -9.68947606e-11 -3.61330449e-14  5.35917812e-12 -3.22510336e-01 -1.13773931e-03  3.63862653e-03  1.58530652e-05 -8.23218927e-05 -4.21051177e-07 
 6.51628394e+02  4.75351559e-10 -1.37484981e-07 -4.58986004e-11  1.05690612e-08  4.82691245e-13 -9.62345177e-11 -3.57408782e-14  5.30974352e-12 -3.21453946e-01 -1.13173486e-03  3.61819444e-03  1.57348222e-05 -8.16564858e-05 -4.16895497e-07 
 6.52379041e+02  4.73489632e-10 -1.37217476e-07 -4.56100909e-11  1.05220797e-08  4.78556571e-13 -9.55791057e-11 -3.53531647e-14  5.26078482e-12 -3.20402047e-01 -1.12576901e-03  3.59788907e-03  1.56175522e-05 -8.09967637e-05 -4.12783327e-07 
 6.53130553e+02  4.71637663e-10 -1.36950868e-07 -4.53236550e-11  1.04753413e-08  4.74460011e-13 -9.49284857e-11 -3.49698511e-14  5.21229717e-12 -3.19354612e-01 -1.11984146e-03  3.57770951e-03  1.55012459e-05 -8.03426743e-05 -4.08714175e-07 
 6.53882930e+02  4.69795581e-10 -1.36685152e-07 -4.50392755e-11  1.04288444e-08  4.70401179e-13 -9.42826193e-11 -3.45908846e-14  5.16427579e-12 -3.18311616e-01 -1.11395189e-03  3.55765488e-03  1.53858946e-05 -7.96941659e-05 -4.04687560e-07 
 6.54636174e+02  4.67963314e-10 -1.36420323e-07 -4.47569349e-11  1.03825875e-08  4.66379696e-13 -9.36414684e-11 -3.42162131e-14  5.11671596e-12 -3.17273033e-01 -1.10810002e-03  3.53772430e-03  1.52714893e-05 -7.90511875e-05 -4.00703003e-07 
 6.55390286e+02  4.66140791e-10 -1.36156377e-07 -4.44766163e-11  1.03365691e-08  4.62395186e-13 -9.30049952e-11 -3.38457853e-14  5.06961299e-12 -3.16238839e-01 -1.10228554e-03  3.51791689e-03  1.51580214e-05 -7.84136885e-05 -3.96760035e-07 
 6.56145266e+02  4.64327943e-10 -1.35893309e-07 -4.41983026e-11  1.02907876e-08  4.58447277e-13 -9.23731622e-11 -3.34795503e-14  5.02296225e-12 -3.15209008e-01 -1.09650815e-03  3.49823179e-03  1.50454823e-05 -7.77816188e-05 -3.92858188e-07 
 6.56901116e+02  4.62524700e-10 -1.35631113e-07 -4.39219771e-11  1.02452417e-08  4.54535603e-13 -9.17459324e-11 -3.31174580e-14  4.97675917e-12 -3.14183515e-01 -1.09076758e-03  3.47866813e-03  1.49338633e-05 -7.71549288e-05 -3.88997003e-07 
 6.57657837e+02  4.60730994e-10 -1.35369785e-07 -4.36476233e-11  1.01999298e-08  4.50659798e-13 -9.11232691e-11 -3.27594590e-14  4.93099920e-12 -3.13162337e-01 -1.08506351e-03  3.45922507e-03  1.48231561e-05 -7.65335695e-05 -3.85176026e-07 
 6.58415430e+02  4.58946757e-10 -1.35109321e-07 -4.33752247e-11  1.01548505e-08  4.46819506e-13 -9.05051357e-11 -3.24055045e-14  4.88567788e-12 -3.12145447e-01 -1.07939568e-03  3.43990176e-03  1.47133523e-05 -7.59174923e-05 -3.81394808e-07 
 6.59173895e+02  4.57171921e-10 -1.34849715e-07 -4.31047650e-11  1.01100023e-08  4.43014369e-13 -8.98914962e-11 -3.20555462e-14  4.84079077e-12 -3.11132822e-01 -1.07376380e-03  3.42069735e-03  1.46044436e-05 -7.53066491e-05 -3.77652905e-07 
 6.59933234e+02  4.55406420e-10 -1.34590964e-07 -4.28362281e-11  1.00653838e-08  4.39244036e-13 -8.92823148e-11 -3.17095365e-14  4.79633349e-12 -3.10124438e-01 -1.06816758e-03  3.40161102e-03  1.44964218e-05 -7.47009922e-05 -3.73949879e-07 
 6.60693448e+02  4.53650187e-10 -1.34333062e-07 -4.25695980e-11  1.00209936e-08  4.35508161e-13 -8.86775560e-11 -3.13674284e-14  4.75230169e-12 -3.09120270e-01 -1.06260675e-03  3.38264194e-03  1.43892788e-05 -7.41004744e-05 -3.70285298e-07 
 6.61454537e+02  4.51903157e-10 -1.34076006e-07 -4.23048590e-11  9.97683019e-09  4.31806399e-13 -8.80771847e-11 -3.10291756e-14  4.70869109e-12 -3.08120296e-01 -1.05708103e-03  3.36378930e-03  1.42830065e-05 -7.35050492e-05 -3.66658733e-07 
 6.62216504e+02  4.50165264e-10 -1.33819790e-07 -4.20419954e-11  9.93289228e-09  4.28138411e-13 -8.74811660e-11 -3.06947321e-14  4.66549744e-12 -3.07124491e-01 -1.05159015e-03  3.34505228e-03  1.41775971e-05 -7.29146702e-05 -3.63069763e-07 
 6.62979348e+02  4.48436446e-10 -1.33564410e-07 -4.17809917e-11  9.88917843e-09  4.24503860e-13 -8.68894654e-11 -3.03640527e-14  4.62271655e-12 -3.06132832e-01 -1.04613384e-03  3.32643007e-03  1.40730427e-05 -7.23292916e-05 -3.59517970e-07 
 6.63743070e+02  4.46716636e-10 -1.33309861e-07 -4.15218326e-11  9.84568726e-09  4.20902414e-13 -8.63020487e-11 -3.00370929e-14  4.58034425e-12 -3.05145296e-01 -1.04071182e-03  3.30792188e-03  1.39693355e-05 -7.17488682e-05 -3.56002942e-07 
 6.64507673e+02  4.45005773e-10 -1.33056140e-07 -4.12645029e-11  9.80241739e-09  4.17333744e-13 -8.57188820e-11 -2.97138084e-14  4.53837645e-12 -3.04161859e-01 -1.03532385e-03  3.28952692e-03  1.38664679e-05 -7.11733551e-05 -3.52524271e-07 
 6.65273156e+02  4.43303794e-10 -1.32803242e-07 -4.10089875e-11  9.75936748e-09  4.13797526e-13 -8.51399316e-11 -2.93941558e-14  4.49680907e-12 -3.03182499e-01 -1.02996964e-03  3.27124440e-03  1.37644321e-05 -7.06027078e-05 -3.49081555e-07 
 6.66039521e+02  4.41610636e-10 -1.32551162e-07 -4.07552716e-11  9.71653617e-09  4.10293436e-13 -8.45651642e-11 -2.90780921e-14  4.45563809e-12 -3.02207194e-01 -1.02464895e-03  3.25307354e-03  1.36632207e-05 -7.00368823e-05 -3.45674396e-07 
 6.66806769e+02  4.39926238e-10 -1.32299896e-07 -4.05033403e-11  9.67392211e-09  4.06821159e-13 -8.39945468e-11 -2.87655747e-14  4.41485954e-12 -3.01235919e-01 -1.01936151e-03  3.23501357e-03  1.35628262e-05 -6.94758351e-05 -3.42302401e-07 
 6.67574901e+02  4.38250539e-10 -1.32049440e-07 -4.02531791e-11  9.63152398e-09  4.03380378e-13 -8.34280466e-11 -2.84565618e-14  4.37446947e-12 -3.00268654e-01 -1.01410707e-03  3.21706372e-03  1.34632412e-05 -6.89195230e-05 -3.38965182e-07 
 6.68343918e+02  4.36583478e-10 -1.31799790e-07 -4.00047735e-11  9.58934046e-09  3.99970782e-13 -8.28656313e-11 -2.81510120e-14  4.33446400e-12 -2.99305375e-01 -1.00888537e-03  3.19922322e-03  1.33644584e-05 -6.83679032e-05 -3.35662356e-07 
 6.69113820e+02  4.34924996e-10 -1.31550941e-07 -3.97581091e-11  9.54737023e-09  3.96592064e-13 -8.23072686e-11 -2.78488844e-14  4.29483928e-12 -2.98346061e-01 -1.00369617e-03  3.18149133e-03  1.32664706e-05 -6.78209336e-05 -3.32393542e-07 
 6.69884609e+02  4.33275033e-10 -1.31302889e-07 -3.95131718e-11  9.50561200e-09  3.93243920e-13 -8.17529266e-11 -2.75501387e-14  4.25559148e-12 -2.97390690e-01 -9.98539218e-04  3.16386730e-03  1.31692707e-05 -6.72785722e-05 -3.29158368e-07 
 6.70656287e+02  4.31633530e-10 -1.31055630e-07 -3.92699475e-11  9.46406448e-09  3.89926049e-13 -8.12025737e-11 -2.72547349e-14  4.21671684e-12 -2.96439240e-01 -9.93414263e-04  3.14635039e-03  1.30728515e-05 -6.67407775e-05 -3.25956463e-07 
 6.71428853e+02  4.30000429e-10 -1.30809160e-07 -3.90284223e-11  9.42272638e-09  3.86638151e-13 -8.06561787e-11 -2.69626338e-14  4.17821163e-12 -2.95491689e-01 -9.88321064e-04  3.12893985e-03  1.29772060e-05 -6.62075084e-05 -3.22787461e-07 
 6.72202309e+02  4.28375672e-10 -1.30563475e-07 -3.87885823e-11  9.38159643e-09  3.83379934e-13 -8.01137105e-11 -2.66737965e-14  4.14007216e-12 -2.94548016e-01 -9.83259380e-04  3.11163495e-03  1.28823273e-05 -6.56787244e-05 -3.19651001e-07 
 6.72976656e+02  4.26759202e-10 -1.30318571e-07 -3.85504140e-11  9.34067338e-09  3.80151105e-13 -7.95751382e-11 -2.63881847e-14  4.10229477e-12 -2.93608200e-01 -9.78228971e-04  3.09443498e-03  1.27882085e-05 -6.51543850e-05 -3.16546725e-07 
 6.73751895e+02  4.25150961e-10 -1.30074443e-07 -3.83139037e-11  9.29995596e-09  3.76951377e-13 -7.90404315e-11 -2.61057603e-14  4.06487585e-12 -2.92672220e-01 -9.73229600e-04  3.07733921e-03  1.26948429e-05 -6.46344505e-05 -3.13474282e-07 
 6.74528028e+02  4.23550894e-10 -1.29831088e-07 -3.80790381e-11  9.25944295e-09  3.73780463e-13 -7.85095599e-11 -2.58264860e-14  4.02781184e-12 -2.91740054e-01 -9.68261032e-04  3.06034693e-03  1.26022236e-05 -6.41188813e-05 -3.10433323e-07 
 6.75305054e+02  4.21958944e-10 -1.29588502e-07 -3.78458039e-11  9.21913309e-09  3.70638083e-13 -7.79824936e-11 -2.55503249e-14  3.99109918e-12 -2.90811681e-01 -9.63323034e-04  3.04345743e-03  1.25103440e-05 -6.36076383e-05 -3.07423502e-07 
 6.76082975e+02  4.20375056e-10 -1.29346680e-07 -3.76141880e-11  9.17902517e-09  3.67523957e-13 -7.74592028e-11 -2.52772404e-14  3.95473439e-12 -2.89887082e-01 -9.58415375e-04  3.02667001e-03  1.24191976e-05 -6.31006829e-05 -3.04444480e-07 
 6.76861793e+02  4.18799176e-10 -1.29105619e-07 -3.73841772e-11  9.13911797e-09  3.64437809e-13 -7.69396581e-11 -2.50071965e-14  3.91871399e-12 -2.88966235e-01 -9.53537828e-04  3.00998398e-03  1.23287778e-05 -6.25979765e-05 -3.01495920e-07 
 6.77641508e+02  4.17231249e-10 -1.28865315e-07 -3.71557588e-11  9.09941029e-09  3.61379366e-13 -7.64238302e-11 -2.47401576e-14  3.88303457e-12 -2.88049120e-01 -9.48690165e-04  2.99339863e-03  1.22390781e-05 -6.20994813e-05 -2.98577490e-07 
 6.78422120e+02  4.15671220e-10 -1.28625764e-07 -3.69289199e-11  9.05990092e-09  3.58348358e-13 -7.59116902e-11 -2.44760886e-14  3.84769274e-12 -2.87135717e-01 -9.43872162e-04  2.97691329e-03  1.21500921e-05 -6.16051596e-05 -2.95688861e-07 
 6.79203633e+02  4.14119037e-10 -1.28386962e-07 -3.67036479e-11  9.02058868e-09  3.55344518e-13 -7.54032095e-11 -2.42149548e-14  3.81268513e-12 -2.86226006e-01 -9.39083597e-04  2.96052727e-03  1.20618135e-05 -6.11149741e-05 -2.92829709e-07 
 6.79986045e+02  4.12574647e-10 -1.28148905e-07 -3.64799302e-11  8.98147239e-09  3.52367581e-13 -7.48983594e-11 -2.39567218e-14  3.77800844e-12 -2.85319967e-01 -9.34324250e-04  2.94423991e-03  1.19742361e-05 -6.06288881e-05 -2.89999712e-07 
 6.80769359e+02  4.11037996e-10 -1.27911590e-07 -3.62577544e-11  8.94255087e-09  3.49417286e-13 -7.43971119e-11 -2.37013558e-14  3.74365938e-12 -2.84417579e-01 -9.29593902e-04  2.92805052e-03  1.18873535e-05 -6.01468649e-05 -2.87198554e-07 
 6.81553575e+02  4.09509034e-10 -1.27675012e-07 -3.60371082e-11  8.90382296e-09  3.46493375e-13 -7.38994390e-11 -2.34488233e-14  3.70963469e-12 -2.83518824e-01 -9.24892336e-04  2.91195846e-03  1.18011598e-05 -5.96688683e-05 -2.84425922e-07 
 6.82338694e+02  4.07987707e-10 -1.27439169e-07 -3.58179794e-11  8.86528752e-09  3.43595591e-13 -7.34053129e-11 -2.31990915e-14  3.67593118e-12 -2.82623681e-01 -9.20219339e-04  2.89596304e-03  1.17156487e-05 -5.91948626e-05 -2.81681505e-07 
 6.83124718e+02  4.06473965e-10 -1.27204056e-07 -3.56003559e-11  8.82694338e-09  3.40723681e-13 -7.29147061e-11 -2.29521275e-14  3.64254565e-12 -2.81732132e-01 -9.15574698e-04  2.88006364e-03  1.16308143e-05 -5.87248121e-05 -2.78964997e-07 
 6.83911647e+02  4.04967758e-10 -1.26969670e-07 -3.53842258e-11  8.78878942e-09  3.37877394e-13 -7.24275914e-11 -2.27078993e-14  3.60947495e-12 -2.80844157e-01 -9.10958202e-04  2.86425958e-03  1.15466506e-05 -5.82586819e-05 -2.76276096e-07 
 6.84699483e+02  4.03469034e-10 -1.26736006e-07 -3.51695772e-11  8.75082451e-09  3.35056484e-13 -7.19439419e-11 -2.24663749e-14  3.57671599e-12 -2.79959737e-01 -9.06369644e-04  2.84855024e-03  1.14631516e-05 -5.77964369e-05 -2.73614504e-07 
 6.85488226e+02  4.01977745e-10 -1.26503062e-07 -3.49563982e-11  8.71304752e-09  3.32260703e-13 -7.14637306e-11 -2.22275230e-14  3.54426566e-12 -2.79078853e-01 -9.01808815e-04  2.83293497e-03  1.13803117e-05 -5.73380429e-05 -2.70979924e-07 
 6.86277878e+02  4.00493839e-10 -1.26270833e-07 -3.47446774e-11  8.67545733e-09  3.29489811e-13 -7.09869311e-11 -2.19913125e-14  3.51212093e-12 -2.78201486e-01 -8.97275511e-04  2.81741314e-03  1.12981249e-05 -5.68834656e-05 -2.68372065e-07 
 6.87068440e+02  3.99017269e-10 -1.26039317e-07 -3.45344032e-11  8.63805286e-09  3.26743567e-13 -7.05135170e-11 -2.17577128e-14  3.48027877e-12 -2.77327617e-01 -8.92769530e-04  2.80198411e-03  1.12165855e-05 -5.64326712e-05 -2.65790637e-07 
 6.87859912e+02  3.97547986e-10 -1.25808509e-07 -3.43255641e-11  8.60083299e-09  3.24021733e-13 -7.00434622e-11 -2.15266937e-14  3.44873620e-12 -2.76457228e-01 -8.88290670e-04  2.78664727e-03  1.11356879e-05 -5.59856262e-05 -2.63235357e-07 
 6.88652296e+02  3.96085942e-10 -1.25578406e-07 -3.41181489e-11  8.56379664e-09  3.21324075e-13 -6.95767408e-11 -2.12982250e-14  3.41749027e-12 -2.75590300e-01 -8.83838731e-04  2.77140200e-03  1.10554264e-05 -5.55422974e-05 -2.60705941e-07 
 6.89445593e+02  3.94631087e-10 -1.25349005e-07 -3.39121463e-11  8.52694273e-09  3.18650360e-13 -6.91133273e-11 -2.10722775e-14  3.38653805e-12 -2.74726815e-01 -8.79413515e-04  2.75624768e-03  1.09757955e-05 -5.51026520e-05 -2.58202111e-07 
 6.90239804e+02  3.93183377e-10 -1.25120302e-07 -3.37075451e-11  8.49027018e-09  3.16000358e-13 -6.86531960e-11 -2.08488218e-14  3.35587665e-12 -2.73866755e-01 -8.75014828e-04  2.74118370e-03  1.08967897e-05 -5.46666574e-05 -2.55723591e-07 
 6.91034929e+02  3.91742762e-10 -1.24892293e-07 -3.35043345e-11  8.45377794e-09  3.13373841e-13 -6.81963219e-11 -2.06278291e-14  3.32550321e-12 -2.73010102e-01 -8.70642475e-04  2.72620946e-03  1.08184035e-05 -5.42342814e-05 -2.53270110e-07 
 6.91830971e+02  3.90309197e-10 -1.24664975e-07 -3.33025035e-11  8.41746493e-09  3.10770584e-13 -6.77426800e-11 -2.04092711e-14  3.29541488e-12 -2.72156837e-01 -8.66296262e-04  2.71132435e-03  1.07406315e-05 -5.38054920e-05 -2.50841398e-07 
 6.92627929e+02  3.88882635e-10 -1.24438346e-07 -3.31020412e-11  8.38133011e-09  3.08190364e-13 -6.72922453e-11 -2.01931195e-14  3.26560888e-12 -2.71306944e-01 -8.61976000e-04  2.69652779e-03  1.06634684e-05 -5.33802576e-05 -2.48437189e-07 
 6.93425806e+02  3.87463031e-10 -1.24212400e-07 -3.29029371e-11  8.34537244e-09  3.05632961e-13 -6.68449933e-11 -1.99793466e-14  3.23608243e-12 -2.70460403e-01 -8.57681500e-04  2.68181917e-03  1.05869089e-05 -5.29585470e-05 -2.46057221e-07 
 6.94224602e+02  3.86050339e-10 -1.23987135e-07 -3.27051804e-11  8.30959088e-09  3.03098157e-13 -6.64008997e-11 -1.97679249e-14  3.20683277e-12 -2.69617198e-01 -8.53412574e-04  2.66719793e-03  1.05109478e-05 -5.25403290e-05 -2.43701232e-07 
 6.95024318e+02  3.84644513e-10 -1.23762548e-07 -3.25087606e-11  8.27398441e-09  3.00585736e-13 -6.59599403e-11 -1.95588274e-14  3.17785720e-12 -2.68777311e-01 -8.49169036e-04  2.65266346e-03  1.04355797e-05 -5.21255730e-05 -2.41368967e-07 
 6.95824955e+02  3.83245510e-10 -1.23538635e-07 -3.23136674e-11  8.23855200e-09  2.98095483e-13 -6.55220912e-11 -1.93520273e-14  3.14915303e-12 -2.67940725e-01 -8.44950703e-04  2.63821519e-03  1.03607997e-05 -5.17142484e-05 -2.39060172e-07 
 6.96626514e+02  3.81853285e-10 -1.23315394e-07 -3.21198904e-11  8.20329263e-09  2.95627189e-13 -6.50873284e-11 -1.91474981e-14  3.12071758e-12 -2.67107422e-01 -8.40757391e-04  2.62385256e-03  1.02866026e-05 -5.13063252e-05 -2.36774595e-07 
 6.97428997e+02  3.80467793e-10 -1.23092819e-07 -3.19274194e-11  8.16820531e-09  2.93180642e-13 -6.46556286e-11 -1.89452137e-14  3.09254824e-12 -2.66277385e-01 -8.36588920e-04  2.60957499e-03  1.02129834e-05 -5.09017735e-05 -2.34511988e-07 
 6.98232404e+02  3.79088992e-10 -1.22870910e-07 -3.17362442e-11  8.13328903e-09  2.90755638e-13 -6.42269683e-11 -1.87451483e-14  3.06464240e-12 -2.65450598e-01 -8.32445111e-04  2.59538192e-03  1.01399371e-05 -5.05005636e-05 -2.32272106e-07 
 6.99036737e+02  3.77716838e-10 -1.22649661e-07 -3.15463548e-11  8.09854281e-09  2.88351970e-13 -6.38013244e-11 -1.85472764e-14  3.03699747e-12 -2.64627044e-01 -8.28325786e-04  2.58127279e-03  1.00674587e-05 -5.01026663e-05 -2.30054707e-07 
 6.99841996e+02  3.76351288e-10 -1.22429071e-07 -3.13577412e-11  8.06396565e-09  2.85969435e-13 -6.33786738e-11 -1.83515729e-14  3.00961090e-12 -2.63806705e-01 -8.24230769e-04  2.56724704e-03  9.99554334e-06 -4.97080526e-05 -2.27859550e-07 
 7.00648183e+02  3.74992299e-10 -1.22209135e-07 -3.11703936e-11  8.02955658e-09  2.83607834e-13 -6.29589939e-11 -1.81580128e-14  2.98248018e-12 -2.62989565e-01 -8.20159884e-04  2.55330412e-03  9.92418622e-06 -4.93166937e-05 -2.25686399e-07 
 7.01455298e+02  3.73639830e-10 -1.21989851e-07 -3.09843023e-11  7.99531462e-09  2.81266968e-13 -6.25422620e-11 -1.79665716e-14  2.95560279e-12 -2.62175608e-01 -8.16112960e-04  2.53944348e-03  9.85338250e-06 -4.89285611e-05 -2.23535020e-07 
 7.02263344e+02  3.72293839e-10 -1.21771215e-07 -3.07994574e-11  7.96123882e-09  2.78946640e-13 -6.21284558e-11 -1.77772250e-14  2.92897626e-12 -2.61364817e-01 -8.12089824e-04  2.52566459e-03  9.78312743e-06 -4.85436265e-05 -2.21405181e-07 
 7.03072320e+02  3.70954283e-10 -1.21553225e-07 -3.06158494e-11  7.92732821e-09  2.76646656e-13 -6.17175529e-11 -1.75899490e-14  2.90259816e-12 -2.60557176e-01 -8.08090307e-04  2.51196689e-03  9.71341630e-06 -4.81618622e-05 -2.19296653e-07 
 7.03882228e+02  3.69621122e-10 -1.21335877e-07 -3.04334689e-11  7.89358184e-09  2.74366824e-13 -6.13095315e-11 -1.74047199e-14  2.87646605e-12 -2.59752668e-01 -8.04114238e-04  2.49834986e-03  9.64424445e-06 -4.77832402e-05 -2.17209209e-07 
 7.04693069e+02  3.68294316e-10 -1.21119168e-07 -3.02523063e-11  7.85999877e-09  2.72106952e-13 -6.09043696e-11 -1.72215143e-14  2.85057753e-12 -2.58951278e-01 -8.00161453e-04  2.48481297e-03  9.57560727e-06 -4.74077333e-05 -2.15142627e-07 
 7.05504844e+02  3.66973822e-10 -1.20903095e-07 -3.00723523e-11  7.82657807e-09  2.69866854e-13 -6.05020456e-11 -1.70403092e-14  2.82493024e-12 -2.58152990e-01 -7.96231784e-04  2.47135568e-03  9.50750018e-06 -4.70353143e-05 -2.13096684e-07 
 7.06317554e+02  3.65659603e-10 -1.20687655e-07 -2.98935976e-11  7.79331879e-09  2.67646341e-13 -6.01025381e-11 -1.68610815e-14  2.79952182e-12 -2.57357787e-01 -7.92325067e-04  2.45797748e-03  9.43991865e-06 -4.66659562e-05 -2.11071163e-07 
 7.07131201e+02  3.64351616e-10 -1.20472845e-07 -2.97160332e-11  7.76022003e-09  2.65445229e-13 -5.97058257e-11 -1.66838089e-14  2.77434995e-12 -2.56565654e-01 -7.88441140e-04  2.44467785e-03  9.37285820e-06 -4.62996324e-05 -2.09065846e-07 
 7.07945784e+02  3.63049824e-10 -1.20258662e-07 -2.95396498e-11  7.72728084e-09  2.63263337e-13 -5.93118873e-11 -1.65084689e-14  2.74941233e-12 -2.55776575e-01 -7.84579840e-04  2.43145626e-03  9.30631438e-06 -4.59363164e-05 -2.07080520e-07 
 7.08761306e+02  3.61754187e-10 -1.20045104e-07 -2.93644385e-11  7.69450034e-09  2.61100483e-13 -5.89207019e-11 -1.63350396e-14  2.72470668e-12 -2.54990534e-01 -7.80741008e-04  2.41831222e-03  9.24028280e-06 -4.55759822e-05 -2.05114975e-07 
 7.09577768e+02  3.60464665e-10 -1.19832166e-07 -2.91903904e-11  7.66187760e-09  2.58956487e-13 -5.85322489e-11 -1.61634991e-14  2.70023074e-12 -2.54207517e-01 -7.76924486e-04  2.40524521e-03  9.17475908e-06 -4.52186037e-05 -2.03169000e-07 
 7.10395170e+02  3.59181221e-10 -1.19619847e-07 -2.90174965e-11  7.62941174e-09  2.56831174e-13 -5.81465075e-11 -1.59938260e-14  2.67598229e-12 -2.53427508e-01 -7.73130115e-04  2.39225473e-03  9.10973893e-06 -4.48641553e-05 -2.01242389e-07 
 7.11213514e+02  3.57903816e-10 -1.19408142e-07 -2.88457480e-11  7.59710185e-09  2.54724367e-13 -5.77634574e-11 -1.58259991e-14  2.65195912e-12 -2.52650491e-01 -7.69357739e-04  2.37934027e-03  9.04521806e-06 -4.45126116e-05 -1.99334939e-07 
 7.12032800e+02  3.56632413e-10 -1.19197050e-07 -2.86751364e-11  7.56494705e-09  2.52635893e-13 -5.73830784e-11 -1.56599973e-14  2.62815905e-12 -2.51876452e-01 -7.65607204e-04  2.36650135e-03  8.98119224e-06 -4.41639473e-05 -1.97446446e-07 
 7.12853030e+02  3.55366972e-10 -1.18986568e-07 -2.85056529e-11  7.53294647e-09  2.50565581e-13 -5.70053502e-11 -1.54957999e-14  2.60457990e-12 -2.51105375e-01 -7.61878357e-04  2.35373747e-03  8.91765727e-06 -4.38181375e-05 -1.95576713e-07 
 7.13674205e+02  3.54107458e-10 -1.18776691e-07 -2.83372891e-11  7.50109922e-09  2.48513260e-13 -5.66302531e-11 -1.53333864e-14  2.58121955e-12 -2.50337245e-01 -7.58171045e-04  2.34104814e-03  8.85460900e-06 -4.34751575e-05 -1.93725540e-07 
 7.14496326e+02  3.52853834e-10 -1.18567419e-07 -2.81700364e-11  7.46940443e-09  2.46478763e-13 -5.62577672e-11 -1.51727365e-14  2.55807586e-12 -2.49572048e-01 -7.54485117e-04  2.32843288e-03  8.79204332e-06 -4.31349827e-05 -1.91892733e-07 
 7.15319394e+02  3.51606061e-10 -1.18358748e-07 -2.80038864e-11  7.43786126e-09  2.44461922e-13 -5.58878730e-11 -1.50138303e-14  2.53514675e-12 -2.48809769e-01 -7.50820424e-04  2.31589120e-03  8.72995615e-06 -4.27975888e-05 -1.90078099e-07 
 7.16143410e+02  3.50364105e-10 -1.18150674e-07 -2.78388309e-11  7.40646882e-09  2.42462573e-13 -5.55205510e-11 -1.48566480e-14  2.51243013e-12 -2.48050392e-01 -7.47176818e-04  2.30342263e-03  8.66834344e-06 -4.24629519e-05 -1.88281448e-07 
 7.16968376e+02  3.49127928e-10 -1.17943196e-07 -2.76748615e-11  7.37522629e-09  2.40480553e-13 -5.51557819e-11 -1.47011701e-14  2.48992396e-12 -2.47293904e-01 -7.43554151e-04  2.29102669e-03  8.60720121e-06 -4.21310480e-05 -1.86502590e-07 
 7.17794291e+02  3.47897495e-10 -1.17736310e-07 -2.75119701e-11  7.34413281e-09  2.38515700e-13 -5.47935467e-11 -1.45473772e-14  2.46762620e-12 -2.46540291e-01 -7.39952278e-04  2.27870291e-03  8.54652549e-06 -4.18018537e-05 -1.84741339e-07 
 7.18621158e+02  3.46672771e-10 -1.17530014e-07 -2.73501486e-11  7.31318754e-09  2.36567855e-13 -5.44338263e-11 -1.43952504e-14  2.44553483e-12 -2.45789537e-01 -7.36371055e-04  2.26645082e-03  8.48631235e-06 -4.14753454e-05 -1.82997510e-07 
 7.19448978e+02  3.45453719e-10 -1.17324305e-07 -2.71893889e-11  7.28238965e-09  2.34636858e-13 -5.40766020e-11 -1.42447707e-14  2.42364787e-12 -2.45041628e-01 -7.32810337e-04  2.25426997e-03  8.42655791e-06 -4.11515000e-05 -1.81270921e-07 
 7.20277751e+02  3.44240306e-10 -1.17119180e-07 -2.70296831e-11  7.25173831e-09  2.32722555e-13 -5.37218551e-11 -1.40959195e-14  2.40196334e-12 -2.44296551e-01 -7.29269983e-04  2.24215989e-03  8.36725832e-06 -4.08302945e-05 -1.79561392e-07 
 7.21107479e+02  3.43032495e-10 -1.16914637e-07 -2.68710232e-11  7.22123270e-09  2.30824789e-13 -5.33695672e-11 -1.39486786e-14  2.38047929e-12 -2.43554291e-01 -7.25749852e-04  2.23012012e-03  8.30840976e-06 -4.05117063e-05 -1.77868745e-07 
 7.21938163e+02  3.41830254e-10 -1.16710673e-07 -2.67134015e-11  7.19087200e-09  2.28943407e-13 -5.30197199e-11 -1.38030296e-14  2.35919378e-12 -2.42814834e-01 -7.22249804e-04  2.21815021e-03  8.25000846e-06 -4.01957127e-05 -1.76192803e-07 
 7.22769804e+02  3.40633547e-10 -1.16507285e-07 -2.65568102e-11  7.16065540e-09  2.27078257e-13 -5.26722949e-11 -1.36589546e-14  2.33810491e-12 -2.42078166e-01 -7.18769700e-04  2.20624970e-03  8.19205067e-06 -3.98822914e-05 -1.74533391e-07 
 7.23602402e+02  3.39442341e-10 -1.16304470e-07 -2.64012416e-11  7.13058210e-09  2.25229189e-13 -5.23272743e-11 -1.35164359e-14  2.31721078e-12 -2.41344273e-01 -7.15309403e-04  2.19441816e-03  8.13453268e-06 -3.95714204e-05 -1.72890338e-07 
 7.24435960e+02  3.38256601e-10 -1.16102226e-07 -2.62466880e-11  7.10065129e-09  2.23396054e-13 -5.19846401e-11 -1.33754560e-14  2.29650952e-12 -2.40613143e-01 -7.11868777e-04  2.18265514e-03  8.07745082e-06 -3.92630776e-05 -1.71263472e-07 
 7.25270478e+02  3.37076295e-10 -1.15900551e-07 -2.60931419e-11  7.07086218e-09  2.21578705e-13 -5.16443747e-11 -1.32359975e-14  2.27599927e-12 -2.39884760e-01 -7.08447686e-04  2.17096019e-03  8.02080144e-06 -3.89572414e-05 -1.69652626e-07 
 7.26105957e+02  3.35901389e-10 -1.15699441e-07 -2.59405958e-11  7.04121398e-09  2.19776995e-13 -5.13064603e-11 -1.30980433e-14  2.25567819e-12 -2.39159111e-01 -7.05045996e-04  2.15933288e-03  7.96458096e-06 -3.86538903e-05 -1.68057632e-07 
 7.26942399e+02  3.34731851e-10 -1.15498895e-07 -2.57890423e-11  7.01170592e-09  2.17990781e-13 -5.09708796e-11 -1.29615765e-14  2.23554447e-12 -2.38436184e-01 -7.01663575e-04  2.14777278e-03  7.90878578e-06 -3.83530029e-05 -1.66478326e-07 
 7.27779805e+02  3.33567648e-10 -1.15298909e-07 -2.56384740e-11  6.98233719e-09  2.16219919e-13 -5.06376152e-11 -1.28265803e-14  2.21559631e-12 -2.37715964e-01 -6.98300290e-04  2.13627946e-03  7.85341238e-06 -3.80545581e-05 -1.64914544e-07 
 7.28618175e+02  3.32408747e-10 -1.15099481e-07 -2.54888836e-11  6.95310705e-09  2.14464268e-13 -5.03066500e-11 -1.26930383e-14  2.19583193e-12 -2.36998439e-01 -6.94956012e-04  2.12485248e-03  7.79845724e-06 -3.77585349e-05 -1.63366126e-07 
 7.29457510e+02  3.31255116e-10 -1.14900608e-07 -2.53402638e-11  6.92401471e-09  2.12723687e-13 -4.99779668e-11 -1.25609341e-14  2.17624956e-12 -2.36283595e-01 -6.91630609e-04  2.11349142e-03  7.74391690e-06 -3.74649127e-05 -1.61832912e-07 
 7.30297813e+02  3.30106723e-10 -1.14702289e-07 -2.51926075e-11  6.89505941e-09  2.10998039e-13 -4.96515488e-11 -1.24302516e-14  2.15684745e-12 -2.35571418e-01 -6.88323953e-04  2.10219586e-03  7.68978791e-06 -3.71736709e-05 -1.60314743e-07 
 7.31139083e+02  3.28963538e-10 -1.14504519e-07 -2.50459075e-11  6.86624040e-09  2.09287185e-13 -4.93273793e-11 -1.23009748e-14  2.13762389e-12 -2.34861897e-01 -6.85035918e-04  2.09096539e-03  7.63606687e-06 -3.68847891e-05 -1.58811465e-07 
 7.31981323e+02  3.27825528e-10 -1.14307298e-07 -2.49001569e-11  6.83755692e-09  2.07590990e-13 -4.90054415e-11 -1.21730880e-14  2.11857716e-12 -2.34155018e-01 -6.81766376e-04  2.07979958e-03  7.58275040e-06 -3.65982472e-05 -1.57322923e-07 
 7.32824533e+02  3.26692662e-10 -1.14110622e-07 -2.47553485e-11  6.80900822e-09  2.05909319e-13 -4.86857191e-11 -1.20465757e-14  2.09970556e-12 -2.33450767e-01 -6.78515202e-04  2.06869803e-03  7.52983514e-06 -3.63140251e-05 -1.55848964e-07 
 7.33668714e+02  3.25564909e-10 -1.13914490e-07 -2.46114755e-11  6.78059356e-09  2.04242039e-13 -4.83681956e-11 -1.19214223e-14  2.08100742e-12 -2.32749133e-01 -6.75282271e-04  2.05766032e-03  7.47731779e-06 -3.60321031e-05 -1.54389438e-07 
 7.34513868e+02  3.24442239e-10 -1.13718898e-07 -2.44685309e-11  6.75231220e-09  2.02589018e-13 -4.80528549e-11 -1.17976128e-14  2.06248109e-12 -2.32050103e-01 -6.72067460e-04  2.04668605e-03  7.42519506e-06 -3.57524615e-05 -1.52944196e-07 
 7.35359995e+02  3.23324621e-10 -1.13523844e-07 -2.43265081e-11  6.72416342e-09  2.00950126e-13 -4.77396807e-11 -1.16751321e-14  2.04412491e-12 -2.31353663e-01 -6.68870647e-04  2.03577481e-03  7.37346369e-06 -3.54750808e-05 -1.51513090e-07 
 7.36207097e+02  3.22212025e-10 -1.13329325e-07 -2.41854001e-11  6.69614647e-09  1.99325232e-13 -4.74286572e-11 -1.15539653e-14  2.02593727e-12 -2.30659802e-01 -6.65691710e-04  2.02492621e-03  7.32212047e-06 -3.51999419e-05 -1.50095973e-07 
 7.37055175e+02  3.21104421e-10 -1.13135340e-07 -2.40452003e-11  6.66826064e-09  1.97714210e-13 -4.71197686e-11 -1.14340978e-14  2.00791654e-12 -2.29968507e-01 -6.62530529e-04  2.01413985e-03  7.27116219e-06 -3.49270256e-05 -1.48692703e-07 
 7.37904230e+02  3.20001779e-10 -1.12941886e-07 -2.39059020e-11  6.64050521e-09  1.96116932e-13 -4.68129990e-11 -1.13155151e-14  1.99006115e-12 -2.29279765e-01 -6.59386984e-04  2.00341532e-03  7.22058569e-06 -3.46563129e-05 -1.47303135e-07 
 7.38754263e+02  3.18904071e-10 -1.12748961e-07 -2.37674987e-11  6.61287946e-09  1.94533272e-13 -4.65083330e-11 -1.11982028e-14  1.97236951e-12 -2.28593565e-01 -6.56260956e-04  1.99275225e-03  7.17038783e-06 -3.43877852e-05 -1.45927130e-07 
 7.39605275e+02  3.17811265e-10 -1.12556562e-07 -2.36299839e-11  6.58538269e-09  1.92963107e-13 -4.62057550e-11 -1.10821468e-14  1.95484006e-12 -2.27909893e-01 -6.53152329e-04  1.98215023e-03  7.12056550e-06 -3.41214238e-05 -1.44564547e-07 
 7.40457267e+02  3.16723334e-10 -1.12364687e-07 -2.34933509e-11  6.55801419e-09  1.91406314e-13 -4.59052497e-11 -1.09673331e-14  1.93747125e-12 -2.27228739e-01 -6.50060985e-04  1.97160889e-03  7.07111563e-06 -3.38572104e-05 -1.43215248e-07 
 7.41310241e+02  3.15640248e-10 -1.12173333e-07 -2.33575934e-11  6.53077325e-09  1.89862771e-13 -4.56068020e-11 -1.08537478e-14  1.92026155e-12 -2.26550089e-01 -6.46986809e-04  1.96112784e-03  7.02203517e-06 -3.35951267e-05 -1.41879097e-07 
 7.42164198e+02  3.14561979e-10 -1.11982499e-07 -2.32227051e-11  6.50365920e-09  1.88332356e-13 -4.53103966e-11 -1.07413772e-14  1.90320945e-12 -2.25873931e-01 -6.43929687e-04  1.95070670e-03  6.97332108e-06 -3.33351546e-05 -1.40555959e-07 
 7.43019138e+02  3.13488499e-10 -1.11792182e-07 -2.30886796e-11  6.47667132e-09  1.86814952e-13 -4.50160187e-11 -1.06302079e-14  1.88631345e-12 -2.25200255e-01 -6.40889504e-04  1.94034509e-03  6.92497037e-06 -3.30772762e-05 -1.39245700e-07 
 7.43875063e+02  3.12419779e-10 -1.11602379e-07 -2.29555106e-11  6.44980894e-09  1.85310438e-13 -4.47236534e-11 -1.05202264e-14  1.86957206e-12 -2.24529047e-01 -6.37866147e-04  1.93004264e-03  6.87698008e-06 -3.28214737e-05 -1.37948188e-07 
 7.44731974e+02  3.11355791e-10 -1.11413089e-07 -2.28231920e-11  6.42307138e-09  1.83818700e-13 -4.44332860e-11 -1.04114197e-14  1.85298380e-12 -2.23860297e-01 -6.34859505e-04  1.91979896e-03  6.82934726e-06 -3.25677296e-05 -1.36663292e-07 
 7.45589872e+02  3.10296507e-10 -1.11224309e-07 -2.26917175e-11  6.39645796e-09  1.82339619e-13 -4.41449019e-11 -1.03037746e-14  1.83654724e-12 -2.23193992e-01 -6.31869467e-04  1.90961370e-03  6.78206900e-06 -3.23160265e-05 -1.35390883e-07 
 7.46448758e+02  3.09241901e-10 -1.11036037e-07 -2.25610811e-11  6.36996800e-09  1.80873083e-13 -4.38584864e-11 -1.01972782e-14  1.82026092e-12 -2.22530121e-01 -6.28895921e-04  1.89948649e-03  6.73514240e-06 -3.20663469e-05 -1.34130834e-07 
 7.47308634e+02  3.08191944e-10 -1.10848271e-07 -2.24312767e-11  6.34360084e-09  1.79418976e-13 -4.35740254e-11 -1.00919178e-14  1.80412342e-12 -2.21868672e-01 -6.25938760e-04  1.88941695e-03  6.68856461e-06 -3.18186739e-05 -1.32883017e-07 
 7.48169501e+02  3.07146609e-10 -1.10661008e-07 -2.23022983e-11  6.31735581e-09  1.77977187e-13 -4.32915045e-11 -9.98768081e-15  1.78813332e-12 -2.21209633e-01 -6.22997874e-04  1.87940474e-03  6.64233279e-06 -3.15729905e-05 -1.31647309e-07 
 7.49031359e+02  3.06105870e-10 -1.10474246e-07 -2.21741399e-11  6.29123225e-09  1.76547604e-13 -4.30109095e-11 -9.88455476e-15  1.77228922e-12 -2.20552994e-01 -6.20073157e-04  1.86944948e-03  6.59644413e-06 -3.13292798e-05 -1.30423584e-07 
 7.49894209e+02  3.05069699e-10 -1.10287984e-07 -2.20467956e-11  6.26522951e-09  1.75130117e-13 -4.27322264e-11 -9.78252735e-15  1.75658975e-12 -2.19898743e-01 -6.17164500e-04  1.85955082e-03  6.55089583e-06 -3.10875252e-05 -1.29211721e-07 
 7.50758054e+02  3.04038070e-10 -1.10102219e-07 -2.19202596e-11  6.23934693e-09  1.73724616e-13 -4.24554413e-11 -9.68158641e-15  1.74103353e-12 -2.19246868e-01 -6.14271799e-04  1.84970841e-03  6.50568515e-06 -3.08477102e-05 -1.28011598e-07 
 7.51622894e+02  3.03010957e-10 -1.09916949e-07 -2.17945260e-11  6.21358387e-09  1.72330994e-13 -4.21805404e-11 -9.58171993e-15  1.72561920e-12 -2.18597359e-01 -6.11394948e-04  1.83992189e-03  6.46080934e-06 -3.06098184e-05 -1.26823097e-07 
 7.52488730e+02  3.01988334e-10 -1.09732171e-07 -2.16695891e-11  6.18793969e-09  1.70949142e-13 -4.19075099e-11 -9.48291601e-15  1.71034542e-12 -2.17950204e-01 -6.08533843e-04  1.83019092e-03  6.41626570e-06 -3.03738336e-05 -1.25646098e-07 
 7.53355564e+02  3.00970174e-10 -1.09547884e-07 -2.15454432e-11  6.16241374e-09  1.69578956e-13 -4.16363363e-11 -9.38516292e-15  1.69521086e-12 -2.17305392e-01 -6.05688381e-04  1.82051515e-03  6.37205153e-06 -3.01397397e-05 -1.24480484e-07 
 7.54223396e+02  2.99956452e-10 -1.09364085e-07 -2.14220826e-11  6.13700539e-09  1.68220330e-13 -4.13670060e-11 -9.28844903e-15  1.68021421e-12 -2.16662913e-01 -6.02858459e-04  1.81089423e-03  6.32816418e-06 -2.99075208e-05 -1.23326139e-07 
 7.55092228e+02  2.98947142e-10 -1.09180773e-07 -2.12995017e-11  6.11171402e-09  1.66873159e-13 -4.10995057e-11 -9.19276288e-15  1.66535414e-12 -2.16022755e-01 -6.00043976e-04  1.80132781e-03  6.28460101e-06 -2.96771611e-05 -1.22182950e-07 
 7.55962060e+02  2.97942218e-10 -1.08997944e-07 -2.11776948e-11  6.08653899e-09  1.65537342e-13 -4.08338221e-11 -9.09809313e-15  1.65062939e-12 -2.15384907e-01 -5.97244829e-04  1.79181557e-03  6.24135939e-06 -2.94486450e-05 -1.21050802e-07 
 7.56832895e+02  2.96941657e-10 -1.08815598e-07 -2.10566566e-11  6.06147967e-09  1.64212775e-13 -4.05699421e-11 -9.00442856e-15  1.63603866e-12 -2.14749358e-01 -5.94460921e-04  1.78235717e-03  6.19843675e-06 -2.92219570e-05 -1.19929583e-07 
 7.57704733e+02  2.95945431e-10 -1.08633733e-07 -2.09363814e-11  6.03653547e-09  1.62899358e-13 -4.03078524e-11 -8.91175809e-15  1.62158070e-12 -2.14116098e-01 -5.91692150e-04  1.77295226e-03  6.15583050e-06 -2.89970817e-05 -1.18819183e-07 
 7.58577575e+02  2.94953518e-10 -1.08452345e-07 -2.08168639e-11  6.01170574e-09  1.61596991e-13 -4.00475402e-11 -8.82007077e-15  1.60725424e-12 -2.13485117e-01 -5.88938418e-04  1.76360051e-03  6.11353811e-06 -2.87740038e-05 -1.17719491e-07 
 7.59451423e+02  2.93965891e-10 -1.08271433e-07 -2.06980986e-11  5.98698990e-09  1.60305575e-13 -3.97889927e-11 -8.72935576e-15  1.59305805e-12 -2.12856403e-01 -5.86199628e-04  1.75430161e-03  6.07155706e-06 -2.85527084e-05 -1.16630399e-07 
 7.60326277e+02  2.92982527e-10 -1.08090995e-07 -2.05800802e-11  5.96238733e-09  1.59025011e-13 -3.95321969e-11 -8.63960237e-15  1.57899090e-12 -2.12229946e-01 -5.83475683e-04  1.74505520e-03  6.02988483e-06 -2.83331804e-05 -1.15551800e-07 
 7.61202139e+02  2.92003401e-10 -1.07911029e-07 -2.04628034e-11  5.93789742e-09  1.57755203e-13 -3.92771404e-11 -8.55080001e-15  1.56505157e-12 -2.11605735e-01 -5.80766485e-04  1.73586098e-03  5.98851896e-06 -2.81154050e-05 -1.14483587e-07 
 7.62079010e+02  2.91028490e-10 -1.07731533e-07 -2.03462630e-11  5.91351958e-09  1.56496054e-13 -3.90238104e-11 -8.46293823e-15  1.55123885e-12 -2.10983760e-01 -5.78071940e-04  1.72671862e-03  5.94745698e-06 -2.78993675e-05 -1.13425655e-07 
 7.62956891e+02  2.90057768e-10 -1.07552505e-07 -2.02304536e-11  5.88925322e-09  1.55247469e-13 -3.87721946e-11 -8.37600669e-15  1.53755157e-12 -2.10364011e-01 -5.75391953e-04  1.71762779e-03  5.90669647e-06 -2.76850534e-05 -1.12377901e-07 
 7.63835784e+02  2.89091213e-10 -1.07373943e-07 -2.01153702e-11  5.86509774e-09  1.54009354e-13 -3.85222806e-11 -8.28999517e-15  1.52398852e-12 -2.09746477e-01 -5.72726429e-04  1.70858818e-03  5.86623501e-06 -2.74724482e-05 -1.11340221e-07 
 7.64715688e+02  2.88128800e-10 -1.07195845e-07 -2.00010076e-11  5.84105255e-09  1.52781614e-13 -3.82740560e-11 -8.20489356e-15  1.51054856e-12 -2.09131149e-01 -5.70075276e-04  1.69959948e-03  5.82607021e-06 -2.72615376e-05 -1.10312513e-07 
 7.65596607e+02  2.87170507e-10 -1.07018209e-07 -1.98873607e-11  5.81711707e-09  1.51564158e-13 -3.80275088e-11 -8.12069189e-15  1.49723050e-12 -2.08518015e-01 -5.67438401e-04  1.69066135e-03  5.78619969e-06 -2.70523075e-05 -1.09294678e-07 
 7.66478540e+02  2.86216309e-10 -1.06841033e-07 -1.97744244e-11  5.79329072e-09  1.50356893e-13 -3.77826269e-11 -8.03738028e-15  1.48403322e-12 -2.07907067e-01 -5.64815711e-04  1.68177350e-03  5.74662112e-06 -2.68447438e-05 -1.08286615e-07 
 7.67361489e+02  2.85266185e-10 -1.06664316e-07 -1.96621937e-11  5.76957292e-09  1.49159730e-13 -3.75393981e-11 -7.95494897e-15  1.47095558e-12 -2.07298293e-01 -5.62207116e-04  1.67293562e-03  5.70733216e-06 -2.66388326e-05 -1.07288226e-07 
 7.68245456e+02  2.84320110e-10 -1.06488054e-07 -1.95506638e-11  5.74596310e-09  1.47972578e-13 -3.72978108e-11 -7.87338831e-15  1.45799645e-12 -2.06691683e-01 -5.59612525e-04  1.66414739e-03  5.66833050e-06 -2.64345601e-05 -1.06299413e-07 
 7.69130440e+02  2.83378063e-10 -1.06312247e-07 -1.94398295e-11  5.72246069e-09  1.46795347e-13 -3.70578530e-11 -7.79268878e-15  1.44515471e-12 -2.06087229e-01 -5.57031848e-04  1.65540851e-03  5.62961386e-06 -2.62319127e-05 -1.05320080e-07 
 7.70016444e+02  2.82440021e-10 -1.06136893e-07 -1.93296861e-11  5.69906513e-09  1.45627951e-13 -3.68195131e-11 -7.71284094e-15  1.43242927e-12 -2.05484920e-01 -5.54464996e-04  1.64671867e-03  5.59117997e-06 -2.60308766e-05 -1.04350132e-07 
 7.70903469e+02  2.81505960e-10 -1.05961989e-07 -1.92202287e-11  5.67577584e-09  1.44470300e-13 -3.65827794e-11 -7.63383548e-15  1.41981904e-12 -2.04884745e-01 -5.51911882e-04  1.63807758e-03  5.55302658e-06 -2.58314386e-05 -1.03389474e-07 
 7.71791516e+02  2.80575859e-10 -1.05787533e-07 -1.91114524e-11  5.65259228e-09  1.43322310e-13 -3.63476404e-11 -7.55566317e-15  1.40732293e-12 -2.04286697e-01 -5.49372416e-04  1.62948493e-03  5.51515146e-06 -2.56335853e-05 -1.02438012e-07 
 7.72680585e+02  2.79649697e-10 -1.05613525e-07 -1.90033525e-11  5.62951389e-09  1.42183894e-13 -3.61140847e-11 -7.47831493e-15  1.39493988e-12 -2.03690763e-01 -5.46846512e-04  1.62094043e-03  5.47755241e-06 -2.54373035e-05 -1.01495655e-07 
 7.73570679e+02  2.78727449e-10 -1.05439961e-07 -1.88959243e-11  5.60654012e-09  1.41054967e-13 -3.58821009e-11 -7.40178174e-15  1.38266882e-12 -2.03096936e-01 -5.44334084e-04  1.61244379e-03  5.44022723e-06 -2.52425801e-05 -1.00562311e-07 
 7.74461798e+02  2.77809096e-10 -1.05266840e-07 -1.87891631e-11  5.58367041e-09  1.39935445e-13 -3.56516777e-11 -7.32605470e-15  1.37050871e-12 -2.02505206e-01 -5.41835046e-04  1.60399469e-03  5.40317376e-06 -2.50494021e-05 -9.96378894e-08 
 7.75353943e+02  2.76894616e-10 -1.05094161e-07 -1.86830642e-11  5.56090422e-09  1.38825245e-13 -3.54228041e-11 -7.25112501e-15  1.35845851e-12 -2.01915562e-01 -5.39349312e-04  1.59559287e-03  5.36638985e-06 -2.48577568e-05 -9.87223010e-08 
 7.76247117e+02  2.75983986e-10 -1.04921921e-07 -1.85776229e-11  5.53824102e-09  1.37724284e-13 -3.51954689e-11 -7.17698398e-15  1.34651718e-12 -2.01327996e-01 -5.36876799e-04  1.58723802e-03  5.32987336e-06 -2.46676313e-05 -9.78154571e-08 
 7.77141319e+02  2.75077185e-10 -1.04750119e-07 -1.84728347e-11  5.51568026e-09  1.36632482e-13 -3.49696610e-11 -7.10362300e-15  1.33468372e-12 -2.00742498e-01 -5.34417422e-04  1.57892986e-03  5.29362219e-06 -2.44790131e-05 -9.69172701e-08 
 7.78036551e+02  2.74174193e-10 -1.04578753e-07 -1.83686951e-11  5.49322140e-09  1.35549756e-13 -3.47453697e-11 -7.03103358e-15  1.32295711e-12 -2.00159058e-01 -5.31971098e-04  1.57066811e-03  5.25763423e-06 -2.42918895e-05 -9.60276535e-08 
 7.78932815e+02  2.73274988e-10 -1.04407820e-07 -1.82651995e-11  5.47086393e-09  1.34476027e-13 -3.45225840e-11 -6.95920731e-15  1.31133636e-12 -1.99577668e-01 -5.29537745e-04  1.56245248e-03  5.22190741e-06 -2.41062483e-05 -9.51465215e-08 
 7.79830111e+02  2.72379549e-10 -1.04237320e-07 -1.81623435e-11  5.44860730e-09  1.33411215e-13 -3.43012933e-11 -6.88813587e-15  1.29982046e-12 -1.98998318e-01 -5.27117281e-04  1.55428268e-03  5.18643968e-06 -2.39220771e-05 -9.42737892e-08 
 7.80728440e+02  2.71487856e-10 -1.04067251e-07 -1.80601226e-11  5.42645100e-09  1.32355242e-13 -3.40814868e-11 -6.81781106e-15  1.28840846e-12 -1.98420999e-01 -5.24709625e-04  1.54615845e-03  5.15122898e-06 -2.37393637e-05 -9.34093727e-08 
 7.81627805e+02  2.70599888e-10 -1.03897610e-07 -1.79585323e-11  5.40439449e-09  1.31308030e-13 -3.38631539e-11 -6.74822476e-15  1.27709937e-12 -1.97845702e-01 -5.22314695e-04  1.53807949e-03  5.11627331e-06 -2.35580961e-05 -9.25531890e-08 
 7.82528205e+02  2.69715624e-10 -1.03728396e-07 -1.78575684e-11  5.38243728e-09  1.30269501e-13 -3.36462843e-11 -6.67936892e-15  1.26589223e-12 -1.97272417e-01 -5.19932412e-04  1.53004554e-03  5.08157065e-06 -2.33782622e-05 -9.17051560e-08 
 7.83429643e+02  2.68835044e-10 -1.03559607e-07 -1.77572265e-11  5.36057883e-09  1.29239579e-13 -3.34308674e-11 -6.61123562e-15  1.25478610e-12 -1.96701136e-01 -5.17562697e-04  1.52205633e-03  5.04711902e-06 -2.31998503e-05 -9.08651922e-08 
 7.84332119e+02  2.67958129e-10 -1.03391242e-07 -1.76575023e-11  5.33881863e-09  1.28218190e-13 -3.32168929e-11 -6.54381701e-15  1.24378003e-12 -1.96131850e-01 -5.15205470e-04  1.51411157e-03  5.01291644e-06 -2.30228484e-05 -9.00332174e-08 
 7.85235635e+02  2.67084857e-10 -1.03223299e-07 -1.75583915e-11  5.31715619e-09  1.27205256e-13 -3.30043505e-11 -6.47710532e-15  1.23287309e-12 -1.95564549e-01 -5.12860653e-04  1.50621100e-03  4.97896096e-06 -2.28472451e-05 -8.92091518e-08 
 7.86140191e+02  2.66215210e-10 -1.03055775e-07 -1.74598899e-11  5.29559098e-09  1.26200705e-13 -3.27932301e-11 -6.41109289e-15  1.22206435e-12 -1.94999225e-01 -5.10528169e-04  1.49835436e-03  4.94525065e-06 -2.26730286e-05 -8.83929167e-08 
 7.87045790e+02  2.65349167e-10 -1.02888671e-07 -1.73619933e-11  5.27412252e-09  1.25204463e-13 -3.25835216e-11 -6.34577212e-15  1.21135291e-12 -1.94435870e-01 -5.08207940e-04  1.49054136e-03  4.91178358e-06 -2.25001876e-05 -8.75844343e-08 
 7.87952431e+02  2.64486708e-10 -1.02721982e-07 -1.72646975e-11  5.25275029e-09  1.24216456e-13 -3.23752150e-11 -6.28113553e-15  1.20073786e-12 -1.93874473e-01 -5.05899890e-04  1.48277176e-03  4.87855786e-06 -2.23287107e-05 -8.67836274e-08 
 7.88860118e+02  2.63627815e-10 -1.02555709e-07 -1.71679983e-11  5.23147381e-09  1.23236614e-13 -3.21683002e-11 -6.21717569e-15  1.19021829e-12 -1.93315027e-01 -5.03603943e-04  1.47504529e-03  4.84557159e-06 -2.21585866e-05 -8.59904196e-08 
 7.89768849e+02  2.62772468e-10 -1.02389849e-07 -1.70718918e-11  5.21029257e-09  1.22264863e-13 -3.19627674e-11 -6.15388527e-15  1.17979332e-12 -1.92757523e-01 -5.01320024e-04  1.46736168e-03  4.81282291e-06 -2.19898042e-05 -8.52047356e-08 
 7.90678628e+02  2.61920647e-10 -1.02224401e-07 -1.69763738e-11  5.18920610e-09  1.21301134e-13 -3.17586069e-11 -6.09125704e-15  1.16946208e-12 -1.92201952e-01 -4.99048057e-04  1.45972068e-03  4.78030995e-06 -2.18223524e-05 -8.44265006e-08 
 7.91589455e+02  2.61072334e-10 -1.02059363e-07 -1.68814402e-11  5.16821389e-09  1.20345355e-13 -3.15558089e-11 -6.02928381e-15  1.15922369e-12 -1.91648306e-01 -4.96787969e-04  1.45212202e-03  4.74803089e-06 -2.16562202e-05 -8.36556407e-08 
 7.92501330e+02  2.60227510e-10 -1.01894733e-07 -1.67870871e-11  5.14731548e-09  1.19397459e-13 -3.13543638e-11 -5.96795851e-15  1.14907728e-12 -1.91096575e-01 -4.94539685e-04  1.44456546e-03  4.71598389e-06 -2.14913968e-05 -8.28920827e-08 
 7.93414257e+02  2.59386155e-10 -1.01730510e-07 -1.66933104e-11  5.12651037e-09  1.18457375e-13 -3.11542620e-11 -5.90727413e-15  1.13902201e-12 -1.90546753e-01 -4.92303133e-04  1.43705074e-03  4.68416716e-06 -2.13278714e-05 -8.21357543e-08 
 7.94328235e+02  2.58548252e-10 -1.01566692e-07 -1.66001063e-11  5.10579808e-09  1.17525036e-13 -3.09554939e-11 -5.84722374e-15  1.12905703e-12 -1.89998829e-01 -4.90078240e-04  1.42957760e-03  4.65257890e-06 -2.11656332e-05 -8.13865839e-08 
 7.95243266e+02  2.57713781e-10 -1.01403277e-07 -1.65074709e-11  5.08517815e-09  1.16600373e-13 -3.07580502e-11 -5.78780050e-15  1.11918149e-12 -1.89452796e-01 -4.87864933e-04  1.42214580e-03  4.62121733e-06 -2.10046718e-05 -8.06445005e-08 
 7.96159350e+02  2.56882725e-10 -1.01240264e-07 -1.64154001e-11  5.06465010e-09  1.15683321e-13 -3.05619216e-11 -5.72899763e-15  1.10939458e-12 -1.88908646e-01 -4.85663142e-04  1.41475508e-03  4.59008069e-06 -2.08449766e-05 -7.99094341e-08 
 7.97076491e+02  2.56055064e-10 -1.01077652e-07 -1.63238903e-11  5.04421345e-09  1.14773813e-13 -3.03670986e-11 -5.67080844e-15  1.09969546e-12 -1.88366370e-01 -4.83472795e-04  1.40740520e-03  4.55916724e-06 -2.06865372e-05 -7.91813152e-08 
 7.97994687e+02  2.55230781e-10 -1.00915438e-07 -1.62329375e-11  5.02386775e-09  1.13871782e-13 -3.01735722e-11 -5.61322630e-15  1.09008333e-12 -1.87825960e-01 -4.81293821e-04  1.40009592e-03  4.52847524e-06 -2.05293433e-05 -7.84600753e-08 
 7.98913942e+02  2.54409857e-10 -1.00753622e-07 -1.61425380e-11  5.00361252e-09  1.12977165e-13 -2.99813331e-11 -5.55624468e-15  1.08055738e-12 -1.87287407e-01 -4.79126152e-04  1.39282699e-03  4.49800298e-06 -2.03733847e-05 -7.77456462e-08 
 7.99834255e+02  2.53592275e-10 -1.00592201e-07 -1.60526880e-11  4.98344731e-09  1.12089896e-13 -2.97903723e-11 -5.49985709e-15  1.07111681e-12 -1.86750704e-01 -4.76969716e-04  1.38559816e-03  4.46774876e-06 -2.02186511e-05 -7.70379608e-08 
 8.00755629e+02  2.52778017e-10 -1.00431173e-07 -1.59633837e-11  4.96337166e-09  1.11209911e-13 -2.96006808e-11 -5.44405714e-15  1.06176083e-12 -1.86215843e-01 -4.74824446e-04  1.37840920e-03  4.43771089e-06 -2.00651327e-05 -7.63369526e-08 
 8.01678063e+02  2.51967065e-10 -1.00270539e-07 -1.58746216e-11  4.94338511e-09  1.10337148e-13 -2.94122497e-11 -5.38883851e-15  1.05248866e-12 -1.85682815e-01 -4.72690273e-04  1.37125986e-03  4.40788769e-06 -1.99128193e-05 -7.56425556e-08 
 8.02601561e+02  2.51159402e-10 -1.00110295e-07 -1.57863978e-11  4.92348720e-09  1.09471544e-13 -2.92250700e-11 -5.33419493e-15  1.04329952e-12 -1.85151612e-01 -4.70567128e-04  1.36414992e-03  4.37827751e-06 -1.97617012e-05 -7.49547048e-08 
 8.03526122e+02  2.50355010e-10 -9.99504407e-08 -1.56987087e-11  4.90367749e-09  1.08613036e-13 -2.90391330e-11 -5.28012021e-15  1.03419265e-12 -1.84622227e-01 -4.68454945e-04  1.35707912e-03  4.34887871e-06 -1.96117685e-05 -7.42733355e-08 
 8.04451749e+02  2.49553872e-10 -9.97909741e-08 -1.56115508e-11  4.88395554e-09  1.07761563e-13 -2.88544300e-11 -5.22660824e-15  1.02516728e-12 -1.84094651e-01 -4.66353656e-04  1.35004725e-03  4.31968964e-06 -1.94630116e-05 -7.35983841e-08 
 8.05378441e+02  2.48755970e-10 -9.96318938e-08 -1.55249203e-11  4.86432088e-09  1.06917064e-13 -2.86709523e-11 -5.17365298e-15  1.01622266e-12 -1.83568877e-01 -4.64263195e-04  1.34305406e-03  4.29070870e-06 -1.93154207e-05 -7.29297873e-08 
 8.06306201e+02  2.47961288e-10 -9.94731983e-08 -1.54388139e-11  4.84477309e-09  1.06079478e-13 -2.84886912e-11 -5.12124843e-15  1.00735805e-12 -1.83044897e-01 -4.62183495e-04  1.33609932e-03  4.26193428e-06 -1.91689865e-05 -7.22674826e-08 
 8.07235030e+02  2.47169809e-10 -9.93148861e-08 -1.53532278e-11  4.82531173e-09  1.05248747e-13 -2.83076383e-11 -5.06938868e-15  9.98572703e-13 -1.82522703e-01 -4.60114493e-04  1.32918281e-03  4.23336479e-06 -1.90236993e-05 -7.16114082e-08 
 8.08164929e+02  2.46381515e-10 -9.91569556e-08 -1.52681587e-11  4.80593635e-09  1.04424810e-13 -2.81277850e-11 -5.01806789e-15  9.89865893e-13 -1.82002287e-01 -4.58056121e-04  1.32230430e-03  4.20499866e-06 -1.88795499e-05 -7.09615028e-08 
 8.09095899e+02  2.45596390e-10 -9.89994055e-08 -1.51836029e-11  4.78664651e-09  1.03607608e-13 -2.79491230e-11 -4.96728027e-15  9.81236894e-13 -1.81483642e-01 -4.56008316e-04  1.31546355e-03  4.17683432e-06 -1.87365289e-05 -7.03177059e-08 
 8.10027942e+02  2.44814418e-10 -9.88422342e-08 -1.50995572e-11  4.76744180e-09  1.02797085e-13 -2.77716439e-11 -4.91702010e-15  9.72684988e-13 -1.80966759e-01 -4.53971014e-04  1.30866035e-03  4.14887023e-06 -1.85946271e-05 -6.96799575e-08 
 8.10961058e+02  2.44035581e-10 -9.86854403e-08 -1.50160179e-11  4.74832178e-09  1.01993181e-13 -2.75953394e-11 -4.86728172e-15  9.64209465e-13 -1.80451632e-01 -4.51944151e-04  1.30189447e-03  4.12110484e-06 -1.84538354e-05 -6.90481984e-08 
 8.11895249e+02  2.43259863e-10 -9.85290223e-08 -1.49329819e-11  4.72928602e-09  1.01195840e-13 -2.74202013e-11 -4.81805955e-15  9.55809621e-13 -1.79938253e-01 -4.49927664e-04  1.29516569e-03  4.09353663e-06 -1.83141448e-05 -6.84223696e-08 
 8.12830516e+02  2.42487249e-10 -9.83729787e-08 -1.48504455e-11  4.71033410e-09  1.00405005e-13 -2.72462214e-11 -4.76934806e-15  9.47484758e-13 -1.79426614e-01 -4.47921489e-04  1.28847379e-03  4.06616409e-06 -1.81755462e-05 -6.78024133e-08 
 8.13766861e+02  2.41717721e-10 -9.82173081e-08 -1.47684055e-11  4.69146560e-09  9.96206208e-14 -2.70733917e-11 -4.72114177e-15  9.39234187e-13 -1.78916707e-01 -4.45925566e-04  1.28181854e-03  4.03898573e-06 -1.80380308e-05 -6.71882717e-08 
 8.14704284e+02  2.40951264e-10 -9.80620090e-08 -1.46868587e-11  4.67268010e-09  9.88426310e-14 -2.69017042e-11 -4.67343528e-15  9.31057223e-13 -1.78408526e-01 -4.43939831e-04  1.27519974e-03  4.01200005e-06 -1.79015896e-05 -6.65798881e-08 
 8.15642787e+02  2.40187862e-10 -9.79070801e-08 -1.46058015e-11  4.65397717e-09  9.80709807e-14 -2.67311507e-11 -4.62622324e-15  9.22953189e-13 -1.77902062e-01 -4.41964225e-04  1.26861716e-03  3.98520559e-06 -1.77662141e-05 -6.59772061e-08 
 8.16582371e+02  2.39427498e-10 -9.77525199e-08 -1.45252309e-11  4.63535642e-09  9.73056154e-14 -2.65617235e-11 -4.57950036e-15  9.14921414e-13 -1.77397309e-01 -4.39998684e-04  1.26207059e-03  3.95860088e-06 -1.76318955e-05 -6.53801699e-08 
 8.17523038e+02  2.38670158e-10 -9.75983270e-08 -1.44451435e-11  4.61681741e-09  9.65464812e-14 -2.63934146e-11 -4.53326142e-15  9.06961234e-13 -1.76894260e-01 -4.38043150e-04  1.25555981e-03  3.93218448e-06 -1.74986251e-05 -6.47887243e-08 
 8.18464788e+02  2.37915825e-10 -9.74445000e-08 -1.43655362e-11  4.59835976e-09  9.57935244e-14 -2.62262163e-11 -4.48750124e-15  8.99071991e-13 -1.76392906e-01 -4.36097562e-04  1.24908462e-03  3.90595494e-06 -1.73663945e-05 -6.42028147e-08 
 8.19407623e+02  2.37164484e-10 -9.72910375e-08 -1.42864056e-11  4.57998304e-09  9.50466921e-14 -2.60601208e-11 -4.44221471e-15  8.91253033e-13 -1.75893241e-01 -4.34161861e-04  1.24264480e-03  3.87991085e-06 -1.72351953e-05 -6.36223871e-08 
 8.20351544e+02  2.36416119e-10 -9.71379381e-08 -1.42077486e-11  4.56168686e-09  9.43059316e-14 -2.58951204e-11 -4.39739677e-15  8.83503714e-13 -1.75395257e-01 -4.32235986e-04  1.23624014e-03  3.85405078e-06 -1.71050190e-05 -6.30473880e-08 
 8.21296553e+02  2.35670716e-10 -9.69852004e-08 -1.41295622e-11  4.54347081e-09  9.35711909e-14 -2.57312075e-11 -4.35304243e-15  8.75823396e-13 -1.74898947e-01 -4.30319880e-04  1.22987044e-03  3.82837335e-06 -1.69758573e-05 -6.24777645e-08 
 8.22242650e+02  2.34928258e-10 -9.68328230e-08 -1.40518431e-11  4.52533449e-09  9.28424185e-14 -2.55683746e-11 -4.30914673e-15  8.68211444e-13 -1.74404305e-01 -4.28413484e-04  1.22353548e-03  3.80287716e-06 -1.68477020e-05 -6.19134640e-08 
 8.23189837e+02  2.34188730e-10 -9.66808046e-08 -1.39745882e-11  4.50727750e-09  9.21195631e-14 -2.54066142e-11 -4.26570478e-15  8.60667232e-13 -1.73911323e-01 -4.26516741e-04  1.21723507e-03  3.77756083e-06 -1.67205450e-05 -6.13544348e-08 
 8.24138115e+02  2.33452119e-10 -9.65291438e-08 -1.38977944e-11  4.48929946e-09  9.14025741e-14 -2.52459187e-11 -4.22271176e-15  8.53190138e-13 -1.73419993e-01 -4.24629591e-04  1.21096900e-03  3.75242299e-06 -1.65943780e-05 -6.08006255e-08 
 8.25087485e+02  2.32718408e-10 -9.63778393e-08 -1.38214588e-11  4.47139996e-09  9.06914013e-14 -2.50862807e-11 -4.18016287e-15  8.45779547e-13 -1.72930310e-01 -4.22751979e-04  1.20473706e-03  3.72746230e-06 -1.64691932e-05 -6.02519854e-08 
 8.26037950e+02  2.31987582e-10 -9.62268897e-08 -1.37455782e-11  4.45357862e-09  8.99859950e-14 -2.49276931e-11 -4.13805338e-15  8.38434849e-13 -1.72442266e-01 -4.20883848e-04  1.19853906e-03  3.70267740e-06 -1.63449825e-05 -5.97084641e-08 
 8.26989509e+02  2.31259628e-10 -9.60762936e-08 -1.36701496e-11  4.43583505e-09  8.92863059e-14 -2.47701483e-11 -4.09637863e-15  8.31155441e-13 -1.71955853e-01 -4.19025141e-04  1.19237480e-03  3.67806697e-06 -1.62217380e-05 -5.91700118e-08 
 8.27942164e+02  2.30534530e-10 -9.59260498e-08 -1.35951701e-11  4.41816885e-09  8.85922851e-14 -2.46136393e-11 -4.05513397e-15  8.23940725e-13 -1.71471066e-01 -4.17175803e-04  1.18624407e-03  3.65362969e-06 -1.60994520e-05 -5.86365793e-08 
 8.28895916e+02  2.29812273e-10 -9.57761569e-08 -1.35206367e-11  4.40057966e-09  8.79038843e-14 -2.44581588e-11 -4.01431484e-15  8.16790109e-13 -1.70987898e-01 -4.15335777e-04  1.18014668e-03  3.62936423e-06 -1.59781166e-05 -5.81081178e-08 
 8.29850768e+02  2.29092844e-10 -9.56266135e-08 -1.34465464e-11  4.38306708e-09  8.72210555e-14 -2.43036997e-11 -3.97391672e-15  8.09703005e-13 -1.70506341e-01 -4.13505009e-04  1.17408243e-03  3.60526932e-06 -1.58577242e-05 -5.75845791e-08 
 8.30806719e+02  2.28376227e-10 -9.54774185e-08 -1.33728963e-11  4.36563074e-09  8.65437513e-14 -2.41502549e-11 -3.93393512e-15  8.02678833e-13 -1.70026388e-01 -4.11683444e-04  1.16805114e-03  3.58134364e-06 -1.57382672e-05 -5.70659154e-08 
 8.31763771e+02  2.27662409e-10 -9.53285704e-08 -1.32996835e-11  4.34827026e-09  8.58719244e-14 -2.39978174e-11 -3.89436562e-15  7.95717018e-13 -1.69548034e-01 -4.09871027e-04  1.16205259e-03  3.55758593e-06 -1.56197379e-05 -5.65520793e-08 
 8.32721926e+02  2.26951376e-10 -9.51800681e-08 -1.32269051e-11  4.33098527e-09  8.52055283e-14 -2.38463802e-11 -3.85520385e-15  7.88816988e-13 -1.69071271e-01 -4.08067705e-04  1.15608661e-03  3.53399493e-06 -1.55021289e-05 -5.60430242e-08 
 8.33681185e+02  2.26243113e-10 -9.50319101e-08 -1.31545583e-11  4.31377538e-09  8.45445168e-14 -2.36959365e-11 -3.81644547e-15  7.81978180e-13 -1.68596092e-01 -4.06273424e-04  1.15015300e-03  3.51056936e-06 -1.53854328e-05 -5.55387036e-08 
 8.34641548e+02  2.25537606e-10 -9.48840952e-08 -1.30826402e-11  4.29664024e-09  8.38888440e-14 -2.35464793e-11 -3.77808621e-15  7.75200034e-13 -1.68122492e-01 -4.04488131e-04  1.14425158e-03  3.48730799e-06 -1.52696421e-05 -5.50390717e-08 
 8.35603018e+02  2.24834841e-10 -9.47366221e-08 -1.30111480e-11  4.27957948e-09  8.32384645e-14 -2.33980018e-11 -3.74012184e-15  7.68481997e-13 -1.67650462e-01 -4.02711772e-04  1.13838214e-03  3.46420957e-06 -1.51547497e-05 -5.45440832e-08 
 8.36565596e+02  2.24134805e-10 -9.45894896e-08 -1.29400789e-11  4.26259272e-09  8.25933334e-14 -2.32504973e-11 -3.70254815e-15  7.61823519e-13 -1.67179998e-01 -4.00944296e-04  1.13254452e-03  3.44127289e-06 -1.50407481e-05 -5.40536930e-08 
 8.37529282e+02  2.23437483e-10 -9.44426964e-08 -1.28694302e-11  4.24567960e-09  8.19534060e-14 -2.31039590e-11 -3.66536103e-15  7.55224056e-13 -1.66711092e-01 -3.99185650e-04  1.12673851e-03  3.41849672e-06 -1.49276303e-05 -5.35678568e-08 
 8.38494079e+02  2.22742863e-10 -9.42962413e-08 -1.27991990e-11  4.22883977e-09  8.13186382e-14 -2.29583803e-11 -3.62855636e-15  7.48683071e-13 -1.66243737e-01 -3.97435782e-04  1.12096394e-03  3.39587986e-06 -1.48153891e-05 -5.30865304e-08 
 8.39459987e+02  2.22050930e-10 -9.41501229e-08 -1.27293826e-11  4.21207285e-09  8.06889863e-14 -2.28137546e-11 -3.59213010e-15  7.42200030e-13 -1.65777928e-01 -3.95694642e-04  1.11522061e-03  3.37342111e-06 -1.47040175e-05 -5.26096704e-08 
 8.40427007e+02  2.21361671e-10 -9.40043401e-08 -1.26599784e-11  4.19537850e-09  8.00644068e-14 -2.26700752e-11 -3.55607824e-15  7.35774405e-13 -1.65313658e-01 -3.93962177e-04  1.10950836e-03  3.35111929e-06 -1.45935084e-05 -5.21372336e-08 
 8.41395142e+02  2.20675072e-10 -9.38588916e-08 -1.25909835e-11  4.17875636e-09  7.94448568e-14 -2.25273357e-11 -3.52039682e-15  7.29405672e-13 -1.64850921e-01 -3.92238338e-04  1.10382699e-03  3.32897322e-06 -1.44838549e-05 -5.16691773e-08 
 8.42364391e+02  2.19991121e-10 -9.37137761e-08 -1.25223955e-11  4.16220607e-09  7.88302937e-14 -2.23855296e-11 -3.48508193e-15  7.23093313e-13 -1.64389709e-01 -3.90523073e-04  1.09817633e-03  3.30698172e-06 -1.43750501e-05 -5.12054592e-08 
 8.43334758e+02  2.19309804e-10 -9.35689925e-08 -1.24542115e-11  4.14572728e-09  7.82206752e-14 -2.22446505e-11 -3.45012967e-15  7.16836815e-13 -1.63930017e-01 -3.88816334e-04  1.09255620e-03  3.28514365e-06 -1.42670872e-05 -5.07460376e-08 
 8.44306242e+02  2.18631108e-10 -9.34245396e-08 -1.23864290e-11  4.12931964e-09  7.76159595e-14 -2.21046920e-11 -3.41553623e-15  7.10635669e-13 -1.63471839e-01 -3.87118069e-04  1.08696642e-03  3.26345786e-06 -1.41599595e-05 -5.02908709e-08 
 8.45278845e+02  2.17955020e-10 -9.32804161e-08 -1.23190453e-11  4.11298281e-09  7.70161051e-14 -2.19656477e-11 -3.38129782e-15  7.04489371e-13 -1.63015168e-01 -3.85428231e-04  1.08140681e-03  3.24192320e-06 -1.40536601e-05 -4.98399183e-08 
 8.46252569e+02  2.17281527e-10 -9.31366208e-08 -1.22520579e-11  4.09671643e-09  7.64210711e-14 -2.18275114e-11 -3.34741067e-15  6.98397423e-13 -1.62559998e-01 -3.83746769e-04  1.07587721e-03  3.22053854e-06 -1.39481826e-05 -4.93931390e-08 
 8.47227414e+02  2.16610615e-10 -9.29931526e-08 -1.21854642e-11  4.08052017e-09  7.58308166e-14 -2.16902768e-11 -3.31387108e-15  6.92359329e-13 -1.62106323e-01 -3.82073636e-04  1.07037742e-03  3.19930277e-06 -1.38435201e-05 -4.89504931e-08 
 8.48203382e+02  2.15942273e-10 -9.28500102e-08 -1.21192615e-11  4.06439368e-09  7.52453012e-14 -2.15539378e-11 -3.28067539e-15  6.86374600e-13 -1.61654136e-01 -3.80408783e-04  1.06490728e-03  3.17821478e-06 -1.37396663e-05 -4.85119406e-08 
 8.49180475e+02  2.15276487e-10 -9.27071924e-08 -1.20534474e-11  4.04833663e-09  7.46644852e-14 -2.14184883e-11 -3.24781997e-15  6.80442751e-13 -1.61203433e-01 -3.78752162e-04  1.05946662e-03  3.15727345e-06 -1.36366146e-05 -4.80774423e-08 
 8.50158693e+02  2.14613246e-10 -9.25646981e-08 -1.19880194e-11  4.03234867e-09  7.40883287e-14 -2.12839220e-11 -3.21530122e-15  6.74563302e-13 -1.60754205e-01 -3.77103726e-04  1.05405527e-03  3.13647771e-06 -1.35343586e-05 -4.76469591e-08 
 8.51138038e+02  2.13952535e-10 -9.24225261e-08 -1.19229749e-11  4.01642947e-09  7.35167925e-14 -2.11502329e-11 -3.18311560e-15  6.68735776e-13 -1.60306448e-01 -3.75463426e-04  1.04867306e-03  3.11582645e-06 -1.34328919e-05 -4.72204525e-08 
 8.52118511e+02  2.13294343e-10 -9.22806752e-08 -1.18583115e-11  4.00057869e-09  7.29498377e-14 -2.10174151e-11 -3.15125959e-15  6.62959703e-13 -1.59860155e-01 -3.73831217e-04  1.04331981e-03  3.09531862e-06 -1.33322082e-05 -4.67978844e-08 
 8.53100114e+02  2.12638657e-10 -9.21391443e-08 -1.17940266e-11  3.98479600e-09  7.23874258e-14 -2.08854625e-11 -3.11972973e-15  6.57234614e-13 -1.59415321e-01 -3.72207052e-04  1.03799536e-03  3.07495313e-06 -1.32323012e-05 -4.63792169e-08 
 8.54082847e+02  2.11985466e-10 -9.19979322e-08 -1.17301179e-11  3.96908108e-09  7.18295184e-14 -2.07543693e-11 -3.08852259e-15  6.51560047e-13 -1.58971939e-01 -3.70590883e-04  1.03269955e-03  3.05472894e-06 -1.31331646e-05 -4.59644125e-08 
 8.55066713e+02  2.11334756e-10 -9.18570377e-08 -1.16665830e-11  3.95343359e-09  7.12760777e-14 -2.06241295e-11 -3.05763475e-15  6.45935545e-13 -1.58530004e-01 -3.68982666e-04  1.02743220e-03  3.03464499e-06 -1.30347924e-05 -4.55534344e-08 
 8.56051712e+02  2.10686516e-10 -9.17164598e-08 -1.16034193e-11  3.93785321e-09  7.07270662e-14 -2.04947374e-11 -3.02706287e-15  6.40360652e-13 -1.58089509e-01 -3.67382354e-04  1.02219316e-03  3.01470024e-06 -1.29371784e-05 -4.51462457e-08 
 8.57037845e+02  2.10040733e-10 -9.15761972e-08 -1.15406245e-11  3.92233960e-09  7.01824467e-14 -2.03661871e-11 -2.99680362e-15  6.34834920e-13 -1.57650449e-01 -3.65789902e-04  1.01698225e-03  2.99489365e-06 -1.28403166e-05 -4.47428101e-08 
 8.58025115e+02  2.09397395e-10 -9.14362489e-08 -1.14781962e-11  3.90689246e-09  6.96421822e-14 -2.02384728e-11 -2.96685371e-15  6.29357902e-13 -1.57212817e-01 -3.64205265e-04  1.01179932e-03  2.97522421e-06 -1.27442008e-05 -4.43430919e-08 
 8.59013522e+02  2.08756491e-10 -9.12966137e-08 -1.14161321e-11  3.89151146e-09  6.91062362e-14 -2.01115889e-11 -2.93720990e-15  6.23929157e-13 -1.56776609e-01 -3.62628398e-04  1.00664421e-03  2.95569090e-06 -1.26488252e-05 -4.39470553e-08 
 8.60003067e+02  2.08118009e-10 -9.11572906e-08 -1.13544298e-11  3.87619627e-09  6.85745726e-14 -1.99855297e-11 -2.90786896e-15  6.18548248e-13 -1.56341818e-01 -3.61059256e-04  1.00151675e-03  2.93629270e-06 -1.25541839e-05 -4.35546651e-08 
 8.60993752e+02  2.07481936e-10 -9.10182783e-08 -1.12930870e-11  3.86094659e-09  6.80471553e-14 -1.98602895e-11 -2.87882771e-15  6.13214742e-13 -1.55908438e-01 -3.59497796e-04  9.96416782e-04  2.91702863e-06 -1.24602709e-05 -4.31658865e-08 
 8.61985579e+02  2.06848262e-10 -9.08795757e-08 -1.12321014e-11  3.84576209e-09  6.75239488e-14 -1.97358629e-11 -2.85008301e-15  6.07928210e-13 -1.55476464e-01 -3.57943974e-04  9.91344153e-04  2.89789768e-06 -1.23670805e-05 -4.27806850e-08 
 8.62978548e+02  2.06216974e-10 -9.07411819e-08 -1.11714707e-11  3.83064246e-09  6.70049178e-14 -1.96122441e-11 -2.82163174e-15  6.02688226e-13 -1.55045891e-01 -3.56397746e-04  9.86298703e-04  2.87889887e-06 -1.22746069e-05 -4.23990264e-08 
 8.63972661e+02  2.05588060e-10 -9.06030956e-08 -1.11111926e-11  3.81558739e-09  6.64900275e-14 -1.94894277e-11 -2.79347083e-15  5.97494371e-13 -1.54616711e-01 -3.54859068e-04  9.81280276e-04  2.86003123e-06 -1.21828444e-05 -4.20208768e-08 
 8.64967919e+02  2.04961510e-10 -9.04653158e-08 -1.10512648e-11  3.80059657e-09  6.59792431e-14 -1.93674083e-11 -2.76559724e-15  5.92346225e-13 -1.54188921e-01 -3.53327898e-04  9.76288716e-04  2.84129378e-06 -1.20917873e-05 -4.16462027e-08 
 8.65964323e+02  2.04337312e-10 -9.03278414e-08 -1.09916851e-11  3.78566969e-09  6.54725302e-14 -1.92461805e-11 -2.73800794e-15  5.87243377e-13 -1.53762513e-01 -3.51804193e-04  9.71323868e-04  2.82268558e-06 -1.20014299e-05 -4.12749711e-08 
 8.66961876e+02  2.03715454e-10 -9.01906714e-08 -1.09324513e-11  3.77080644e-09  6.49698550e-14 -1.91257387e-11 -2.71069996e-15  5.82185417e-13 -1.53337484e-01 -3.50287910e-04  9.66385579e-04  2.80420566e-06 -1.19117668e-05 -4.09071490e-08 
 8.67960577e+02  2.03095926e-10 -9.00538045e-08 -1.08735612e-11  3.75600652e-09  6.44711836e-14 -1.90060778e-11 -2.68367035e-15  5.77171939e-13 -1.52913826e-01 -3.48779008e-04  9.61473696e-04  2.78585307e-06 -1.18227924e-05 -4.05427040e-08 
 8.68960429e+02  2.02478715e-10 -8.99172399e-08 -1.08150126e-11  3.74126962e-09  6.39764826e-14 -1.88871923e-11 -2.65691620e-15  5.72202542e-13 -1.52491535e-01 -3.47277445e-04  9.56588068e-04  2.76762689e-06 -1.17345011e-05 -4.01816038e-08 
 8.69961433e+02  2.01863811e-10 -8.97809763e-08 -1.07568032e-11  3.72659545e-09  6.34857189e-14 -1.87690770e-11 -2.63043462e-15  5.67276827e-13 -1.52070605e-01 -3.45783178e-04  9.51728544e-04  2.74952618e-06 -1.16468876e-05 -3.98238167e-08 
 8.70963590e+02  2.01251203e-10 -8.96450128e-08 -1.06989310e-11  3.71198370e-09  6.29988597e-14 -1.86517267e-11 -2.60422276e-15  5.62394401e-13 -1.51651030e-01 -3.44296168e-04  9.46894975e-04  2.73155002e-06 -1.15599465e-05 -3.94693111e-08 
 8.71966901e+02  2.00640879e-10 -8.95093483e-08 -1.06413937e-11  3.69743407e-09  6.25158723e-14 -1.85351361e-11 -2.57827779e-15  5.57554873e-13 -1.51232806e-01 -3.42816371e-04  9.42087211e-04  2.71369749e-06 -1.14736724e-05 -3.91180558e-08 
 8.72971368e+02  2.00032829e-10 -8.93739817e-08 -1.05841893e-11  3.68294627e-09  6.20367245e-14 -1.84193002e-11 -2.55259694e-15  5.52757855e-13 -1.50815926e-01 -3.41343749e-04  9.37305105e-04  2.69596769e-06 -1.13880600e-05 -3.87700198e-08 
 8.73976993e+02  1.99427042e-10 -8.92389121e-08 -1.05273156e-11  3.66851999e-09  6.15613844e-14 -1.83042138e-11 -2.52717743e-15  5.48002965e-13 -1.50400386e-01 -3.39878260e-04  9.32548510e-04  2.67835971e-06 -1.13031040e-05 -3.84251726e-08 
 8.74983775e+02  1.98823507e-10 -8.91041383e-08 -1.04707705e-11  3.65415496e-09  6.10898202e-14 -1.81898717e-11 -2.50201654e-15  5.43289822e-13 -1.49986179e-01 -3.38419865e-04  9.27817280e-04  2.66087266e-06 -1.12187993e-05 -3.80834839e-08 
 8.75991718e+02  1.98222213e-10 -8.89696593e-08 -1.04145519e-11  3.63985087e-09  6.06220006e-14 -1.80762691e-11 -2.47711155e-15  5.38618051e-13 -1.49573302e-01 -3.36968522e-04  9.23111270e-04  2.64350566e-06 -1.11351407e-05 -3.77449235e-08 
 8.77000821e+02  1.97623149e-10 -8.88354741e-08 -1.03586578e-11  3.62560744e-09  6.01578944e-14 -1.79634008e-11 -2.45245981e-15  5.33987278e-13 -1.49161748e-01 -3.35524193e-04  9.18430335e-04  2.62625782e-06 -1.10521230e-05 -3.74094619e-08 
 8.78011087e+02  1.97026306e-10 -8.87015817e-08 -1.03030861e-11  3.61142437e-09  5.96974707e-14 -1.78512619e-11 -2.42805866e-15  5.29397135e-13 -1.48751511e-01 -3.34086839e-04  9.13774333e-04  2.60912827e-06 -1.09697411e-05 -3.70770697e-08 
 8.79022517e+02  1.96431671e-10 -8.85679811e-08 -1.02478348e-11  3.59730139e-09  5.92406989e-14 -1.77398474e-11 -2.40390550e-15  5.24847255e-13 -1.48342588e-01 -3.32656419e-04  9.09143122e-04  2.59211615e-06 -1.08879901e-05 -3.67477177e-08 
 8.80035112e+02  1.95839236e-10 -8.84346712e-08 -1.01929017e-11  3.58323819e-09  5.87875487e-14 -1.76291524e-11 -2.37999773e-15  5.20337276e-13 -1.47934973e-01 -3.31232896e-04  9.04536559e-04  2.57522059e-06 -1.08068648e-05 -3.64213770e-08 
 8.81048873e+02  1.95248989e-10 -8.83016511e-08 -1.01382850e-11  3.56923451e-09  5.83379901e-14 -1.75191721e-11 -2.35633279e-15  5.15866840e-13 -1.47528659e-01 -3.29816230e-04  8.99954504e-04  2.55844075e-06 -1.07263604e-05 -3.60980192e-08 
 8.82063802e+02  1.94660920e-10 -8.81689197e-08 -1.00839826e-11  3.55529005e-09  5.78919932e-14 -1.74099017e-11 -2.33290815e-15  5.11435589e-13 -1.47123644e-01 -3.28406384e-04  8.95396818e-04  2.54177578e-06 -1.06464720e-05 -3.57776160e-08 
 8.83079900e+02  1.94075018e-10 -8.80364760e-08 -1.00299925e-11  3.54140454e-09  5.74495286e-14 -1.73013363e-11 -2.30972132e-15  5.07043173e-13 -1.46719920e-01 -3.27003318e-04  8.90863361e-04  2.52522484e-06 -1.05671945e-05 -3.54601394e-08 
 8.84097169e+02  1.93491274e-10 -8.79043191e-08 -9.97631274e-12  3.52757770e-09  5.70105669e-14 -1.71934712e-11 -2.28676980e-15  5.02689242e-13 -1.46317483e-01 -3.25606996e-04  8.86353997e-04  2.50878711e-06 -1.04885233e-05 -3.51455617e-08 
 8.85115610e+02  1.92909677e-10 -8.77724479e-08 -9.92294138e-12  3.51380925e-09  5.65750791e-14 -1.70863016e-11 -2.26405115e-15  4.98373449e-13 -1.45916329e-01 -3.24217379e-04  8.81868587e-04  2.49246174e-06 -1.04104535e-05 -3.48338555e-08 
 8.86135224e+02  1.92330217e-10 -8.76408616e-08 -9.86987646e-12  3.50009891e-09  5.61430365e-14 -1.69798228e-11 -2.24156295e-15  4.94095453e-13 -1.45516451e-01 -3.22834430e-04  8.77406995e-04  2.47624793e-06 -1.03329803e-05 -3.45249936e-08 
 8.87156012e+02  1.91752884e-10 -8.75095590e-08 -9.81711606e-12  3.48644641e-09  5.57144106e-14 -1.68740303e-11 -2.21930280e-15  4.89854913e-13 -1.45117845e-01 -3.21458112e-04  8.72969087e-04  2.46014487e-06 -1.02560991e-05 -3.42189491e-08 
 8.88177976e+02  1.91177669e-10 -8.73785393e-08 -9.76465825e-12  3.47285147e-09  5.52891731e-14 -1.67689193e-11 -2.19726832e-15  4.85651494e-13 -1.44720506e-01 -3.20088389e-04  8.68554727e-04  2.44415174e-06 -1.01798051e-05 -3.39156954e-08 
 8.89201118e+02  1.90604560e-10 -8.72478014e-08 -9.71250113e-12  3.45931383e-09  5.48672959e-14 -1.66644853e-11 -2.17545717e-15  4.81484861e-13 -1.44324429e-01 -3.18725223e-04  8.64163782e-04  2.42826775e-06 -1.01040937e-05 -3.36152062e-08 
 8.90225438e+02  1.90033548e-10 -8.71173444e-08 -9.66064282e-12  3.44583321e-09  5.44487514e-14 -1.65607236e-11 -2.15386702e-15  4.77354686e-13 -1.43929609e-01 -3.17368578e-04  8.59796119e-04  2.41249210e-06 -1.00289603e-05 -3.33174553e-08 
 8.91250938e+02  1.89464624e-10 -8.69871673e-08 -9.60908142e-12  3.43240934e-09  5.40335120e-14 -1.64576299e-11 -2.13249558e-15  4.73260641e-13 -1.43536041e-01 -3.16018418e-04  8.55451605e-04  2.39682401e-06 -9.95440034e-06 -3.30224168e-08 
 8.92277620e+02  1.88897778e-10 -8.68572693e-08 -9.55781509e-12  3.41904197e-09  5.36215503e-14 -1.63551995e-11 -2.11134057e-15  4.69202401e-13 -1.43143720e-01 -3.14674707e-04  8.51130111e-04  2.38126270e-06 -9.88040929e-06 -3.27300653e-08 
 8.93305484e+02  1.88332999e-10 -8.67276492e-08 -9.50684196e-12  3.40573081e-09  5.32128394e-14 -1.62534280e-11 -2.09039975e-15  4.65179646e-13 -1.42752641e-01 -3.13337409e-04  8.46831505e-04  2.36580739e-06 -9.80698267e-06 -3.24403754e-08 
 8.94334532e+02  1.87770279e-10 -8.65983063e-08 -9.45616020e-12  3.39247561e-09  5.28073525e-14 -1.61523110e-11 -2.06967090e-15  4.61192058e-13 -1.42362799e-01 -3.12006489e-04  8.42555657e-04  2.35045731e-06 -9.73411601e-06 -3.21533219e-08 
 8.95364766e+02  1.87209607e-10 -8.64692395e-08 -9.40576799e-12  3.37927610e-09  5.24050629e-14 -1.60518441e-11 -2.04915181e-15  4.57239321e-13 -1.41974190e-01 -3.10681912e-04  8.38302439e-04  2.33521170e-06 -9.66180490e-06 -3.18688800e-08 
 8.96396186e+02  1.86650974e-10 -8.63404479e-08 -9.35566351e-12  3.36613202e-09  5.20059444e-14 -1.59520229e-11 -2.02884030e-15  4.53321123e-13 -1.41586809e-01 -3.09363642e-04  8.34071723e-04  2.32006980e-06 -9.59004495e-06 -3.15870252e-08 
 8.97428795e+02  1.86094371e-10 -8.62119306e-08 -9.30584496e-12  3.35304312e-09  5.16099708e-14 -1.58528430e-11 -2.00873423e-15  4.49437156e-13 -1.41200650e-01 -3.08051645e-04  8.29863382e-04  2.30503087e-06 -9.51883183e-06 -3.13077330e-08 
 8.98462593e+02  1.85539788e-10 -8.60836866e-08 -9.25631056e-12  3.34000913e-09  5.12171161e-14 -1.57543002e-11 -1.98883146e-15  4.45587111e-13 -1.40815710e-01 -3.06745887e-04  8.25677289e-04  2.29009415e-06 -9.44816122e-06 -3.10309794e-08 
 8.99497582e+02  1.84987216e-10 -8.59557151e-08 -9.20705853e-12  3.32702980e-09  5.08273549e-14 -1.56563902e-11 -1.96912988e-15  4.41770687e-13 -1.40431983e-01 -3.05446332e-04  8.21513319e-04  2.27525892e-06 -9.37802886e-06 -3.07567405e-08 
 9.00533763e+02  1.84436645e-10 -8.58280151e-08 -9.15808710e-12  3.31410486e-09  5.04406615e-14 -1.55591087e-11 -1.94962741e-15  4.37987581e-13 -1.40049464e-01 -3.04152948e-04  8.17371346e-04  2.26052442e-06 -9.30843049e-06 -3.04849927e-08 
 9.01571138e+02  1.83888067e-10 -8.57005857e-08 -9.10939454e-12  3.30123407e-09  5.00570108e-14 -1.54624515e-11 -1.93032199e-15  4.34237496e-13 -1.39668150e-01 -3.02865699e-04  8.13251246e-04  2.24588995e-06 -9.23936193e-06 -3.02157124e-08 
 9.02609707e+02  1.83341471e-10 -8.55734260e-08 -9.06097909e-12  3.28841717e-09  4.96763778e-14 -1.53664145e-11 -1.91121158e-15  4.30520137e-13 -1.39288035e-01 -3.01584552e-04  8.09152897e-04  2.23135477e-06 -9.17081899e-06 -2.99488766e-08 
 9.03649474e+02  1.82796850e-10 -8.54465351e-08 -9.01283904e-12  3.27565392e-09  4.92987377e-14 -1.52709934e-11 -1.89229415e-15  4.26835210e-13 -1.38909114e-01 -3.00309475e-04  8.05076176e-04  2.21691817e-06 -9.10279755e-06 -2.96844622e-08 
 9.04690438e+02  1.82254193e-10 -8.53199121e-08 -8.96497267e-12  3.26294405e-09  4.89240660e-14 -1.51761842e-11 -1.87356772e-15  4.23182426e-13 -1.38531384e-01 -2.99040433e-04  8.01020960e-04  2.20257944e-06 -9.03529351e-06 -2.94224466e-08 
 9.05732601e+02  1.81713492e-10 -8.51935560e-08 -8.91737828e-12  3.25028732e-09  4.85523382e-14 -1.50819827e-11 -1.85503030e-15  4.19561498e-13 -1.38154839e-01 -2.97777393e-04  7.96987130e-04  2.18833787e-06 -8.96830280e-06 -2.91628072e-08 
 9.06775965e+02  1.81174738e-10 -8.50674661e-08 -8.87005418e-12  3.23768349e-09  4.81835302e-14 -1.49883848e-11 -1.83667993e-15  4.15972141e-13 -1.37779474e-01 -2.96520324e-04  7.92974563e-04  2.17419276e-06 -8.90182138e-06 -2.89055218e-08 
 9.07820530e+02  1.80637921e-10 -8.49416414e-08 -8.82299869e-12  3.22513230e-09  4.78176181e-14 -1.48953867e-11 -1.81851469e-15  4.12414074e-13 -1.37405287e-01 -2.95269192e-04  7.88983141e-04  2.16014343e-06 -8.83584526e-06 -2.86505682e-08 
 9.08866299e+02  1.80103034e-10 -8.48160810e-08 -8.77621015e-12  3.21263351e-09  4.74545782e-14 -1.48029841e-11 -1.80053267e-15  4.08887016e-13 -1.37032270e-01 -2.94023964e-04  7.85012746e-04  2.14618917e-06 -8.77037046e-06 -2.83979246e-08 
 9.09913273e+02  1.79570066e-10 -8.46907840e-08 -8.72968689e-12  3.20018689e-09  4.70943869e-14 -1.47111732e-11 -1.78273196e-15  4.05390691e-13 -1.36660421e-01 -2.92784609e-04  7.81063258e-04  2.13232932e-06 -8.70539305e-06 -2.81475694e-08 
 9.10961452e+02  1.79039010e-10 -8.45657497e-08 -8.68342728e-12  3.18779217e-09  4.67370209e-14 -1.46199499e-11 -1.76511069e-15  4.01924824e-13 -1.36289735e-01 -2.91551095e-04  7.77134560e-04  2.11856318e-06 -8.64090913e-06 -2.78994812e-08 
 9.12010839e+02  1.78509856e-10 -8.44409771e-08 -8.63742968e-12  3.17544913e-09  4.63824572e-14 -1.45293105e-11 -1.74766702e-15  3.98489145e-13 -1.35920207e-01 -2.90323390e-04  7.73226537e-04  2.10489008e-06 -8.57691483e-06 -2.76536386e-08 
 9.13061435e+02  1.77982596e-10 -8.43164653e-08 -8.59169248e-12  3.16315753e-09  4.60306726e-14 -1.44392508e-11 -1.73039910e-15  3.95083383e-13 -1.35551833e-01 -2.89101462e-04  7.69339071e-04  2.09130936e-06 -8.51340630e-06 -2.74100208e-08 
 9.14113241e+02  1.77457221e-10 -8.41922134e-08 -8.54621405e-12  3.15091712e-09  4.56816447e-14 -1.43497672e-11 -1.71330513e-15  3.91707273e-13 -1.35184608e-01 -2.87885280e-04  7.65472047e-04  2.07782036e-06 -8.45037974e-06 -2.71686068e-08 
 9.15166259e+02  1.76933723e-10 -8.40682207e-08 -8.50099281e-12  3.13872766e-09  4.53353507e-14 -1.42608557e-11 -1.69638331e-15  3.88360549e-13 -1.34818529e-01 -2.86674813e-04  7.61625351e-04  2.06442242e-06 -8.38783138e-06 -2.69293761e-08 
 9.16220490e+02  1.76412093e-10 -8.39444863e-08 -8.45602717e-12  3.12658893e-09  4.49917685e-14 -1.41725125e-11 -1.67963186e-15  3.85042949e-13 -1.34453590e-01 -2.85470029e-04  7.57798870e-04  2.05111488e-06 -8.32575746e-06 -2.66923083e-08 
 9.17275935e+02  1.75892323e-10 -8.38210093e-08 -8.41131554e-12  3.11450069e-09  4.46508757e-14 -1.40847339e-11 -1.66304903e-15  3.81754215e-13 -1.34089787e-01 -2.84270899e-04  7.53992489e-04  2.03789710e-06 -8.26415427e-06 -2.64573832e-08 
 9.18332596e+02  1.75374404e-10 -8.36977889e-08 -8.36685637e-12  3.10246270e-09  4.43126506e-14 -1.39975160e-11 -1.64663308e-15  3.78494090e-13 -1.33727116e-01 -2.83077391e-04  7.50206096e-04  2.02476844e-06 -8.20301812e-06 -2.62245807e-08 
 9.19390475e+02  1.74858328e-10 -8.35748242e-08 -8.32264809e-12  3.09047473e-09  4.39770713e-14 -1.39108552e-11 -1.63038228e-15  3.75262317e-13 -1.33365572e-01 -2.81889476e-04  7.46439580e-04  2.01172825e-06 -8.14234537e-06 -2.59938810e-08 
 9.20449572e+02  1.74344086e-10 -8.34521144e-08 -8.27868916e-12  3.07853655e-09  4.36441162e-14 -1.38247477e-11 -1.61429495e-15  3.72058646e-13 -1.33005152e-01 -2.80707122e-04  7.42692830e-04  1.99877591e-06 -8.08213237e-06 -2.57652645e-08 
 9.21509889e+02  1.73831670e-10 -8.33296586e-08 -8.23497806e-12  3.06664793e-09  4.33137641e-14 -1.37391898e-11 -1.59836939e-15  3.68882826e-13 -1.32645851e-01 -2.79530300e-04  7.38965734e-04  1.98591078e-06 -8.02237555e-06 -2.55387118e-08 
 9.22571427e+02  1.73321073e-10 -8.32074561e-08 -8.19151325e-12  3.05480864e-09  4.29859935e-14 -1.36541779e-11 -1.58260394e-15  3.65734608e-13 -1.32287665e-01 -2.78358981e-04  7.35258184e-04  1.97313225e-06 -7.96307132e-06 -2.53142036e-08 
 9.23634188e+02  1.72812285e-10 -8.30855060e-08 -8.14829322e-12  3.04301846e-09  4.26607837e-14 -1.35697084e-11 -1.56699695e-15  3.62613749e-13 -1.31930589e-01 -2.77193134e-04  7.31570070e-04  1.96043970e-06 -7.90421616e-06 -2.50917209e-08 
 9.24698174e+02  1.72305298e-10 -8.29638075e-08 -8.10531647e-12  3.03127715e-09  4.23381136e-14 -1.34857776e-11 -1.55154679e-15  3.59520004e-13 -1.31574619e-01 -2.76032730e-04  7.27901284e-04  1.94783251e-06 -7.84580656e-06 -2.48712447e-08 
 9.25763385e+02  1.71800106e-10 -8.28423598e-08 -8.06258150e-12  3.01958450e-09  4.20179626e-14 -1.34023819e-11 -1.53625185e-15  3.56453132e-13 -1.31219752e-01 -2.74877740e-04  7.24251717e-04  1.93531008e-06 -7.78783902e-06 -2.46527565e-08 
 9.26829823e+02  1.71296698e-10 -8.27211620e-08 -8.02008684e-12  3.00794027e-09  4.17003103e-14 -1.33195179e-11 -1.52111054e-15  3.53412894e-13 -1.30865982e-01 -2.73728134e-04  7.20621263e-04  1.92287180e-06 -7.73031011e-06 -2.44362377e-08 
 9.27897490e+02  1.70795068e-10 -8.26002133e-08 -7.97783101e-12  2.99634425e-09  4.13851363e-14 -1.32371819e-11 -1.50612126e-15  3.50399055e-13 -1.30513306e-01 -2.72583885e-04  7.17009816e-04  1.91051707e-06 -7.67321640e-06 -2.42216699e-08 
 9.28966387e+02  1.70295208e-10 -8.24795130e-08 -7.93581255e-12  2.98479622e-09  4.10724205e-14 -1.31553705e-11 -1.49128247e-15  3.47411378e-13 -1.30161720e-01 -2.71444963e-04  7.13417269e-04  1.89824529e-06 -7.61655449e-06 -2.40090350e-08 
 9.30036515e+02  1.69797109e-10 -8.23590602e-08 -7.89403001e-12  2.97329595e-09  4.07621429e-14 -1.30740802e-11 -1.47659261e-15  3.44449633e-13 -1.29811220e-01 -2.70311339e-04  7.09843518e-04  1.88605589e-06 -7.56032101e-06 -2.37983150e-08 
 9.31107875e+02  1.69300763e-10 -8.22388541e-08 -7.85248194e-12  2.96184323e-09  4.04542837e-14 -1.29933074e-11 -1.46205015e-15  3.41513588e-13 -1.29461801e-01 -2.69182986e-04  7.06288457e-04  1.87394826e-06 -7.50451263e-06 -2.35894922e-08 
 9.32180470e+02  1.68806164e-10 -8.21188940e-08 -7.81116691e-12  2.95043783e-09  4.01488233e-14 -1.29130489e-11 -1.44765359e-15  3.38603016e-13 -1.29113459e-01 -2.68059875e-04  7.02751982e-04  1.86192183e-06 -7.44912602e-06 -2.33825488e-08 
 9.33254301e+02  1.68313303e-10 -8.19991790e-08 -7.77008351e-12  2.93907954e-09  3.98457423e-14 -1.28333012e-11 -1.43340142e-15  3.35717690e-13 -1.28766190e-01 -2.66941978e-04  6.99233992e-04  1.84997603e-06 -7.39415791e-06 -2.31774675e-08 
 9.34329368e+02  1.67822171e-10 -8.18797084e-08 -7.72923031e-12  2.92776815e-09  3.95450213e-14 -1.27540608e-11 -1.41929216e-15  3.32857387e-13 -1.28419991e-01 -2.65829268e-04  6.95734382e-04  1.83811028e-06 -7.33960502e-06 -2.29742309e-08 
 9.35405674e+02  1.67332763e-10 -8.17604813e-08 -7.68860591e-12  2.91650344e-09  3.92466413e-14 -1.26753245e-11 -1.40532435e-15  3.30021885e-13 -1.28074857e-01 -2.64721716e-04  6.92253051e-04  1.82632401e-06 -7.28546413e-06 -2.27728220e-08 
 9.36483220e+02  1.66845070e-10 -8.16414971e-08 -7.64820892e-12  2.90528519e-09  3.89505831e-14 -1.25970888e-11 -1.39149653e-15  3.27210963e-13 -1.27730784e-01 -2.63619296e-04  6.88789897e-04  1.81461666e-06 -7.23173203e-06 -2.25732236e-08 
 9.37562007e+02  1.66359083e-10 -8.15227548e-08 -7.60803795e-12  2.89411320e-09  3.86568282e-14 -1.25193506e-11 -1.37780727e-15  3.24424405e-13 -1.27387768e-01 -2.62521980e-04  6.85344820e-04  1.80298767e-06 -7.17840554e-06 -2.23754191e-08 
 9.38642037e+02  1.65874797e-10 -8.14042538e-08 -7.56809163e-12  2.88298725e-09  3.83653577e-14 -1.24421064e-11 -1.36425516e-15  3.21661993e-13 -1.27045806e-01 -2.61429740e-04  6.81917719e-04  1.79143649e-06 -7.12548149e-06 -2.21793919e-08 
 9.39723311e+02  1.65392203e-10 -8.12859933e-08 -7.52836859e-12  2.87190713e-09  3.80761533e-14 -1.23653530e-11 -1.35083877e-15  3.18923514e-13 -1.26704893e-01 -2.60342551e-04  6.78508494e-04  1.77996256e-06 -7.07295677e-06 -2.19851254e-08 
 9.40805830e+02  1.64911294e-10 -8.11679725e-08 -7.48886748e-12  2.86087264e-09  3.77891965e-14 -1.22890872e-11 -1.33755674e-15  3.16208756e-13 -1.26365025e-01 -2.59260385e-04  6.75117047e-04  1.76856534e-06 -7.02082825e-06 -2.17926033e-08 
 9.41889597e+02  1.64432062e-10 -8.10501906e-08 -7.44958694e-12  2.84988356e-09  3.75044693e-14 -1.22133058e-11 -1.32440767e-15  3.13517509e-13 -1.26026199e-01 -2.58183215e-04  6.71743280e-04  1.75724428e-06 -6.96909288e-06 -2.16018094e-08 
 9.42974611e+02  1.63954500e-10 -8.09326469e-08 -7.41052565e-12  2.83893969e-09  3.72219535e-14 -1.21380055e-11 -1.31139021e-15  3.10849564e-13 -1.25688411e-01 -2.57111015e-04  6.68387093e-04  1.74599885e-06 -6.91774758e-06 -2.14127279e-08 
 9.44060876e+02  1.63478600e-10 -8.08153406e-08 -7.37168226e-12  2.82804083e-09  3.69416314e-14 -1.20631831e-11 -1.29850301e-15  3.08204717e-13 -1.25351656e-01 -2.56043759e-04  6.65048391e-04  1.73482851e-06 -6.86678932e-06 -2.12253427e-08 
 9.45148392e+02  1.63004356e-10 -8.06982710e-08 -7.33305546e-12  2.81718676e-09  3.66634852e-14 -1.19888356e-11 -1.28574473e-15  3.05582761e-13 -1.25015931e-01 -2.54981421e-04  6.61727076e-04  1.72373273e-06 -6.81621511e-06 -2.10396383e-08 
 9.46237161e+02  1.62531760e-10 -8.05814373e-08 -7.29464393e-12  2.80637729e-09  3.63874974e-14 -1.19149597e-11 -1.27311407e-15  3.02983495e-13 -1.24681232e-01 -2.53923975e-04  6.58423053e-04  1.71271099e-06 -6.76602196e-06 -2.08555990e-08 
 9.47327185e+02  1.62060805e-10 -8.04648388e-08 -7.25644638e-12  2.79561221e-09  3.61136505e-14 -1.18415524e-11 -1.26060971e-15  3.00406718e-13 -1.24347556e-01 -2.52871394e-04  6.55136225e-04  1.70176276e-06 -6.71620691e-06 -2.06732095e-08 
 9.48418463e+02  1.61591483e-10 -8.03484748e-08 -7.21846151e-12  2.78489132e-09  3.58419273e-14 -1.17686106e-11 -1.24823036e-15  2.97852230e-13 -1.24014898e-01 -2.51823654e-04  6.51866498e-04  1.69088752e-06 -6.66676703e-06 -2.04924546e-08 
 9.49510999e+02  1.61123788e-10 -8.02323444e-08 -7.18068803e-12  2.77421442e-09  3.55723107e-14 -1.16961311e-11 -1.23597475e-15  2.95319836e-13 -1.23683254e-01 -2.50780728e-04  6.48613778e-04  1.68008477e-06 -6.61769940e-06 -2.03133190e-08 
 9.50604794e+02  1.60657712e-10 -8.01164470e-08 -7.14312467e-12  2.76358131e-09  3.53047836e-14 -1.16241110e-11 -1.22384161e-15  2.92809340e-13 -1.23352622e-01 -2.49742592e-04  6.45377971e-04  1.66935399e-06 -6.56900115e-06 -2.01357880e-08 
 9.51699848e+02  1.60193248e-10 -8.00007819e-08 -7.10577016e-12  2.75299179e-09  3.50393293e-14 -1.15525472e-11 -1.21182969e-15  2.90320548e-13 -1.23022996e-01 -2.48709220e-04  6.42158982e-04  1.65869467e-06 -6.52066940e-06 -1.99598465e-08 
 9.52796164e+02  1.59730389e-10 -7.98853482e-08 -7.06862323e-12  2.74244567e-09  3.47759311e-14 -1.14814368e-11 -1.19993776e-15  2.87853268e-13 -1.22694374e-01 -2.47680587e-04  6.38956721e-04  1.64810631e-06 -6.47270132e-06 -1.97854801e-08 
 9.53893743e+02  1.59269128e-10 -7.97701453e-08 -7.03168264e-12  2.73194275e-09  3.45145723e-14 -1.14107766e-11 -1.18816458e-15  2.85407311e-13 -1.22366752e-01 -2.46656668e-04  6.35771094e-04  1.63758841e-06 -6.42509408e-06 -1.96126741e-08 
 9.54992586e+02  1.58809459e-10 -7.96551725e-08 -6.99494714e-12  2.72148282e-09  3.42552367e-14 -1.13405639e-11 -1.17650894e-15  2.82982488e-13 -1.22040126e-01 -2.45637439e-04  6.32602010e-04  1.62714048e-06 -6.37784490e-06 -1.94414141e-08 
 9.56092695e+02  1.58351374e-10 -7.95404290e-08 -6.95841550e-12  2.71106571e-09  3.39979079e-14 -1.12707955e-11 -1.16496966e-15  2.80578613e-13 -1.21714492e-01 -2.44622875e-04  6.29449379e-04  1.61676202e-06 -6.33095099e-06 -1.92716859e-08 
 9.57194071e+02  1.57894867e-10 -7.94259141e-08 -6.92208649e-12  2.70069121e-09  3.37425698e-14 -1.12014687e-11 -1.15354553e-15  2.78195501e-13 -1.21389847e-01 -2.43612952e-04  6.26313108e-04  1.60645255e-06 -6.28440962e-06 -1.91034755e-08 
 9.58296716e+02  1.57439930e-10 -7.93116271e-08 -6.88595890e-12  2.69035914e-09  3.34892064e-14 -1.11325804e-11 -1.14223539e-15  2.75832969e-13 -1.21066187e-01 -2.42607645e-04  6.23193110e-04  1.59621158e-06 -6.23821805e-06 -1.89367687e-08 
 9.59400632e+02  1.56986557e-10 -7.91975674e-08 -6.85003150e-12  2.68006930e-09  3.32378019e-14 -1.10641279e-11 -1.13103807e-15  2.73490834e-13 -1.20743509e-01 -2.41606931e-04  6.20089293e-04  1.58603864e-06 -6.19237357e-06 -1.87715517e-08 
 9.60505818e+02  1.56534740e-10 -7.90837341e-08 -6.81430311e-12  2.66982150e-09  3.29883404e-14 -1.09961082e-11 -1.11995242e-15  2.71168918e-13 -1.20421808e-01 -2.40610785e-04  6.17001569e-04  1.57593324e-06 -6.14687351e-06 -1.86078109e-08 
 9.61612278e+02  1.56084474e-10 -7.89701266e-08 -6.77877252e-12  2.65961555e-09  3.27408065e-14 -1.09285185e-11 -1.10897731e-15  2.68867042e-13 -1.20101081e-01 -2.39619183e-04  6.13929851e-04  1.56589491e-06 -6.10171519e-06 -1.84455326e-08 
 9.62720013e+02  1.55635752e-10 -7.88567442e-08 -6.74343855e-12  2.64945126e-09  3.24951846e-14 -1.08613560e-11 -1.09811161e-15  2.66585030e-13 -1.19781326e-01 -2.38632102e-04  6.10874049e-04  1.55592318e-06 -6.05689598e-06 -1.82847034e-08 
 9.63829024e+02  1.55188567e-10 -7.87435862e-08 -6.70830002e-12  2.63932845e-09  3.22514595e-14 -1.07946178e-11 -1.08735421e-15  2.64322705e-13 -1.19462537e-01 -2.37649518e-04  6.07834077e-04  1.54601759e-06 -6.01241325e-06 -1.81253100e-08 
 9.64939312e+02  1.54742912e-10 -7.86306519e-08 -6.67335576e-12  2.62924693e-09  3.20096159e-14 -1.07283013e-11 -1.07670400e-15  2.62079896e-13 -1.19144712e-01 -2.36671408e-04  6.04809847e-04  1.53617768e-06 -5.96826441e-06 -1.79673391e-08 
 9.66050879e+02  1.54298780e-10 -7.85179406e-08 -6.63860461e-12  2.61920651e-09  3.17696387e-14 -1.06624035e-11 -1.06615989e-15  2.59856429e-13 -1.18827847e-01 -2.35697748e-04  6.01801275e-04  1.52640297e-06 -5.92444688e-06 -1.78107777e-08 
 9.67163727e+02  1.53856166e-10 -7.84054516e-08 -6.60404540e-12  2.60920701e-09  3.15315130e-14 -1.05969219e-11 -1.05572080e-15  2.57652136e-13 -1.18511938e-01 -2.34728516e-04  5.98808273e-04  1.51669303e-06 -5.88095810e-06 -1.76556129e-08 
 9.68277856e+02  1.53415062e-10 -7.82931843e-08 -6.56967701e-12  2.59924825e-09  3.12952239e-14 -1.05318536e-11 -1.04538567e-15  2.55466846e-13 -1.18196982e-01 -2.33763689e-04  5.95830756e-04  1.50704738e-06 -5.83779553e-06 -1.75018317e-08 
 9.69393269e+02  1.52975463e-10 -7.81811380e-08 -6.53549827e-12  2.58933004e-09  3.10607569e-14 -1.04671959e-11 -1.03515344e-15  2.53300392e-13 -1.17882976e-01 -2.32803243e-04  5.92868640e-04  1.49746560e-06 -5.79495665e-06 -1.73494215e-08 
 9.70509967e+02  1.52537361e-10 -7.80693119e-08 -6.50150806e-12  2.57945220e-09  3.08280971e-14 -1.04029462e-11 -1.02502305e-15  2.51152610e-13 -1.17569916e-01 -2.31847156e-04  5.89921841e-04  1.48794723e-06 -5.75243897e-06 -1.71983698e-08 
 9.71627952e+02  1.52100751e-10 -7.79577054e-08 -6.46770526e-12  2.56961455e-09  3.05972304e-14 -1.03391017e-11 -1.01499349e-15  2.49023334e-13 -1.17257799e-01 -2.30895405e-04  5.86990274e-04  1.47849182e-06 -5.71024001e-06 -1.70486639e-08 
 9.72747224e+02  1.51665625e-10 -7.78463178e-08 -6.43408875e-12  2.55981691e-09  3.03681422e-14 -1.02756599e-11 -1.00506371e-15  2.46912402e-13 -1.16946621e-01 -2.29947969e-04  5.84073857e-04  1.46909894e-06 -5.66835732e-06 -1.69002917e-08 
 9.73867785e+02  1.51231978e-10 -7.77351486e-08 -6.40065741e-12  2.55005910e-09  3.01408184e-14 -1.02126180e-11 -9.95232712e-16  2.44819653e-13 -1.16636379e-01 -2.29004824e-04  5.81172506e-04  1.45976816e-06 -5.62678845e-06 -1.67532409e-08 
 9.74989638e+02  1.50799804e-10 -7.76241969e-08 -6.36741015e-12  2.54034094e-09  2.99152449e-14 -1.01499736e-11 -9.85499490e-16  2.42744926e-13 -1.16327069e-01 -2.28065949e-04  5.78286140e-04  1.45049903e-06 -5.58553099e-06 -1.66074993e-08 
 9.76112782e+02  1.50369095e-10 -7.75134621e-08 -6.33434587e-12  2.53066226e-09  2.96914077e-14 -1.00877239e-11 -9.75863049e-16  2.40688063e-13 -1.16018688e-01 -2.27131321e-04  5.75414676e-04  1.44129114e-06 -5.54458254e-06 -1.64630550e-08 
 9.77237221e+02  1.49939847e-10 -7.74029436e-08 -6.30146347e-12  2.52102288e-09  2.94692929e-14 -1.00258664e-11 -9.66322407e-16  2.38648908e-13 -1.15711233e-01 -2.26200919e-04  5.72558033e-04  1.43214405e-06 -5.50394071e-06 -1.63198960e-08 
 9.78362955e+02  1.49512051e-10 -7.72926408e-08 -6.26876188e-12  2.51142263e-09  2.92488868e-14 -9.96439850e-12 -9.56876593e-16  2.36627304e-13 -1.15404701e-01 -2.25274721e-04  5.69716131e-04  1.42305734e-06 -5.46360316e-06 -1.61780107e-08 
 9.79489985e+02  1.49085704e-10 -7.71825529e-08 -6.23624003e-12  2.50186132e-09  2.90301758e-14 -9.90331770e-12 -9.47524645e-16  2.34623098e-13 -1.15099087e-01 -2.24352705e-04  5.66888888e-04  1.41403060e-06 -5.42356753e-06 -1.60373873e-08 
 9.80618314e+02  1.48660797e-10 -7.70726793e-08 -6.20389684e-12  2.49233879e-09  2.88131464e-14 -9.84262145e-12 -9.38265610e-16  2.32636137e-13 -1.14794389e-01 -2.23434850e-04  5.64076226e-04  1.40506340e-06 -5.38383150e-06 -1.58980143e-08 
 9.81747943e+02  1.48237326e-10 -7.69630194e-08 -6.17173126e-12  2.48285486e-09  2.85977851e-14 -9.78230724e-12 -9.29098546e-16  2.30666269e-13 -1.14490603e-01 -2.22521134e-04  5.61278064e-04  1.39615533e-06 -5.34439278e-06 -1.57598803e-08 
 9.82878873e+02  1.47815283e-10 -7.68535725e-08 -6.13974223e-12  2.47340937e-09  2.83840786e-14 -9.72237258e-12 -9.20022521e-16  2.28713345e-13 -1.14187726e-01 -2.21611536e-04  5.58494323e-04  1.38730599e-06 -5.30524906e-06 -1.56229739e-08 
 9.84011106e+02  1.47394664e-10 -7.67443380e-08 -6.10792870e-12  2.46400213e-09  2.81720139e-14 -9.66281499e-12 -9.11036613e-16  2.26777215e-13 -1.13885755e-01 -2.20706035e-04  5.55724926e-04  1.37851495e-06 -5.26639809e-06 -1.54872839e-08 
 9.85144643e+02  1.46975462e-10 -7.66353152e-08 -6.07628964e-12  2.45463299e-09  2.79615778e-14 -9.60363200e-12 -9.02139908e-16  2.24857732e-13 -1.13584687e-01 -2.19804611e-04  5.52969794e-04  1.36978183e-06 -5.22783762e-06 -1.53527992e-08 
 9.86279486e+02  1.46557671e-10 -7.65265035e-08 -6.04482402e-12  2.44530176e-09  2.77527573e-14 -9.54482119e-12 -8.93331502e-16  2.22954751e-13 -1.13284517e-01 -2.18907241e-04  5.50228850e-04  1.36110621e-06 -5.18956541e-06 -1.52195087e-08 
 9.87415636e+02  1.46141285e-10 -7.64179022e-08 -6.01353080e-12  2.43600829e-09  2.75455395e-14 -9.48638011e-12 -8.84610502e-16  2.21068127e-13 -1.12985244e-01 -2.18013906e-04  5.47502015e-04  1.35248771e-06 -5.15157924e-06 -1.50874017e-08 
 9.88553095e+02  1.45726298e-10 -7.63095108e-08 -5.98240897e-12  2.42675240e-09  2.73399119e-14 -9.42830636e-12 -8.75976023e-16  2.19197715e-13 -1.12686864e-01 -2.17124585e-04  5.44789215e-04  1.34392591e-06 -5.11387693e-06 -1.49564672e-08 
 9.89691864e+02  1.45312705e-10 -7.62013286e-08 -5.95145751e-12  2.41753393e-09  2.71358616e-14 -9.37059756e-12 -8.67427189e-16  2.17343375e-13 -1.12389373e-01 -2.16239257e-04  5.42090372e-04  1.33542044e-06 -5.07645629e-06 -1.48266946e-08 
 9.90831945e+02  1.44900499e-10 -7.60933550e-08 -5.92067542e-12  2.40835271e-09  2.69333763e-14 -9.31325131e-12 -8.58963133e-16  2.15504965e-13 -1.12092769e-01 -2.15357902e-04  5.39405410e-04  1.32697089e-06 -5.03931516e-06 -1.46980732e-08 
 9.91973339e+02  1.44489675e-10 -7.59855894e-08 -5.89006169e-12  2.39920858e-09  2.67324433e-14 -9.25626526e-12 -8.50582998e-16  2.13682345e-13 -1.11797048e-01 -2.14480500e-04  5.36734255e-04  1.31857689e-06 -5.00245139e-06 -1.45705926e-08 
 9.93116048e+02  1.44080226e-10 -7.58780310e-08 -5.85961535e-12  2.39010137e-09  2.65330505e-14 -9.19963707e-12 -8.42285934e-16  2.11875378e-13 -1.11502207e-01 -2.13607030e-04  5.34076832e-04  1.31023805e-06 -4.96586286e-06 -1.44442423e-08 
 9.94260074e+02  1.43672148e-10 -7.57706794e-08 -5.82933539e-12  2.38103092e-09  2.63351855e-14 -9.14336440e-12 -8.34071103e-16  2.10083927e-13 -1.11208243e-01 -2.12737473e-04  5.31433065e-04  1.30195399e-06 -4.92954746e-06 -1.43190121e-08 
 9.95405417e+02  1.43265434e-10 -7.56635339e-08 -5.79922083e-12  2.37199707e-09  2.61388363e-14 -9.08744495e-12 -8.25937672e-16  2.08307854e-13 -1.10915153e-01 -2.11871808e-04  5.28802881e-04  1.29372433e-06 -4.89350310e-06 -1.41948918e-08 
 9.96552080e+02  1.42860079e-10 -7.55565938e-08 -5.76927071e-12  2.36299965e-09  2.59439909e-14 -9.03187641e-12 -8.17884819e-16  2.06547027e-13 -1.10622934e-01 -2.11010016e-04  5.26186206e-04  1.28554870e-06 -4.85772768e-06 -1.40718712e-08 
 9.97700064e+02  1.42456077e-10 -7.54498587e-08 -5.73948406e-12  2.35403851e-09  2.57506372e-14 -8.97665651e-12 -8.09911731e-16  2.04801311e-13 -1.10331582e-01 -2.10152078e-04  5.23582968e-04  1.27742671e-06 -4.82221916e-06 -1.39499403e-08 
 9.98849370e+02  1.42053422e-10 -7.53433278e-08 -5.70985991e-12  2.34511348e-09  2.55587636e-14 -8.92178298e-12 -8.02017600e-16  2.03070574e-13 -1.10041094e-01 -2.09297973e-04  5.20993093e-04  1.26935801e-06 -4.78697550e-06 -1.38290892e-08 
 1.00000000e+03  1.41652109e-10 -7.52370005e-08 -5.68039731e-12  2.33622440e-09  2.53683582e-14 -8.86725357e-12 -7.94201631e-16  2.01354685e-13 -1.09751469e-01 -2.08447682e-04  5.18416509e-04  1.26134222e-06 -4.75199465e-06 -1.37093080e-08 
